user_id,time,static_auc,static_mrr,static_ndcg5,static_ndcg10,static_recall5,static_recall10,dynamic_auc,dynamic_mrr,dynamic_ndcg5,dynamic_ndcg10,dynamic_recall5,dynamic_recall10
U66353,2019-11-10 03:21:02,0.9680851063829787,0.25,0.5012658353418871,0.5012658353418871,1.0,1.0,0.6436170212765957,0.045454545454545456,0.0,0.0,0.0,0.0
U67045,2019-11-10 05:21:37,0.974025974025974,1.0,0.639945385422766,0.7827350136785212,0.42857142857142855,0.8571428571428571,0.5665584415584416,0.16666666666666666,0.0,0.0979129253499678,0.0,0.14285714285714285
U3713,2019-11-10 06:09:38,0.9784615384615385,0.5,0.36005461457723403,0.6919586048659573,0.4,1.0,0.7046153846153846,0.3333333333333333,0.16958010263680806,0.2765732350040718,0.2,0.4
U59794,2019-11-10 07:20:40,1.0,1.0,1.0,1.0,1.0,1.0,0.765,0.2,0.13120507751234178,0.46310906780106503,0.2,0.8
U16641,2019-11-10 07:39:33,1.0,1.0,1.0,1.0,1.0,1.0,0.625,0.07692307692307693,0.0,0.0,0.0,0.0
U50799,2019-11-10 08:08:39,1.0,1.0,1.0,1.0,1.0,1.0,0.6944444444444444,1.0,0.3903800499921017,0.3903800499921017,0.25,0.25
U24201,2019-11-10 08:32:28,1.0,1.0,1.0,1.0,1.0,1.0,0.30851063829787234,0.05263157894736842,0.0,0.0,0.0,0.0
U56417,2019-11-10 09:34:30,0.9885057471264368,1.0,0.8772153153380493,0.8772153153380493,1.0,1.0,0.5229885057471264,0.14285714285714285,0.0,0.20438239758848611,0.0,0.5
U65590,2019-11-10 09:45:22,0.9909090909090909,1.0,0.9197207891481876,0.9197207891481876,1.0,1.0,0.38181818181818183,0.045454545454545456,0.0,0.0,0.0,0.0
U32146,2019-11-10 09:53:38,0.9557522123893806,0.16666666666666666,0.0,0.4227898344066503,0.0,1.0,0.252212389380531,0.014084507042253521,0.0,0.0,0.0,0.0
U30869,2019-11-10 10:21:58,0.9829059829059829,0.5,0.592512031964586,0.715663226334951,0.75,1.0,0.5897435897435898,0.125,0.0,0.123151194370365,0.0,0.25
U7835,2019-11-10 10:28:13,1.0,1.0,1.0,1.0,1.0,1.0,0.0,0.16666666666666666,0.0,0.3562071871080222,0.0,1.0
U48826,2019-11-10 11:15:46,0.9600000000000001,1.0,0.6713860725233041,0.8278123145308894,0.6666666666666666,1.0,0.5933333333333333,0.2,0.18154179253735267,0.18154179253735267,0.3333333333333333,0.3333333333333333
U56750,2019-11-10 11:18:41,1.0,1.0,1.0,1.0,1.0,1.0,0.7058823529411764,0.16666666666666666,0.0,0.3562071871080222,0.0,1.0
U78092,2019-11-10 11:22:31,0.990702479338843,1.0,1.0,0.8603818544462509,0.45454545454545453,0.7272727272727273,0.734504132231405,0.5,0.21398626473452756,0.2866919347890071,0.09090909090909091,0.2727272727272727
U16431,2019-11-10 12:08:45,0.9959016393442622,1.0,0.9828920819566879,0.9828920819566879,1.0,1.0,0.3975409836065574,0.14285714285714285,0.0,0.13012668333070054,0.0,0.25
U91029,2019-11-10 13:11:31,0.9699453551912568,1.0,0.6508205185601091,0.8179809735263114,0.6666666666666666,1.0,0.3278688524590164,0.02702702702702703,0.0,0.0,0.0,0.0
U69318,2019-11-10 13:13:05,1.0,1.0,1.0,1.0,1.0,1.0,0.9,0.5,0.6309297535714575,0.6309297535714575,1.0,1.0
U12130,2019-11-10 13:43:06,0.9805555555555555,1.0,0.8687949224876582,0.8053706965939337,0.5,0.75,0.5041666666666667,0.06666666666666667,0.0,0.0,0.0,0.0
U82678,2019-11-10 13:52:26,1.0,1.0,1.0,1.0,1.0,1.0,0.5384615384615384,0.06666666666666667,0.0,0.0,0.0,0.0
U70550,2019-11-10 13:54:54,0.9662605435801312,1.0,1.0,0.857980942822373,0.45454545454545453,0.7272727272727273,0.6119962511715089,0.2,0.13120507751234178,0.1635413866202963,0.09090909090909091,0.18181818181818182
U58543,2019-11-10 14:02:35,0.9767441860465116,0.5,0.6934264036172708,0.6934264036172708,1.0,1.0,0.4534883720930233,0.07692307692307693,0.0,0.0,0.0,0.0
U60145,2019-11-10 14:34:01,1.0,1.0,1.0,1.0,1.0,1.0,0.9387755102040817,0.25,0.43067655807339306,0.43067655807339306,1.0,1.0
U89529,2019-11-10 14:48:49,0.9612068965517241,1.0,0.6366824387328317,0.8843252268199594,0.5,1.0,0.5646551724137931,0.16666666666666666,0.0,0.13905617951077562,0.0,0.25
U25864,2019-11-10 15:31:10,0.9302325581395349,0.25,0.43067655807339306,0.43067655807339306,1.0,1.0,0.3023255813953488,0.03225806451612903,0.0,0.0,0.0,0.0
U39438,2019-11-10 15:39:06,0.9874999999999999,1.0,0.9197207891481876,0.9197207891481876,1.0,1.0,0.5125,0.5,0.38685280723454163,0.38685280723454163,0.5,0.5
U15231,2019-11-10 15:47:10,1.0,1.0,1.0,1.0,1.0,1.0,0.5714285714285714,0.25,0.43067655807339306,0.43067655807339306,1.0,1.0
U31470,2019-11-10 15:49:49,1.0,1.0,1.0,1.0,1.0,1.0,1.0,1.0,1.0,1.0,1.0,1.0
U71054,2019-11-10 15:54:45,0.9923076923076922,1.0,0.9197207891481876,0.9197207891481876,1.0,1.0,0.6461538461538462,0.3333333333333333,0.3065735963827292,0.3065735963827292,0.5,0.5
U16822,2019-11-10 16:06:09,1.0,1.0,1.0,1.0,0.5,1.0,0.6287671232876713,1.0,0.4703652827859579,0.30523488393970116,0.2,0.2
U1917,2019-11-10 16:08:40,0.9954545454545455,1.0,1.0,0.9266360779006401,0.45454545454545453,0.8181818181818182,0.5,1.0,0.3391602052736161,0.3499667779514209,0.09090909090909091,0.2727272727272727
U42413,2019-11-10 16:24:36,1.0,1.0,1.0,1.0,1.0,1.0,1.0,1.0,1.0,1.0,1.0,1.0
U32292,2019-11-10 16:57:09,0.9958333333333333,1.0,1.0,0.9895948844467957,0.5555555555555556,1.0,0.648611111111111,1.0,0.3391602052736161,0.3091941646995599,0.1111111111111111,0.2222222222222222
U62338,2019-11-10 16:59:51,0.9833333333333334,1.0,0.9197207891481876,0.9197207891481876,1.0,1.0,0.39999999999999997,0.07692307692307693,0.0,0.0,0.0,0.0
U67455,2019-11-10 17:02:29,1.0,1.0,1.0,1.0,1.0,1.0,0.01754385964912286,0.017543859649122806,0.0,0.0,0.0,0.0
U90648,2019-11-10 17:49:27,1.0,1.0,1.0,1.0,1.0,1.0,0.5925925925925926,0.017857142857142856,0.0,0.0,0.0,0.0
U40016,2019-11-10 18:14:02,0.9848484848484849,0.5,0.7328286204777911,0.7328286204777911,1.0,1.0,0.6060606060606061,1.0,0.46927872602275644,0.46927872602275644,0.3333333333333333,0.3333333333333333
U71798,2019-11-10 18:20:28,1.0,1.0,1.0,1.0,1.0,1.0,0.8793103448275862,0.25,0.2640681225725909,0.48247555939075504,0.5,1.0
U16641,2019-11-10 18:38:15,1.0,1.0,1.0,1.0,1.0,1.0,0.2666666666666667,0.08333333333333333,0.0,0.0,0.0,0.0
U1296,2019-11-10 18:48:28,0.962962962962963,0.5,0.6309297535714575,0.6309297535714575,1.0,1.0,0.7037037037037037,0.1111111111111111,0.0,0.3010299956639812,0.0,1.0
U82693,2019-11-10 19:36:15,1.0,1.0,1.0,1.0,1.0,1.0,0.33333333333333337,0.3333333333333333,0.5,0.5,1.0,1.0
U82716,2019-11-10 19:43:36,1.0,1.0,1.0,1.0,1.0,1.0,0.8768115942028984,1.0,0.46927872602275644,0.617319681505689,0.3333333333333333,0.6666666666666666
U50435,2019-11-10 19:48:39,0.9855072463768116,0.5,0.7328286204777911,0.7328286204777911,1.0,1.0,0.8454106280193237,0.5,0.2960819109658652,0.2960819109658652,0.3333333333333333,0.3333333333333333
U73678,2019-11-10 20:01:08,0.9850746268656716,0.5,0.6309297535714575,0.6309297535714575,1.0,1.0,0.32835820895522383,0.021739130434782608,0.0,0.0,0.0,0.0
U36586,2019-11-10 20:12:55,1.0,1.0,1.0,1.0,1.0,1.0,0.4476190476190476,0.1,0.0,0.13565197343244778,0.0,0.3333333333333333
U42068,2019-11-10 20:16:09,0.9761904761904762,1.0,0.7227265726449519,0.9489415452074045,0.5,1.0,0.7738095238095238,1.0,0.5087403079104241,0.6625602459390022,0.3333333333333333,0.6666666666666666
U7110,2019-11-10 21:09:36,1.0,1.0,1.0,1.0,1.0,1.0,0.1643835616438356,0.016129032258064516,0.0,0.0,0.0,0.0
U91548,2019-11-10 21:10:08,1.0,1.0,1.0,1.0,1.0,1.0,0.8620689655172413,0.2,0.38685280723454163,0.38685280723454163,1.0,1.0
U89734,2019-11-10 21:14:54,0.9607843137254902,1.0,0.9060254355346823,0.9060254355346823,1.0,1.0,0.5686274509803921,1.0,0.46927872602275644,0.6049306994552042,0.3333333333333333,0.6666666666666666
U43884,2019-11-10 21:47:58,1.0,1.0,1.0,1.0,1.0,1.0,0.8,0.3333333333333333,0.5,0.5,1.0,1.0
U2906,2019-11-10 21:57:34,0.935483870967742,0.3333333333333333,0.5,0.5,1.0,1.0,0.8709677419354839,0.2,0.38685280723454163,0.38685280723454163,1.0,1.0
U61540,2019-11-10 22:00:32,1.0,1.0,1.0,1.0,1.0,1.0,0.75,0.3333333333333333,0.5,0.5,1.0,1.0
U36213,2019-11-11 00:27:39,0.9755747126436782,1.0,0.4703652827859579,0.8068857496524253,0.3333333333333333,1.0,0.5387931034482759,0.09090909090909091,0.0,0.0,0.0,0.0
U92846,2019-11-11 01:18:23,1.0,1.0,1.0,1.0,1.0,1.0,0.5555555555555556,0.2,0.38685280723454163,0.38685280723454163,1.0,1.0
U52068,2019-11-11 01:59:52,1.0,1.0,1.0,1.0,1.0,1.0,0.6023255813953488,1.0,0.5087403079104241,0.5087403079104241,0.4,0.4
U16268,2019-11-11 03:24:52,0.9877862595419847,1.0,0.6164336326286644,0.8502983370860306,0.6,1.0,0.5068702290076336,0.06666666666666667,0.0,0.0,0.0,0.0
U70561,2019-11-11 03:27:38,0.9955555555555556,1.0,1.0,0.9266360779006401,0.5,0.9,0.6077777777777778,0.25,0.14606834984270645,0.16421958630632802,0.1,0.2
U84713,2019-11-11 03:49:03,0.9795918367346939,0.5,0.7328286204777911,0.7328286204777911,1.0,1.0,0.5714285714285714,0.25,0.20210734650054757,0.20210734650054757,0.3333333333333333,0.3333333333333333
U91379,2019-11-11 03:50:59,0.9835390946502058,1.0,0.830419897363192,0.8824772252927573,0.4444444444444444,0.8888888888888888,0.5699588477366255,0.5,0.21398626473452756,0.30079436232671874,0.1111111111111111,0.3333333333333333
U29050,2019-11-11 03:52:05,0.9934640522875816,1.0,0.9674679834891693,0.9674679834891693,1.0,1.0,0.738562091503268,0.2,0.18154179253735267,0.34870224750355494,0.3333333333333333,0.6666666666666666
U11997,2019-11-11 04:15:02,1.0,1.0,1.0,1.0,1.0,1.0,0.7796296296296297,0.3333333333333333,0.16958010263680806,0.16958010263680806,0.2,0.2
U48672,2019-11-11 04:18:52,1.0,1.0,1.0,1.0,1.0,1.0,0.7875,1.0,0.6131471927654584,0.6131471927654584,0.5,0.5
U32181,2019-11-11 04:20:21,0.9787234042553191,0.5,0.7328286204777911,0.7328286204777911,1.0,1.0,0.3546099290780142,0.04,0.0,0.0,0.0,0.0
U44201,2019-11-11 04:21:49,0.7857142857142857,0.25,0.43067655807339306,0.43067655807339306,1.0,1.0,0.5714285714285714,0.14285714285714285,0.0,0.3333333333333333,0.0,1.0
U66141,2019-11-11 04:25:09,0.932,1.0,0.4703652827859579,0.6981697178527159,0.4,0.8,0.32,0.14285714285714285,0.0,0.11305340175787204,0.0,0.2
U37124,2019-11-11 04:26:00,0.9575471698113207,0.5,0.44149241373678083,0.7036997876179215,0.5,1.0,0.339622641509434,0.1111111111111111,0.0,0.11751610475642714,0.0,0.25
U2018,2019-11-11 04:27:58,1.0,1.0,1.0,1.0,1.0,1.0,0.5817307692307693,0.25,0.16812753627111746,0.16812753627111746,0.25,0.25
U3394,2019-11-11 04:30:02,1.0,1.0,1.0,1.0,1.0,1.0,1.0,1.0,1.0,1.0,1.0,1.0
U32322,2019-11-11 04:30:26,0.9673913043478262,0.5,0.34519134224686937,0.6952042023325464,0.3333333333333333,1.0,0.5778985507246377,0.125,0.0,0.09546043308946733,0.0,0.16666666666666666
U20956,2019-11-11 04:42:00,0.9655172413793104,0.5,0.6309297535714575,0.6309297535714575,1.0,1.0,0.27586206896551724,0.03333333333333333,0.0,0.0,0.0,0.0
U84359,2019-11-11 04:42:36,0.9594594594594594,0.5,0.6509209298071326,0.6509209298071326,1.0,1.0,0.5810810810810811,0.1111111111111111,0.0,0.18457569677956817,0.0,0.5
U40609,2019-11-11 04:45:27,1.0,1.0,1.0,1.0,1.0,1.0,0.0,0.5,0.6309297535714575,0.6309297535714575,1.0,1.0
U93023,2019-11-11 04:51:28,1.0,1.0,1.0,1.0,1.0,1.0,0.9615384615384616,0.5,0.6309297535714575,0.6309297535714575,1.0,1.0
U18342,2019-11-11 04:53:22,0.9980952380952381,1.0,0.8687949224876582,0.9896062251871525,0.8,1.0,0.8038095238095238,0.14285714285714285,0.0,0.11305340175787204,0.0,0.2
U19015,2019-11-11 04:59:29,1.0,1.0,1.0,1.0,1.0,1.0,0.8333333333333334,0.5,0.6309297535714575,0.6309297535714575,1.0,1.0
U50162,2019-11-11 05:02:58,1.0,1.0,1.0,1.0,0.45454545454545453,0.9090909090909091,0.5795454545454546,1.0,0.5531464700081437,0.3589542101716347,0.18181818181818182,0.18181818181818182
U9402,2019-11-11 05:09:37,1.0,1.0,1.0,1.0,1.0,1.0,0.5366666666666667,0.3333333333333333,0.23463936301137822,0.23463936301137822,0.3333333333333333,0.3333333333333333
U30611,2019-11-11 05:24:07,0.9787234042553192,1.0,0.8772153153380493,0.8772153153380493,1.0,1.0,0.19148936170212766,0.027777777777777776,0.0,0.0,0.0,0.0
U30304,2019-11-11 05:30:40,1.0,1.0,1.0,1.0,1.0,1.0,0.0,0.1111111111111111,0.0,0.3010299956639812,0.0,1.0
U79942,2019-11-11 05:36:45,0.984375,1.0,0.787702056960637,0.9267582364714126,0.75,1.0,0.50390625,0.07692307692307693,0.0,0.0,0.0,0.0
U54522,2019-11-11 05:52:01,1.0,1.0,1.0,1.0,1.0,1.0,0.39473684210526316,0.02127659574468085,0.0,0.0,0.0,0.0
U78092,2019-11-11 05:55:46,0.9883720930232558,1.0,0.8539316501572937,0.9705437052559006,0.6666666666666666,1.0,0.7015503875968991,1.0,0.5087403079104241,0.561692774772731,0.3333333333333333,0.5
U32146,2019-11-11 06:00:02,1.0,1.0,1.0,1.0,1.0,1.0,1.0,1.0,1.0,1.0,1.0,1.0
U43467,2019-11-11 06:05:08,0.9444444444444444,1.0,0.8503449055347546,0.8503449055347546,1.0,1.0,0.5370370370370371,0.16666666666666666,0.0,0.21840743681816419,0.0,0.5
U69965,2019-11-11 06:05:53,1.0,1.0,1.0,1.0,1.0,1.0,0.45454545454545453,0.5,0.38685280723454163,0.38685280723454163,0.5,0.5
U70668,2019-11-11 06:08:23,1.0,1.0,1.0,1.0,1.0,1.0,0.7666666666666667,0.25,0.2640681225725909,0.48247555939075504,0.5,1.0
U75524,2019-11-11 06:08:54,0.9853896103896104,1.0,0.8539316501572937,0.95022367789117,0.5,1.0,0.7694805194805194,1.0,0.48522855511632257,0.44167373394786114,0.25,0.375
U2545,2019-11-11 06:12:25,0.9811320754716981,0.5,0.7606395682357036,0.7606395682357036,1.0,1.0,0.48584905660377364,0.125,0.0,0.123151194370365,0.0,0.25
U39624,2019-11-11 06:19:46,1.0,1.0,1.0,1.0,1.0,1.0,0.4101941747572815,0.07142857142857142,0.0,0.0,0.0,0.0
U66141,2019-11-11 06:21:09,0.9285714285714286,0.5,0.592512031964586,0.715663226334951,0.75,1.0,0.625,0.2,0.15101961822780524,0.2811463015585058,0.25,0.5
U63784,2019-11-11 06:40:35,1.0,1.0,1.0,1.0,1.0,1.0,1.0,1.0,1.0,1.0,1.0,1.0
U16078,2019-11-11 06:40:56,1.0,1.0,1.0,1.0,1.0,1.0,0.6923076923076923,0.5,0.38685280723454163,0.5714285040141098,0.5,1.0
U85972,2019-11-11 06:43:22,1.0,1.0,1.0,1.0,1.0,1.0,1.0,1.0,1.0,1.0,1.0,1.0
U58176,2019-11-11 06:44:28,1.0,1.0,1.0,1.0,1.0,1.0,0.4074074074074074,0.017857142857142856,0.0,0.0,0.0,0.0
U70587,2019-11-11 06:45:53,1.0,1.0,1.0,1.0,1.0,1.0,0.7166666666666666,0.25,0.16812753627111746,0.16812753627111746,0.25,0.25
U67252,2019-11-11 06:53:30,0.9673913043478262,1.0,0.7095272044910244,0.8485833840018,0.75,1.0,0.5217391304347826,0.1,0.0,0.11284514134893527,0.0,0.25
U75451,2019-11-11 07:02:49,0.9791666666666666,1.0,0.9047172294870751,0.9047172294870751,1.0,1.0,0.375,0.14285714285714285,0.0,0.13012668333070054,0.0,0.25
U42706,2019-11-11 07:12:18,0.9605263157894737,0.25,0.43067655807339306,0.43067655807339306,1.0,1.0,0.1842105263157895,0.015873015873015872,0.0,0.0,0.0,0.0
U73032,2019-11-11 07:12:53,1.0,1.0,1.0,1.0,1.0,1.0,0.7155172413793103,0.2,0.15101961822780524,0.407591902495008,0.25,0.75
U16818,2019-11-11 07:15:20,0.9795918367346939,1.0,0.6843515475204855,0.7315449642824575,0.3,0.7,0.6785714285714286,1.0,0.6164336326286644,0.40002324830925196,0.3,0.3
U29809,2019-11-11 07:20:30,1.0,1.0,1.0,1.0,0.5555555555555556,1.0,0.550326797385621,1.0,0.48522855511632257,0.33627415762678553,0.2222222222222222,0.2222222222222222
U34223,2019-11-11 07:28:45,1.0,1.0,1.0,1.0,1.0,1.0,1.0,1.0,1.0,1.0,1.0,1.0
U2129,2019-11-11 07:34:51,0.9545454545454546,0.5,0.6309297535714575,0.6309297535714575,1.0,1.0,0.2727272727272727,0.058823529411764705,0.0,0.0,0.0,0.0
U69288,2019-11-11 07:34:58,1.0,1.0,1.0,1.0,1.0,1.0,0.6666666666666667,0.5,0.6309297535714575,0.6309297535714575,1.0,1.0
U24875,2019-11-11 07:36:44,0.9944444444444445,1.0,0.9197207891481876,0.9197207891481876,1.0,1.0,0.7666666666666667,0.125,0.0,0.19342640361727081,0.0,0.5
U69674,2019-11-11 07:44:18,1.0,1.0,1.0,1.0,1.0,1.0,0.5655737704918034,0.16666666666666666,0.0,0.21840743681816419,0.0,0.5
U62503,2019-11-11 07:52:05,1.0,1.0,1.0,1.0,1.0,1.0,0.40476190476190477,0.125,0.0,0.19342640361727081,0.0,0.5
U28482,2019-11-11 08:11:16,0.9827586206896551,0.5,0.6934264036172708,0.6934264036172708,1.0,1.0,0.375,0.0625,0.0,0.0,0.0,0.0
U85959,2019-11-11 08:22:48,0.9953488372093023,1.0,0.8539316501572937,0.9538469539548478,0.6666666666666666,1.0,0.8031007751937985,0.5,0.36005461457723403,0.3212446320893053,0.3333333333333333,0.3333333333333333
U22686,2019-11-11 08:27:15,1.0,1.0,1.0,1.0,1.0,1.0,0.6954545454545454,0.2,0.23719771276929622,0.23719771276929622,0.5,0.5
U47892,2019-11-11 08:37:15,0.9625,0.14285714285714285,0.0,0.3333333333333333,0.0,1.0,0.7125,0.02127659574468085,0.0,0.0,0.0,0.0
U46703,2019-11-11 08:54:56,1.0,1.0,1.0,1.0,1.0,1.0,1.0,1.0,1.0,1.0,1.0,1.0
U84434,2019-11-11 09:08:13,0.9629629629629629,0.5,0.6309297535714575,0.6309297535714575,1.0,1.0,0.6296296296296297,0.09090909090909091,0.0,0.0,0.0,0.0
U61540,2019-11-11 09:08:59,0.9487179487179487,0.3333333333333333,0.5,0.5,1.0,1.0,0.4871794871794872,0.047619047619047616,0.0,0.0,0.0,0.0
U90827,2019-11-11 09:11:23,1.0,1.0,1.0,1.0,1.0,1.0,0.7976190476190477,0.14285714285714285,0.0,0.20438239758848611,0.0,0.5
U32146,2019-11-11 09:16:47,1.0,1.0,1.0,1.0,1.0,1.0,1.0,1.0,1.0,1.0,1.0,1.0
U43960,2019-11-11 09:18:41,0.9855072463768116,0.5,0.6309297535714575,0.6309297535714575,1.0,1.0,0.855072463768116,0.09090909090909091,0.0,0.0,0.0,0.0
U20186,2019-11-11 09:21:00,1.0,1.0,1.0,1.0,1.0,1.0,0.8,0.2,0.38685280723454163,0.38685280723454163,1.0,1.0
U9497,2019-11-11 09:28:45,0.9565217391304348,1.0,0.6508205185601091,0.8179809735263114,0.6666666666666666,1.0,0.6086956521739131,0.25,0.20210734650054757,0.20210734650054757,0.3333333333333333,0.3333333333333333
U64364,2019-11-11 09:32:08,1.0,1.0,1.0,1.0,1.0,1.0,0.9848484848484849,1.0,0.9197207891481876,0.9197207891481876,1.0,1.0
U36378,2019-11-11 09:37:15,0.9888888888888889,1.0,0.7860137352654724,0.9099466049873365,0.6666666666666666,1.0,0.5311111111111111,0.045454545454545456,0.0,0.0,0.0,0.0
U12528,2019-11-11 09:39:51,1.0,1.0,1.0,1.0,0.8333333333333334,1.0,0.5677083333333333,0.5,0.21398626473452756,0.19092086617893467,0.16666666666666666,0.16666666666666666
U67455,2019-11-11 10:04:57,0.9705882352941176,0.5,0.6934264036172708,0.6934264036172708,1.0,1.0,0.36764705882352944,0.0625,0.0,0.0,0.0,0.0
U14889,2019-11-11 10:11:49,0.9905660377358491,1.0,0.9197207891481876,0.9197207891481876,1.0,1.0,0.9245283018867925,1.0,0.6131471927654584,0.7903864795495061,0.5,1.0
U63968,2019-11-11 10:18:12,0.9464285714285714,0.3333333333333333,0.36331756126716835,0.5993138969864685,0.5,1.0,0.5714285714285714,0.14285714285714285,0.0,0.13012668333070054,0.0,0.25
U89760,2019-11-11 10:27:58,1.0,1.0,1.0,1.0,1.0,1.0,0.7272727272727273,0.25,0.43067655807339306,0.43067655807339306,1.0,1.0
U81059,2019-11-11 10:31:47,0.9714285714285714,0.5,0.6934264036172708,0.6934264036172708,1.0,1.0,0.5714285714285714,0.09090909090909091,0.0,0.0,0.0,0.0
U85042,2019-11-11 10:36:35,0.9877049180327868,1.0,0.7095272044910244,0.8485833840018,0.75,1.0,0.6618852459016393,0.16666666666666666,0.0,0.13905617951077562,0.0,0.25
U77612,2019-11-11 10:44:22,1.0,1.0,1.0,1.0,1.0,1.0,0.853448275862069,0.16666666666666666,0.0,0.21840743681816419,0.0,0.5
U68125,2019-11-11 10:54:51,0.9679245283018868,1.0,0.639945385422766,0.7663491917568946,0.3,0.8,0.6783018867924528,0.5,0.38356636737133565,0.39170347105873193,0.2,0.4
U43935,2019-11-11 10:56:06,1.0,1.0,1.0,1.0,1.0,1.0,0.6615384615384615,0.25,0.27727342735504823,0.4883661149442773,0.4,0.8
U11600,2019-11-11 10:59:03,1.0,1.0,1.0,1.0,1.0,1.0,0.6666666666666667,0.2,0.38685280723454163,0.38685280723454163,1.0,1.0
U67276,2019-11-11 10:59:22,1.0,1.0,1.0,1.0,1.0,1.0,0.8823529411764706,0.3333333333333333,0.5,0.5,1.0,1.0
U80948,2019-11-11 11:00:32,0.9722222222222222,0.5,0.7328286204777911,0.7328286204777911,1.0,1.0,0.41666666666666663,0.125,0.0,0.1480409554829326,0.0,0.3333333333333333
U80322,2019-11-11 11:20:36,0.9500000000000001,0.5,0.6509209298071326,0.6509209298071326,1.0,1.0,0.3833333333333333,0.07142857142857142,0.0,0.0,0.0,0.0
U80322,2019-11-11 11:20:36,0.9887820512820512,1.0,0.7860137352654724,0.8976178835522929,0.6666666666666666,1.0,0.516025641025641,0.05555555555555555,0.0,0.0,0.0,0.0
U59602,2019-11-11 11:20:56,0.9963768115942029,1.0,0.9558295932317544,0.9558295932317544,1.0,1.0,0.5652173913043478,0.021739130434782608,0.0,0.0,0.0,0.0
U23105,2019-11-11 11:24:00,1.0,1.0,1.0,1.0,1.0,1.0,0.6,0.3333333333333333,0.5706417189553201,0.5706417189553201,1.0,1.0
U28313,2019-11-11 11:25:08,1.0,1.0,1.0,1.0,1.0,1.0,0.3631578947368421,0.01818181818181818,0.0,0.0,0.0,0.0
U43477,2019-11-11 11:25:46,1.0,1.0,1.0,1.0,1.0,1.0,0.9,0.5,0.6309297535714575,0.6309297535714575,1.0,1.0
U23464,2019-11-11 11:27:00,1.0,1.0,1.0,1.0,1.0,1.0,0.8421052631578947,0.25,0.43067655807339306,0.43067655807339306,1.0,1.0
U44210,2019-11-11 11:36:26,1.0,1.0,1.0,1.0,1.0,1.0,1.0,1.0,1.0,1.0,1.0,1.0
U88258,2019-11-11 11:40:23,0.9925925925925927,1.0,0.830419897363192,0.9512312000626861,0.8,1.0,0.6444444444444445,0.2,0.13120507751234178,0.13120507751234178,0.2,0.2
U8653,2019-11-11 11:44:38,1.0,1.0,1.0,1.0,1.0,1.0,0.8783783783783784,1.0,0.3903800499921017,0.5078961547485289,0.25,0.5
U60596,2019-11-11 11:47:35,1.0,1.0,1.0,1.0,1.0,1.0,1.0,1.0,1.0,1.0,1.0,1.0
U9107,2019-11-11 11:51:04,1.0,1.0,1.0,1.0,1.0,1.0,0.7152317880794702,1.0,0.46927872602275644,0.46927872602275644,0.3333333333333333,0.3333333333333333
U57492,2019-11-11 12:03:12,1.0,1.0,1.0,1.0,1.0,1.0,0.6666666666666667,0.5,0.6309297535714575,0.6309297535714575,1.0,1.0
U44650,2019-11-11 12:14:24,0.9622641509433962,0.3333333333333333,0.5,0.5,1.0,1.0,0.37735849056603776,0.029411764705882353,0.0,0.0,0.0,0.0
U2701,2019-11-11 12:20:01,1.0,1.0,1.0,1.0,1.0,1.0,0.2857142857142857,0.038461538461538464,0.0,0.0,0.0,0.0
U73145,2019-11-11 12:24:31,0.9125,0.25,0.2640681225725909,0.48247555939075504,0.5,1.0,0.6125,0.1,0.0,0.17723928678404774,0.0,0.5
U17005,2019-11-11 12:25:56,0.9655172413793103,0.5,0.6309297535714575,0.6309297535714575,1.0,1.0,0.5862068965517241,0.07692307692307693,0.0,0.0,0.0,0.0
U36046,2019-11-11 12:29:10,0.9821428571428571,1.0,0.9047172294870751,0.9047172294870751,1.0,1.0,0.7202380952380952,0.5,0.24630238874073,0.24630238874073,0.25,0.25
U82678,2019-11-11 12:46:22,0.9795918367346939,0.5,0.6309297535714575,0.6309297535714575,1.0,1.0,0.4285714285714286,0.034482758620689655,0.0,0.0,0.0,0.0
U6396,2019-11-11 12:49:05,1.0,1.0,1.0,1.0,1.0,1.0,1.0,1.0,1.0,1.0,1.0,1.0
U62408,2019-11-11 12:49:48,0.9941002949852508,1.0,0.9060254355346823,0.9060254355346823,1.0,1.0,0.6725663716814159,0.08333333333333333,0.0,0.0,0.0,0.0
U59698,2019-11-11 13:00:21,1.0,1.0,1.0,1.0,1.0,1.0,0.6867816091954023,0.0625,0.0,0.0,0.0,0.0
U57238,2019-11-11 13:03:04,1.0,1.0,1.0,1.0,1.0,1.0,0.25,0.25,0.43067655807339306,0.43067655807339306,1.0,1.0
U63482,2019-11-11 13:04:50,0.9419354838709678,1.0,0.639945385422766,0.8599919195479019,0.6,1.0,0.3935483870967742,0.125,0.0,0.10699313236726378,0.0,0.2
U80748,2019-11-11 13:07:06,1.0,1.0,1.0,1.0,1.0,1.0,0.8888888888888888,0.5,0.6309297535714575,0.6309297535714575,1.0,1.0
U56883,2019-11-11 13:11:37,0.962962962962963,0.5,0.7328286204777911,0.7328286204777911,1.0,1.0,0.33333333333333337,0.1,0.0,0.13565197343244778,0.0,0.3333333333333333
U28212,2019-11-11 13:19:32,0.9757281553398058,0.3333333333333333,0.5437713091520254,0.5437713091520254,1.0,1.0,0.6650485436893204,0.07692307692307693,0.0,0.0,0.0,0.0
U80896,2019-11-11 13:28:36,1.0,1.0,1.0,1.0,1.0,1.0,0.9042553191489362,0.1,0.0,0.2890648263178879,0.0,1.0
U8568,2019-11-11 13:33:20,1.0,1.0,1.0,1.0,1.0,1.0,0.8333333333333334,0.3333333333333333,0.5,0.5,1.0,1.0
U67276,2019-11-11 13:35:16,1.0,1.0,1.0,1.0,1.0,1.0,0.7272727272727273,0.25,0.43067655807339306,0.43067655807339306,1.0,1.0
U15368,2019-11-11 13:48:06,1.0,1.0,1.0,1.0,1.0,1.0,0.8925233644859812,0.1,0.0,0.17723928678404774,0.0,0.5
U71403,2019-11-11 13:49:34,1.0,1.0,1.0,1.0,1.0,1.0,0.4285714285714286,0.2,0.38685280723454163,0.38685280723454163,1.0,1.0
U44650,2019-11-11 13:53:38,1.0,1.0,1.0,1.0,1.0,1.0,0.8295454545454546,0.2,0.23719771276929622,0.23719771276929622,0.5,0.5
U49847,2019-11-11 14:00:33,1.0,1.0,1.0,1.0,1.0,1.0,0.34375,0.1,0.0,0.11284514134893527,0.0,0.25
U22263,2019-11-11 14:01:03,0.9729729729729729,0.5,0.6309297535714575,0.6309297535714575,1.0,1.0,0.5135135135135135,0.05263157894736842,0.0,0.0,0.0,0.0
U19056,2019-11-11 14:03:17,0.888888888888889,0.5,0.6309297535714575,0.6309297535714575,1.0,1.0,0.888888888888889,0.5,0.6309297535714575,0.6309297535714575,1.0,1.0
U78092,2019-11-11 14:05:14,1.0,1.0,1.0,1.0,1.0,1.0,0.8176100628930818,0.14285714285714285,0.0,0.29769321486741446,0.0,0.6666666666666666
U55466,2019-11-11 14:06:31,1.0,1.0,1.0,1.0,1.0,1.0,0.2857142857142857,0.16666666666666666,0.0,0.3562071871080222,0.0,1.0
U84818,2019-11-11 14:06:45,1.0,1.0,1.0,1.0,1.0,1.0,0.28205128205128205,0.125,0.0,0.1480409554829326,0.0,0.3333333333333333
U58630,2019-11-11 14:10:32,0.9780219780219781,0.5,0.5307212739772434,0.6871475159848289,0.6666666666666666,1.0,0.4652014652014652,0.038461538461538464,0.0,0.0,0.0,0.0
U4802,2019-11-11 14:20:27,0.9761904761904762,1.0,0.6548086577531307,0.8749486878739774,0.5,1.0,0.5930735930735931,0.25,0.14606834984270645,0.23811292043488155,0.16666666666666666,0.3333333333333333
U12528,2019-11-11 14:23:16,0.75,0.5,0.6309297535714575,0.6309297535714575,1.0,1.0,0.25,0.25,0.43067655807339306,0.43067655807339306,1.0,1.0
U31910,2019-11-11 14:30:52,0.9375,0.5,0.6309297535714575,0.6309297535714575,1.0,1.0,0.4375,0.1,0.0,0.2890648263178879,0.0,1.0
U1379,2019-11-11 14:34:36,1.0,1.0,1.0,1.0,1.0,1.0,0.3529411764705882,0.043478260869565216,0.0,0.0,0.0,0.0
U83073,2019-11-11 14:35:17,1.0,1.0,1.0,1.0,0.8333333333333334,1.0,0.6385542168674698,0.5,0.36005461457723403,0.4123370353127634,0.3333333333333333,0.5
U52836,2019-11-11 14:46:24,1.0,1.0,1.0,1.0,0.8333333333333334,1.0,0.6376811594202898,0.3333333333333333,0.16958010263680806,0.23877292085081492,0.16666666666666666,0.3333333333333333
U57047,2019-11-11 15:12:43,0.9333333333333333,0.2,0.38685280723454163,0.38685280723454163,1.0,1.0,0.43333333333333335,0.02857142857142857,0.0,0.0,0.0,0.0
U44645,2019-11-11 15:26:43,0.9259259259259259,0.3333333333333333,0.5,0.5,1.0,1.0,0.7037037037037037,0.1111111111111111,0.0,0.3010299956639812,0.0,1.0
U48826,2019-11-11 15:27:30,0.975609756097561,0.5,0.7328286204777911,0.7328286204777911,1.0,1.0,0.6585365853658536,0.16666666666666666,0.0,0.16716045496620227,0.0,0.3333333333333333
U51792,2019-11-11 15:32:06,0.989010989010989,0.5,0.6934264036172708,0.6934264036172708,1.0,1.0,0.6373626373626373,0.038461538461538464,0.0,0.0,0.0,0.0
U78455,2019-11-11 15:33:48,1.0,1.0,1.0,1.0,1.0,1.0,0.0,0.06666666666666667,0.0,0.0,0.0,0.0
U23504,2019-11-11 15:34:42,0.9841269841269841,1.0,0.9060254355346823,0.9060254355346823,1.0,1.0,0.49206349206349204,0.125,0.0,0.1480409554829326,0.0,0.3333333333333333
U84360,2019-11-11 15:36:28,1.0,1.0,1.0,1.0,1.0,1.0,0.7193548387096775,1.0,0.3391602052736161,0.4371994911049732,0.2,0.4
U65664,2019-11-11 15:38:03,1.0,1.0,1.0,1.0,1.0,1.0,0.7558139534883721,0.125,0.0,0.19342640361727081,0.0,0.5
U25360,2019-11-11 15:38:59,0.9761904761904762,1.0,0.9060254355346823,0.9060254355346823,1.0,1.0,0.5714285714285714,0.14285714285714285,0.0,0.15642624200758548,0.0,0.3333333333333333
U44079,2019-11-11 15:45:05,1.0,1.0,1.0,1.0,1.0,1.0,0.7777777777777778,0.3333333333333333,0.5,0.5,1.0,1.0
U26390,2019-11-11 16:04:38,1.0,1.0,1.0,1.0,1.0,1.0,0.8333333333333334,0.5,0.6309297535714575,0.6309297535714575,1.0,1.0
U8418,2019-11-11 16:04:40,0.9730769230769231,1.0,1.0,0.9266360779006401,0.38461538461538464,0.6923076923076923,0.676923076923077,1.0,0.639945385422766,0.5580759111248786,0.23076923076923078,0.38461538461538464
U54366,2019-11-11 16:07:18,1.0,1.0,1.0,1.0,1.0,1.0,0.7333333333333334,0.2,0.38685280723454163,0.38685280723454163,1.0,1.0
U77272,2019-11-11 16:14:32,0.9937106918238994,1.0,0.9060254355346823,0.9060254355346823,1.0,1.0,0.7169811320754718,0.3333333333333333,0.23463936301137822,0.23463936301137822,0.3333333333333333,0.3333333333333333
U6132,2019-11-11 16:22:05,0.95,0.5,0.6309297535714575,0.6309297535714575,1.0,1.0,0.25,0.0625,0.0,0.0,0.0,0.0
U40910,2019-11-11 16:25:13,1.0,1.0,1.0,1.0,1.0,1.0,0.41463414634146345,0.04,0.0,0.0,0.0,0.0
U9564,2019-11-11 16:28:26,0.9730639730639731,1.0,0.7860137352654724,0.9196461703481416,0.4444444444444444,1.0,0.67003367003367,0.5,0.21398626473452756,0.3061707598544171,0.1111111111111111,0.3333333333333333
U12486,2019-11-11 16:36:59,1.0,1.0,1.0,1.0,1.0,1.0,0.4285714285714286,0.1111111111111111,0.0,0.3010299956639812,0.0,1.0
U20505,2019-11-11 16:38:50,0.9966666666666666,1.0,0.9197207891481876,0.9197207891481876,1.0,1.0,0.4933333333333333,0.02631578947368421,0.0,0.0,0.0,0.0
U63482,2019-11-11 16:55:23,0.960919540229885,1.0,0.5531464700081437,0.7682972668889274,0.4,0.8,0.7126436781609196,1.0,0.3391602052736161,0.45221360703148816,0.2,0.4
U8933,2019-11-11 16:59:14,0.8333333333333334,0.5,0.6309297535714575,0.6309297535714575,1.0,1.0,0.5,0.25,0.43067655807339306,0.43067655807339306,1.0,1.0
U91836,2019-11-11 17:00:02,1.0,1.0,1.0,1.0,1.0,1.0,1.0,1.0,1.0,1.0,1.0,1.0
U88421,2019-11-11 17:05:51,0.9894736842105263,0.5,0.7328286204777911,0.7328286204777911,1.0,1.0,0.4982456140350877,0.047619047619047616,0.0,0.0,0.0,0.0
U68923,2019-11-11 17:05:59,1.0,1.0,1.0,1.0,1.0,1.0,0.6212121212121211,0.5,0.2960819109658652,0.2960819109658652,0.3333333333333333,0.3333333333333333
U74354,2019-11-11 17:32:22,0.9668560606060607,1.0,0.48522855511632257,0.5996943318813953,0.18181818181818182,0.5454545454545454,0.39109848484848486,1.0,0.3391602052736161,0.22009176629808017,0.09090909090909091,0.09090909090909091
U9215,2019-11-11 17:47:04,1.0,1.0,1.0,1.0,1.0,1.0,0.8185654008438819,0.16666666666666666,0.0,0.16716045496620227,0.0,0.3333333333333333
U36220,2019-11-11 17:55:55,1.0,1.0,1.0,1.0,1.0,1.0,0.5405405405405406,0.08333333333333333,0.0,0.0,0.0,0.0
U70493,2019-11-11 18:01:53,1.0,1.0,1.0,1.0,1.0,1.0,0.8382352941176471,0.08333333333333333,0.0,0.0,0.0,0.0
U46151,2019-11-11 18:09:42,0.982421875,1.0,0.7860137352654724,0.9098765634739489,0.5,1.0,0.58984375,0.16666666666666666,0.0,0.09010000865236768,0.0,0.125
U30748,2019-11-11 18:18:15,1.0,1.0,1.0,1.0,1.0,1.0,0.75,1.0,0.9197207891481876,0.9197207891481876,1.0,1.0
U67475,2019-11-11 18:34:20,1.0,1.0,1.0,1.0,1.0,1.0,0.625,0.2,0.15101961822780524,0.2741708125981702,0.25,0.5
U34826,2019-11-11 18:41:40,0.9803921568627452,1.0,0.75369761125927,0.8927537907700456,0.75,1.0,0.5343137254901961,0.125,0.0,0.123151194370365,0.0,0.25
U36736,2019-11-11 18:42:07,1.0,1.0,1.0,1.0,1.0,1.0,0.5238095238095238,0.5,0.38685280723454163,0.38685280723454163,0.5,0.5
U46271,2019-11-11 18:44:08,0.9938271604938271,1.0,0.9197207891481876,0.9197207891481876,1.0,1.0,0.9197530864197531,0.14285714285714285,0.0,0.3889580943680543,0.0,1.0
U48337,2019-11-11 18:45:13,1.0,1.0,1.0,1.0,1.0,1.0,0.55,0.5,0.38685280723454163,0.5640920940185894,0.5,1.0
U54826,2019-11-11 18:46:17,0.9607843137254901,1.0,0.9469024295259745,0.9469024295259745,1.0,1.0,0.9411764705882353,1.0,0.7653606369886217,0.9325210919548239,0.6666666666666666,1.0
U26023,2019-11-11 19:09:13,1.0,1.0,1.0,1.0,1.0,1.0,0.6129032258064516,0.07692307692307693,0.0,0.0,0.0,0.0
U90404,2019-11-11 19:27:47,1.0,1.0,1.0,1.0,1.0,1.0,1.0,1.0,1.0,1.0,1.0,1.0
U943,2019-11-11 19:47:46,0.9873417721518988,0.5,0.6309297535714575,0.6309297535714575,1.0,1.0,0.7468354430379747,0.047619047619047616,0.0,0.0,0.0,0.0
U48196,2019-11-11 19:56:24,0.9913419913419913,1.0,0.9060254355346823,0.9060254355346823,1.0,1.0,0.8268398268398269,0.1,0.0,0.13565197343244778,0.0,0.3333333333333333
U6866,2019-11-11 20:26:28,1.0,1.0,1.0,1.0,1.0,1.0,0.846153846153846,0.3333333333333333,0.3065735963827292,0.5,0.5,1.0
U54826,2019-11-11 20:33:46,0.9888888888888888,1.0,0.9558295932317544,0.9558295932317544,1.0,1.0,0.7388888888888889,1.0,0.5855700749881525,0.5855700749881525,0.5,0.5
U60545,2019-11-11 20:35:34,1.0,1.0,1.0,1.0,0.5,1.0,0.7243243243243243,0.3333333333333333,0.16958010263680806,0.3241295975188817,0.1,0.4
U41600,2019-11-11 20:38:35,1.0,1.0,1.0,1.0,1.0,1.0,0.95,0.5,0.6309297535714575,0.6309297535714575,1.0,1.0
U33809,2019-11-11 20:53:58,0.9818181818181818,0.5,0.6934264036172708,0.6934264036172708,1.0,1.0,0.7727272727272727,0.16666666666666666,0.0,0.21840743681816419,0.0,0.5
U89303,2019-11-11 21:41:11,1.0,1.0,1.0,1.0,1.0,1.0,0.75,0.5,0.6309297535714575,0.6309297535714575,1.0,1.0
U65020,2019-11-11 21:45:26,1.0,1.0,1.0,1.0,1.0,1.0,0.5625,0.125,0.0,0.31546487678572877,0.0,1.0
U26994,2019-11-11 21:52:26,0.9733333333333334,0.3333333333333333,0.5143371794949736,0.6533933590057491,0.75,1.0,0.7533333333333333,0.16666666666666666,0.0,0.2691828628414762,0.0,0.5
U58176,2019-11-11 22:04:33,1.0,1.0,1.0,1.0,1.0,1.0,0.9420289855072463,0.2,0.38685280723454163,0.38685280723454163,1.0,1.0
U80599,2019-11-11 22:10:43,0.5,0.5,0.6309297535714575,0.6309297535714575,1.0,1.0,0.0,0.3333333333333333,0.5,0.5,1.0,1.0
U20209,2019-11-11 22:13:34,1.0,1.0,1.0,1.0,1.0,1.0,1.0,1.0,1.0,1.0,1.0,1.0
U68197,2019-11-11 22:22:34,1.0,1.0,1.0,1.0,1.0,1.0,1.0,1.0,1.0,1.0,1.0,1.0
U83337,2019-11-11 22:23:17,0.9689922480620156,0.2,0.38685280723454163,0.38685280723454163,1.0,1.0,0.34883720930232553,0.011764705882352941,0.0,0.0,0.0,0.0
U26908,2019-11-11 22:35:01,0.9583333333333334,0.5,0.6309297535714575,0.6309297535714575,1.0,1.0,0.45833333333333337,0.07142857142857142,0.0,0.0,0.0,0.0
U88934,2019-11-11 23:00:01,0.9760191846522782,1.0,0.46927872602275644,0.7737459235132744,0.3333333333333333,1.0,0.5299760191846522,0.5,0.2960819109658652,0.2960819109658652,0.3333333333333333,0.3333333333333333
U44201,2019-11-11 23:22:42,0.782608695652174,0.16666666666666666,0.0,0.3562071871080222,0.0,1.0,0.4782608695652174,0.07692307692307693,0.0,0.0,0.0,0.0
U50854,2019-11-11 23:42:48,1.0,1.0,1.0,1.0,1.0,1.0,0.5833333333333333,0.16666666666666666,0.0,0.3562071871080222,0.0,1.0
U34528,2019-11-12 00:00:26,1.0,1.0,1.0,1.0,1.0,1.0,0.9500000000000001,1.0,0.6131471927654584,0.8315546295836225,0.5,1.0
U65977,2019-11-12 00:46:00,1.0,1.0,1.0,1.0,1.0,1.0,0.19999999999999996,0.2,0.38685280723454163,0.38685280723454163,1.0,1.0
U19572,2019-11-12 01:01:51,0.7894736842105263,0.2,0.38685280723454163,0.38685280723454163,1.0,1.0,0.1578947368421053,0.058823529411764705,0.0,0.0,0.0,0.0
U16674,2019-11-12 01:11:53,0.9868421052631579,0.5,0.7328286204777911,0.7328286204777911,1.0,1.0,0.46929824561403505,0.05,0.0,0.0,0.0,0.0
U67684,2019-11-12 01:55:50,0.9333333333333333,0.5,0.6934264036172708,0.6934264036172708,1.0,1.0,0.8333333333333334,0.5,0.38685280723454163,0.6052602440527057,0.5,1.0
U72817,2019-11-12 02:17:29,1.0,1.0,1.0,1.0,1.0,1.0,0.6462585034013605,0.2,0.18154179253735267,0.18154179253735267,0.3333333333333333,0.3333333333333333
U80948,2019-11-12 02:23:29,0.9912536443148688,1.0,0.7860137352654724,0.9132861715058802,0.5714285714285714,1.0,0.5240524781341107,1.0,0.3391602052736161,0.27487633291429087,0.14285714285714285,0.14285714285714285
U51286,2019-11-12 02:55:51,1.0,1.0,1.0,1.0,1.0,1.0,0.4285714285714286,0.2,0.38685280723454163,0.38685280723454163,1.0,1.0
U83792,2019-11-12 03:00:16,1.0,1.0,1.0,1.0,1.0,1.0,0.6162790697674418,0.16666666666666666,0.0,0.21840743681816419,0.0,0.5
U72281,2019-11-12 03:09:50,1.0,1.0,1.0,1.0,1.0,1.0,0.85,0.25,0.43067655807339306,0.43067655807339306,1.0,1.0
U81738,2019-11-12 03:17:22,1.0,1.0,1.0,1.0,1.0,1.0,0.8773584905660378,0.125,0.0,0.10699313236726378,0.0,0.2
U46199,2019-11-12 03:17:24,0.9795918367346939,0.5,0.6309297535714575,0.6309297535714575,1.0,1.0,0.30612244897959184,0.02857142857142857,0.0,0.0,0.0,0.0
U54642,2019-11-12 03:26:48,1.0,1.0,1.0,1.0,0.8333333333333334,1.0,0.608974358974359,0.3333333333333333,0.30078518014914984,0.26836379988737025,0.3333333333333333,0.3333333333333333
U19752,2019-11-12 03:29:00,0.9938524590163934,1.0,0.9047172294870751,0.9047172294870751,1.0,1.0,0.5338114754098361,0.25,0.16812753627111746,0.16812753627111746,0.25,0.25
U23157,2019-11-12 03:35:57,0.9962962962962963,1.0,0.9674679834891693,0.9674679834891693,1.0,1.0,0.9296296296296297,1.0,0.46927872602275644,0.6364391809889587,0.3333333333333333,0.6666666666666666
U79642,2019-11-12 03:38:39,1.0,1.0,1.0,1.0,1.0,1.0,0.49242424242424243,0.14285714285714285,0.0,0.15642624200758548,0.0,0.3333333333333333
U91037,2019-11-12 03:39:27,0.995136186770428,1.0,0.8539316501572937,0.87710683944726,0.5,0.875,0.5666342412451362,0.030303030303030304,0.0,0.0,0.0,0.0
U90616,2019-11-12 04:03:54,0.9970760233918129,1.0,1.0,0.9971876401972101,0.5555555555555556,1.0,0.6374269005847952,0.3333333333333333,0.3156484524795145,0.297099899391038,0.2222222222222222,0.3333333333333333
U80121,2019-11-12 04:10:09,1.0,1.0,1.0,1.0,1.0,1.0,1.0,1.0,1.0,1.0,1.0,1.0
U8619,2019-11-12 04:14:43,1.0,1.0,1.0,1.0,1.0,1.0,0.4888888888888889,0.25,0.2640681225725909,0.2640681225725909,0.5,0.5
U2950,2019-11-12 04:28:13,1.0,1.0,1.0,1.0,0.5,1.0,0.5481132075471697,0.5,0.21398626473452756,0.2082936658103318,0.1,0.2
U63647,2019-11-12 04:41:44,1.0,1.0,1.0,1.0,0.8333333333333334,1.0,0.6336477987421384,0.043478260869565216,0.0,0.0,0.0,0.0
U6190,2019-11-12 04:42:44,0.996875,1.0,0.8539316501572937,0.9747429528567879,0.8,1.0,0.515625,0.2,0.13120507751234178,0.13120507751234178,0.2,0.2
U31372,2019-11-12 04:47:01,1.0,1.0,1.0,1.0,1.0,1.0,0.9166666666666666,0.5,0.6309297535714575,0.6309297535714575,1.0,1.0
U71956,2019-11-12 04:54:59,0.9607843137254902,0.3333333333333333,0.5143371794949736,0.6533933590057491,0.75,1.0,0.3382352941176471,0.1,0.0,0.11284514134893527,0.0,0.25
U87790,2019-11-12 04:55:17,0.9509943181818181,0.5,0.6608397947263839,0.5072380780124418,0.25,0.3125,0.6342329545454546,0.3333333333333333,0.30078518014914984,0.19518900079066107,0.125,0.125
U48301,2019-11-12 04:55:30,1.0,1.0,1.0,1.0,1.0,1.0,0.11111111111111116,0.1111111111111111,0.0,0.3010299956639812,0.0,1.0
U85135,2019-11-12 04:58:40,0.95625,0.5,0.592512031964586,0.7226387152952866,0.75,1.0,0.78125,1.0,0.5413996682199069,0.6715263515506075,0.5,0.75
U6557,2019-11-12 05:00:52,0.9835766423357665,1.0,0.5855700749881525,0.838847952689218,0.5,1.0,0.7664233576642336,0.2,0.15101961822780524,0.29007579773858083,0.25,0.5
U21392,2019-11-12 05:02:28,1.0,1.0,1.0,1.0,1.0,1.0,0.7115384615384616,0.3333333333333333,0.36331756126716835,0.4808336660235955,0.5,0.75
U24671,2019-11-12 05:03:20,1.0,1.0,1.0,1.0,1.0,1.0,0.6862068965517242,0.03571428571428571,0.0,0.0,0.0,0.0
U84818,2019-11-12 05:03:51,1.0,1.0,1.0,1.0,0.7142857142857143,1.0,0.46428571428571425,0.2,0.13120507751234178,0.10633668103022985,0.14285714285714285,0.14285714285714285
U89824,2019-11-12 05:06:21,1.0,1.0,1.0,1.0,1.0,1.0,0.2692307692307692,0.14285714285714285,0.0,0.20438239758848611,0.0,0.5
U64672,2019-11-12 05:09:42,0.995049504950495,1.0,0.9558295932317544,0.9558295932317544,1.0,1.0,0.8762376237623762,0.5,0.24630238874073,0.3638184934971571,0.25,0.5
U23105,2019-11-12 05:11:10,1.0,1.0,1.0,1.0,0.5555555555555556,1.0,0.781021897810219,0.125,0.0,0.07414861528507455,0.0,0.1111111111111111
U58715,2019-11-12 05:14:00,0.9791666666666666,1.0,0.9674679834891693,0.9674679834891693,1.0,1.0,0.5625,0.25,0.38364913903790027,0.38364913903790027,0.6666666666666666,0.6666666666666666
U74354,2019-11-12 05:23:17,0.9775641025641025,0.5,0.6096199500078984,0.7327711443782634,0.75,1.0,0.8012820512820513,0.3333333333333333,0.19519002499605084,0.31834121936641585,0.25,0.5
U20723,2019-11-12 05:24:36,1.0,1.0,1.0,1.0,0.5,1.0,0.7345454545454546,0.5,0.34519134224686937,0.29025978496956456,0.2,0.3
U37124,2019-11-12 05:28:21,0.982010582010582,1.0,0.48522855511632257,0.8317144247565924,0.2857142857142857,1.0,0.22698412698412695,0.015384615384615385,0.0,0.0,0.0,0.0
U70424,2019-11-12 05:29:06,1.0,1.0,1.0,1.0,1.0,1.0,0.6333333333333334,1.0,0.5531464700081437,0.6601396023754075,0.4,0.6
U78312,2019-11-12 05:40:01,1.0,1.0,1.0,1.0,1.0,1.0,0.625,0.25,0.43067655807339306,0.43067655807339306,1.0,1.0
U26458,2019-11-12 05:41:26,1.0,1.0,1.0,1.0,1.0,1.0,0.9666666666666667,1.0,0.9197207891481876,0.9197207891481876,1.0,1.0
U85972,2019-11-12 05:43:53,1.0,1.0,1.0,1.0,1.0,1.0,0.0,0.5,0.6309297535714575,0.6309297535714575,1.0,1.0
U24180,2019-11-12 05:52:26,1.0,1.0,1.0,1.0,1.0,1.0,0.4871794871794872,0.16666666666666666,0.0,0.1208113026994942,0.0,0.2
U38261,2019-11-12 05:52:48,1.0,1.0,1.0,1.0,1.0,1.0,0.0,0.5,0.6309297535714575,0.6309297535714575,1.0,1.0
U5273,2019-11-12 05:52:59,0.9770114942528736,1.0,0.9060254355346823,0.9060254355346823,1.0,1.0,0.5977011494252873,0.3333333333333333,0.23463936301137822,0.23463936301137822,0.3333333333333333,0.3333333333333333
U48856,2019-11-12 05:56:01,0.9916666666666667,1.0,0.9674679834891693,0.9674679834891693,1.0,1.0,0.5833333333333333,0.07692307692307693,0.0,0.0,0.0,0.0
U11014,2019-11-12 06:02:33,1.0,1.0,1.0,1.0,1.0,1.0,0.681159420289855,0.2,0.18154179253735267,0.34870224750355494,0.3333333333333333,0.6666666666666666
U13249,2019-11-12 06:04:41,1.0,1.0,1.0,1.0,1.0,1.0,0.3120567375886525,0.058823529411764705,0.0,0.0,0.0,0.0
U27744,2019-11-12 06:07:45,0.9333333333333333,0.5,0.6934264036172708,0.6934264036172708,1.0,1.0,0.6333333333333333,0.5,0.38685280723454163,0.38685280723454163,0.5,0.5
U19544,2019-11-12 06:09:51,0.9649572649572649,1.0,0.8687949224876582,0.772837825180752,0.3076923076923077,0.5384615384615384,0.5982905982905983,0.07692307692307693,0.0,0.0,0.0,0.0
U16078,2019-11-12 06:11:40,0.9944444444444444,1.0,0.9674679834891693,0.9674679834891693,1.0,1.0,0.7777777777777777,0.5,0.4776237035032179,0.4776237035032179,0.6666666666666666,0.6666666666666666
U75524,2019-11-12 06:14:19,1.0,1.0,1.0,1.0,1.0,1.0,0.5573770491803279,0.0625,0.0,0.0,0.0,0.0
U71956,2019-11-12 06:14:47,0.9895833333333334,1.0,0.9674679834891693,0.9674679834891693,1.0,1.0,0.3645833333333333,0.2,0.18154179253735267,0.18154179253735267,0.3333333333333333,0.3333333333333333
U76068,2019-11-12 06:16:36,0.9857142857142858,1.0,0.8539316501572937,0.9747429528567879,0.8,1.0,0.5,0.2,0.13120507751234178,0.23330247263525344,0.2,0.4
U62228,2019-11-12 06:18:39,1.0,1.0,1.0,1.0,1.0,1.0,0.04999999999999999,0.1,0.0,0.2890648263178879,0.0,1.0
U40523,2019-11-12 06:24:46,1.0,1.0,1.0,1.0,1.0,1.0,0.7291666666666667,0.3333333333333333,0.3065735963827292,0.3065735963827292,0.5,0.5
U760,2019-11-12 06:30:47,0.975,0.5,0.7328286204777911,0.7328286204777911,1.0,1.0,0.42499999999999993,0.5,0.2960819109658652,0.2960819109658652,0.3333333333333333,0.3333333333333333
U58492,2019-11-12 06:32:05,0.9850746268656716,0.5,0.6934264036172708,0.6934264036172708,1.0,1.0,0.5447761194029851,0.037037037037037035,0.0,0.0,0.0,0.0
U83072,2019-11-12 06:33:43,1.0,1.0,1.0,1.0,1.0,1.0,0.375,0.07692307692307693,0.0,0.0,0.0,0.0
U42351,2019-11-12 06:36:00,0.8125,0.5,0.6509209298071326,0.6509209298071326,1.0,1.0,0.6875,1.0,0.6131471927654584,0.8175295903539445,0.5,1.0
U6336,2019-11-12 06:42:28,0.9857142857142858,1.0,0.8539316501572937,0.9747429528567879,0.8,1.0,0.5928571428571429,0.25,0.27727342735504823,0.27727342735504823,0.4,0.4
U77427,2019-11-12 06:42:54,0.953216374269006,1.0,0.6508205185601091,0.7988614740430418,0.6666666666666666,1.0,0.24269005847953218,0.02702702702702703,0.0,0.0,0.0,0.0
U48898,2019-11-12 06:43:05,1.0,1.0,1.0,1.0,1.0,1.0,0.45454545454545453,0.2,0.23719771276929622,0.41443699955334395,0.5,1.0
U10747,2019-11-12 06:43:43,1.0,1.0,1.0,1.0,1.0,1.0,0.8308823529411764,0.25,0.16812753627111746,0.4246998205383202,0.25,0.75
U14399,2019-11-12 06:56:22,1.0,1.0,1.0,1.0,1.0,1.0,0.5851063829787234,0.1111111111111111,0.0,0.18457569677956817,0.0,0.5
U37401,2019-11-12 06:58:30,0.9516129032258065,0.25,0.3191471544989227,0.5883300173403988,0.5,1.0,0.5201612903225806,0.125,0.0,0.123151194370365,0.0,0.25
U2906,2019-11-12 06:59:23,1.0,1.0,1.0,1.0,1.0,1.0,0.5625,0.5,0.38685280723454163,0.5802792108518124,0.5,1.0
U63429,2019-11-12 07:02:54,0.9936507936507937,1.0,0.8539316501572937,0.9667147927059906,0.4444444444444444,1.0,0.691005291005291,0.125,0.0,0.07414861528507455,0.0,0.1111111111111111
U8091,2019-11-12 07:03:53,1.0,1.0,1.0,1.0,1.0,1.0,0.41739130434782606,0.25,0.14606834984270645,0.14606834984270645,0.2,0.2
U73878,2019-11-12 07:04:11,1.0,1.0,1.0,1.0,0.5555555555555556,1.0,0.46187363834422657,0.058823529411764705,0.0,0.0,0.0,0.0
U92991,2019-11-12 07:09:45,1.0,1.0,1.0,1.0,1.0,1.0,0.9,0.3333333333333333,0.5,0.5,1.0,1.0
U69965,2019-11-12 07:12:28,1.0,1.0,1.0,1.0,1.0,1.0,0.7564102564102564,0.2,0.18154179253735267,0.34870224750355494,0.3333333333333333,0.6666666666666666
U3977,2019-11-12 07:15:01,1.0,1.0,1.0,1.0,1.0,1.0,1.0,1.0,1.0,1.0,1.0,1.0
U48826,2019-11-12 07:16:33,1.0,1.0,1.0,1.0,1.0,1.0,0.6666666666666666,0.25,0.20210734650054757,0.20210734650054757,0.3333333333333333,0.3333333333333333
U71548,2019-11-12 07:18:25,0.9777777777777779,1.0,0.9060254355346823,0.9060254355346823,1.0,1.0,0.31851851851851853,0.05263157894736842,0.0,0.0,0.0,0.0
U26908,2019-11-12 07:21:16,1.0,1.0,1.0,1.0,1.0,1.0,0.1428571428571429,0.14285714285714285,0.0,0.3333333333333333,0.0,1.0
U44650,2019-11-12 07:22:43,1.0,1.0,1.0,1.0,1.0,1.0,0.6176470588235294,0.07142857142857142,0.0,0.0,0.0,0.0
U70107,2019-11-12 07:24:58,1.0,1.0,1.0,1.0,1.0,1.0,0.6666666666666667,0.3333333333333333,0.5,0.5,1.0,1.0
U84808,2019-11-12 07:28:11,1.0,1.0,1.0,1.0,1.0,1.0,0.5094339622641509,0.018867924528301886,0.0,0.0,0.0,0.0
U56155,2019-11-12 07:30:08,1.0,1.0,1.0,1.0,1.0,1.0,0.6956521739130435,0.14285714285714285,0.0,0.38162168437253385,0.0,1.0
U50274,2019-11-12 07:33:14,0.9565217391304348,0.5,0.7328286204777911,0.7328286204777911,1.0,1.0,0.6811594202898551,0.14285714285714285,0.0,0.29769321486741446,0.0,0.6666666666666666
U90616,2019-11-12 07:35:50,0.9473684210526316,0.5,0.5296347172140421,0.678165545632955,0.42857142857142855,0.8571428571428571,0.38596491228070173,0.058823529411764705,0.0,0.0,0.0,0.0
U20287,2019-11-12 07:36:45,0.9629629629629629,0.5,0.7328286204777911,0.7328286204777911,1.0,1.0,0.7407407407407407,0.3333333333333333,0.23463936301137822,0.40179981797758046,0.3333333333333333,0.6666666666666666
U88315,2019-11-12 07:37:27,1.0,1.0,1.0,1.0,1.0,1.0,0.0,0.5,0.6309297535714575,0.6309297535714575,1.0,1.0
U17326,2019-11-12 07:43:47,1.0,1.0,1.0,1.0,1.0,1.0,0.4814814814814815,0.06666666666666667,0.0,0.0,0.0,0.0
U71180,2019-11-12 07:45:00,1.0,1.0,1.0,1.0,1.0,1.0,0.8571428571428572,0.5,0.6309297535714575,0.6309297535714575,1.0,1.0
U7250,2019-11-12 07:53:03,1.0,1.0,1.0,1.0,1.0,1.0,0.4285714285714286,0.2,0.38685280723454163,0.38685280723454163,1.0,1.0
U27353,2019-11-12 07:55:09,1.0,1.0,1.0,1.0,1.0,1.0,0.3939393939393939,0.2,0.18154179253735267,0.18154179253735267,0.3333333333333333,0.3333333333333333
U3902,2019-11-12 07:55:14,0.9444444444444444,0.3333333333333333,0.4468535299918563,0.6861078732769375,0.5,1.0,0.825925925925926,0.3333333333333333,0.3156484524795145,0.2816249726597774,0.3333333333333333,0.3333333333333333
U66141,2019-11-12 07:57:00,1.0,1.0,1.0,1.0,1.0,1.0,0.8076923076923076,0.3333333333333333,0.5437713091520254,0.5437713091520254,1.0,1.0
U50162,2019-11-12 08:10:54,0.9896739130434783,0.5,0.6608397947263839,0.7799082337019199,0.25,0.5625,0.41576086956521735,0.05,0.0,0.0,0.0,0.0
U11236,2019-11-12 08:12:36,1.0,1.0,1.0,1.0,0.8333333333333334,1.0,0.6294326241134752,0.08333333333333333,0.0,0.0,0.0,0.0
U28378,2019-11-12 08:16:15,1.0,1.0,1.0,1.0,1.0,1.0,0.5,0.09090909090909091,0.0,0.0,0.0,0.0
U48830,2019-11-12 08:16:15,0.9848484848484849,1.0,0.6992148198508501,0.804810999209339,0.3,0.8,0.6727272727272727,0.125,0.0,0.06943122193677727,0.0,0.1
U94015,2019-11-12 08:17:00,1.0,1.0,1.0,1.0,1.0,1.0,0.962962962962963,0.5,0.6934264036172708,0.6934264036172708,1.0,1.0
U70786,2019-11-12 08:17:39,0.75,0.5,0.6309297535714575,0.6309297535714575,1.0,1.0,0.25,0.3333333333333333,0.5,0.5,1.0,1.0
U73861,2019-11-12 08:24:18,1.0,1.0,1.0,1.0,0.45454545454545453,0.9090909090909091,0.5766233766233766,0.125,0.0,0.06943122193677727,0.0,0.09090909090909091
U66106,2019-11-12 08:27:39,0.9663157894736842,1.0,0.3391602052736161,0.7821154372211577,0.2,1.0,0.4210526315789474,0.25,0.14606834984270645,0.14606834984270645,0.2,0.2
U64432,2019-11-12 08:29:53,1.0,1.0,1.0,1.0,1.0,1.0,0.25,0.1,0.0,0.2890648263178879,0.0,1.0
U11711,2019-11-12 08:30:30,0.9873015873015873,1.0,0.7860137352654724,0.9068250379649666,0.8,1.0,0.45396825396825397,0.5,0.21398626473452756,0.21398626473452756,0.2,0.2
U17337,2019-11-12 08:30:42,0.9977011494252874,1.0,0.8687949224876582,0.9896062251871525,0.8,1.0,0.6160919540229884,0.06666666666666667,0.0,0.0,0.0,0.0
U64661,2019-11-12 08:32:51,1.0,1.0,1.0,1.0,1.0,1.0,0.8266666666666667,0.07142857142857142,0.0,0.0,0.0,0.0
U19040,2019-11-12 08:33:30,1.0,1.0,1.0,1.0,1.0,1.0,0.0,0.16666666666666666,0.0,0.3562071871080222,0.0,1.0
U35606,2019-11-12 08:37:34,0.9887005649717514,1.0,0.9060254355346823,0.9060254355346823,1.0,1.0,0.3050847457627119,0.05,0.0,0.0,0.0,0.0
U32533,2019-11-12 08:40:20,1.0,1.0,1.0,1.0,1.0,1.0,0.4,0.14285714285714285,0.0,0.3333333333333333,0.0,1.0
U22083,2019-11-12 08:47:12,1.0,1.0,1.0,1.0,1.0,1.0,0.5,1.0,0.6131471927654584,0.8175295903539445,0.5,1.0
U8168,2019-11-12 08:48:20,1.0,1.0,1.0,1.0,1.0,1.0,0.7179487179487178,1.0,0.6508205185601091,0.6508205185601091,0.6666666666666666,0.6666666666666666
U67624,2019-11-12 08:51:57,0.9807692307692307,1.0,0.5585075862632192,0.8276904491046954,0.5,1.0,0.4110576923076923,0.07142857142857142,0.0,0.0,0.0,0.0
U23464,2019-11-12 08:52:21,1.0,1.0,1.0,1.0,1.0,1.0,0.0,0.25,0.43067655807339306,0.43067655807339306,1.0,1.0
U51100,2019-11-12 08:53:46,0.6666666666666667,0.5,0.6309297535714575,0.6309297535714575,1.0,1.0,0.0,0.25,0.43067655807339306,0.43067655807339306,1.0,1.0
U7736,2019-11-12 08:53:55,0.8918918918918919,1.0,0.4703652827859579,0.6116248810265061,0.3333333333333333,0.6666666666666666,0.45495495495495497,0.0625,0.0,0.0,0.0,0.0
U87449,2019-11-12 08:55:08,1.0,1.0,1.0,1.0,1.0,1.0,0.4444444444444444,0.2,0.23719771276929622,0.23719771276929622,0.5,0.5
U64210,2019-11-12 09:06:44,0.875,0.5,0.6934264036172708,0.6934264036172708,1.0,1.0,0.25,0.16666666666666666,0.0,0.40298313359773236,0.0,1.0
U28957,2019-11-12 09:07:06,0.9857142857142857,1.0,0.9197207891481876,0.9197207891481876,1.0,1.0,0.5714285714285714,0.07142857142857142,0.0,0.0,0.0,0.0
U72489,2019-11-12 09:09:15,0.9324324324324323,0.3333333333333333,0.36331756126716835,0.6325004241086445,0.5,1.0,0.23648648648648649,0.043478260869565216,0.0,0.0,0.0,0.0
U7042,2019-11-12 09:20:48,1.0,1.0,1.0,1.0,1.0,1.0,0.11111111111111116,0.1111111111111111,0.0,0.3010299956639812,0.0,1.0
U30284,2019-11-12 09:29:29,1.0,1.0,1.0,1.0,1.0,1.0,0.0,0.1,0.0,0.2890648263178879,0.0,1.0
U26187,2019-11-12 09:31:28,1.0,1.0,1.0,1.0,1.0,1.0,0.7777777777777778,0.2,0.38685280723454163,0.38685280723454163,1.0,1.0
U65009,2019-11-12 09:42:36,0.9696969696969696,1.0,0.787702056960637,0.9267582364714126,0.75,1.0,0.7196969696969697,0.2,0.15101961822780524,0.2685357229842324,0.25,0.5
U74171,2019-11-12 09:43:50,1.0,1.0,1.0,1.0,1.0,1.0,0.9615384615384616,0.5,0.6309297535714575,0.6309297535714575,1.0,1.0
U34090,2019-11-12 09:58:26,0.9333333333333333,0.5,0.6309297535714575,0.6309297535714575,1.0,1.0,0.5333333333333333,0.125,0.0,0.31546487678572877,0.0,1.0
U62803,2019-11-12 10:00:52,1.0,1.0,1.0,1.0,1.0,1.0,0.6842105263157895,0.07692307692307693,0.0,0.0,0.0,0.0
U55832,2019-11-12 10:03:41,1.0,1.0,1.0,1.0,1.0,1.0,0.5384615384615384,0.16666666666666666,0.0,0.40298313359773236,0.0,1.0
U34961,2019-11-12 10:05:57,0.9855072463768116,0.5,0.6309297535714575,0.6309297535714575,1.0,1.0,0.37681159420289856,0.022727272727272728,0.0,0.0,0.0,0.0
U60488,2019-11-12 10:06:12,1.0,1.0,1.0,1.0,1.0,1.0,0.2727272727272727,0.058823529411764705,0.0,0.0,0.0,0.0
U55964,2019-11-12 10:08:34,0.9926470588235294,1.0,0.9828920819566879,0.9828920819566879,1.0,1.0,0.6544117647058824,0.2,0.15101961822780524,0.29007579773858083,0.25,0.5
U56749,2019-11-12 10:10:31,1.0,1.0,1.0,1.0,1.0,1.0,0.6666666666666667,0.14285714285714285,0.0,0.3333333333333333,0.0,1.0
U35841,2019-11-12 10:13:43,1.0,1.0,1.0,1.0,1.0,1.0,0.5,0.5,0.38685280723454163,0.6052602440527057,0.5,1.0
U45840,2019-11-12 10:13:52,1.0,1.0,1.0,1.0,1.0,1.0,0.9787234042553191,0.5,0.6309297535714575,0.6309297535714575,1.0,1.0
U53773,2019-11-12 10:15:07,0.9420289855072465,0.3333333333333333,0.41618115554873086,0.5833416105149332,0.6666666666666666,1.0,0.536231884057971,0.07692307692307693,0.0,0.0,0.0,0.0
U35406,2019-11-12 10:17:27,0.9974025974025974,1.0,0.8687949224876582,0.9896062251871525,0.8,1.0,0.6779220779220779,0.5,0.21398626473452756,0.21398626473452756,0.2,0.2
U50596,2019-11-12 10:18:00,1.0,1.0,1.0,1.0,1.0,1.0,0.7520325203252033,0.09090909090909091,0.0,0.0,0.0,0.0
U45342,2019-11-12 10:18:50,0.9811320754716981,0.5,0.6934264036172708,0.6934264036172708,1.0,1.0,0.7924528301886793,0.1111111111111111,0.0,0.18457569677956817,0.0,0.5
U58803,2019-11-12 10:19:18,0.9636363636363636,0.3333333333333333,0.5,0.5,1.0,1.0,0.9272727272727272,0.2,0.38685280723454163,0.38685280723454163,1.0,1.0
U42014,2019-11-12 10:20:28,1.0,1.0,1.0,1.0,1.0,1.0,0.6727272727272727,0.16666666666666666,0.0,0.32094798365376287,0.0,0.6
U92476,2019-11-12 10:20:34,1.0,1.0,1.0,1.0,1.0,1.0,0.7368421052631579,0.5,0.38685280723454163,0.38685280723454163,0.5,0.5
U29800,2019-11-12 10:20:52,0.9818840579710145,0.5,0.6096199500078984,0.7486761295186739,0.75,1.0,0.8405797101449275,0.1111111111111111,0.0,0.2303612461053624,0.0,0.5
U57440,2019-11-12 10:26:13,0.896551724137931,0.25,0.43067655807339306,0.43067655807339306,1.0,1.0,0.1896551724137931,0.04,0.0,0.0,0.0,0.0
U47201,2019-11-12 10:26:28,0.9473684210526315,0.5,0.7606395682357036,0.7606395682357036,1.0,1.0,0.381578947368421,0.3333333333333333,0.19519002499605084,0.19519002499605084,0.25,0.25
U70912,2019-11-12 10:28:13,1.0,1.0,1.0,1.0,1.0,1.0,0.5517241379310345,0.037037037037037035,0.0,0.0,0.0,0.0
U82700,2019-11-12 10:29:23,0.9738095238095238,0.3333333333333333,0.34620964322385606,0.6153925060653322,0.5,1.0,0.680952380952381,0.1111111111111111,0.0,0.11751610475642714,0.0,0.25
U12955,2019-11-12 10:31:54,0.9117647058823529,0.25,0.38364913903790027,0.5508095940041026,0.6666666666666666,1.0,0.22549019607843138,0.05555555555555555,0.0,0.0,0.0,0.0
U4862,2019-11-12 10:33:10,0.9375,0.25,0.5012658353418871,0.5012658353418871,1.0,1.0,0.3229166666666667,0.03571428571428571,0.0,0.0,0.0,0.0
U17232,2019-11-12 10:34:25,1.0,1.0,1.0,1.0,0.625,1.0,0.4527027027027027,0.3333333333333333,0.16958010263680806,0.20261469210121208,0.125,0.25
U8557,2019-11-12 10:37:00,1.0,1.0,1.0,1.0,1.0,1.0,0.7580645161290324,0.16666666666666666,0.0,0.21840743681816419,0.0,0.5
U58715,2019-11-12 10:37:18,1.0,1.0,1.0,1.0,1.0,1.0,0.6666666666666666,0.14285714285714285,0.0,0.20438239758848611,0.0,0.5
U14039,2019-11-12 10:39:30,0.9487179487179487,0.3333333333333333,0.5,0.5,1.0,1.0,0.41025641025641024,0.041666666666666664,0.0,0.0,0.0,0.0
U44467,2019-11-12 10:40:33,1.0,1.0,1.0,1.0,1.0,1.0,1.0,1.0,1.0,1.0,1.0,1.0
U8496,2019-11-12 10:42:04,1.0,1.0,1.0,1.0,1.0,1.0,0.8913043478260869,1.0,0.6366824387328317,0.6366824387328317,0.5,0.5
U10185,2019-11-12 10:42:09,1.0,1.0,1.0,1.0,1.0,1.0,1.0,1.0,1.0,1.0,1.0,1.0
U67905,2019-11-12 10:43:20,1.0,1.0,1.0,1.0,1.0,1.0,0.896551724137931,0.14285714285714285,0.0,0.3333333333333333,0.0,1.0
U84623,2019-11-12 10:43:47,1.0,1.0,1.0,1.0,1.0,1.0,0.3666666666666667,0.16666666666666666,0.0,0.21840743681816419,0.0,0.5
U87808,2019-11-12 10:45:03,1.0,1.0,1.0,1.0,1.0,1.0,0.7222222222222223,0.3333333333333333,0.5437713091520254,0.5437713091520254,1.0,1.0
U61024,2019-11-12 10:45:58,1.0,1.0,1.0,1.0,1.0,1.0,0.6666666666666667,0.5,0.6309297535714575,0.6309297535714575,1.0,1.0
U49232,2019-11-12 10:49:36,1.0,1.0,1.0,1.0,1.0,1.0,0.8,0.25,0.2640681225725909,0.448643819352159,0.5,1.0
U5806,2019-11-12 10:55:27,0.9375,0.5,0.6309297535714575,0.6309297535714575,1.0,1.0,0.875,0.3333333333333333,0.5,0.5,1.0,1.0
U52360,2019-11-12 10:57:08,0.998641304347826,1.0,0.9828920819566879,0.9828920819566879,1.0,1.0,0.5978260869565217,0.125,0.0,0.123151194370365,0.0,0.25
U93817,2019-11-12 10:57:19,1.0,1.0,1.0,1.0,1.0,1.0,0.7857142857142857,0.25,0.43067655807339306,0.43067655807339306,1.0,1.0
U23930,2019-11-12 10:57:34,0.9423076923076923,1.0,0.9197207891481876,0.9197207891481876,1.0,1.0,0.7307692307692307,0.25,0.2640681225725909,0.48247555939075504,0.5,1.0
U30651,2019-11-12 10:57:34,1.0,1.0,1.0,1.0,1.0,1.0,0.5294117647058824,0.3333333333333333,0.19519002499605084,0.312706129752478,0.25,0.5
U49907,2019-11-12 10:58:29,1.0,1.0,1.0,1.0,1.0,1.0,0.25,0.14285714285714285,0.0,0.3333333333333333,0.0,1.0
U76703,2019-11-12 11:03:40,0.9411764705882353,0.3333333333333333,0.5706417189553201,0.5706417189553201,1.0,1.0,0.1470588235294118,0.037037037037037035,0.0,0.0,0.0,0.0
U61181,2019-11-12 11:03:41,1.0,1.0,1.0,1.0,1.0,1.0,0.5357142857142857,1.0,0.6131471927654584,0.6131471927654584,0.5,0.5
U29188,2019-11-12 11:10:02,1.0,1.0,1.0,1.0,1.0,1.0,1.0,1.0,1.0,1.0,1.0,1.0
U74354,2019-11-12 11:10:07,1.0,1.0,1.0,1.0,1.0,1.0,0.6,0.3333333333333333,0.5,0.5,1.0,1.0
U22227,2019-11-12 11:10:22,1.0,1.0,1.0,1.0,1.0,1.0,0.33333333333333337,0.3333333333333333,0.5,0.5,1.0,1.0
U3833,2019-11-12 11:12:19,1.0,1.0,1.0,1.0,1.0,1.0,0.7435897435897436,0.3333333333333333,0.3065735963827292,0.3065735963827292,0.5,0.5
U59400,2019-11-12 11:13:14,1.0,1.0,1.0,1.0,1.0,1.0,0.0,0.5,0.6309297535714575,0.6309297535714575,1.0,1.0
U29330,2019-11-12 11:15:46,0.5,0.5,0.6309297535714575,0.6309297535714575,1.0,1.0,0.5,0.5,0.6309297535714575,0.6309297535714575,1.0,1.0
U15269,2019-11-12 11:16:38,1.0,1.0,1.0,1.0,1.0,1.0,0.6296296296296295,0.1,0.0,0.17723928678404774,0.0,0.5
U21232,2019-11-12 11:16:43,1.0,1.0,1.0,1.0,1.0,1.0,0.33333333333333337,0.3333333333333333,0.5,0.5,1.0,1.0
U30135,2019-11-12 11:18:43,1.0,1.0,1.0,1.0,1.0,1.0,0.4534883720930233,0.1,0.0,0.13565197343244778,0.0,0.3333333333333333
U89824,2019-11-12 11:19:36,1.0,1.0,1.0,1.0,1.0,1.0,0.8,0.2,0.38685280723454163,0.38685280723454163,1.0,1.0
U74171,2019-11-12 11:21:44,0.9491525423728814,0.25,0.43067655807339306,0.43067655807339306,1.0,1.0,0.8813559322033898,0.125,0.0,0.31546487678572877,0.0,1.0
U77353,2019-11-12 11:22:54,1.0,1.0,1.0,1.0,1.0,1.0,0.33098591549295775,0.0196078431372549,0.0,0.0,0.0,0.0
U93224,2019-11-12 11:23:07,0.96,0.5,0.6934264036172708,0.6934264036172708,1.0,1.0,0.2,0.05263157894736842,0.0,0.0,0.0,0.0
U6020,2019-11-12 11:25:05,1.0,1.0,1.0,1.0,1.0,1.0,1.0,1.0,1.0,1.0,1.0,1.0
U72276,2019-11-12 11:25:05,1.0,1.0,1.0,1.0,1.0,1.0,0.09090909090909088,0.08333333333333333,0.0,0.0,0.0,0.0
U9564,2019-11-12 11:26:22,0.9565217391304348,0.3333333333333333,0.6182885020492784,0.6182885020492784,1.0,1.0,0.5217391304347826,0.125,0.0,0.1480409554829326,0.0,0.3333333333333333
U50518,2019-11-12 11:31:22,0.9797297297297298,0.5,0.6509209298071326,0.6509209298071326,1.0,1.0,0.6824324324324325,0.1111111111111111,0.0,0.18457569677956817,0.0,0.5
U64661,2019-11-12 11:32:11,0.9879518072289156,0.5,0.7328286204777911,0.7328286204777911,1.0,1.0,0.22489959839357426,0.030303030303030304,0.0,0.0,0.0,0.0
U63056,2019-11-12 11:32:12,1.0,1.0,1.0,1.0,1.0,1.0,0.5620915032679739,0.05555555555555555,0.0,0.0,0.0,0.0
U35180,2019-11-12 11:32:51,1.0,1.0,1.0,1.0,1.0,1.0,0.09999999999999998,0.16666666666666666,0.0,0.3562071871080222,0.0,1.0
U70912,2019-11-12 11:33:28,1.0,1.0,1.0,1.0,1.0,1.0,0.4137931034482759,0.05555555555555555,0.0,0.0,0.0,0.0
U27637,2019-11-12 11:35:25,1.0,1.0,1.0,1.0,1.0,1.0,0.7857142857142857,0.5,0.6509209298071326,0.6509209298071326,1.0,1.0
U75028,2019-11-12 11:36:22,1.0,1.0,1.0,1.0,1.0,1.0,0.47761194029850745,0.14285714285714285,0.0,0.20438239758848611,0.0,0.5
U93797,2019-11-12 11:38:47,0.9965909090909091,1.0,0.8687949224876582,0.9818483242455303,0.8,1.0,0.42727272727272736,0.16666666666666666,0.0,0.1208113026994942,0.0,0.2
U83973,2019-11-12 11:41:42,0.9808823529411765,1.0,0.8539316501572937,0.8318477135310893,0.4,0.8,0.5764705882352941,0.1,0.0,0.06362078819895171,0.0,0.1
U74354,2019-11-12 11:46:19,0.9279661016949151,0.25,0.3191471544989227,0.555143490218223,0.5,1.0,0.38983050847457623,0.047619047619047616,0.0,0.0,0.0,0.0
U42351,2019-11-12 11:47:09,0.9885714285714285,1.0,1.0,0.9888009031441519,0.7142857142857143,1.0,0.7428571428571428,1.0,0.6992148198508501,0.6461438622906606,0.42857142857142855,0.5714285714285714
U18975,2019-11-12 11:47:53,0.9870503597122302,0.5,0.4912596920895758,0.725124396546942,0.6,1.0,0.42877697841726614,0.058823529411764705,0.0,0.0,0.0,0.0
U75212,2019-11-12 11:48:16,0.9539007092198581,0.3333333333333333,0.6182885020492784,0.6182885020492784,1.0,1.0,0.36879432624113473,0.05,0.0,0.0,0.0,0.0
U86951,2019-11-12 11:49:32,1.0,1.0,1.0,1.0,1.0,1.0,1.0,1.0,1.0,1.0,1.0,1.0
U32322,2019-11-12 11:51:09,0.9889705882352942,1.0,0.830419897363192,0.949671989333555,0.5,1.0,0.45955882352941174,0.1111111111111111,0.0,0.0761433407173835,0.0,0.125
U6386,2019-11-12 11:52:14,0.75,0.3333333333333333,0.5706417189553201,0.5706417189553201,1.0,1.0,0.1875,0.14285714285714285,0.0,0.3889580943680543,0.0,1.0
U12027,2019-11-12 11:54:19,0.9473684210526315,0.5,0.6309297535714575,0.6309297535714575,1.0,1.0,0.8421052631578947,0.25,0.43067655807339306,0.43067655807339306,1.0,1.0
U66617,2019-11-12 11:58:39,1.0,1.0,1.0,1.0,1.0,1.0,0.19117647058823534,0.018867924528301886,0.0,0.0,0.0,0.0
U30869,2019-11-12 12:00:08,0.984375,1.0,0.9197207891481876,0.9197207891481876,1.0,1.0,0.59375,0.09090909090909091,0.0,0.0,0.0,0.0
U24480,2019-11-12 12:01:44,0.9946236559139785,1.0,0.8687949224876582,0.9838048780283076,0.6666666666666666,1.0,0.6290322580645161,0.2,0.13120507751234178,0.21793006430423467,0.16666666666666666,0.3333333333333333
U28273,2019-11-12 12:02:32,1.0,1.0,1.0,1.0,1.0,1.0,0.3214285714285714,0.038461538461538464,0.0,0.0,0.0,0.0
U16265,2019-11-12 12:03:15,0.9298245614035089,1.0,0.7039180890341347,0.8710785440003369,0.6666666666666666,1.0,0.4385964912280702,0.2,0.18154179253735267,0.18154179253735267,0.3333333333333333,0.3333333333333333
U40299,2019-11-12 12:03:46,1.0,1.0,1.0,1.0,1.0,1.0,0.2619047619047619,0.2,0.18154179253735267,0.18154179253735267,0.3333333333333333,0.3333333333333333
U6557,2019-11-12 12:05:12,0.9918699186991872,1.0,0.6992148198508501,0.9330795243082165,0.6,1.0,0.6439024390243903,0.3333333333333333,0.3156484524795145,0.3156484524795145,0.4,0.4
U74014,2019-11-12 12:06:49,1.0,1.0,1.0,1.0,1.0,1.0,0.8148148148148149,0.16666666666666666,0.0,0.3562071871080222,0.0,1.0
U27534,2019-11-12 12:08:14,1.0,1.0,1.0,1.0,1.0,1.0,0.9600000000000001,1.0,0.8772153153380493,0.8772153153380493,1.0,1.0
U82246,2019-11-12 12:11:38,1.0,1.0,1.0,1.0,0.7142857142857143,1.0,0.5486322188449848,0.2,0.13120507751234178,0.18579376046299725,0.14285714285714285,0.2857142857142857
U52657,2019-11-12 12:13:19,1.0,1.0,1.0,1.0,1.0,1.0,0.76,1.0,0.7860137352654724,0.8930068676327362,0.8,1.0
U88594,2019-11-12 12:13:36,1.0,1.0,1.0,1.0,1.0,1.0,0.7777777777777778,0.14285714285714285,0.0,0.3333333333333333,0.0,1.0
U73746,2019-11-12 12:17:19,1.0,1.0,1.0,1.0,1.0,1.0,1.0,1.0,1.0,1.0,1.0,1.0
U31627,2019-11-12 12:22:27,0.9625,1.0,0.787702056960637,0.910853251331002,0.75,1.0,0.43125,0.14285714285714285,0.0,0.13012668333070054,0.0,0.25
U81203,2019-11-12 12:25:27,0.9545454545454545,1.0,0.75369761125927,0.8927537907700456,0.75,1.0,0.40909090909090906,0.07692307692307693,0.0,0.0,0.0,0.0
U38661,2019-11-12 12:31:21,1.0,1.0,1.0,1.0,1.0,1.0,1.0,1.0,1.0,1.0,1.0,1.0
U75262,2019-11-12 12:31:44,0.990909090909091,1.0,0.8539316501572937,0.9747429528567879,0.8,1.0,0.6863636363636364,1.0,0.5531464700081437,0.5531464700081437,0.4,0.4
U73145,2019-11-12 12:34:11,0.808,0.3333333333333333,0.16958010263680806,0.49052808629057093,0.2,0.8,0.32000000000000006,0.14285714285714285,0.0,0.11305340175787204,0.0,0.2
U38178,2019-11-12 12:37:32,1.0,1.0,1.0,1.0,1.0,1.0,0.5,0.25,0.43067655807339306,0.43067655807339306,1.0,1.0
U84734,2019-11-12 12:37:56,0.9752066115702479,0.25,0.38364913903790027,0.5508095940041026,0.6666666666666666,1.0,0.6639118457300275,0.25,0.20210734650054757,0.20210734650054757,0.3333333333333333,0.3333333333333333
U86864,2019-11-12 12:39:04,1.0,1.0,1.0,1.0,1.0,1.0,0.6375000000000001,1.0,0.3391602052736161,0.6690620354632857,0.2,0.8
U46719,2019-11-12 12:39:18,1.0,1.0,1.0,1.0,1.0,1.0,0.0,0.5,0.6309297535714575,0.6309297535714575,1.0,1.0
U35808,2019-11-12 12:44:28,1.0,1.0,1.0,1.0,1.0,1.0,0.8666666666666667,1.0,0.6131471927654584,0.8315546295836225,0.5,1.0
U20887,2019-11-12 12:50:07,1.0,1.0,1.0,1.0,1.0,1.0,0.5891089108910891,0.02857142857142857,0.0,0.0,0.0,0.0
U61074,2019-11-12 12:50:41,0.9642857142857143,0.2,0.38685280723454163,0.38685280723454163,1.0,1.0,0.7232142857142857,0.03125,0.0,0.0,0.0,0.0
U21632,2019-11-12 12:52:36,0.9960106382978723,1.0,0.9828920819566879,0.9828920819566879,1.0,1.0,0.46276595744680854,0.02564102564102564,0.0,0.0,0.0,0.0
U4929,2019-11-12 12:55:05,0.9568627450980391,0.3333333333333333,0.4468535299918563,0.6746579650586143,0.6,1.0,0.6392156862745098,0.1,0.0,0.09803928583135704,0.0,0.2
U49623,2019-11-12 13:00:16,1.0,1.0,1.0,1.0,1.0,1.0,0.5879120879120878,0.125,0.0,0.123151194370365,0.0,0.25
U92527,2019-11-12 13:02:06,0.9807692307692308,1.0,0.8318724637288826,0.9619991470595832,0.75,1.0,0.673076923076923,0.3333333333333333,0.36331756126716835,0.36331756126716835,0.5,0.5
U37655,2019-11-12 13:11:17,1.0,1.0,1.0,1.0,1.0,1.0,0.619158878504673,0.2,0.15101961822780524,0.2741708125981702,0.25,0.5
U92415,2019-11-12 13:14:47,0.9985119047619048,1.0,1.0,0.9930783166417602,0.8333333333333334,1.0,0.5379464285714286,0.1,0.0,0.0874717141014082,0.0,0.16666666666666666
U4754,2019-11-12 13:15:45,0.875,0.3333333333333333,0.5,0.5,1.0,1.0,0.1875,0.07142857142857142,0.0,0.0,0.0,0.0
U17903,2019-11-12 13:19:44,0.972027972027972,0.5,0.5147714448836774,0.4671034547999446,0.3,0.5,0.5216783216783217,0.16666666666666666,0.0,0.07839826897867533,0.0,0.1
U90165,2019-11-12 13:21:54,0.9929577464788732,1.0,1.0,0.9305687780632227,0.4166666666666667,0.75,0.5246478873239436,0.2,0.13120507751234178,0.15457433957839825,0.08333333333333333,0.16666666666666666
U23321,2019-11-12 13:22:09,0.9965986394557823,1.0,1.0,1.0,1.0,1.0,0.4013605442176871,0.045454545454545456,0.0,0.0,0.0,0.0
U3622,2019-11-12 13:25:53,1.0,1.0,1.0,1.0,1.0,1.0,0.6730769230769231,0.5,0.38685280723454163,0.38685280723454163,0.5,0.5
U56261,2019-11-12 13:27:53,1.0,1.0,1.0,1.0,1.0,1.0,0.6666666666666667,0.3333333333333333,0.3065735963827292,0.48381288316677695,0.5,1.0
U57926,2019-11-12 13:30:36,1.0,1.0,1.0,1.0,1.0,1.0,1.0,1.0,1.0,1.0,1.0,1.0
U72846,2019-11-12 13:38:22,1.0,1.0,1.0,1.0,1.0,1.0,0.23780487804878048,0.038461538461538464,0.0,0.0,0.0,0.0
U45494,2019-11-12 13:39:39,1.0,1.0,1.0,1.0,1.0,1.0,0.6088888888888889,0.2,0.13120507751234178,0.13120507751234178,0.2,0.2
U3857,2019-11-12 13:40:18,0.9852941176470589,0.5,0.7328286204777911,0.7328286204777911,1.0,1.0,0.45588235294117646,0.038461538461538464,0.0,0.0,0.0,0.0
U72485,2019-11-12 13:43:53,1.0,1.0,1.0,1.0,1.0,1.0,0.4029850746268657,0.024390243902439025,0.0,0.0,0.0,0.0
U17112,2019-11-12 13:44:46,1.0,1.0,1.0,1.0,1.0,1.0,0.9090909090909091,0.3333333333333333,0.5,0.5,1.0,1.0
U7469,2019-11-12 13:49:11,1.0,1.0,1.0,1.0,1.0,1.0,0.5175438596491229,0.2,0.18154179253735267,0.18154179253735267,0.3333333333333333,0.3333333333333333
U37169,2019-11-12 13:49:37,1.0,1.0,1.0,1.0,1.0,1.0,0.9319727891156463,0.3333333333333333,0.23463936301137822,0.558226059985166,0.3333333333333333,1.0
U21860,2019-11-12 13:51:37,1.0,1.0,1.0,1.0,1.0,1.0,0.7271186440677966,0.5,0.34519134224686937,0.4432306280782264,0.4,0.6
U55739,2019-11-12 13:53:42,1.0,1.0,1.0,1.0,1.0,1.0,0.0,0.5,0.6309297535714575,0.6309297535714575,1.0,1.0
U32847,2019-11-12 13:54:27,0.9876923076923078,1.0,0.7860137352654724,0.9068250379649666,0.8,1.0,0.5923076923076923,0.5,0.21398626473452756,0.32097939710179135,0.2,0.4
U79683,2019-11-12 13:58:36,1.0,1.0,1.0,1.0,1.0,1.0,0.8541666666666666,0.125,0.0,0.31546487678572877,0.0,1.0
U93821,2019-11-12 13:59:44,0.9571428571428571,0.5,0.6509209298071326,0.6509209298071326,1.0,1.0,0.8571428571428571,0.25,0.2640681225725909,0.448643819352159,0.5,1.0
U24710,2019-11-12 14:01:18,1.0,1.0,1.0,1.0,1.0,1.0,0.8658536585365854,0.2,0.23719771276929622,0.42177340954886444,0.5,1.0
U33584,2019-11-12 14:01:40,0.9857142857142857,1.0,0.9197207891481876,0.9197207891481876,1.0,1.0,0.5142857142857142,0.08333333333333333,0.0,0.0,0.0,0.0
U52951,2019-11-12 14:08:38,0.9801980198019802,0.3333333333333333,0.6182885020492784,0.6182885020492784,1.0,1.0,0.46204620462046203,0.030303030303030304,0.0,0.0,0.0,0.0
U56417,2019-11-12 14:10:16,0.9473684210526316,0.5,0.6934264036172708,0.6934264036172708,1.0,1.0,0.5,0.1111111111111111,0.0,0.18457569677956817,0.0,0.5
U14477,2019-11-12 14:11:44,0.9,0.5,0.6309297535714575,0.6309297535714575,1.0,1.0,0.4,0.14285714285714285,0.0,0.3333333333333333,0.0,1.0
U51387,2019-11-12 14:17:26,0.9454545454545454,0.25,0.38364913903790027,0.5508095940041026,0.6666666666666666,1.0,0.3515151515151515,0.038461538461538464,0.0,0.0,0.0,0.0
U89273,2019-11-12 14:17:46,0.9886039886039886,0.5,0.7122630665145961,0.7122630665145961,1.0,1.0,0.8831908831908832,0.16666666666666666,0.0,0.16716045496620227,0.0,0.3333333333333333
U14621,2019-11-12 14:20:51,0.9888888888888888,0.5,0.7122630665145961,0.7122630665145961,1.0,1.0,0.6722222222222223,0.14285714285714285,0.0,0.15642624200758548,0.0,0.3333333333333333
U56120,2019-11-12 14:25:33,0.975609756097561,0.5,0.6309297535714575,0.6309297535714575,1.0,1.0,0.6097560975609756,0.058823529411764705,0.0,0.0,0.0,0.0
U59413,2019-11-12 14:29:45,0.99,0.5,0.7606395682357036,0.7606395682357036,1.0,1.0,0.42500000000000004,0.07142857142857142,0.0,0.0,0.0,0.0
U73969,2019-11-12 14:34:10,1.0,1.0,1.0,1.0,1.0,1.0,0.30434782608695654,0.08333333333333333,0.0,0.0,0.0,0.0
U25340,2019-11-12 14:36:44,0.96875,1.0,0.8772153153380493,0.8772153153380493,1.0,1.0,0.5390625,0.1,0.0,0.17723928678404774,0.0,0.5
U16679,2019-11-12 14:39:21,0.9696969696969697,0.5,0.6309297535714575,0.6309297535714575,1.0,1.0,0.7575757575757576,0.1111111111111111,0.0,0.3010299956639812,0.0,1.0
U62339,2019-11-12 14:42:08,1.0,1.0,1.0,1.0,1.0,1.0,0.75,1.0,0.7653606369886217,0.7653606369886217,0.6666666666666666,0.6666666666666666
U56120,2019-11-12 14:43:10,1.0,1.0,1.0,1.0,1.0,1.0,0.0,0.09090909090909091,0.0,0.0,0.0,0.0
U17405,2019-11-12 14:53:43,1.0,1.0,1.0,1.0,1.0,1.0,0.71875,0.2,0.23719771276929622,0.4415801103577823,0.5,1.0
U26081,2019-11-12 14:54:30,0.9821428571428572,1.0,0.9828920819566879,0.9828920819566879,1.0,1.0,0.4285714285714286,0.16666666666666666,0.0,0.2691828628414762,0.0,0.5
U72521,2019-11-12 14:56:45,1.0,1.0,1.0,1.0,1.0,1.0,0.0,0.038461538461538464,0.0,0.0,0.0,0.0
U8162,2019-11-12 15:02:06,0.989247311827957,1.0,0.8854598815714874,0.8854598815714874,1.0,1.0,0.6164874551971326,0.16666666666666666,0.0,0.16716045496620227,0.0,0.3333333333333333
U74460,2019-11-12 15:03:51,0.9523809523809523,1.0,0.8854598815714874,0.8854598815714874,1.0,1.0,0.5238095238095238,0.2,0.18154179253735267,0.3171937659698004,0.3333333333333333,0.6666666666666666
U68537,2019-11-12 15:11:00,0.9569892473118279,1.0,0.7860137352654724,0.8932498536862835,0.6666666666666666,1.0,0.46774193548387094,0.14285714285714285,0.0,0.10086747116627115,0.0,0.16666666666666666
U6150,2019-11-12 15:11:53,0.9732142857142856,0.5,0.6608397947263839,0.7815683063664048,0.6666666666666666,1.0,0.5386904761904762,0.1111111111111111,0.0,0.09109240322345806,0.0,0.16666666666666666
U70316,2019-11-12 15:13:53,1.0,1.0,1.0,1.0,1.0,1.0,0.5800000000000001,0.25,0.2640681225725909,0.2640681225725909,0.5,0.5
U75212,2019-11-12 15:15:39,1.0,1.0,1.0,1.0,1.0,1.0,0.5714285714285714,0.125,0.0,0.123151194370365,0.0,0.25
U20340,2019-11-12 15:17:46,0.9607843137254902,0.3333333333333333,0.5,0.5,1.0,1.0,0.37254901960784315,0.030303030303030304,0.0,0.0,0.0,0.0
U43717,2019-11-12 15:19:42,1.0,1.0,1.0,1.0,1.0,1.0,0.5952380952380952,0.2,0.23719771276929622,0.23719771276929622,0.5,0.5
U181,2019-11-12 15:24:48,1.0,1.0,1.0,1.0,1.0,1.0,1.0,1.0,1.0,1.0,1.0,1.0
U52937,2019-11-12 15:29:43,1.0,1.0,1.0,1.0,1.0,1.0,1.0,1.0,1.0,1.0,1.0,1.0
U89224,2019-11-12 15:31:17,0.9763157894736842,1.0,0.6164336326286644,0.8442380676954223,0.6,1.0,0.6289473684210526,1.0,0.3391602052736161,0.3391602052736161,0.2,0.2
U53476,2019-11-12 15:32:01,0.95,0.5,0.6309297535714575,0.6309297535714575,1.0,1.0,0.9,0.3333333333333333,0.5,0.5,1.0,1.0
U27216,2019-11-12 15:32:11,0.9971243709561467,1.0,1.0,1.0,0.19230769230769232,0.38461538461538464,0.5682961897915169,1.0,0.5087403079104241,0.33013764944712026,0.07692307692307693,0.07692307692307693
U33952,2019-11-12 15:38:51,1.0,1.0,1.0,1.0,1.0,1.0,0.8,0.25,0.43067655807339306,0.43067655807339306,1.0,1.0
U74486,2019-11-12 15:54:06,1.0,1.0,1.0,1.0,1.0,1.0,0.1578947368421053,0.058823529411764705,0.0,0.0,0.0,0.0
U36552,2019-11-12 16:01:52,1.0,1.0,1.0,1.0,1.0,1.0,1.0,1.0,1.0,1.0,1.0,1.0
U71364,2019-11-12 16:02:48,1.0,1.0,1.0,1.0,1.0,1.0,0.33333333333333337,0.3333333333333333,0.5,0.5,1.0,1.0
U5484,2019-11-12 16:04:21,1.0,1.0,1.0,1.0,1.0,1.0,0.7818181818181819,0.07692307692307693,0.0,0.0,0.0,0.0
U68537,2019-11-12 16:13:02,1.0,1.0,1.0,1.0,1.0,1.0,1.0,1.0,1.0,1.0,1.0,1.0
U25381,2019-11-12 16:14:09,1.0,1.0,1.0,1.0,1.0,1.0,0.7916666666666666,1.0,0.6713860725233041,0.8385465274895063,0.6666666666666666,1.0
U1296,2019-11-12 16:18:10,0.9555555555555556,0.3333333333333333,0.5,0.5,1.0,1.0,0.5777777777777777,0.05,0.0,0.0,0.0,0.0
U10062,2019-11-12 16:23:14,0.9927710843373494,1.0,0.830419897363192,0.9512312000626861,0.8,1.0,0.4843373493975903,0.043478260869565216,0.0,0.0,0.0,0.0
U71926,2019-11-12 16:24:07,0.9904306220095693,0.3333333333333333,0.5,0.5,1.0,1.0,0.5119617224880383,0.009708737864077669,0.0,0.0,0.0,0.0
U90008,2019-11-12 16:27:55,1.0,1.0,1.0,1.0,1.0,1.0,0.5833333333333333,1.0,0.6131471927654584,0.6131471927654584,0.5,0.5
U52041,2019-11-12 16:29:28,1.0,1.0,1.0,1.0,0.5555555555555556,1.0,0.5466666666666666,0.1,0.0,0.06794340091829075,0.0,0.1111111111111111
U18053,2019-11-12 16:30:30,1.0,1.0,1.0,1.0,0.8333333333333334,1.0,0.7777777777777778,0.5,0.36005461457723403,0.3212446320893053,0.3333333333333333,0.3333333333333333
U84890,2019-11-12 16:33:35,1.0,1.0,1.0,1.0,0.8333333333333334,1.0,0.525,0.1111111111111111,0.0,0.17856411732486627,0.0,0.3333333333333333
U38104,2019-11-12 16:37:11,1.0,1.0,1.0,1.0,1.0,1.0,0.6434782608695652,0.5,0.2960819109658652,0.2960819109658652,0.3333333333333333,0.3333333333333333
U59176,2019-11-12 16:38:58,0.9819819819819819,1.0,0.6992148198508501,0.5907272848394973,0.25,0.4166666666666667,0.527027027027027,0.05263157894736842,0.0,0.0,0.0,0.0
U85972,2019-11-12 16:41:31,1.0,1.0,1.0,1.0,1.0,1.0,1.0,1.0,1.0,1.0,1.0,1.0
U5296,2019-11-12 16:42:28,0.925,0.25,0.38364913903790027,0.5508095940041026,0.6666666666666666,1.0,0.8083333333333333,0.2,0.18154179253735267,0.3171937659698004,0.3333333333333333,0.6666666666666666
U2871,2019-11-12 16:45:46,1.0,1.0,1.0,1.0,1.0,1.0,0.6987179487179486,0.5,0.2960819109658652,0.4632423659320675,0.3333333333333333,0.6666666666666666
U5242,2019-11-12 16:49:40,0.9935400516795865,1.0,0.8687949224876582,0.914856882358379,0.3333333333333333,0.75,0.6065891472868217,0.14285714285714285,0.0,0.07336392209936005,0.0,0.08333333333333333
U93079,2019-11-12 16:52:40,1.0,1.0,1.0,1.0,1.0,1.0,0.5892857142857143,0.125,0.0,0.19342640361727081,0.0,0.5
U13087,2019-11-12 16:53:45,1.0,1.0,1.0,1.0,1.0,1.0,1.0,1.0,1.0,1.0,1.0,1.0
U60237,2019-11-12 16:57:28,1.0,1.0,1.0,1.0,1.0,1.0,0.91,0.1111111111111111,0.0,0.18457569677956817,0.0,0.5
U55354,2019-11-12 16:57:55,0.9285714285714286,0.5,0.6309297535714575,0.6309297535714575,1.0,1.0,0.0714285714285714,0.07142857142857142,0.0,0.0,0.0,0.0
U68719,2019-11-12 16:58:08,0.963963963963964,0.5,0.7122630665145961,0.7122630665145961,1.0,1.0,0.6576576576576576,0.08333333333333333,0.0,0.0,0.0,0.0
U14038,2019-11-12 17:03:17,1.0,1.0,1.0,1.0,1.0,1.0,0.4095238095238095,0.02631578947368421,0.0,0.0,0.0,0.0
U16382,2019-11-12 17:05:00,1.0,1.0,1.0,1.0,1.0,1.0,0.09999999999999998,0.1,0.0,0.2890648263178879,0.0,1.0
U20485,2019-11-12 17:09:19,1.0,1.0,1.0,1.0,1.0,1.0,0.5714285714285714,1.0,0.6131471927654584,0.8065735963827293,0.5,1.0
U79549,2019-11-12 17:09:28,1.0,1.0,1.0,1.0,1.0,1.0,0.05882352941176472,0.058823529411764705,0.0,0.0,0.0,0.0
U79449,2019-11-12 17:10:54,0.9569892473118279,0.5,0.7122630665145961,0.7122630665145961,1.0,1.0,0.4193548387096773,0.08333333333333333,0.0,0.0,0.0,0.0
U70171,2019-11-12 17:11:28,1.0,1.0,1.0,1.0,0.8333333333333334,1.0,0.5046296296296297,0.16666666666666666,0.0,0.10778915452451093,0.0,0.16666666666666666
U56135,2019-11-12 17:11:51,1.0,1.0,1.0,1.0,1.0,1.0,0.6228070175438596,0.1,0.0,0.13565197343244778,0.0,0.3333333333333333
U36184,2019-11-12 17:16:15,1.0,1.0,1.0,1.0,0.7142857142857143,1.0,0.5418719211822659,0.125,0.0,0.16617090792688713,0.0,0.2857142857142857
U85760,2019-11-12 17:21:12,1.0,1.0,1.0,1.0,1.0,1.0,0.42857142857142855,0.1111111111111111,0.0,0.11751610475642714,0.0,0.25
U84623,2019-11-12 17:24:25,1.0,1.0,1.0,1.0,1.0,1.0,0.7037037037037037,0.1111111111111111,0.0,0.3010299956639812,0.0,1.0
U43614,2019-11-12 17:24:46,0.9,0.3333333333333333,0.5706417189553201,0.5706417189553201,1.0,1.0,0.22500000000000003,0.06666666666666667,0.0,0.0,0.0,0.0
U46151,2019-11-12 17:27:51,1.0,1.0,1.0,1.0,1.0,1.0,0.3269230769230769,1.0,0.3903800499921017,0.3903800499921017,0.25,0.25
U32812,2019-11-12 17:29:52,0.9975708502024291,1.0,0.830419897363192,0.9512312000626861,0.8,1.0,0.9271255060728745,0.3333333333333333,0.16958010263680806,0.16958010263680806,0.2,0.2
U44000,2019-11-12 17:43:38,1.0,1.0,1.0,1.0,1.0,1.0,0.6770833333333333,0.125,0.0,0.2836929289153804,0.0,0.6666666666666666
U85959,2019-11-12 17:56:34,0.9802631578947368,1.0,0.9047172294870751,0.9047172294870751,1.0,1.0,0.5263157894736842,0.3333333333333333,0.19519002499605084,0.19519002499605084,0.25,0.25
U9107,2019-11-12 17:59:01,1.0,1.0,1.0,1.0,1.0,1.0,0.9,0.5,0.6934264036172708,0.6934264036172708,1.0,1.0
U19603,2019-11-12 17:59:38,1.0,1.0,1.0,1.0,1.0,1.0,0.65,0.045454545454545456,0.0,0.0,0.0,0.0
U68479,2019-11-12 18:01:16,1.0,1.0,1.0,1.0,1.0,1.0,0.15384615384615385,0.029411764705882353,0.0,0.0,0.0,0.0
U65578,2019-11-12 18:03:19,0.96,1.0,0.7227265726449519,0.9318171001351273,0.6,1.0,0.5800000000000001,0.07692307692307693,0.0,0.0,0.0,0.0
U23193,2019-11-12 18:05:43,0.9776785714285714,0.5,0.38685280723454163,0.6052602440527057,0.5,1.0,0.6562500000000001,0.03333333333333333,0.0,0.0,0.0,0.0
U39770,2019-11-12 18:06:17,1.0,1.0,1.0,1.0,1.0,1.0,0.875,0.3333333333333333,0.5,0.5,1.0,1.0
U11850,2019-11-12 18:10:38,0.9801980198019802,0.3333333333333333,0.6182885020492784,0.6182885020492784,1.0,1.0,0.2772277227722772,0.034482758620689655,0.0,0.0,0.0,0.0
U40523,2019-11-12 18:11:45,1.0,1.0,1.0,1.0,1.0,1.0,0.6417910447761195,0.04,0.0,0.0,0.0,0.0
U52729,2019-11-12 18:13:31,0.9560439560439561,0.2,0.38685280723454163,0.38685280723454163,1.0,1.0,0.5714285714285714,0.025,0.0,0.0,0.0,0.0
U18281,2019-11-12 18:21:19,1.0,1.0,1.0,1.0,1.0,1.0,0.69,0.07692307692307693,0.0,0.0,0.0,0.0
U81512,2019-11-12 18:25:34,1.0,1.0,1.0,1.0,1.0,1.0,0.75,1.0,0.8854598815714874,0.8854598815714874,1.0,1.0
U5210,2019-11-12 18:35:35,1.0,1.0,1.0,1.0,1.0,1.0,0.652027027027027,0.5,0.24630238874073,0.24630238874073,0.25,0.25
U65739,2019-11-12 18:36:02,1.0,1.0,1.0,1.0,1.0,1.0,0.368421052631579,0.07692307692307693,0.0,0.0,0.0,0.0
U75132,2019-11-12 18:36:17,0.9855072463768116,1.0,0.9060254355346823,0.9060254355346823,1.0,1.0,0.7753623188405798,0.3333333333333333,0.23463936301137822,0.23463936301137822,0.3333333333333333,0.3333333333333333
U54694,2019-11-12 18:40:52,0.9944196428571429,1.0,0.8539316501572937,0.9672068480996276,0.5,1.0,0.7756696428571429,1.0,0.6548086577531307,0.48835054676924156,0.375,0.375
U57352,2019-11-12 18:42:10,1.0,1.0,1.0,1.0,1.0,1.0,0.2,0.25,0.2640681225725909,0.46845052016107697,0.5,1.0
U61348,2019-11-12 18:42:12,0.9444444444444444,0.5,0.6309297535714575,0.6309297535714575,1.0,1.0,0.05555555555555558,0.05555555555555555,0.0,0.0,0.0,0.0
U58960,2019-11-12 18:43:47,0.9622641509433962,0.3333333333333333,0.5143371794949736,0.6533933590057491,0.75,1.0,0.3867924528301887,0.034482758620689655,0.0,0.0,0.0,0.0
U16818,2019-11-12 18:44:05,0.9885844748858447,1.0,0.7860137352654724,0.8021574504628255,0.6666666666666666,0.8333333333333334,0.7511415525114156,0.3333333333333333,0.16958010263680806,0.15130120674940672,0.16666666666666666,0.16666666666666666
U29155,2019-11-12 18:50:18,1.0,1.0,1.0,1.0,1.0,1.0,0.5625,0.25,0.2640681225725909,0.48247555939075504,0.5,1.0
U79449,2019-11-12 19:09:38,0.9382566585956417,0.2,0.13120507751234178,0.2958750506849612,0.14285714285714285,0.42857142857142855,0.45399515738498786,0.05,0.0,0.0,0.0,0.0
U74460,2019-11-12 19:25:09,0.9767441860465116,1.0,0.7653606369886217,0.9325210919548239,0.6666666666666666,1.0,0.41860465116279066,0.05263157894736842,0.0,0.0,0.0,0.0
U38387,2019-11-12 19:29:46,1.0,1.0,1.0,1.0,1.0,1.0,1.0,1.0,1.0,1.0,1.0,1.0
U8184,2019-11-12 19:33:34,1.0,1.0,1.0,1.0,1.0,1.0,0.3055555555555556,0.09090909090909091,0.0,0.0,0.0,0.0
U50085,2019-11-12 19:40:26,1.0,1.0,1.0,1.0,1.0,1.0,0.5880281690140845,0.02702702702702703,0.0,0.0,0.0,0.0
U12599,2019-11-12 19:46:35,1.0,1.0,1.0,1.0,1.0,1.0,0.5806451612903226,0.125,0.0,0.10699313236726378,0.0,0.2
U27969,2019-11-12 19:49:09,1.0,1.0,1.0,1.0,1.0,1.0,0.5575221238938053,0.08333333333333333,0.0,0.0,0.0,0.0
U44207,2019-11-12 19:50:52,0.99,0.5,0.6309297535714575,0.6309297535714575,1.0,1.0,0.17000000000000004,0.011904761904761904,0.0,0.0,0.0,0.0
U6066,2019-11-12 19:51:09,1.0,1.0,1.0,1.0,1.0,1.0,0.6,0.5,0.49818925746641285,0.49818925746641285,0.6666666666666666,0.6666666666666666
U22269,2019-11-12 20:01:26,1.0,1.0,1.0,1.0,1.0,1.0,0.875,1.0,0.9197207891481876,0.9197207891481876,1.0,1.0
U73969,2019-11-12 20:06:23,1.0,1.0,1.0,1.0,1.0,1.0,0.5698529411764707,0.14285714285714285,0.0,0.13012668333070054,0.0,0.25
U71616,2019-11-12 20:08:31,1.0,1.0,1.0,1.0,1.0,1.0,0.24712643678160917,0.021739130434782608,0.0,0.0,0.0,0.0
U86241,2019-11-12 20:09:38,1.0,1.0,1.0,1.0,1.0,1.0,0.6821705426356589,1.0,0.46927872602275644,0.46927872602275644,0.3333333333333333,0.3333333333333333
U92564,2019-11-12 20:10:20,1.0,1.0,1.0,1.0,0.8333333333333334,1.0,0.744949494949495,0.3333333333333333,0.3156484524795145,0.2816249726597774,0.3333333333333333,0.3333333333333333
U4900,2019-11-12 20:12:55,1.0,1.0,1.0,1.0,1.0,1.0,0.5595238095238095,0.5,0.38685280723454163,0.38685280723454163,0.5,0.5
U9438,2019-11-12 20:22:31,1.0,1.0,1.0,1.0,1.0,1.0,0.41975308641975306,0.5,0.2960819109658652,0.2960819109658652,0.3333333333333333,0.3333333333333333
U56000,2019-11-12 20:39:09,0.9735729386892178,1.0,0.7860137352654724,0.6618313225363274,0.36363636363636365,0.5454545454545454,0.7040169133192389,0.5,0.34519134224686937,0.29025978496956456,0.18181818181818182,0.2727272727272727
U51129,2019-11-12 20:43:12,1.0,1.0,1.0,1.0,1.0,1.0,0.5571428571428572,0.0625,0.0,0.0,0.0,0.0
U20856,2019-11-12 20:46:16,0.9915254237288136,0.5,0.7328286204777911,0.7328286204777911,1.0,1.0,0.7146892655367231,0.16666666666666666,0.0,0.16716045496620227,0.0,0.3333333333333333
U33987,2019-11-12 20:50:22,0.990625,1.0,0.830419897363192,0.9512312000626861,0.8,1.0,0.36875,0.047619047619047616,0.0,0.0,0.0,0.0
U74668,2019-11-12 20:54:50,1.0,1.0,1.0,1.0,1.0,1.0,0.49836065573770494,0.2,0.13120507751234178,0.13120507751234178,0.2,0.2
U21801,2019-11-12 21:02:50,1.0,1.0,1.0,1.0,1.0,1.0,0.6607142857142857,0.2,0.15101961822780524,0.4202024810692814,0.25,0.75
U42643,2019-11-12 21:04:25,0.888235294117647,0.3333333333333333,0.19519002499605084,0.19519002499605084,0.25,0.25,0.6558823529411765,0.25,0.16812753627111746,0.16812753627111746,0.25,0.25
U75583,2019-11-12 21:10:50,1.0,1.0,1.0,1.0,1.0,1.0,0.42105263157894735,0.08333333333333333,0.0,0.0,0.0,0.0
U57251,2019-11-12 21:13:16,1.0,1.0,1.0,1.0,1.0,1.0,0.5,0.2,0.38685280723454163,0.38685280723454163,1.0,1.0
U20865,2019-11-12 21:17:36,0.9947368421052631,1.0,0.8687949224876582,0.9896062251871525,0.8,1.0,0.3789473684210527,0.1,0.0,0.09803928583135704,0.0,0.2
U44023,2019-11-12 21:21:19,1.0,1.0,1.0,1.0,1.0,1.0,0.8333333333333333,1.0,0.46927872602275644,0.7613569414627896,0.3333333333333333,1.0
U93203,2019-11-12 21:38:10,1.0,1.0,1.0,1.0,1.0,1.0,0.5169491525423728,0.08333333333333333,0.0,0.0,0.0,0.0
U63037,2019-11-12 21:41:45,0.9957264957264957,1.0,0.9197207891481876,0.9197207891481876,1.0,1.0,0.5598290598290598,0.04,0.0,0.0,0.0,0.0
U2383,2019-11-12 21:57:40,0.9900990099009901,0.5,0.6608397947263839,0.7982650576674577,0.6666666666666666,1.0,0.49174917491749176,0.08333333333333333,0.0,0.0,0.0,0.0
U6154,2019-11-12 21:58:19,0.9642857142857143,0.5,0.6309297535714575,0.6309297535714575,1.0,1.0,0.6428571428571428,0.09090909090909091,0.0,0.0,0.0,0.0
U19583,2019-11-12 21:59:51,1.0,1.0,1.0,1.0,1.0,1.0,0.6666666666666667,0.5,0.6309297535714575,0.6309297535714575,1.0,1.0
U32146,2019-11-12 22:22:02,1.0,1.0,1.0,1.0,1.0,1.0,1.0,1.0,1.0,1.0,1.0,1.0
U47970,2019-11-12 22:23:08,1.0,1.0,1.0,1.0,1.0,1.0,0.5444444444444445,0.2,0.13120507751234178,0.13120507751234178,0.2,0.2
U54694,2019-11-12 22:26:43,1.0,1.0,1.0,1.0,1.0,1.0,0.890625,0.5,0.38685280723454163,0.5802792108518124,0.5,1.0
U82693,2019-11-12 23:09:57,1.0,1.0,1.0,1.0,1.0,1.0,1.0,1.0,1.0,1.0,1.0,1.0
U82373,2019-11-12 23:12:17,1.0,1.0,1.0,1.0,1.0,1.0,0.6851851851851851,0.1111111111111111,0.0,0.18457569677956817,0.0,0.5
U26663,2019-11-12 23:40:17,1.0,1.0,1.0,1.0,1.0,1.0,0.5,0.3333333333333333,0.3065735963827292,0.3065735963827292,0.5,0.5
U87958,2019-11-13 00:11:55,1.0,1.0,1.0,1.0,1.0,1.0,0.8666666666666667,0.3333333333333333,0.5,0.5,1.0,1.0
U72521,2019-11-13 00:16:03,1.0,1.0,1.0,1.0,1.0,1.0,0.42000000000000004,0.03333333333333333,0.0,0.0,0.0,0.0
U29526,2019-11-13 00:39:15,0.8888888888888888,0.5,0.6309297535714575,0.6309297535714575,1.0,1.0,0.7777777777777778,0.3333333333333333,0.5,0.5,1.0,1.0
U76117,2019-11-13 00:51:02,1.0,1.0,1.0,1.0,1.0,1.0,0.33333333333333337,0.2,0.38685280723454163,0.38685280723454163,1.0,1.0
U12216,2019-11-13 00:51:30,0.96875,0.5,0.24630238874073,0.6386364459525711,0.25,1.0,0.5168269230769231,0.02857142857142857,0.0,0.0,0.0,0.0
U34895,2019-11-13 00:54:08,1.0,1.0,1.0,1.0,1.0,1.0,0.5,0.5,0.38685280723454163,0.38685280723454163,0.5,0.5
U89717,2019-11-13 01:00:39,0.975609756097561,0.5,0.6309297535714575,0.6309297535714575,1.0,1.0,0.8780487804878049,0.16666666666666666,0.0,0.3562071871080222,0.0,1.0
U54078,2019-11-13 01:15:21,0.9636752136752136,0.5,0.24630238874073,0.6124254077907308,0.25,1.0,0.5555555555555556,0.023809523809523808,0.0,0.0,0.0,0.0
U62999,2019-11-13 01:35:00,1.0,1.0,1.0,1.0,1.0,1.0,0.425,0.1111111111111111,0.0,0.18457569677956817,0.0,0.5
U90175,2019-11-13 01:51:42,1.0,1.0,1.0,1.0,1.0,1.0,0.5416666666666666,0.07142857142857142,0.0,0.0,0.0,0.0
U90642,2019-11-13 02:00:31,1.0,1.0,1.0,1.0,1.0,1.0,0.6883561643835617,0.043478260869565216,0.0,0.0,0.0,0.0
U81537,2019-11-13 02:04:07,1.0,1.0,1.0,1.0,1.0,1.0,0.9537037037037037,0.3333333333333333,0.4367467095119258,0.5780136823717549,0.6666666666666666,1.0
U51330,2019-11-13 02:07:37,0.96,0.5,0.6309297535714575,0.6309297535714575,1.0,1.0,0.92,0.3333333333333333,0.5,0.5,1.0,1.0
U22871,2019-11-13 02:18:10,0.9787234042553191,0.5,0.7606395682357036,0.7606395682357036,1.0,1.0,0.5771276595744681,0.14285714285714285,0.0,0.13012668333070054,0.0,0.25
U9477,2019-11-13 02:41:00,1.0,1.0,1.0,1.0,0.2777777777777778,0.5555555555555556,0.6246105919003115,1.0,0.3391602052736161,0.3570764765963919,0.05555555555555555,0.16666666666666666
U29011,2019-11-13 02:41:14,1.0,1.0,1.0,1.0,1.0,1.0,0.7578125,0.5,0.21398626473452756,0.32703966649239957,0.2,0.4
U20971,2019-11-13 02:49:07,1.0,1.0,1.0,1.0,1.0,1.0,0.1902985074626866,0.019230769230769232,0.0,0.0,0.0,0.0
U45040,2019-11-13 03:19:40,1.0,1.0,1.0,1.0,1.0,1.0,0.4368131868131868,0.023809523809523808,0.0,0.0,0.0,0.0
U89734,2019-11-13 03:23:51,1.0,1.0,1.0,1.0,1.0,1.0,0.7536231884057971,1.0,0.46927872602275644,0.6364391809889587,0.3333333333333333,0.6666666666666666
U55438,2019-11-13 03:25:59,1.0,1.0,1.0,1.0,1.0,1.0,0.3977272727272727,0.014492753623188406,0.0,0.0,0.0,0.0
U11014,2019-11-13 03:26:41,1.0,1.0,1.0,1.0,1.0,1.0,0.3712871287128713,0.024390243902439025,0.0,0.0,0.0,0.0
U57881,2019-11-13 03:26:44,1.0,1.0,1.0,1.0,1.0,1.0,1.0,1.0,1.0,1.0,1.0,1.0
U52473,2019-11-13 03:27:28,1.0,1.0,1.0,1.0,1.0,1.0,0.36363636363636365,0.125,0.0,0.31546487678572877,0.0,1.0
U13314,2019-11-13 03:29:50,0.9866666666666666,1.0,0.6843515475204855,0.8995023444012693,0.6,1.0,0.6562962962962963,0.09090909090909091,0.0,0.0,0.0,0.0
U79642,2019-11-13 03:38:13,1.0,1.0,1.0,1.0,1.0,1.0,0.6315789473684211,0.16666666666666666,0.0,0.21840743681816419,0.0,0.5
U15589,2019-11-13 03:41:53,1.0,1.0,1.0,1.0,1.0,1.0,1.0,1.0,1.0,1.0,1.0,1.0
U27480,2019-11-13 03:53:30,1.0,1.0,1.0,1.0,1.0,1.0,0.6666666666666666,0.5,0.2960819109658652,0.2960819109658652,0.3333333333333333,0.3333333333333333
U45095,2019-11-13 04:00:01,1.0,1.0,1.0,1.0,1.0,1.0,0.8235294117647058,0.25,0.43067655807339306,0.43067655807339306,1.0,1.0
U63255,2019-11-13 04:03:37,1.0,1.0,1.0,1.0,1.0,1.0,0.47619047619047616,1.0,0.46927872602275644,0.46927872602275644,0.3333333333333333,0.3333333333333333
U53232,2019-11-13 04:04:30,0.9487179487179487,0.3333333333333333,0.5706417189553201,0.5706417189553201,1.0,1.0,0.9102564102564102,0.25,0.2640681225725909,0.48247555939075504,0.5,1.0
U35180,2019-11-13 04:14:01,0.9811320754716981,0.5,0.6934264036172708,0.6934264036172708,1.0,1.0,0.5283018867924528,0.05263157894736842,0.0,0.0,0.0,0.0
U30577,2019-11-13 04:15:27,0.9922480620155039,0.5,0.6309297535714575,0.6309297535714575,1.0,1.0,0.2868217054263566,0.008620689655172414,0.0,0.0,0.0,0.0
U55748,2019-11-13 04:17:44,1.0,1.0,1.0,1.0,1.0,1.0,0.9302325581395349,0.3333333333333333,0.3065735963827292,0.5249810332008933,0.5,1.0
U50902,2019-11-13 04:21:06,1.0,1.0,1.0,1.0,1.0,1.0,0.3188405797101449,0.058823529411764705,0.0,0.0,0.0,0.0
U65590,2019-11-13 04:23:58,1.0,1.0,1.0,1.0,1.0,1.0,0.7894736842105263,1.0,0.46927872602275644,0.7613569414627896,0.3333333333333333,1.0
U91827,2019-11-13 04:26:07,0.9933333333333333,1.0,0.9060254355346823,0.9060254355346823,1.0,1.0,0.9433333333333334,0.3333333333333333,0.23463936301137822,0.39106560501896365,0.3333333333333333,0.6666666666666666
U59079,2019-11-13 04:26:38,1.0,1.0,1.0,1.0,1.0,1.0,0.8333333333333334,0.5,0.6309297535714575,0.6309297535714575,1.0,1.0
U15375,2019-11-13 04:34:49,1.0,1.0,1.0,1.0,1.0,1.0,0.9866666666666667,0.5,0.6309297535714575,0.6309297535714575,1.0,1.0
U57411,2019-11-13 04:35:06,1.0,1.0,1.0,1.0,1.0,1.0,0.5,0.3333333333333333,0.5437713091520254,0.5437713091520254,1.0,1.0
U27978,2019-11-13 04:44:04,0.9860294117647059,1.0,0.8539316501572937,0.7655934900767002,0.4,0.7,0.6095588235294118,0.14285714285714285,0.0,0.07336392209936005,0.0,0.1
U35605,2019-11-13 04:49:17,1.0,1.0,1.0,1.0,1.0,1.0,0.7354838709677419,1.0,0.4703652827859579,0.5684045686173149,0.4,0.6
U24180,2019-11-13 04:50:38,1.0,1.0,1.0,1.0,1.0,1.0,0.6833333333333333,0.5,0.2960819109658652,0.431733884398313,0.3333333333333333,0.6666666666666666
U67455,2019-11-13 04:51:52,0.7142857142857143,0.3333333333333333,0.5,0.5,1.0,1.0,0.0,0.125,0.0,0.31546487678572877,0.0,1.0
U14033,2019-11-13 04:55:26,0.9866412213740458,1.0,0.7860137352654724,0.7948833326720564,0.3333333333333333,0.6666666666666666,0.4541984732824428,0.14285714285714285,0.0,0.07336392209936005,0.0,0.08333333333333333
U62594,2019-11-13 05:02:02,1.0,1.0,1.0,1.0,1.0,1.0,0.4545454545454546,0.14285714285714285,0.0,0.3333333333333333,0.0,1.0
U54078,2019-11-13 05:03:18,0.990990990990991,1.0,0.9674679834891693,0.9674679834891693,1.0,1.0,0.6756756756756757,0.3333333333333333,0.23463936301137822,0.39106560501896365,0.3333333333333333,0.6666666666666666
U89233,2019-11-13 05:03:56,0.9909638554216867,1.0,0.9047172294870751,0.9047172294870751,1.0,1.0,0.6385542168674698,0.1,0.0,0.11284514134893527,0.0,0.25
U92383,2019-11-13 05:04:00,1.0,1.0,1.0,1.0,1.0,1.0,0.75,0.3333333333333333,0.5,0.5,1.0,1.0
U87097,2019-11-13 05:04:41,0.9965437788018434,1.0,0.8048099750039491,0.9438661545147249,0.75,1.0,0.6912442396313364,0.038461538461538464,0.0,0.0,0.0,0.0
U67675,2019-11-13 05:06:34,0.9699570815450643,0.14285714285714285,0.0,0.38162168437253385,0.0,1.0,0.4721030042918455,0.013157894736842105,0.0,0.0,0.0,0.0
U25156,2019-11-13 05:08:34,1.0,1.0,1.0,1.0,1.0,1.0,0.6666666666666667,0.5,0.38685280723454163,0.38685280723454163,0.5,0.5
U39367,2019-11-13 05:09:23,0.9829931972789115,1.0,0.6713860725233041,0.8385465274895063,0.6666666666666666,1.0,0.5170068027210885,0.045454545454545456,0.0,0.0,0.0,0.0
U38219,2019-11-13 05:12:14,1.0,1.0,1.0,1.0,1.0,1.0,0.7777777777777779,0.5,0.49818925746641285,0.6653497124326151,0.6666666666666666,1.0
U14190,2019-11-13 05:12:29,1.0,1.0,1.0,1.0,1.0,1.0,0.6591760299625469,0.06666666666666667,0.0,0.0,0.0,0.0
U89655,2019-11-13 05:13:29,1.0,1.0,1.0,1.0,1.0,1.0,0.375886524822695,0.045454545454545456,0.0,0.0,0.0,0.0
U78686,2019-11-13 05:15:46,1.0,1.0,1.0,1.0,1.0,1.0,0.8,0.058823529411764705,0.0,0.0,0.0,0.0
U47421,2019-11-13 05:16:15,1.0,1.0,1.0,1.0,1.0,1.0,0.7209677419354839,0.5,0.34519134224686937,0.34519134224686937,0.4,0.4
U66109,2019-11-13 05:17:27,1.0,1.0,1.0,1.0,1.0,1.0,0.375,0.2,0.18154179253735267,0.18154179253735267,0.3333333333333333,0.3333333333333333
U37518,2019-11-13 05:18:31,1.0,1.0,1.0,1.0,1.0,1.0,0.7321428571428572,0.14285714285714285,0.0,0.20438239758848611,0.0,0.5
U1379,2019-11-13 05:26:00,1.0,1.0,1.0,1.0,1.0,1.0,0.4206349206349207,0.16666666666666666,0.0,0.13905617951077562,0.0,0.25
U14814,2019-11-13 05:34:34,0.9838187702265372,0.5,0.5147714448836774,0.7634017248465544,0.5,1.0,0.5161812297734628,0.07692307692307693,0.0,0.0,0.0,0.0
U47055,2019-11-13 05:35:04,0.98125,1.0,0.830419897363192,0.9512312000626861,0.8,1.0,0.775,1.0,0.7227265726449519,0.7227265726449519,0.6,0.6
U84242,2019-11-13 05:36:20,1.0,1.0,1.0,1.0,0.5,1.0,0.29848484848484846,0.01639344262295082,0.0,0.0,0.0,0.0
U43960,2019-11-13 05:36:49,1.0,1.0,1.0,1.0,1.0,1.0,0.5862068965517242,0.07692307692307693,0.0,0.0,0.0,0.0
U1595,2019-11-13 05:37:33,0.9166666666666666,0.3333333333333333,0.5,0.5,1.0,1.0,0.29166666666666663,0.05555555555555555,0.0,0.0,0.0,0.0
U57704,2019-11-13 05:37:56,1.0,1.0,1.0,1.0,1.0,1.0,0.4,0.14285714285714285,0.0,0.3333333333333333,0.0,1.0
U53220,2019-11-13 05:38:10,0.9078703703703703,1.0,0.7860137352654724,0.7280855459907165,0.14814814814814814,0.25925925925925924,0.4722222222222222,0.25,0.27727342735504823,0.17993148201117176,0.07407407407407407,0.07407407407407407
U71956,2019-11-13 05:38:49,1.0,1.0,1.0,1.0,1.0,1.0,0.967741935483871,1.0,0.8772153153380493,0.8772153153380493,1.0,1.0
U59665,2019-11-13 05:39:04,1.0,1.0,1.0,1.0,0.5,1.0,0.4626262626262626,0.1,0.0,0.06362078819895171,0.0,0.1
U22628,2019-11-13 05:39:31,1.0,1.0,1.0,1.0,1.0,1.0,0.5882352941176471,0.5,0.2960819109658652,0.2960819109658652,0.3333333333333333,0.3333333333333333
U26106,2019-11-13 05:42:12,1.0,1.0,1.0,1.0,1.0,1.0,0.9130434782608695,0.5,0.38685280723454163,0.5714285040141098,0.5,1.0
U26095,2019-11-13 05:43:43,0.9915254237288136,0.5,0.6309297535714575,0.6309297535714575,1.0,1.0,0.6779661016949152,0.02564102564102564,0.0,0.0,0.0,0.0
U19788,2019-11-13 05:46:26,0.975609756097561,0.5,0.6934264036172708,0.6934264036172708,1.0,1.0,0.45731707317073167,0.16666666666666666,0.0,0.21840743681816419,0.0,0.5
U93315,2019-11-13 05:46:28,0.9890710382513661,1.0,0.9060254355346823,0.9060254355346823,1.0,1.0,0.7377049180327868,0.3333333333333333,0.23463936301137822,0.370291336443826,0.3333333333333333,0.6666666666666666
U69912,2019-11-13 05:47:14,1.0,1.0,1.0,1.0,1.0,1.0,0.9263157894736842,0.125,0.0,0.31546487678572877,0.0,1.0
U83241,2019-11-13 05:51:04,1.0,1.0,1.0,1.0,1.0,1.0,0.5833333333333334,0.5,0.24630238874073,0.24630238874073,0.25,0.25
U49155,2019-11-13 05:51:14,0.9722222222222222,1.0,0.8772153153380493,0.8772153153380493,1.0,1.0,0.9027777777777778,1.0,0.6131471927654584,0.7977228895450266,0.5,1.0
U66106,2019-11-13 05:55:29,0.988095238095238,1.0,0.8687949224876582,0.8706086854269929,0.6666666666666666,0.8333333333333334,0.8559523809523809,1.0,0.3391602052736161,0.4909415987664928,0.16666666666666666,0.5
U91282,2019-11-13 06:02:03,0.9431818181818181,0.3333333333333333,0.5437713091520254,0.5437713091520254,1.0,1.0,0.5568181818181818,0.05263157894736842,0.0,0.0,0.0,0.0
U18588,2019-11-13 06:02:22,0.9333333333333332,0.5,0.6608397947263839,0.7738931964842559,0.8,1.0,0.8,1.0,0.6548086577531307,0.7756199604526248,0.6,0.8
U80732,2019-11-13 06:05:04,0.975,0.5,0.6934264036172708,0.6934264036172708,1.0,1.0,0.6000000000000001,0.25,0.2640681225725909,0.2640681225725909,0.5,0.5
U10233,2019-11-13 06:08:17,1.0,1.0,1.0,1.0,1.0,1.0,0.95,0.5,0.6309297535714575,0.6309297535714575,1.0,1.0
U53136,2019-11-13 06:10:19,1.0,1.0,1.0,1.0,1.0,1.0,0.8714285714285714,0.1,0.0,0.2890648263178879,0.0,1.0
U29898,2019-11-13 06:14:21,1.0,1.0,1.0,1.0,1.0,1.0,1.0,1.0,1.0,1.0,1.0,1.0
U39176,2019-11-13 06:14:35,1.0,1.0,1.0,1.0,1.0,1.0,0.5681818181818181,0.3333333333333333,0.3065735963827292,0.3065735963827292,0.5,0.5
U62194,2019-11-13 06:14:54,1.0,1.0,1.0,1.0,1.0,1.0,0.4883720930232558,0.05263157894736842,0.0,0.0,0.0,0.0
U82865,2019-11-13 06:16:10,1.0,1.0,1.0,1.0,1.0,1.0,0.4736842105263158,0.047619047619047616,0.0,0.0,0.0,0.0
U7588,2019-11-13 06:16:28,1.0,1.0,1.0,1.0,1.0,1.0,0.0,0.5,0.6309297535714575,0.6309297535714575,1.0,1.0
U57996,2019-11-13 06:16:59,0.9942028985507246,1.0,0.830419897363192,0.8666957122118546,0.4444444444444444,0.8888888888888888,0.6297101449275362,0.5,0.21398626473452756,0.2190529912912297,0.1111111111111111,0.2222222222222222
U57589,2019-11-13 06:18:15,1.0,1.0,1.0,1.0,1.0,1.0,0.26666666666666666,0.041666666666666664,0.0,0.0,0.0,0.0
U60553,2019-11-13 06:18:24,1.0,1.0,1.0,1.0,1.0,1.0,0.9346846846846847,1.0,0.46927872602275644,0.617319681505689,0.3333333333333333,0.6666666666666666
U75262,2019-11-13 06:24:00,1.0,1.0,1.0,1.0,1.0,1.0,0.8917525773195876,1.0,0.6366824387328317,0.6366824387328317,0.5,0.5
U6386,2019-11-13 06:24:21,1.0,1.0,1.0,1.0,1.0,1.0,0.6875,0.09090909090909091,0.0,0.0,0.0,0.0
U5806,2019-11-13 06:25:23,1.0,1.0,1.0,1.0,1.0,1.0,1.0,1.0,1.0,1.0,1.0,1.0
U30663,2019-11-13 06:25:45,1.0,1.0,1.0,1.0,1.0,1.0,0.9166666666666667,0.3333333333333333,0.4367467095119258,0.4367467095119258,0.6666666666666666,0.6666666666666666
U29476,2019-11-13 06:27:26,1.0,1.0,1.0,1.0,1.0,1.0,0.6,0.14285714285714285,0.0,0.15642624200758548,0.0,0.3333333333333333
U84068,2019-11-13 06:27:36,0.9666666666666667,0.5,0.6934264036172708,0.6934264036172708,1.0,1.0,0.43333333333333335,0.16666666666666666,0.0,0.21840743681816419,0.0,0.5
U3038,2019-11-13 06:33:55,1.0,1.0,1.0,1.0,0.45454545454545453,0.9090909090909091,0.7080665813060179,0.3333333333333333,0.16958010263680806,0.24703059344735182,0.09090909090909091,0.2727272727272727
U2952,2019-11-13 06:34:04,1.0,1.0,1.0,1.0,1.0,1.0,0.55,0.2,0.23719771276929622,0.23719771276929622,0.5,0.5
U90870,2019-11-13 06:37:16,1.0,1.0,1.0,1.0,1.0,1.0,0.28888888888888886,0.014705882352941176,0.0,0.0,0.0,0.0
U19413,2019-11-13 06:38:35,0.986842105263158,1.0,0.9047172294870751,0.9047172294870751,1.0,1.0,0.7368421052631579,0.25,0.16812753627111746,0.16812753627111746,0.25,0.25
U6008,2019-11-13 06:40:03,1.0,1.0,1.0,1.0,1.0,1.0,0.8333333333333334,0.3333333333333333,0.5,0.5,1.0,1.0
U45467,2019-11-13 06:41:41,1.0,1.0,1.0,1.0,0.5555555555555556,1.0,0.74212271973466,0.3333333333333333,0.16958010263680806,0.20124768870643614,0.1111111111111111,0.2222222222222222
U43454,2019-11-13 06:42:19,1.0,1.0,1.0,1.0,0.7142857142857143,1.0,0.580952380952381,0.25,0.14606834984270645,0.2957527977380981,0.14285714285714285,0.42857142857142855
U72339,2019-11-13 06:44:06,1.0,1.0,1.0,1.0,1.0,1.0,1.0,1.0,1.0,1.0,1.0,1.0
U93224,2019-11-13 06:45:00,1.0,1.0,1.0,1.0,1.0,1.0,0.6666666666666667,0.5,0.6309297535714575,0.6309297535714575,1.0,1.0
U46869,2019-11-13 06:45:21,0.9925303454715219,1.0,0.8539316501572937,0.9498751896215565,0.5714285714285714,1.0,0.41549953314659194,0.06666666666666667,0.0,0.0,0.0,0.0
U63619,2019-11-13 06:46:22,1.0,1.0,1.0,1.0,1.0,1.0,0.8,0.5,0.6309297535714575,0.6309297535714575,1.0,1.0
U52134,2019-11-13 06:48:28,0.9565217391304347,0.5,0.36005461457723403,0.7030583370281497,0.3333333333333333,1.0,0.5555555555555556,0.045454545454545456,0.0,0.0,0.0,0.0
U49627,2019-11-13 06:49:32,0.9717514124293785,1.0,0.6164336326286644,0.8541058313273971,0.5,1.0,0.5310734463276836,0.06666666666666667,0.0,0.0,0.0,0.0
U21589,2019-11-13 06:49:38,1.0,1.0,1.0,1.0,1.0,1.0,0.6363636363636364,1.0,0.3391602052736161,0.3391602052736161,0.2,0.2
U66617,2019-11-13 06:51:35,0.9583333333333334,0.5,0.6309297535714575,0.6309297535714575,1.0,1.0,0.7916666666666666,0.16666666666666666,0.0,0.3562071871080222,0.0,1.0
U8317,2019-11-13 06:52:21,0.9874999999999999,1.0,0.9197207891481876,0.9197207891481876,1.0,1.0,0.275,0.03333333333333333,0.0,0.0,0.0,0.0
U72964,2019-11-13 06:53:50,0.9925925925925926,1.0,0.8687949224876582,0.9896062251871525,0.8,1.0,0.5111111111111111,0.3333333333333333,0.16958010263680806,0.26761938846816513,0.2,0.4
U55659,2019-11-13 06:55:37,1.0,1.0,1.0,1.0,1.0,1.0,0.6687500000000001,0.1111111111111111,0.0,0.10209739512291163,0.0,0.2
U61360,2019-11-13 06:57:36,0.9500000000000001,1.0,0.9197207891481876,0.9197207891481876,1.0,1.0,0.19999999999999996,0.1111111111111111,0.0,0.36181498356361597,0.0,1.0
U74737,2019-11-13 06:57:51,0.9896907216494846,0.5,0.6309297535714575,0.6309297535714575,1.0,1.0,0.18556701030927836,0.0125,0.0,0.0,0.0,0.0
U90941,2019-11-13 06:59:59,0.980246913580247,1.0,0.6164336326286644,0.8502983370860306,0.6,1.0,0.6395061728395063,0.5,0.21398626473452756,0.21398626473452756,0.2,0.2
U62470,2019-11-13 07:00:47,0.9333333333333333,0.5,0.6309297535714575,0.6309297535714575,1.0,1.0,0.9333333333333333,0.5,0.6309297535714575,0.6309297535714575,1.0,1.0
U25669,2019-11-13 07:00:50,0.9600000000000001,0.5,0.6309297535714575,0.6309297535714575,1.0,1.0,0.48,0.07142857142857142,0.0,0.0,0.0,0.0
U86291,2019-11-13 07:01:02,1.0,1.0,1.0,1.0,1.0,1.0,0.2727272727272727,0.1111111111111111,0.0,0.3010299956639812,0.0,1.0
U4754,2019-11-13 07:02:40,1.0,1.0,1.0,1.0,1.0,1.0,0.6666666666666667,0.5,0.6309297535714575,0.6309297535714575,1.0,1.0
U93315,2019-11-13 07:06:17,0.9914772727272727,1.0,0.9047172294870751,0.9047172294870751,1.0,1.0,0.6420454545454546,0.08333333333333333,0.0,0.0,0.0,0.0
U15211,2019-11-13 07:06:37,1.0,1.0,1.0,1.0,1.0,1.0,0.6666666666666666,0.2,0.23719771276929622,0.23719771276929622,0.5,0.5
U65379,2019-11-13 07:10:18,0.9879518072289156,0.5,0.7328286204777911,0.7328286204777911,1.0,1.0,0.4618473895582329,0.047619047619047616,0.0,0.0,0.0,0.0
U82161,2019-11-13 07:10:32,1.0,1.0,1.0,1.0,1.0,1.0,0.9,0.5,0.38685280723454163,0.38685280723454163,0.5,0.5
U74567,2019-11-13 07:10:35,1.0,1.0,1.0,1.0,1.0,1.0,0.13636363636363635,0.05,0.0,0.0,0.0,0.0
U19393,2019-11-13 07:11:16,1.0,1.0,1.0,1.0,1.0,1.0,0.5454545454545454,0.16666666666666666,0.0,0.3562071871080222,0.0,1.0
U22893,2019-11-13 07:18:11,1.0,1.0,1.0,1.0,0.625,1.0,0.6682692307692307,1.0,0.3391602052736161,0.4273569456759105,0.125,0.375
U46876,2019-11-13 07:21:25,1.0,1.0,1.0,1.0,1.0,1.0,0.8787878787878788,0.2,0.38685280723454163,0.38685280723454163,1.0,1.0
U55428,2019-11-13 07:21:46,1.0,1.0,1.0,1.0,1.0,1.0,0.5,0.25,0.43067655807339306,0.43067655807339306,1.0,1.0
U69965,2019-11-13 07:26:46,0.8902439024390244,0.2,0.23719771276929622,0.4415801103577823,0.5,1.0,0.4878048780487805,0.16666666666666666,0.0,0.21840743681816419,0.0,0.5
U91015,2019-11-13 07:27:48,1.0,1.0,1.0,1.0,1.0,1.0,0.8735632183908046,0.5,0.2960819109658652,0.6005491084563833,0.3333333333333333,1.0
U76820,2019-11-13 07:29:26,1.0,1.0,1.0,1.0,1.0,1.0,0.4019607843137255,0.06666666666666667,0.0,0.0,0.0,0.0
U34961,2019-11-13 07:30:53,0.9615384615384616,0.5,0.7606395682357036,0.7606395682357036,1.0,1.0,0.4471153846153846,1.0,0.3903800499921017,0.3903800499921017,0.25,0.25
U37235,2019-11-13 07:32:00,0.9090909090909091,0.5,0.6309297535714575,0.6309297535714575,1.0,1.0,0.5454545454545454,0.16666666666666666,0.0,0.3562071871080222,0.0,1.0
U8091,2019-11-13 07:33:18,1.0,1.0,1.0,1.0,1.0,1.0,0.625,0.25,0.2640681225725909,0.2640681225725909,0.5,0.5
U26731,2019-11-13 07:34:32,1.0,1.0,1.0,1.0,1.0,1.0,0.7142857142857143,1.0,0.6131471927654584,0.7903864795495061,0.5,1.0
U93023,2019-11-13 07:35:34,0.9090909090909091,0.5,0.6309297535714575,0.6309297535714575,1.0,1.0,0.6363636363636364,0.2,0.38685280723454163,0.38685280723454163,1.0,1.0
U19342,2019-11-13 07:35:36,0.925925925925926,0.5,0.49818925746641285,0.6653497124326151,0.6666666666666666,1.0,0.6419753086419753,0.16666666666666666,0.0,0.16716045496620227,0.0,0.3333333333333333
U41134,2019-11-13 07:35:37,1.0,1.0,1.0,1.0,1.0,1.0,0.5625,0.2,0.23719771276929622,0.23719771276929622,0.5,0.5
U38668,2019-11-13 07:36:25,1.0,1.0,1.0,1.0,1.0,1.0,0.5973333333333334,0.058823529411764705,0.0,0.0,0.0,0.0
U16265,2019-11-13 07:36:38,0.9285714285714286,0.5,0.24630238874073,0.4869696878675221,0.25,0.75,0.45714285714285713,0.125,0.0,0.123151194370365,0.0,0.25
U26771,2019-11-13 07:36:41,1.0,1.0,1.0,1.0,1.0,1.0,0.4,0.16666666666666666,0.0,0.40298313359773236,0.0,1.0
U49882,2019-11-13 07:41:02,0.9906542056074766,0.5,0.6309297535714575,0.6309297535714575,1.0,1.0,0.3551401869158879,0.021739130434782608,0.0,0.0,0.0,0.0
U13099,2019-11-13 07:41:06,1.0,1.0,1.0,1.0,1.0,1.0,0.6666666666666667,0.3333333333333333,0.5,0.5,1.0,1.0
U81427,2019-11-13 07:41:08,1.0,1.0,1.0,1.0,1.0,1.0,0.5,0.03571428571428571,0.0,0.0,0.0,0.0
U15210,2019-11-13 07:43:50,1.0,1.0,1.0,1.0,1.0,1.0,0.9411764705882353,0.5,0.6309297535714575,0.6309297535714575,1.0,1.0
U61957,2019-11-13 07:54:39,1.0,1.0,1.0,1.0,1.0,1.0,0.9090909090909091,0.3333333333333333,0.5706417189553201,0.5706417189553201,1.0,1.0
U632,2019-11-13 07:54:42,0.9770114942528736,1.0,0.8529278650606567,0.8529278650606567,1.0,1.0,0.6494252873563218,0.1,0.0,0.13565197343244778,0.0,0.3333333333333333
U64562,2019-11-13 07:56:59,0.9777777777777777,0.5,0.7328286204777911,0.7328286204777911,1.0,1.0,0.5407407407407407,0.058823529411764705,0.0,0.0,0.0,0.0
U14864,2019-11-13 07:57:12,1.0,1.0,1.0,1.0,1.0,1.0,1.0,1.0,1.0,1.0,1.0,1.0
U50854,2019-11-13 07:58:45,1.0,1.0,1.0,1.0,1.0,1.0,0.45652173913043476,0.0625,0.0,0.0,0.0,0.0
U91761,2019-11-13 08:03:30,0.984375,1.0,0.6548086577531307,0.863899185243306,0.6,1.0,0.7296875,0.2,0.13120507751234178,0.252016380211836,0.2,0.4
U83194,2019-11-13 08:05:58,1.0,1.0,1.0,1.0,1.0,1.0,0.7407407407407407,0.034482758620689655,0.0,0.0,0.0,0.0
U35348,2019-11-13 08:09:12,0.9947916666666667,1.0,0.8854598815714874,0.8854598815714874,1.0,1.0,0.9791666666666666,0.5,0.2960819109658652,0.5937751258332797,0.3333333333333333,1.0
U29222,2019-11-13 08:10:00,0.9956043956043956,1.0,1.0,0.9888009031441519,0.7142857142857143,1.0,0.756043956043956,0.16666666666666666,0.0,0.1773700047827352,0.0,0.2857142857142857
U83857,2019-11-13 08:11:38,1.0,1.0,1.0,1.0,1.0,1.0,0.5,0.2,0.38685280723454163,0.38685280723454163,1.0,1.0
U21980,2019-11-13 08:12:36,0.9895833333333333,1.0,0.9197207891481876,0.9197207891481876,1.0,1.0,0.4895833333333333,0.1,0.0,0.17723928678404774,0.0,0.5
U44395,2019-11-13 08:13:23,1.0,1.0,1.0,1.0,1.0,1.0,0.6923076923076923,0.1111111111111111,0.0,0.3010299956639812,0.0,1.0
U6113,2019-11-13 08:14:06,1.0,1.0,1.0,1.0,1.0,1.0,0.3793103448275862,0.05263157894736842,0.0,0.0,0.0,0.0
U64162,2019-11-13 08:14:41,1.0,1.0,1.0,1.0,1.0,1.0,0.8058823529411765,1.0,0.7227265726449519,0.843537875344446,0.6,0.8
U8653,2019-11-13 08:14:46,1.0,1.0,1.0,1.0,1.0,1.0,0.5196078431372548,0.25,0.20210734650054757,0.20210734650054757,0.3333333333333333,0.3333333333333333
U83167,2019-11-13 08:15:50,0.981103552532124,1.0,0.6548086577531307,0.7026305163854645,0.21428571428571427,0.5,0.5608465608465609,0.2,0.13120507751234178,0.08514311764162098,0.07142857142857142,0.07142857142857142
U34628,2019-11-13 08:18:21,0.9847826086956523,1.0,0.7095272044910244,0.8396538878217249,0.75,1.0,0.65,0.1111111111111111,0.0,0.11751610475642714,0.0,0.25
U66612,2019-11-13 08:18:57,1.0,1.0,1.0,1.0,1.0,1.0,0.19047619047619047,0.05555555555555555,0.0,0.0,0.0,0.0
U2694,2019-11-13 08:20:50,1.0,1.0,1.0,1.0,1.0,1.0,0.368421052631579,0.07692307692307693,0.0,0.0,0.0,0.0
U44348,2019-11-13 08:22:00,0.6666666666666667,0.3333333333333333,0.5,0.5,1.0,1.0,0.33333333333333337,0.2,0.38685280723454163,0.38685280723454163,1.0,1.0
U37228,2019-11-13 08:22:26,1.0,1.0,1.0,1.0,1.0,1.0,0.6666666666666666,0.5,0.44149241373678083,0.44149241373678083,0.5,0.5
U67730,2019-11-13 08:22:29,1.0,1.0,1.0,1.0,0.38461538461538464,0.7692307692307693,0.7931034482758621,1.0,0.6548086577531307,0.424926013816671,0.23076923076923078,0.23076923076923078
U40713,2019-11-13 08:22:43,1.0,1.0,1.0,1.0,1.0,1.0,0.8829787234042553,0.25,0.2640681225725909,0.44130740935663865,0.5,1.0
U60078,2019-11-13 08:23:37,1.0,1.0,1.0,1.0,1.0,1.0,0.6428571428571428,0.06666666666666667,0.0,0.0,0.0,0.0
U91264,2019-11-13 08:24:28,0.9444444444444444,0.5,0.6309297535714575,0.6309297535714575,1.0,1.0,0.2777777777777778,0.07142857142857142,0.0,0.0,0.0,0.0
U7512,2019-11-13 08:24:51,1.0,1.0,1.0,1.0,1.0,1.0,0.29861111111111105,0.03333333333333333,0.0,0.0,0.0,0.0
U35763,2019-11-13 08:26:54,1.0,1.0,1.0,1.0,1.0,1.0,0.16666666666666663,0.16666666666666666,0.0,0.3562071871080222,0.0,1.0
U45494,2019-11-13 08:27:59,0.9640287769784173,0.16666666666666666,0.0,0.3562071871080222,0.0,1.0,0.762589928057554,0.029411764705882353,0.0,0.0,0.0,0.0
U47055,2019-11-13 08:28:55,0.9090909090909091,0.5,0.6309297535714575,0.6309297535714575,1.0,1.0,0.4545454545454546,0.14285714285714285,0.0,0.3333333333333333,0.0,1.0
U7035,2019-11-13 08:31:36,1.0,1.0,1.0,1.0,1.0,1.0,0.5555555555555556,1.0,0.6131471927654584,0.7977228895450266,0.5,1.0
U31461,2019-11-13 08:35:14,0.9696969696969697,1.0,0.9469024295259745,0.9469024295259745,1.0,1.0,0.6818181818181818,0.5,0.49818925746641285,0.49818925746641285,0.6666666666666666,0.6666666666666666
U34123,2019-11-13 08:36:12,0.9402985074626866,0.25,0.20210734650054757,0.5173087569496825,0.3333333333333333,1.0,0.3034825870646767,0.029411764705882353,0.0,0.0,0.0,0.0
U34961,2019-11-13 08:37:41,1.0,1.0,1.0,1.0,1.0,1.0,0.5128205128205128,0.05,0.0,0.0,0.0,0.0
U58420,2019-11-13 08:37:54,1.0,1.0,1.0,1.0,1.0,1.0,0.2333333333333333,0.03333333333333333,0.0,0.0,0.0,0.0
U31531,2019-11-13 08:39:20,1.0,1.0,1.0,1.0,1.0,1.0,0.8518518518518519,1.0,0.8529278650606567,0.8529278650606567,1.0,1.0
U62718,2019-11-13 08:45:26,1.0,1.0,1.0,1.0,1.0,1.0,0.33333333333333337,0.25,0.43067655807339306,0.43067655807339306,1.0,1.0
U65218,2019-11-13 08:45:36,1.0,1.0,1.0,1.0,1.0,1.0,0.09375,0.06666666666666667,0.0,0.0,0.0,0.0
U64210,2019-11-13 08:46:51,0.9565217391304348,0.5,0.6309297535714575,0.6309297535714575,1.0,1.0,0.782608695652174,0.16666666666666666,0.0,0.3562071871080222,0.0,1.0
U25647,2019-11-13 08:47:51,0.990990990990991,0.5,0.6309297535714575,0.6309297535714575,1.0,1.0,0.9459459459459459,0.14285714285714285,0.0,0.3333333333333333,0.0,1.0
U88980,2019-11-13 08:49:24,0.9913875598086124,1.0,0.830419897363192,0.8899541168509599,0.36363636363636365,0.8181818181818182,0.6679425837320573,0.2,0.13120507751234178,0.21501812929496175,0.09090909090909091,0.2727272727272727
U50652,2019-11-13 08:51:03,1.0,1.0,1.0,1.0,1.0,1.0,0.15555555555555556,0.02564102564102564,0.0,0.0,0.0,0.0
U51303,2019-11-13 08:51:32,0.9970760233918129,1.0,1.0,0.9363792118010483,0.3333333333333333,0.6,0.6216374269005848,0.14285714285714285,0.0,0.13698471029831175,0.0,0.13333333333333333
U63968,2019-11-13 08:52:59,0.9342105263157895,0.5,0.21398626473452756,0.44179069980128555,0.2,0.6,0.40921052631578947,0.045454545454545456,0.0,0.0,0.0,0.0
U5774,2019-11-13 08:55:01,1.0,1.0,1.0,1.0,1.0,1.0,0.6818181818181819,1.0,0.6131471927654584,0.6131471927654584,0.5,0.5
U59594,2019-11-13 08:57:53,0.9611528822055138,0.5,0.38356636737133565,0.5305455297539706,0.14285714285714285,0.42857142857142855,0.6203007518796992,0.09090909090909091,0.0,0.0,0.0,0.0
U53754,2019-11-13 08:58:40,1.0,1.0,1.0,1.0,1.0,1.0,0.07142857142857145,0.14285714285714285,0.0,0.3333333333333333,0.0,1.0
U70650,2019-11-13 08:59:01,0.9933206106870228,1.0,0.8687949224876582,0.9670943502702474,0.5,1.0,0.6650763358778625,0.09090909090909091,0.0,0.0,0.0,0.0
U26458,2019-11-13 08:59:15,1.0,1.0,1.0,1.0,1.0,1.0,0.8571428571428572,0.5,0.6309297535714575,0.6309297535714575,1.0,1.0
U12473,2019-11-13 09:04:47,1.0,1.0,1.0,1.0,1.0,1.0,0.6833333333333332,1.0,0.46927872602275644,0.617319681505689,0.3333333333333333,0.6666666666666666
U42856,2019-11-13 09:06:45,0.9584615384615384,1.0,0.7227265726449519,0.6804503724350792,0.23076923076923078,0.46153846153846156,0.6330769230769231,0.14285714285714285,0.0,0.07336392209936005,0.0,0.07692307692307693
U18972,2019-11-13 09:07:55,1.0,1.0,1.0,1.0,0.7142857142857143,1.0,0.4085365853658537,0.030303030303030304,0.0,0.0,0.0,0.0
U57279,2019-11-13 09:08:09,0.95,0.5,0.6934264036172708,0.6934264036172708,1.0,1.0,0.6,0.2,0.23719771276929622,0.23719771276929622,0.5,0.5
U34384,2019-11-13 09:08:19,0.9915254237288136,1.0,0.8687949224876582,0.8454256604216017,0.4,0.8,0.6042372881355933,0.1111111111111111,0.0,0.06625422345438903,0.0,0.1
U28720,2019-11-13 09:08:24,0.9866666666666667,1.0,0.8539316501572937,0.9747429528567879,0.8,1.0,0.5266666666666666,0.3333333333333333,0.16958010263680806,0.29039140533630226,0.2,0.4
U65250,2019-11-13 09:09:53,1.0,1.0,1.0,1.0,1.0,1.0,0.6875,0.5,0.38685280723454163,0.6052602440527057,0.5,1.0
U42265,2019-11-13 09:10:18,0.9819819819819819,1.0,0.8529278650606567,0.8529278650606567,1.0,1.0,0.7477477477477477,0.07692307692307693,0.0,0.0,0.0,0.0
U26635,2019-11-13 09:13:27,1.0,1.0,1.0,1.0,1.0,1.0,0.8571428571428572,0.5,0.6309297535714575,0.6309297535714575,1.0,1.0
U66751,2019-11-13 09:14:39,0.9909090909090909,1.0,0.9197207891481876,0.9197207891481876,1.0,1.0,0.6636363636363636,0.3333333333333333,0.3065735963827292,0.3065735963827292,0.5,0.5
U68364,2019-11-13 09:16:11,0.967741935483871,0.3333333333333333,0.23463936301137822,0.5391065605018962,0.3333333333333333,1.0,0.803763440860215,0.16666666666666666,0.0,0.16716045496620227,0.0,0.3333333333333333
U37765,2019-11-13 09:16:23,1.0,1.0,1.0,1.0,1.0,1.0,0.6419753086419753,1.0,0.46927872602275644,0.617319681505689,0.3333333333333333,0.6666666666666666
U84756,2019-11-13 09:16:58,0.9838709677419355,1.0,0.8539316501572937,0.9531641314941091,0.5714285714285714,1.0,0.7004608294930876,0.3333333333333333,0.16958010263680806,0.22906361076190904,0.14285714285714285,0.2857142857142857
U88315,2019-11-13 09:20:10,1.0,1.0,1.0,1.0,1.0,1.0,0.7372881355932204,0.16666666666666666,0.0,0.21840743681816419,0.0,0.5
U76617,2019-11-13 09:20:44,0.9836956521739131,1.0,0.8539316501572937,0.95022367789117,0.5,1.0,0.6159420289855072,0.1111111111111111,0.0,0.0761433407173835,0.0,0.125
U16066,2019-11-13 09:21:23,0.9927536231884059,1.0,0.9558295932317544,0.9558295932317544,1.0,1.0,0.46376811594202894,0.09090909090909091,0.0,0.0,0.0,0.0
U88980,2019-11-13 09:21:47,0.9493029150823828,0.3333333333333333,0.23463936301137822,0.23463936301137822,0.3333333333333333,0.3333333333333333,0.5956907477820025,0.3333333333333333,0.23463936301137822,0.23463936301137822,0.3333333333333333,0.3333333333333333
U5774,2019-11-13 09:22:19,1.0,1.0,1.0,1.0,1.0,1.0,0.8928571428571429,0.25,0.5012658353418871,0.5012658353418871,1.0,1.0
U80489,2019-11-13 09:22:26,1.0,1.0,1.0,1.0,1.0,1.0,1.0,1.0,1.0,1.0,1.0,1.0
U77149,2019-11-13 09:22:34,0.9411764705882353,0.5,0.7328286204777911,0.7328286204777911,1.0,1.0,0.3333333333333333,0.1,0.0,0.13565197343244778,0.0,0.3333333333333333
U50941,2019-11-13 09:23:07,0.9555555555555556,1.0,0.4703652827859579,0.7140069974742133,0.3333333333333333,0.8333333333333334,0.5644444444444444,0.125,0.0,0.09546043308946733,0.0,0.16666666666666666
U1294,2019-11-13 09:23:11,0.9952038369304557,1.0,0.8539316501572937,0.9667147927059906,0.4444444444444444,1.0,0.5723421262989609,0.16666666666666666,0.0,0.08372491399919346,0.0,0.1111111111111111
U41254,2019-11-13 09:26:56,0.8809523809523809,0.5,0.38685280723454163,0.6052602440527057,0.5,1.0,0.40476190476190477,0.1,0.0,0.17723928678404774,0.0,0.5
U27842,2019-11-13 09:29:10,1.0,1.0,1.0,1.0,1.0,1.0,0.35,0.1,0.0,0.2890648263178879,0.0,1.0
U82243,2019-11-13 09:30:11,1.0,1.0,1.0,1.0,1.0,1.0,0.9230769230769231,0.5,0.6309297535714575,0.6309297535714575,1.0,1.0
U36641,2019-11-13 09:30:53,1.0,1.0,1.0,1.0,1.0,1.0,0.33333333333333337,0.3333333333333333,0.5,0.5,1.0,1.0
U30666,2019-11-13 09:31:04,1.0,1.0,1.0,1.0,1.0,1.0,0.3869047619047619,0.020833333333333332,0.0,0.0,0.0,0.0
U415,2019-11-13 09:33:14,1.0,1.0,1.0,1.0,1.0,1.0,0.6666666666666667,0.3333333333333333,0.5,0.5,1.0,1.0
U38340,2019-11-13 09:35:16,1.0,1.0,1.0,1.0,1.0,1.0,0.7678571428571429,0.14285714285714285,0.0,0.3889580943680543,0.0,1.0
U69027,2019-11-13 09:37:07,1.0,1.0,1.0,1.0,1.0,1.0,0.3360881542699724,0.02564102564102564,0.0,0.0,0.0,0.0
U12130,2019-11-13 09:38:44,1.0,1.0,1.0,1.0,1.0,1.0,0.5,0.3333333333333333,0.5437713091520254,0.5437713091520254,1.0,1.0
U39548,2019-11-13 09:39:28,0.9920634920634921,0.5,0.7606395682357036,0.7606395682357036,1.0,1.0,0.748015873015873,0.05263157894736842,0.0,0.0,0.0,0.0
U35873,2019-11-13 09:41:27,1.0,1.0,1.0,1.0,1.0,1.0,0.8282828282828282,0.5,0.49818925746641285,0.49818925746641285,0.6666666666666666,0.6666666666666666
U1691,2019-11-13 09:41:33,1.0,1.0,1.0,1.0,1.0,1.0,0.9230769230769231,0.3333333333333333,0.5,0.5,1.0,1.0
U67080,2019-11-13 09:42:29,0.9852941176470588,1.0,0.9197207891481876,0.9197207891481876,1.0,1.0,0.8382352941176471,0.2,0.23719771276929622,0.42177340954886444,0.5,1.0
U91342,2019-11-13 09:45:15,0.9761904761904762,0.5,0.6934264036172708,0.6934264036172708,1.0,1.0,0.6428571428571429,0.3333333333333333,0.3065735963827292,0.3065735963827292,0.5,0.5
U27440,2019-11-13 09:45:18,0.9166666666666667,1.0,0.9197207891481876,0.9197207891481876,1.0,1.0,0.4166666666666667,0.5,0.38685280723454163,0.5802792108518124,0.5,1.0
U65009,2019-11-13 09:45:59,1.0,1.0,1.0,1.0,1.0,1.0,0.7647058823529411,0.1111111111111111,0.0,0.3010299956639812,0.0,1.0
U55261,2019-11-13 09:52:44,0.9924242424242424,1.0,1.0,0.9930783166417602,0.8333333333333334,1.0,0.6060606060606061,0.3333333333333333,0.3156484524795145,0.38249244382604847,0.3333333333333333,0.5
U52329,2019-11-13 09:53:26,1.0,1.0,1.0,1.0,1.0,1.0,0.5456989247311828,0.041666666666666664,0.0,0.0,0.0,0.0
U40166,2019-11-13 09:54:37,1.0,1.0,1.0,1.0,1.0,1.0,0.5875,0.09090909090909091,0.0,0.0,0.0,0.0
U41254,2019-11-13 09:55:04,0.9333333333333333,1.0,0.46927872602275644,0.7737459235132744,0.3333333333333333,1.0,0.8066666666666666,0.25,0.20210734650054757,0.20210734650054757,0.3333333333333333,0.3333333333333333
U40486,2019-11-13 09:55:09,1.0,1.0,1.0,1.0,1.0,1.0,0.9878048780487805,0.3333333333333333,0.5,0.5,1.0,1.0
U11120,2019-11-13 09:55:36,1.0,1.0,1.0,1.0,1.0,1.0,0.5448717948717948,0.058823529411764705,0.0,0.0,0.0,0.0
U49324,2019-11-13 09:56:48,1.0,1.0,1.0,1.0,1.0,1.0,0.5666666666666667,0.16666666666666666,0.0,0.39564672360221187,0.0,1.0
U14931,2019-11-13 09:57:57,1.0,1.0,1.0,1.0,1.0,1.0,0.5454545454545454,1.0,0.6131471927654584,0.6131471927654584,0.5,0.5
U63530,2019-11-13 09:58:16,1.0,1.0,1.0,1.0,1.0,1.0,0.6,0.5,0.6240505200038379,0.6240505200038379,1.0,1.0
U41538,2019-11-13 10:00:11,1.0,1.0,1.0,1.0,1.0,1.0,0.2432432432432432,0.034482758620689655,0.0,0.0,0.0,0.0
U37046,2019-11-13 10:00:27,1.0,1.0,1.0,1.0,1.0,1.0,0.9333333333333333,0.5,0.6934264036172708,0.6934264036172708,1.0,1.0
U87270,2019-11-13 10:00:47,1.0,1.0,1.0,1.0,1.0,1.0,0.75,0.5,0.6309297535714575,0.6309297535714575,1.0,1.0
U41642,2019-11-13 10:03:03,0.8333333333333334,0.5,0.6309297535714575,0.6309297535714575,1.0,1.0,0.16666666666666663,0.16666666666666666,0.0,0.3562071871080222,0.0,1.0
U32973,2019-11-13 10:03:25,1.0,1.0,1.0,1.0,1.0,1.0,0.8409090909090909,1.0,0.6131471927654584,0.6131471927654584,0.5,0.5
U41188,2019-11-13 10:05:38,1.0,1.0,1.0,1.0,1.0,1.0,0.2142857142857143,0.08333333333333333,0.0,0.0,0.0,0.0
U868,2019-11-13 10:06:16,0.9893617021276595,1.0,0.8772153153380493,0.8772153153380493,1.0,1.0,0.7287234042553191,1.0,0.6131471927654584,0.6131471927654584,0.5,0.5
U44210,2019-11-13 10:08:30,0.962962962962963,0.5,0.6934264036172708,0.6934264036172708,1.0,1.0,0.40740740740740744,0.07142857142857142,0.0,0.0,0.0,0.0
U9935,2019-11-13 10:08:53,1.0,1.0,1.0,1.0,1.0,1.0,0.40384615384615385,0.058823529411764705,0.0,0.0,0.0,0.0
U11176,2019-11-13 10:10:24,1.0,1.0,1.0,1.0,1.0,1.0,0.5925925925925926,0.25,0.20210734650054757,0.34337431936037655,0.3333333333333333,0.6666666666666666
U54921,2019-11-13 10:14:19,1.0,1.0,1.0,1.0,0.5555555555555556,1.0,0.7745098039215687,1.0,0.5087403079104241,0.35256832412172806,0.2222222222222222,0.2222222222222222
U47188,2019-11-13 10:14:38,0.9919191919191919,1.0,0.7227265726449519,0.9565912771023182,0.6,1.0,0.5636363636363636,0.14285714285714285,0.0,0.11305340175787204,0.0,0.2
U33144,2019-11-13 10:17:01,1.0,1.0,1.0,1.0,1.0,1.0,0.07142857142857145,0.14285714285714285,0.0,0.3333333333333333,0.0,1.0
U354,2019-11-13 10:17:49,0.9693877551020408,0.5,0.6509209298071326,0.6509209298071326,1.0,1.0,0.36734693877551017,0.05555555555555555,0.0,0.0,0.0,0.0
U48075,2019-11-13 10:20:24,1.0,1.0,1.0,1.0,1.0,1.0,0.75,0.25,0.43067655807339306,0.43067655807339306,1.0,1.0
U2683,2019-11-13 10:21:13,0.9927007299270073,0.5,0.7328286204777911,0.7328286204777911,1.0,1.0,0.7165450121654501,0.1111111111111111,0.0,0.14126697285982898,0.0,0.3333333333333333
U72148,2019-11-13 10:28:00,1.0,1.0,1.0,1.0,1.0,1.0,0.8484848484848484,1.0,0.7653606369886217,0.9134015924715543,0.6666666666666666,1.0
U47003,2019-11-13 10:30:49,1.0,1.0,1.0,1.0,1.0,1.0,0.6481481481481481,0.5,0.38685280723454163,0.38685280723454163,0.5,0.5
U3596,2019-11-13 10:33:35,0.9848484848484849,0.5,0.6309297535714575,0.6309297535714575,1.0,1.0,0.8787878787878788,0.1111111111111111,0.0,0.3010299956639812,0.0,1.0
U72590,2019-11-13 10:34:14,1.0,1.0,1.0,1.0,1.0,1.0,0.09999999999999998,0.1,0.0,0.2890648263178879,0.0,1.0
U50902,2019-11-13 10:34:49,0.9583333333333334,0.5,0.7328286204777911,0.7328286204777911,1.0,1.0,0.5416666666666666,0.125,0.0,0.2836929289153804,0.0,0.6666666666666666
U16646,2019-11-13 10:35:52,0.9565217391304348,0.3333333333333333,0.5706417189553201,0.5706417189553201,1.0,1.0,0.6086956521739131,0.2,0.23719771276929622,0.23719771276929622,0.5,0.5
U88642,2019-11-13 10:36:38,0.996415770609319,1.0,0.9674679834891693,0.9674679834891693,1.0,1.0,0.3978494623655914,0.045454545454545456,0.0,0.0,0.0,0.0
U8818,2019-11-13 10:37:20,0.9692307692307692,0.3333333333333333,0.5,0.5,1.0,1.0,0.3846153846153846,0.024390243902439025,0.0,0.0,0.0,0.0
U26873,2019-11-13 10:39:32,0.9787234042553191,0.5,0.6309297535714575,0.6309297535714575,1.0,1.0,0.46808510638297873,0.038461538461538464,0.0,0.0,0.0,0.0
U82333,2019-11-13 10:42:30,1.0,1.0,1.0,1.0,1.0,1.0,0.0,0.3333333333333333,0.5,0.5,1.0,1.0
U68923,2019-11-13 10:42:41,1.0,1.0,1.0,1.0,1.0,1.0,0.4444444444444444,0.125,0.0,0.1480409554829326,0.0,0.3333333333333333
U52322,2019-11-13 10:46:12,0.9976689976689976,1.0,1.0,0.9363792118010483,0.38461538461538464,0.6923076923076923,0.42132867132867136,0.034482758620689655,0.0,0.0,0.0,0.0
U53642,2019-11-13 10:47:03,0.9876237623762376,1.0,0.787702056960637,0.9178287402913377,0.75,1.0,0.5767326732673268,0.045454545454545456,0.0,0.0,0.0,0.0
U30099,2019-11-13 10:47:23,1.0,1.0,1.0,1.0,0.8333333333333334,1.0,0.7772861356932154,0.16666666666666666,0.0,0.10778915452451093,0.0,0.16666666666666666
U31461,2019-11-13 10:48:03,0.9416666666666667,1.0,0.6508205185601091,0.8072467605676945,0.6666666666666666,1.0,0.4583333333333333,0.06666666666666667,0.0,0.0,0.0,0.0
U67606,2019-11-13 10:50:16,1.0,1.0,1.0,1.0,1.0,1.0,0.8768115942028986,0.05555555555555555,0.0,0.0,0.0,0.0
U10133,2019-11-13 10:52:15,0.991869918699187,1.0,1.0,1.0,1.0,1.0,0.3739837398373983,0.25,0.20210734650054757,0.20210734650054757,0.3333333333333333,0.3333333333333333
U6126,2019-11-13 10:52:39,0.9285714285714286,0.5,0.6934264036172708,0.6934264036172708,1.0,1.0,0.2857142857142857,0.1,0.0,0.17723928678404774,0.0,0.5
U63827,2019-11-13 10:52:46,1.0,1.0,1.0,1.0,1.0,1.0,0.42105263157894735,0.08333333333333333,0.0,0.0,0.0,0.0
U66630,2019-11-13 10:53:29,1.0,1.0,1.0,1.0,1.0,1.0,0.75,0.5,0.2960819109658652,0.5988943393645153,0.3333333333333333,1.0
U71475,2019-11-13 10:54:33,1.0,1.0,1.0,1.0,1.0,1.0,0.7207207207207207,0.06666666666666667,0.0,0.0,0.0,0.0
U39904,2019-11-13 10:55:10,1.0,1.0,1.0,1.0,0.23809523809523808,0.47619047619047616,0.39554531490015354,0.2,0.13120507751234178,0.22212782793993274,0.047619047619047616,0.14285714285714285
U72281,2019-11-13 10:56:48,1.0,1.0,1.0,1.0,1.0,1.0,0.48958333333333337,0.02,0.0,0.0,0.0,0.0
U26090,2019-11-13 10:57:27,1.0,1.0,1.0,1.0,1.0,1.0,0.125,0.06666666666666667,0.0,0.0,0.0,0.0
U82957,2019-11-13 11:01:22,1.0,1.0,1.0,1.0,1.0,1.0,0.7772277227722773,0.058823529411764705,0.0,0.0,0.0,0.0
U70449,2019-11-13 11:03:57,1.0,1.0,1.0,1.0,1.0,1.0,0.25,0.25,0.43067655807339306,0.43067655807339306,1.0,1.0
U4998,2019-11-13 11:04:58,1.0,1.0,1.0,1.0,1.0,1.0,0.7052238805970149,1.0,0.5585075862632192,0.5585075862632192,0.5,0.5
U75203,2019-11-13 11:06:47,0.9642857142857143,0.3333333333333333,0.34620964322385606,0.5994875209249215,0.5,1.0,0.5618131868131868,0.25,0.16812753627111746,0.16812753627111746,0.25,0.25
U45396,2019-11-13 11:09:46,1.0,1.0,1.0,1.0,1.0,1.0,0.7115384615384616,1.0,0.3903800499921017,0.5294362295028773,0.25,0.5
U76135,2019-11-13 11:11:03,0.9953488372093023,0.5,0.7328286204777911,0.7328286204777911,1.0,1.0,0.8217054263565892,0.07692307692307693,0.0,0.0,0.0,0.0
U47563,2019-11-13 11:12:12,0.995049504950495,1.0,0.9469024295259745,0.9469024295259745,1.0,1.0,0.7392739273927392,0.25,0.20210734650054757,0.20210734650054757,0.3333333333333333,0.3333333333333333
U18285,2019-11-13 11:13:31,0.9827586206896552,1.0,0.9197207891481876,0.9197207891481876,1.0,1.0,0.31034482758620685,0.0625,0.0,0.0,0.0,0.0
U29045,2019-11-13 11:14:07,1.0,1.0,1.0,1.0,1.0,1.0,0.31481481481481477,0.02631578947368421,0.0,0.0,0.0,0.0
U82214,2019-11-13 11:14:08,1.0,1.0,1.0,1.0,1.0,1.0,0.16666666666666663,0.0625,0.0,0.0,0.0,0.0
U80732,2019-11-13 11:14:13,1.0,1.0,1.0,1.0,1.0,1.0,0.7142857142857143,0.1111111111111111,0.0,0.3010299956639812,0.0,1.0
U4192,2019-11-13 11:16:44,1.0,1.0,1.0,1.0,0.8333333333333334,1.0,0.7642276422764228,1.0,0.6843515475204855,0.6105858728157117,0.5,0.5
U76943,2019-11-13 11:16:46,0.9902912621359223,0.5,0.6309297535714575,0.6309297535714575,1.0,1.0,0.7572815533980582,0.038461538461538464,0.0,0.0,0.0,0.0
U7736,2019-11-13 11:17:10,0.953125,0.5,0.5296347172140421,0.5479082981328389,0.375,0.625,0.53125,0.08333333333333333,0.0,0.0,0.0,0.0
U20856,2019-11-13 11:17:45,0.9807692307692307,0.5,0.7328286204777911,0.7328286204777911,1.0,1.0,0.6794871794871795,0.25,0.20210734650054757,0.34337431936037655,0.3333333333333333,0.6666666666666666
U36045,2019-11-13 11:19:23,1.0,1.0,1.0,1.0,1.0,1.0,0.6666666666666667,0.125,0.0,0.31546487678572877,0.0,1.0
U40418,2019-11-13 11:20:39,0.875,0.5,0.6309297535714575,0.6309297535714575,1.0,1.0,0.25,0.1,0.0,0.2890648263178879,0.0,1.0
U44762,2019-11-13 11:21:08,1.0,1.0,1.0,1.0,1.0,1.0,0.4863636363636364,0.25,0.14606834984270645,0.24410763567406352,0.2,0.4
U22269,2019-11-13 11:22:06,0.9757575757575758,1.0,0.6508205185601091,0.7988614740430418,0.6666666666666666,1.0,0.8181818181818181,0.16666666666666666,0.0,0.16716045496620227,0.0,0.3333333333333333
U4992,2019-11-13 11:23:27,0.9166666666666666,0.5,0.49818925746641285,0.6653497124326151,0.6666666666666666,1.0,0.6944444444444444,0.5,0.2960819109658652,0.43734888382569426,0.3333333333333333,0.6666666666666666
U40618,2019-11-13 11:28:13,0.95,1.0,0.5413996682199069,0.7946775459209724,0.5,1.0,0.6090909090909091,0.5,0.24630238874073,0.24630238874073,0.25,0.25
U6657,2019-11-13 11:30:01,0.9166666666666666,0.3333333333333333,0.5,0.5,1.0,1.0,0.20833333333333337,0.05,0.0,0.0,0.0,0.0
U53104,2019-11-13 11:30:50,1.0,1.0,1.0,1.0,1.0,1.0,0.6666666666666667,0.5,0.6309297535714575,0.6309297535714575,1.0,1.0
U58864,2019-11-13 11:30:57,1.0,1.0,1.0,1.0,1.0,1.0,0.3095238095238095,0.03571428571428571,0.0,0.0,0.0,0.0
U23168,2019-11-13 11:31:54,0.6666666666666667,0.5,0.6309297535714575,0.6309297535714575,1.0,1.0,0.6666666666666667,0.5,0.6309297535714575,0.6309297535714575,1.0,1.0
U18373,2019-11-13 11:33:15,1.0,1.0,1.0,1.0,1.0,1.0,0.6,0.058823529411764705,0.0,0.0,0.0,0.0
U51343,2019-11-13 11:35:32,1.0,1.0,1.0,1.0,1.0,1.0,0.6041666666666667,0.5,0.38685280723454163,0.38685280723454163,0.5,0.5
U4192,2019-11-13 11:37:44,1.0,1.0,1.0,1.0,1.0,1.0,0.39855072463768115,0.03571428571428571,0.0,0.0,0.0,0.0
U65146,2019-11-13 11:37:50,0.9642857142857143,0.5,0.6309297535714575,0.6309297535714575,1.0,1.0,0.5,0.06666666666666667,0.0,0.0,0.0,0.0
U22269,2019-11-13 11:39:21,1.0,1.0,1.0,1.0,1.0,1.0,0.0,0.3333333333333333,0.5,0.5,1.0,1.0
U83940,2019-11-13 11:39:34,1.0,1.0,1.0,1.0,1.0,1.0,0.18181818181818177,0.1,0.0,0.2890648263178879,0.0,1.0
U1030,2019-11-13 11:40:04,0.99,0.5,0.6608397947263839,0.7982650576674577,0.6666666666666666,1.0,0.5008333333333334,0.05555555555555555,0.0,0.0,0.0,0.0
U25193,2019-11-13 11:42:55,0.9705882352941176,0.5,0.6934264036172708,0.6934264036172708,1.0,1.0,0.4117647058823529,0.047619047619047616,0.0,0.0,0.0,0.0
U28185,2019-11-13 11:43:21,0.9925925925925926,1.0,0.8539316501572937,0.9747429528567879,0.8,1.0,0.762962962962963,0.2,0.13120507751234178,0.13120507751234178,0.2,0.2
U55188,2019-11-13 11:44:16,1.0,1.0,1.0,1.0,1.0,1.0,0.6699029126213593,0.05263157894736842,0.0,0.0,0.0,0.0
U33920,2019-11-13 11:45:00,0.9722222222222222,0.25,0.43067655807339306,0.43067655807339306,1.0,1.0,0.13888888888888884,0.010638297872340425,0.0,0.0,0.0,0.0
U18465,2019-11-13 11:45:33,0.9617647058823529,0.3333333333333333,0.34620964322385606,0.5994875209249215,0.5,1.0,0.29117647058823526,0.045454545454545456,0.0,0.0,0.0,0.0
U67984,2019-11-13 11:48:37,1.0,1.0,1.0,1.0,1.0,1.0,0.6090322580645162,0.1,0.0,0.09803928583135704,0.0,0.2
U30147,2019-11-13 11:52:52,0.9,1.0,0.9197207891481876,0.9197207891481876,1.0,1.0,0.6,0.5,0.6240505200038379,0.6240505200038379,1.0,1.0
U3445,2019-11-13 11:53:14,0.967741935483871,0.3333333333333333,0.6182885020492784,0.6182885020492784,1.0,1.0,0.2903225806451613,0.023255813953488372,0.0,0.0,0.0,0.0
U21194,2019-11-13 11:53:50,1.0,1.0,1.0,1.0,1.0,1.0,0.28,0.07692307692307693,0.0,0.0,0.0,0.0
U3690,2019-11-13 11:55:13,0.9916666666666666,1.0,0.9197207891481876,0.9197207891481876,1.0,1.0,0.7083333333333334,0.08333333333333333,0.0,0.0,0.0,0.0
U12106,2019-11-13 11:55:50,1.0,1.0,1.0,1.0,1.0,1.0,0.7037037037037037,1.0,0.3903800499921017,0.3903800499921017,0.25,0.25
U16679,2019-11-13 11:56:08,0.9047619047619049,0.5,0.7122630665145961,0.7122630665145961,1.0,1.0,0.6904761904761905,0.3333333333333333,0.4367467095119258,0.4367467095119258,0.6666666666666666,0.6666666666666666
U19211,2019-11-13 11:57:04,0.9926136363636364,1.0,0.6548086577531307,0.8886733622104969,0.6,1.0,0.44431818181818183,0.03225806451612903,0.0,0.0,0.0,0.0
U57598,2019-11-13 11:57:52,1.0,1.0,1.0,1.0,1.0,1.0,0.18518518518518523,0.043478260869565216,0.0,0.0,0.0,0.0
U80905,2019-11-13 11:58:19,0.888888888888889,0.5,0.6309297535714575,0.6309297535714575,1.0,1.0,0.8888888888888888,0.5,0.6309297535714575,0.6309297535714575,1.0,1.0
U41305,2019-11-13 11:58:52,1.0,1.0,1.0,1.0,1.0,1.0,1.0,1.0,1.0,1.0,1.0,1.0
U7210,2019-11-13 11:59:36,0.9629629629629629,0.5,0.6309297535714575,0.6309297535714575,1.0,1.0,0.2222222222222222,0.045454545454545456,0.0,0.0,0.0,0.0
U80724,2019-11-13 12:00:01,1.0,1.0,1.0,1.0,1.0,1.0,0.5291666666666667,0.3333333333333333,0.3065735963827292,0.3065735963827292,0.5,0.5
U55699,2019-11-13 12:01:22,1.0,1.0,1.0,1.0,1.0,1.0,1.0,1.0,1.0,1.0,1.0,1.0
U17274,2019-11-13 12:05:30,1.0,1.0,1.0,1.0,1.0,1.0,0.8113207547169812,0.5,0.38685280723454163,0.38685280723454163,0.5,0.5
U66617,2019-11-13 12:05:43,0.9557823129251701,0.25,0.20210734650054757,0.5105347743265789,0.3333333333333333,1.0,0.49999999999999994,0.05263157894736842,0.0,0.0,0.0,0.0
U14889,2019-11-13 12:05:47,0.976,1.0,0.6548086577531307,0.8886733622104969,0.6,1.0,0.66,0.2,0.13120507751234178,0.13120507751234178,0.2,0.2
U31627,2019-11-13 12:06:29,1.0,1.0,1.0,1.0,1.0,1.0,0.962962962962963,0.5,0.6309297535714575,0.6309297535714575,1.0,1.0
U84072,2019-11-13 12:08:16,0.9947089947089948,1.0,0.8687949224876582,0.9803771474638899,0.5714285714285714,1.0,0.6719576719576719,0.3333333333333333,0.3156484524795145,0.35373388476247614,0.2857142857142857,0.42857142857142855
U50953,2019-11-13 12:09:13,0.9871794871794871,1.0,0.9197207891481876,0.9197207891481876,1.0,1.0,0.6282051282051282,0.07142857142857142,0.0,0.0,0.0,0.0
U34821,2019-11-13 12:10:28,0.9803921568627451,1.0,0.9469024295259745,0.9469024295259745,1.0,1.0,0.46078431372549017,0.06666666666666667,0.0,0.0,0.0,0.0
U78927,2019-11-13 12:11:18,0.9894957983193278,1.0,0.830419897363192,0.9420189129756219,0.5714285714285714,1.0,0.6596638655462185,0.08333333333333333,0.0,0.0,0.0,0.0
U6877,2019-11-13 12:12:10,1.0,1.0,1.0,1.0,1.0,1.0,0.7083333333333334,0.125,0.0,0.1480409554829326,0.0,0.3333333333333333
U83003,2019-11-13 12:12:33,1.0,1.0,1.0,1.0,1.0,1.0,0.75,0.25,0.2640681225725909,0.448643819352159,0.5,1.0
U54811,2019-11-13 12:13:22,0.9866666666666666,1.0,0.7860137352654724,0.9068250379649666,0.8,1.0,0.45333333333333337,0.25,0.14606834984270645,0.14606834984270645,0.2,0.2
U63840,2019-11-13 12:14:03,1.0,1.0,1.0,1.0,1.0,1.0,0.0,0.5,0.6309297535714575,0.6309297535714575,1.0,1.0
U54004,2019-11-13 12:17:10,1.0,1.0,1.0,1.0,1.0,1.0,0.6749999999999999,0.3333333333333333,0.19519002499605084,0.33424620450682646,0.25,0.5
U14632,2019-11-13 12:18:11,0.9888059701492536,0.5,0.6509209298071326,0.6509209298071326,1.0,1.0,0.6194029850746268,0.07692307692307693,0.0,0.0,0.0,0.0
U34759,2019-11-13 12:18:43,0.9655172413793104,0.5,0.6240505200038379,0.6240505200038379,1.0,1.0,0.5948275862068966,0.25,0.2640681225725909,0.2640681225725909,0.5,0.5
U26286,2019-11-13 12:24:23,0.999507874015748,1.0,1.0,1.0,0.625,1.0,0.33759842519685035,0.07692307692307693,0.0,0.0,0.0,0.0
U50977,2019-11-13 12:24:55,1.0,1.0,1.0,1.0,1.0,1.0,0.8,0.3333333333333333,0.5,0.5,1.0,1.0
U51097,2019-11-13 12:25:21,1.0,1.0,1.0,1.0,0.7142857142857143,1.0,0.665266106442577,0.125,0.0,0.08671382849411972,0.0,0.14285714285714285
U85916,2019-11-13 12:26:46,1.0,1.0,1.0,1.0,1.0,1.0,0.28571428571428575,0.2,0.23719771276929622,0.430624116386567,0.5,1.0
U30666,2019-11-13 12:27:30,1.0,1.0,1.0,1.0,1.0,1.0,0.6,0.2,0.23719771276929622,0.45560514958746035,0.5,1.0
U52311,2019-11-13 12:27:40,1.0,1.0,1.0,1.0,1.0,1.0,0.25,0.0625,0.0,0.0,0.0,0.0
U76535,2019-11-13 12:29:14,1.0,1.0,1.0,1.0,0.8333333333333334,1.0,0.46929824561403505,0.25,0.14606834984270645,0.13032376591037062,0.16666666666666666,0.16666666666666666
U1076,2019-11-13 12:30:19,0.9789473684210527,0.3333333333333333,0.5143371794949736,0.6533933590057491,0.75,1.0,0.32105263157894737,0.058823529411764705,0.0,0.0,0.0,0.0
U16852,2019-11-13 12:31:35,1.0,1.0,1.0,1.0,1.0,1.0,0.375,0.1,0.0,0.2890648263178879,0.0,1.0
U28273,2019-11-13 12:32:54,0.9666666666666667,1.0,0.9197207891481876,0.9197207891481876,1.0,1.0,0.8666666666666667,0.5,0.6240505200038379,0.6240505200038379,1.0,1.0
U72849,2019-11-13 12:33:49,1.0,1.0,1.0,1.0,1.0,1.0,0.4956896551724138,0.16666666666666666,0.0,0.2691828628414762,0.0,0.5
U3666,2019-11-13 12:34:26,0.9743589743589743,0.5,0.6309297535714575,0.6309297535714575,1.0,1.0,0.1282051282051282,0.02857142857142857,0.0,0.0,0.0,0.0
U86485,2019-11-13 12:35:08,1.0,1.0,1.0,1.0,1.0,1.0,0.8141025641025641,0.14285714285714285,0.0,0.3044671974905181,0.0,0.6666666666666666
U87469,2019-11-13 12:35:32,0.875,0.5,0.6309297535714575,0.6309297535714575,1.0,1.0,0.25,0.14285714285714285,0.0,0.3333333333333333,0.0,1.0
U83031,2019-11-13 12:35:50,0.9791666666666666,0.5,0.6934264036172708,0.6934264036172708,1.0,1.0,0.625,0.25,0.2640681225725909,0.2640681225725909,0.5,0.5
U25453,2019-11-13 12:36:46,0.9894179894179894,1.0,0.9060254355346823,0.9060254355346823,1.0,1.0,0.6296296296296297,0.5,0.2960819109658652,0.431733884398313,0.3333333333333333,0.6666666666666666
U15193,2019-11-13 12:36:54,0.9944664031620554,1.0,0.8687949224876582,0.914856882358379,0.36363636363636365,0.8181818181818182,0.7098814229249012,0.3333333333333333,0.3156484524795145,0.2684550357175426,0.18181818181818182,0.2727272727272727
U63417,2019-11-13 12:37:13,1.0,1.0,1.0,1.0,1.0,1.0,0.7000000000000001,0.2,0.23719771276929622,0.23719771276929622,0.5,0.5
U45958,2019-11-13 12:37:29,0.9473684210526316,0.5,0.6309297535714575,0.6309297535714575,1.0,1.0,0.8947368421052632,0.3333333333333333,0.5,0.5,1.0,1.0
U66057,2019-11-13 12:38:05,1.0,1.0,1.0,1.0,1.0,1.0,0.328125,0.058823529411764705,0.0,0.0,0.0,0.0
U25130,2019-11-13 12:38:21,0.9230769230769231,0.5,0.7606395682357036,0.7606395682357036,1.0,1.0,0.5384615384615384,0.2,0.15101961822780524,0.39399144290744104,0.25,0.75
U5806,2019-11-13 12:41:53,1.0,1.0,1.0,1.0,1.0,1.0,1.0,1.0,1.0,1.0,1.0,1.0
U47201,2019-11-13 12:44:50,1.0,1.0,1.0,1.0,1.0,1.0,0.0625,0.0625,0.0,0.0,0.0,0.0
U83737,2019-11-13 12:45:01,0.984782608695652,1.0,0.6548086577531307,0.8826130928198886,0.6,1.0,0.44130434782608696,0.08333333333333333,0.0,0.0,0.0,0.0
U1597,2019-11-13 12:46:20,0.9761904761904763,1.0,0.9197207891481876,0.9197207891481876,1.0,1.0,0.5714285714285714,0.2,0.23719771276929622,0.23719771276929622,0.5,0.5
U30843,2019-11-13 12:49:39,1.0,1.0,1.0,1.0,1.0,1.0,0.41666666666666663,0.16666666666666666,0.0,0.16716045496620227,0.0,0.3333333333333333
U65587,2019-11-13 12:52:14,1.0,1.0,1.0,1.0,1.0,1.0,0.09999999999999998,0.05263157894736842,0.0,0.0,0.0,0.0
U21954,2019-11-13 12:55:02,1.0,1.0,1.0,1.0,1.0,1.0,0.8181818181818181,0.3333333333333333,0.5,0.5,1.0,1.0
U1597,2019-11-13 12:56:34,1.0,1.0,1.0,1.0,1.0,1.0,0.75,0.3333333333333333,0.5,0.5,1.0,1.0
U61881,2019-11-13 12:57:43,0.9714285714285714,0.5,0.6309297535714575,0.6309297535714575,1.0,1.0,0.9714285714285714,0.5,0.6309297535714575,0.6309297535714575,1.0,1.0
U72280,2019-11-13 12:57:43,0.9230769230769231,0.5,0.6309297535714575,0.6309297535714575,1.0,1.0,0.0,0.07142857142857142,0.0,0.0,0.0,0.0
U24079,2019-11-13 12:58:10,0.9788461538461538,1.0,0.7860137352654724,0.8995710933840294,0.5,1.0,0.5115384615384615,0.25,0.27727342735504823,0.2067880872529163,0.25,0.25
U79621,2019-11-13 13:01:14,1.0,1.0,1.0,1.0,1.0,1.0,0.18181818181818177,0.05263157894736842,0.0,0.0,0.0,0.0
U22747,2019-11-13 13:03:49,1.0,1.0,1.0,1.0,1.0,1.0,0.44999999999999996,0.06666666666666667,0.0,0.0,0.0,0.0
U32796,2019-11-13 13:04:01,1.0,1.0,1.0,1.0,1.0,1.0,0.6176470588235294,1.0,0.6131471927654584,0.6131471927654584,0.5,0.5
U4992,2019-11-13 13:04:50,0.9871134020618556,1.0,0.7365896932159578,0.8756458727267334,0.75,1.0,0.6804123711340206,0.5,0.24630238874073,0.369453583111095,0.25,0.5
U66797,2019-11-13 13:06:36,1.0,1.0,1.0,1.0,1.0,1.0,0.6568627450980392,0.058823529411764705,0.0,0.0,0.0,0.0
U70912,2019-11-13 13:07:58,0.9834558823529411,0.5,0.38356636737133565,0.5251542201192169,0.3333333333333333,0.6666666666666666,0.5643382352941175,0.03571428571428571,0.0,0.0,0.0,0.0
U11176,2019-11-13 13:09:09,1.0,1.0,1.0,1.0,1.0,1.0,1.0,1.0,1.0,1.0,1.0,1.0
U11828,2019-11-13 13:09:19,0.9909090909090909,1.0,0.9197207891481876,0.9197207891481876,1.0,1.0,0.9818181818181818,1.0,0.8772153153380493,0.8772153153380493,1.0,1.0
U27216,2019-11-13 13:13:51,1.0,1.0,1.0,1.0,1.0,1.0,0.6875,0.16666666666666666,0.0,0.3562071871080222,0.0,1.0
U40168,2019-11-13 13:14:46,1.0,1.0,1.0,1.0,1.0,1.0,0.2941176470588235,0.07692307692307693,0.0,0.0,0.0,0.0
U24392,2019-11-13 13:16:12,1.0,1.0,1.0,1.0,1.0,1.0,0.5,0.058823529411764705,0.0,0.0,0.0,0.0
U89249,2019-11-13 13:16:27,0.993103448275862,1.0,0.8854598815714874,0.8854598815714874,1.0,1.0,0.46436781609195404,0.018518518518518517,0.0,0.0,0.0,0.0
U13341,2019-11-13 13:17:07,1.0,1.0,1.0,1.0,1.0,1.0,0.5083333333333333,0.2,0.18154179253735267,0.18154179253735267,0.3333333333333333,0.3333333333333333
U55632,2019-11-13 13:21:07,0.9963235294117647,1.0,0.9197207891481876,0.9197207891481876,1.0,1.0,0.8897058823529412,0.1111111111111111,0.0,0.18457569677956817,0.0,0.5
U10133,2019-11-13 13:21:36,0.9845679012345678,1.0,0.6713860725233041,0.8385465274895063,0.6666666666666666,1.0,0.6450617283950617,0.0625,0.0,0.0,0.0,0.0
U85796,2019-11-13 13:23:37,0.9974937343358395,1.0,0.9674679834891693,0.9674679834891693,1.0,1.0,0.6240601503759399,1.0,0.46927872602275644,0.46927872602275644,0.3333333333333333,0.3333333333333333
U5045,2019-11-13 13:23:53,0.9866666666666666,1.0,0.9674679834891693,0.9674679834891693,1.0,1.0,0.22666666666666668,0.05263157894736842,0.0,0.0,0.0,0.0
U93821,2019-11-13 13:23:56,1.0,1.0,1.0,1.0,1.0,1.0,0.7258064516129032,0.3333333333333333,0.3065735963827292,0.3065735963827292,0.5,0.5
U69913,2019-11-13 13:25:50,1.0,1.0,1.0,1.0,1.0,1.0,0.6,0.16666666666666666,0.0,0.3084274278260313,0.0,0.6666666666666666
U25130,2019-11-13 13:25:57,0.89,0.25,0.2640681225725909,0.44130740935663865,0.5,1.0,0.22999999999999998,0.03571428571428571,0.0,0.0,0.0,0.0
U25094,2019-11-13 13:28:27,1.0,1.0,1.0,1.0,1.0,1.0,0.46875,0.125,0.0,0.19342640361727081,0.0,0.5
U86612,2019-11-13 13:28:46,0.9791666666666667,1.0,0.9197207891481876,0.9197207891481876,1.0,1.0,0.8541666666666666,0.5,0.38685280723454163,0.5802792108518124,0.5,1.0
U22506,2019-11-13 13:29:19,0.975609756097561,0.5,0.6309297535714575,0.6309297535714575,1.0,1.0,0.14634146341463417,0.027777777777777776,0.0,0.0,0.0,0.0
U52336,2019-11-13 13:30:24,0.9746666666666666,1.0,0.8687949224876582,0.7791714369672127,0.26666666666666666,0.4666666666666667,0.48266666666666663,0.2,0.13120507751234178,0.1487639058405727,0.06666666666666667,0.13333333333333333
U36851,2019-11-13 13:33:01,0.9935897435897436,1.0,0.9197207891481876,0.9197207891481876,1.0,1.0,0.641025641025641,0.3333333333333333,0.3065735963827292,0.3065735963827292,0.5,0.5
U88944,2019-11-13 13:35:02,0.9963235294117647,1.0,1.0,0.9918291064614978,0.625,1.0,0.32536764705882354,0.125,0.0,0.07979453856244817,0.0,0.125
U67648,2019-11-13 13:42:14,1.0,1.0,1.0,1.0,1.0,1.0,0.8260869565217391,0.2,0.38685280723454163,0.38685280723454163,1.0,1.0
U57996,2019-11-13 13:42:40,0.98375,1.0,0.5531464700081437,0.7870111744655099,0.4,0.8,0.56125,0.047619047619047616,0.0,0.0,0.0,0.0
U6246,2019-11-13 13:43:35,1.0,1.0,1.0,1.0,1.0,1.0,0.8,0.3333333333333333,0.5,0.5,1.0,1.0
U91142,2019-11-13 13:43:54,0.9863636363636363,1.0,0.6164336326286644,0.8442380676954223,0.6,1.0,0.5772727272727273,0.3333333333333333,0.16958010263680806,0.16958010263680806,0.2,0.2
U66036,2019-11-13 13:45:06,1.0,1.0,1.0,1.0,0.8333333333333334,1.0,0.5238095238095237,0.2,0.13120507751234178,0.21793006430423467,0.16666666666666666,0.3333333333333333
U26663,2019-11-13 13:45:51,0.986842105263158,1.0,0.9197207891481876,0.9197207891481876,1.0,1.0,0.07894736842105265,0.030303030303030304,0.0,0.0,0.0,0.0
U15459,2019-11-13 13:47:51,1.0,1.0,1.0,1.0,1.0,1.0,0.4476190476190476,0.022222222222222223,0.0,0.0,0.0,0.0
U30183,2019-11-13 13:50:15,1.0,1.0,1.0,1.0,1.0,1.0,0.9032258064516129,0.25,0.43067655807339306,0.43067655807339306,1.0,1.0
U64311,2019-11-13 13:53:05,0.9473684210526315,0.5,0.6934264036172708,0.6934264036172708,1.0,1.0,0.4473684210526316,0.2,0.23719771276929622,0.23719771276929622,0.5,0.5
U60597,2019-11-13 13:55:41,1.0,1.0,1.0,1.0,1.0,1.0,0.7572463768115941,0.2,0.15101961822780524,0.15101961822780524,0.25,0.25
U53537,2019-11-13 14:02:56,1.0,1.0,1.0,1.0,1.0,1.0,0.8103448275862069,1.0,0.6366824387328317,0.7495275800817669,0.5,0.75
U66581,2019-11-13 14:03:13,1.0,1.0,1.0,1.0,1.0,1.0,0.0,0.5,0.6309297535714575,0.6309297535714575,1.0,1.0
U39438,2019-11-13 14:04:48,1.0,1.0,1.0,1.0,1.0,1.0,0.972972972972973,0.5,0.6309297535714575,0.6309297535714575,1.0,1.0
U55726,2019-11-13 14:05:40,0.9952380952380953,1.0,0.9674679834891693,0.9674679834891693,1.0,1.0,0.49523809523809526,0.1111111111111111,0.0,0.14126697285982898,0.0,0.3333333333333333
U42443,2019-11-13 14:07:43,0.9523809523809523,0.5,0.6309297535714575,0.6309297535714575,1.0,1.0,0.09523809523809523,0.05,0.0,0.0,0.0,0.0
U6888,2019-11-13 14:08:44,1.0,1.0,1.0,1.0,1.0,1.0,0.8431372549019608,1.0,0.7653606369886217,0.7653606369886217,0.6666666666666666,0.6666666666666666
U23894,2019-11-13 14:08:57,1.0,1.0,1.0,1.0,1.0,1.0,0.9523809523809523,0.3333333333333333,0.5,0.5,1.0,1.0
U939,2019-11-13 14:16:22,1.0,1.0,1.0,1.0,1.0,1.0,0.6551724137931034,0.125,0.0,0.1480409554829326,0.0,0.3333333333333333
U41291,2019-11-13 14:18:38,1.0,1.0,1.0,1.0,1.0,1.0,0.7553191489361702,0.2,0.23719771276929622,0.23719771276929622,0.5,0.5
U61074,2019-11-13 14:20:25,0.9978632478632479,1.0,1.0,0.9930783166417602,0.8333333333333334,1.0,0.6837606837606838,1.0,0.4703652827859579,0.5151254397262444,0.3333333333333333,0.5
U29484,2019-11-13 14:27:11,1.0,1.0,1.0,1.0,1.0,1.0,0.16666666666666663,0.0625,0.0,0.0,0.0,0.0
U23181,2019-11-13 14:32:04,1.0,1.0,1.0,1.0,1.0,1.0,1.0,1.0,1.0,1.0,1.0,1.0
U53389,2019-11-13 14:32:10,1.0,1.0,1.0,1.0,1.0,1.0,0.33333333333333337,0.3333333333333333,0.5,0.5,1.0,1.0
U56706,2019-11-13 14:32:55,1.0,1.0,1.0,1.0,1.0,1.0,0.6923076923076923,1.0,0.46927872602275644,0.46927872602275644,0.3333333333333333,0.3333333333333333
U33598,2019-11-13 14:33:56,0.8888888888888888,0.5,0.6309297535714575,0.6309297535714575,1.0,1.0,0.7777777777777778,0.3333333333333333,0.5,0.5,1.0,1.0
U75934,2019-11-13 14:34:06,1.0,1.0,1.0,1.0,1.0,1.0,0.7,0.25,0.43067655807339306,0.43067655807339306,1.0,1.0
U49572,2019-11-13 14:35:01,0.9902597402597403,1.0,1.0,0.9083745556952364,0.7142857142857143,0.8571428571428571,0.7478354978354979,0.14285714285714285,0.0,0.09162544430476362,0.0,0.14285714285714285
U90934,2019-11-13 14:36:41,1.0,1.0,1.0,1.0,1.0,1.0,0.35714285714285715,0.125,0.0,0.19342640361727081,0.0,0.5
U59042,2019-11-13 14:36:50,0.9666666666666667,0.5,0.6309297535714575,0.6309297535714575,1.0,1.0,0.7999999999999999,0.14285714285714285,0.0,0.3333333333333333,0.0,1.0
U81564,2019-11-13 14:37:17,0.8709677419354839,0.2,0.38685280723454163,0.38685280723454163,1.0,1.0,0.19354838709677424,0.038461538461538464,0.0,0.0,0.0,0.0
U17766,2019-11-13 14:39:14,1.0,1.0,1.0,1.0,1.0,1.0,0.6767676767676768,0.25,0.20210734650054757,0.34337431936037655,0.3333333333333333,0.6666666666666666
U70330,2019-11-13 14:40:09,1.0,1.0,1.0,1.0,1.0,1.0,0.7450980392156863,0.07142857142857142,0.0,0.0,0.0,0.0
U73062,2019-11-13 14:40:28,0.9991228070175439,1.0,0.8687949224876582,0.9896062251871525,0.8,1.0,0.8070175438596492,0.06666666666666667,0.0,0.0,0.0,0.0
U64580,2019-11-13 14:40:39,0.9803921568627451,0.5,0.6797310500037655,0.6797310500037655,1.0,1.0,0.7725490196078432,0.3333333333333333,0.23463936301137822,0.370291336443826,0.3333333333333333,0.6666666666666666
U82564,2019-11-13 14:41:13,0.9969230769230769,1.0,0.8539316501572937,0.9747429528567879,0.8,1.0,0.8538461538461538,0.14285714285714285,0.0,0.11305340175787204,0.0,0.2
U90649,2019-11-13 14:41:58,1.0,1.0,1.0,1.0,1.0,1.0,0.8478260869565217,0.5,0.38685280723454163,0.5802792108518124,0.5,1.0
U34294,2019-11-13 14:45:16,1.0,1.0,1.0,1.0,1.0,1.0,0.75,0.5,0.6934264036172708,0.6934264036172708,1.0,1.0
U42443,2019-11-13 14:49:23,1.0,1.0,1.0,1.0,1.0,1.0,0.4,0.25,0.43067655807339306,0.43067655807339306,1.0,1.0
U80451,2019-11-13 14:51:37,1.0,1.0,1.0,1.0,1.0,1.0,0.6,0.1111111111111111,0.0,0.3010299956639812,0.0,1.0
U51014,2019-11-13 14:53:07,0.9861111111111112,0.3333333333333333,0.5706417189553201,0.5706417189553201,1.0,1.0,0.46875,0.0196078431372549,0.0,0.0,0.0,0.0
U8262,2019-11-13 14:55:22,1.0,1.0,1.0,1.0,1.0,1.0,0.7374999999999999,0.25,0.2640681225725909,0.2640681225725909,0.5,0.5
U72238,2019-11-13 14:56:30,1.0,1.0,1.0,1.0,1.0,1.0,0.75,0.5,0.6309297535714575,0.6309297535714575,1.0,1.0
U58003,2019-11-13 14:57:09,0.9894957983193277,0.5,0.38685280723454163,0.6052602440527057,0.5,1.0,0.4831932773109244,0.05555555555555555,0.0,0.0,0.0,0.0
U5041,2019-11-13 14:57:39,1.0,1.0,1.0,1.0,1.0,1.0,0.5057471264367817,0.25,0.20210734650054757,0.20210734650054757,0.3333333333333333,0.3333333333333333
U58746,2019-11-13 15:04:19,1.0,1.0,1.0,1.0,1.0,1.0,1.0,1.0,1.0,1.0,1.0,1.0
U13247,2019-11-13 15:10:47,1.0,1.0,1.0,1.0,1.0,1.0,0.7222222222222222,1.0,0.46927872602275644,0.46927872602275644,0.3333333333333333,0.3333333333333333
U10747,2019-11-13 15:13:40,0.9803921568627451,0.5,0.7328286204777911,0.7328286204777911,1.0,1.0,0.6339869281045751,0.2,0.18154179253735267,0.18154179253735267,0.3333333333333333,0.3333333333333333
U89951,2019-11-13 15:16:16,0.9950980392156863,1.0,0.9674679834891693,0.9674679834891693,1.0,1.0,0.5588235294117647,0.3333333333333333,0.23463936301137822,0.23463936301137822,0.3333333333333333,0.3333333333333333
U64176,2019-11-13 15:17:36,1.0,1.0,1.0,1.0,1.0,1.0,0.25,0.3333333333333333,0.5,0.5,1.0,1.0
U13652,2019-11-13 15:23:36,0.9166666666666666,0.5,0.6309297535714575,0.6309297535714575,1.0,1.0,0.75,0.25,0.43067655807339306,0.43067655807339306,1.0,1.0
U6396,2019-11-13 15:26:29,0.9803921568627451,0.5,0.6309297535714575,0.6309297535714575,1.0,1.0,0.7843137254901961,0.08333333333333333,0.0,0.0,0.0,0.0
U45110,2019-11-13 15:28:40,0.9743589743589745,0.5,0.5307212739772434,0.6978817289434457,0.6666666666666666,1.0,0.7948717948717949,0.125,0.0,0.1480409554829326,0.0,0.3333333333333333
U53327,2019-11-13 15:32:49,0.9782608695652174,1.0,0.8772153153380493,0.8772153153380493,1.0,1.0,0.6521739130434783,0.5,0.38685280723454163,0.38685280723454163,0.5,0.5
U47235,2019-11-13 15:33:52,1.0,1.0,1.0,1.0,1.0,1.0,1.0,1.0,1.0,1.0,1.0,1.0
U29561,2019-11-13 15:34:30,1.0,1.0,1.0,1.0,1.0,1.0,0.7857142857142857,1.0,0.8503449055347546,0.8503449055347546,1.0,1.0
U80639,2019-11-13 15:35:11,0.9696969696969696,1.0,0.6548086577531307,0.870580658007968,0.5,1.0,0.5934343434343434,0.25,0.27727342735504823,0.24738635904833417,0.3333333333333333,0.3333333333333333
U70147,2019-11-13 15:36:21,0.9285714285714286,0.5,0.6309297535714575,0.6309297535714575,1.0,1.0,0.7142857142857143,0.2,0.38685280723454163,0.38685280723454163,1.0,1.0
U88033,2019-11-13 15:43:36,0.9636363636363636,1.0,0.7039180890341347,0.8519590445170673,0.6666666666666666,1.0,0.5454545454545454,0.16666666666666666,0.0,0.16716045496620227,0.0,0.3333333333333333
U86947,2019-11-13 15:44:52,0.9743589743589743,0.3333333333333333,0.5,0.5,1.0,1.0,0.7564102564102564,0.05,0.0,0.0,0.0,0.0
U53642,2019-11-13 15:45:13,0.943089430894309,0.5,0.4776237035032179,0.6447841584694202,0.6666666666666666,1.0,0.5365853658536586,0.25,0.20210734650054757,0.20210734650054757,0.3333333333333333,0.3333333333333333
U5147,2019-11-13 15:57:15,1.0,1.0,1.0,1.0,1.0,1.0,1.0,1.0,1.0,1.0,1.0,1.0
U3564,2019-11-13 16:09:10,1.0,1.0,1.0,1.0,1.0,1.0,0.993103448275862,0.5,0.6309297535714575,0.6309297535714575,1.0,1.0
U85306,2019-11-13 16:09:53,1.0,1.0,1.0,1.0,1.0,1.0,0.6710526315789473,0.2,0.15101961822780524,0.41322699210894576,0.25,0.75
U93919,2019-11-13 16:10:48,0.9937694704049844,1.0,0.9060254355346823,0.9060254355346823,1.0,1.0,0.37694704049844235,0.019230769230769232,0.0,0.0,0.0,0.0
U14484,2019-11-13 16:11:06,1.0,1.0,1.0,1.0,1.0,1.0,0.6346153846153846,0.14285714285714285,0.0,0.20438239758848611,0.0,0.5
U83072,2019-11-13 16:15:35,0.9848901098901099,1.0,0.8539316501572937,0.87710683944726,0.5,0.875,0.7458791208791209,0.16666666666666666,0.0,0.09010000865236768,0.0,0.125
U58141,2019-11-13 16:17:51,0.9934210526315789,1.0,0.9047172294870751,0.9047172294870751,1.0,1.0,0.30043859649122806,0.019230769230769232,0.0,0.0,0.0,0.0
U72692,2019-11-13 16:23:32,0.9807692307692307,0.5,0.6608397947263839,0.7816510974258781,0.8,1.0,0.34615384615384615,0.08333333333333333,0.0,0.0,0.0,0.0
U73473,2019-11-13 16:31:54,1.0,1.0,1.0,1.0,1.0,1.0,0.8947368421052632,0.3333333333333333,0.5,0.5,1.0,1.0
U1901,2019-11-13 16:36:09,1.0,1.0,1.0,1.0,1.0,1.0,0.25,0.25,0.5012658353418871,0.5012658353418871,1.0,1.0
U42082,2019-11-13 16:36:41,0.9791666666666666,0.5,0.6309297535714575,0.6309297535714575,1.0,1.0,0.9583333333333334,0.3333333333333333,0.5,0.5,1.0,1.0
U36736,2019-11-13 16:37:48,1.0,1.0,1.0,1.0,1.0,1.0,0.0,0.5,0.6309297535714575,0.6309297535714575,1.0,1.0
U20485,2019-11-13 16:39:39,1.0,1.0,1.0,1.0,1.0,1.0,0.8888888888888888,0.5,0.6309297535714575,0.6309297535714575,1.0,1.0
U58003,2019-11-13 16:40:51,0.9919354838709677,0.5,0.5147714448836774,0.7536266569037413,0.5,1.0,0.5698924731182795,0.08333333333333333,0.0,0.0,0.0,0.0
U16035,2019-11-13 16:42:00,1.0,1.0,1.0,1.0,1.0,1.0,0.6385869565217391,0.08333333333333333,0.0,0.0,0.0,0.0
U55611,2019-11-13 16:43:34,0.9923076923076923,1.0,0.9197207891481876,0.9197207891481876,1.0,1.0,0.4615384615384615,0.06666666666666667,0.0,0.0,0.0,0.0
U59893,2019-11-13 16:45:26,0.75,0.5,0.6309297535714575,0.6309297535714575,1.0,1.0,0.75,0.5,0.6309297535714575,0.6309297535714575,1.0,1.0
U32181,2019-11-13 16:47:37,1.0,1.0,1.0,1.0,0.8333333333333334,1.0,0.634703196347032,0.07692307692307693,0.0,0.0,0.0,0.0
U7250,2019-11-13 16:49:02,0.9473684210526315,0.5,0.6934264036172708,0.6934264036172708,1.0,1.0,0.5263157894736842,0.5,0.38685280723454163,0.38685280723454163,0.5,0.5
U9418,2019-11-13 16:53:57,1.0,1.0,1.0,1.0,0.7142857142857143,1.0,0.6203007518796992,1.0,0.3391602052736161,0.27487633291429087,0.14285714285714285,0.14285714285714285
U16370,2019-11-13 16:58:50,1.0,1.0,1.0,1.0,1.0,1.0,0.5571428571428572,0.08333333333333333,0.0,0.0,0.0,0.0
U17405,2019-11-13 17:02:51,1.0,1.0,1.0,1.0,1.0,1.0,0.625,1.0,0.5855700749881525,0.5855700749881525,0.5,0.5
U79449,2019-11-13 17:04:11,0.9541745134965474,1.0,0.6548086577531307,0.5279455476191027,0.3333333333333333,0.4444444444444444,0.6139359698681732,0.06666666666666667,0.0,0.0,0.0,0.0
U59240,2019-11-13 17:09:11,0.8,0.5,0.6309297535714575,0.6309297535714575,1.0,1.0,1.0,1.0,1.0,1.0,1.0,1.0
U30099,2019-11-13 17:14:19,1.0,1.0,1.0,1.0,1.0,1.0,0.98,1.0,0.9197207891481876,0.9197207891481876,1.0,1.0
U26234,2019-11-13 17:18:30,1.0,1.0,1.0,1.0,1.0,1.0,0.0,0.25,0.43067655807339306,0.43067655807339306,1.0,1.0
U20799,2019-11-13 17:22:35,1.0,1.0,1.0,1.0,0.625,1.0,0.8821428571428571,1.0,0.6548086577531307,0.6582450939840574,0.375,0.625
U25898,2019-11-13 17:23:50,1.0,1.0,1.0,1.0,1.0,1.0,0.9166666666666666,0.2,0.38685280723454163,0.38685280723454163,1.0,1.0
U5045,2019-11-13 17:26:07,0.9753086419753086,1.0,0.7095272044910244,0.8326783988613894,0.75,1.0,0.5493827160493827,0.25,0.16812753627111746,0.16812753627111746,0.25,0.25
U7700,2019-11-13 17:27:02,1.0,1.0,1.0,1.0,1.0,1.0,0.6,0.2,0.38685280723454163,0.38685280723454163,1.0,1.0
U84756,2019-11-13 17:27:40,0.9494949494949494,0.2,0.18154179253735267,0.3171937659698004,0.3333333333333333,0.6666666666666666,0.7457912457912458,0.06666666666666667,0.0,0.0,0.0,0.0
U24072,2019-11-13 17:35:26,1.0,1.0,1.0,1.0,1.0,1.0,0.4545454545454546,0.14285714285714285,0.0,0.39780880120575696,0.0,1.0
U29979,2019-11-13 17:36:39,1.0,1.0,1.0,1.0,1.0,1.0,0.611111111111111,0.1111111111111111,0.0,0.14126697285982898,0.0,0.3333333333333333
U19644,2019-11-13 17:38:37,1.0,1.0,1.0,1.0,0.5,1.0,0.5328947368421053,0.25,0.14606834984270645,0.16421958630632802,0.1,0.2
U42446,2019-11-13 17:43:31,1.0,1.0,1.0,1.0,1.0,1.0,0.16666666666666663,0.09090909090909091,0.0,0.0,0.0,0.0
U5041,2019-11-13 17:43:51,0.9767441860465117,0.5,0.49818925746641285,0.6653497124326151,0.6666666666666666,1.0,0.3817829457364341,0.030303030303030304,0.0,0.0,0.0,0.0
U58380,2019-11-13 17:49:48,1.0,1.0,1.0,1.0,1.0,1.0,0.4054054054054054,0.043478260869565216,0.0,0.0,0.0,0.0
U88850,2019-11-13 17:50:31,1.0,1.0,1.0,1.0,1.0,1.0,0.6483870967741936,0.0625,0.0,0.0,0.0,0.0
U34459,2019-11-13 17:51:52,1.0,1.0,1.0,1.0,1.0,1.0,0.6818181818181819,0.125,0.0,0.31546487678572877,0.0,1.0
U58960,2019-11-13 17:55:12,0.9967637540453075,1.0,0.8687949224876582,0.9838048780283076,0.6666666666666666,1.0,0.6990291262135923,0.25,0.14606834984270645,0.23811292043488155,0.16666666666666666,0.3333333333333333
U68537,2019-11-13 17:57:19,0.9903459372485921,1.0,0.8539316501572937,0.9052116356304493,0.36363636363636365,0.8181818181818182,0.36444086886564764,0.25,0.14606834984270645,0.09478836436955078,0.09090909090909091,0.09090909090909091
U22977,2019-11-13 18:00:01,1.0,1.0,1.0,1.0,1.0,1.0,0.06060606060606055,0.03125,0.0,0.0,0.0,0.0
U48653,2019-11-13 18:00:31,1.0,1.0,1.0,1.0,1.0,1.0,0.3988095238095237,0.08333333333333333,0.0,0.0,0.0,0.0
U49240,2019-11-13 18:00:40,0.9761904761904762,0.5,0.592512031964586,0.7315682114753617,0.75,1.0,0.5714285714285714,0.3333333333333333,0.19519002499605084,0.19519002499605084,0.25,0.25
U87326,2019-11-13 18:01:57,1.0,1.0,1.0,1.0,1.0,1.0,0.06862745098039216,0.021739130434782608,0.0,0.0,0.0,0.0
U59794,2019-11-13 18:02:11,0.9977851605758582,1.0,1.0,1.0,0.35714285714285715,0.7142857142857143,0.6439645625692137,1.0,0.3391602052736161,0.22009176629808017,0.07142857142857142,0.07142857142857142
U46961,2019-11-13 18:06:45,1.0,1.0,1.0,1.0,1.0,1.0,1.0,1.0,1.0,1.0,1.0,1.0
U83121,2019-11-13 18:07:21,1.0,1.0,1.0,1.0,1.0,1.0,0.6000000000000001,0.16666666666666666,0.0,0.2188505885308512,0.0,0.4
U3156,2019-11-13 18:22:41,0.9923076923076923,0.5,0.6309297535714575,0.6309297535714575,1.0,1.0,0.5461538461538462,0.016666666666666666,0.0,0.0,0.0,0.0
U66564,2019-11-13 18:22:56,0.98,1.0,0.9197207891481876,0.9197207891481876,1.0,1.0,0.96,0.5,0.6934264036172708,0.6934264036172708,1.0,1.0
U48830,2019-11-13 18:25:31,1.0,1.0,1.0,1.0,1.0,1.0,0.30625,0.1111111111111111,0.0,0.11751610475642714,0.0,0.25
U2157,2019-11-13 18:27:28,0.9349881796690307,0.125,0.0,0.18293214719087553,0.0,0.3333333333333333,0.32742316784869974,0.018867924528301886,0.0,0.0,0.0,0.0
U93864,2019-11-13 18:29:28,1.0,1.0,1.0,1.0,1.0,1.0,0.9444444444444444,0.3333333333333333,0.5,0.5,1.0,1.0
U20995,2019-11-13 18:33:39,0.75,0.5,0.6309297535714575,0.6309297535714575,1.0,1.0,0.25,0.25,0.43067655807339306,0.43067655807339306,1.0,1.0
U17331,2019-11-13 18:34:54,1.0,1.0,1.0,1.0,1.0,1.0,0.6634615384615384,0.14285714285714285,0.0,0.20438239758848611,0.0,0.5
U24015,2019-11-13 18:38:27,0.9945205479452055,1.0,0.8539316501572937,0.9747429528567879,0.8,1.0,0.8767123287671234,1.0,0.5531464700081437,0.7642391575973727,0.4,0.8
U79403,2019-11-13 18:40:30,1.0,1.0,1.0,1.0,1.0,1.0,0.7843137254901961,1.0,0.6508205185601091,0.6508205185601091,0.6666666666666666,0.6666666666666666
U30364,2019-11-13 18:53:07,0.9743589743589743,0.5,0.6608397947263839,0.7799082337019199,0.4,0.9,0.6820512820512821,1.0,0.5087403079104241,0.39375843764607193,0.2,0.3
U682,2019-11-13 18:58:14,1.0,1.0,1.0,1.0,1.0,1.0,0.43137254901960786,0.03333333333333333,0.0,0.0,0.0,0.0
U66009,2019-11-13 19:01:13,0.9950980392156863,1.0,0.9674679834891693,0.9674679834891693,1.0,1.0,0.4313725490196078,0.041666666666666664,0.0,0.0,0.0,0.0
U60560,2019-11-13 19:09:12,1.0,1.0,1.0,1.0,1.0,1.0,0.4907407407407407,0.25,0.16812753627111746,0.16812753627111746,0.25,0.25
U8262,2019-11-13 19:12:50,1.0,1.0,1.0,1.0,1.0,1.0,0.92,0.3333333333333333,0.5,0.5,1.0,1.0
U34235,2019-11-13 19:13:29,1.0,1.0,1.0,1.0,1.0,1.0,0.5333333333333333,0.1111111111111111,0.0,0.2769189462922768,0.0,0.6666666666666666
U85611,2019-11-13 19:16:59,1.0,1.0,1.0,1.0,1.0,1.0,0.6589147286821705,0.5,0.2960819109658652,0.431733884398313,0.3333333333333333,0.6666666666666666
U72828,2019-11-13 19:17:08,1.0,1.0,1.0,1.0,1.0,1.0,0.6666666666666667,0.25,0.5012658353418871,0.5012658353418871,1.0,1.0
U16822,2019-11-13 19:20:07,1.0,1.0,1.0,1.0,1.0,1.0,0.5897435897435898,0.5,0.2960819109658652,0.4525081529734507,0.3333333333333333,0.6666666666666666
U81422,2019-11-13 19:21:20,1.0,1.0,1.0,1.0,1.0,1.0,0.8571428571428571,0.25,0.43067655807339306,0.43067655807339306,1.0,1.0
U8561,2019-11-13 19:22:09,1.0,1.0,1.0,1.0,1.0,1.0,0.5,0.07692307692307693,0.0,0.0,0.0,0.0
U46703,2019-11-13 19:24:19,1.0,1.0,1.0,1.0,1.0,1.0,0.4592592592592592,0.1,0.0,0.13565197343244778,0.0,0.3333333333333333
U71203,2019-11-13 19:24:51,1.0,1.0,1.0,1.0,0.7142857142857143,1.0,0.6244897959183673,1.0,0.7227265726449519,0.5857421563596757,0.42857142857142855,0.42857142857142855
U47459,2019-11-13 19:25:56,1.0,1.0,1.0,1.0,1.0,1.0,0.25333333333333335,0.03225806451612903,0.0,0.0,0.0,0.0
U82716,2019-11-13 19:27:57,1.0,1.0,1.0,1.0,0.8333333333333334,1.0,0.712121212121212,1.0,0.5531464700081437,0.4935232796777481,0.3333333333333333,0.3333333333333333
U53232,2019-11-13 19:29:39,1.0,1.0,1.0,1.0,1.0,1.0,0.9491525423728814,0.25,0.43067655807339306,0.43067655807339306,1.0,1.0
U38780,2019-11-13 19:29:43,1.0,1.0,1.0,1.0,1.0,1.0,0.3370786516853933,0.030303030303030304,0.0,0.0,0.0,0.0
U7612,2019-11-13 19:31:40,1.0,1.0,1.0,1.0,1.0,1.0,0.6590909090909092,0.0625,0.0,0.0,0.0,0.0
U88053,2019-11-13 19:36:47,1.0,1.0,1.0,1.0,1.0,1.0,0.6,0.034482758620689655,0.0,0.0,0.0,0.0
U9543,2019-11-13 19:38:55,0.987012987012987,0.5,0.6934264036172708,0.6934264036172708,1.0,1.0,0.14285714285714285,0.015873015873015872,0.0,0.0,0.0,0.0
U78411,2019-11-13 19:40:24,0.9972222222222221,1.0,1.0,0.9930783166417602,0.8333333333333334,1.0,0.24166666666666664,0.041666666666666664,0.0,0.0,0.0,0.0
U9965,2019-11-13 20:03:34,0.975609756097561,0.5,0.6309297535714575,0.6309297535714575,1.0,1.0,0.8292682926829268,0.125,0.0,0.31546487678572877,0.0,1.0
U9845,2019-11-13 20:03:37,1.0,1.0,1.0,1.0,1.0,1.0,0.4444444444444444,0.16666666666666666,0.0,0.3562071871080222,0.0,1.0
U31631,2019-11-13 20:05:37,1.0,1.0,1.0,1.0,1.0,1.0,0.8536585365853658,0.14285714285714285,0.0,0.3333333333333333,0.0,1.0
U18268,2019-11-13 20:06:22,0.9876543209876544,0.5,0.6934264036172708,0.6934264036172708,1.0,1.0,0.7160493827160495,0.043478260869565216,0.0,0.0,0.0,0.0
U61891,2019-11-13 20:08:00,1.0,1.0,1.0,1.0,1.0,1.0,0.7058823529411764,1.0,0.7095272044910244,0.7095272044910244,0.75,0.75
U32126,2019-11-13 20:14:19,1.0,1.0,1.0,1.0,0.25,0.5,0.44010416666666674,0.058823529411764705,0.0,0.0,0.0,0.0
U625,2019-11-13 20:14:34,1.0,1.0,1.0,1.0,1.0,1.0,0.5384615384615384,0.14285714285714285,0.0,0.3333333333333333,0.0,1.0
U8568,2019-11-13 20:19:17,1.0,1.0,1.0,1.0,1.0,1.0,0.2857142857142857,0.047619047619047616,0.0,0.0,0.0,0.0
U25322,2019-11-13 20:24:41,0.9985632183908046,1.0,1.0,0.9930783166417602,0.8333333333333334,1.0,0.6968390804597702,0.25,0.14606834984270645,0.23119123707664177,0.16666666666666666,0.3333333333333333
U46472,2019-11-13 20:29:25,0.9768115942028985,1.0,0.6164336326286644,0.7419486469368768,0.5,0.8333333333333334,0.617391304347826,0.25,0.14606834984270645,0.13032376591037062,0.16666666666666666,0.16666666666666666
U42643,2019-11-13 20:35:31,0.90625,0.5,0.24630238874073,0.5028746730079328,0.25,0.75,0.6562499999999999,0.125,0.0,0.23599633571930026,0.0,0.5
U66200,2019-11-13 20:36:26,0.8947368421052632,0.3333333333333333,0.5706417189553201,0.5706417189553201,1.0,1.0,0.4736842105263158,0.16666666666666666,0.0,0.21840743681816419,0.0,0.5
U68843,2019-11-13 20:38:19,0.9866071428571429,1.0,0.8539316501572937,0.9641803458261541,0.5,1.0,0.734375,0.3333333333333333,0.4468535299918563,0.4063762770806548,0.375,0.5
U31719,2019-11-13 20:43:47,1.0,1.0,1.0,1.0,1.0,1.0,0.07142857142857145,0.029411764705882353,0.0,0.0,0.0,0.0
U39445,2019-11-13 20:44:44,1.0,1.0,1.0,1.0,1.0,1.0,0.8333333333333334,0.125,0.0,0.37800210039683896,0.0,1.0
U22697,2019-11-13 20:48:10,1.0,1.0,1.0,1.0,1.0,1.0,0.0,0.25,0.43067655807339306,0.43067655807339306,1.0,1.0
U5515,2019-11-13 20:48:54,1.0,1.0,1.0,1.0,1.0,1.0,1.0,1.0,1.0,1.0,1.0,1.0
U31879,2019-11-13 20:49:18,1.0,1.0,1.0,1.0,1.0,1.0,0.7055555555555555,1.0,0.5087403079104241,0.5087403079104241,0.4,0.4
U79383,2019-11-13 21:04:30,1.0,1.0,1.0,1.0,0.5555555555555556,1.0,0.6641414141414141,1.0,0.5087403079104241,0.35256832412172806,0.2222222222222222,0.2222222222222222
U10233,2019-11-13 21:07:54,0.9883720930232558,1.0,0.9197207891481876,0.9197207891481876,1.0,1.0,0.4418604651162791,0.047619047619047616,0.0,0.0,0.0,0.0
U8561,2019-11-13 21:15:48,1.0,1.0,1.0,1.0,1.0,1.0,0.9,0.5,0.6309297535714575,0.6309297535714575,1.0,1.0
U59240,2019-11-13 21:16:50,1.0,1.0,1.0,1.0,1.0,1.0,0.7142857142857143,1.0,0.6131471927654584,0.7903864795495061,0.5,1.0
U18416,2019-11-13 21:25:57,0.9545454545454545,1.0,0.8854598815714874,0.8854598815714874,1.0,1.0,0.7575757575757576,0.25,0.38364913903790027,0.38364913903790027,0.6666666666666666,0.6666666666666666
U2906,2019-11-13 21:27:18,0.9705882352941176,1.0,0.8772153153380493,0.8772153153380493,1.0,1.0,0.6323529411764706,0.125,0.0,0.19342640361727081,0.0,0.5
U70545,2019-11-13 21:28:23,0.9852941176470589,0.5,0.6934264036172708,0.6934264036172708,1.0,1.0,0.7426470588235294,0.3333333333333333,0.3065735963827292,0.3065735963827292,0.5,0.5
U75927,2019-11-13 22:02:29,1.0,1.0,1.0,1.0,1.0,1.0,0.30000000000000004,0.05263157894736842,0.0,0.0,0.0,0.0
U47495,2019-11-13 22:07:41,1.0,1.0,1.0,1.0,1.0,1.0,0.926470588235294,0.1111111111111111,0.0,0.14126697285982898,0.0,0.3333333333333333
U58892,2019-11-13 22:12:11,1.0,1.0,1.0,1.0,1.0,1.0,0.8181818181818182,0.3333333333333333,0.5,0.5,1.0,1.0
U16672,2019-11-13 22:16:28,0.9714285714285714,0.5,0.7606395682357036,0.7606395682357036,1.0,1.0,0.8142857142857143,0.5,0.4144299250118475,0.5375811193822125,0.5,0.75
U64015,2019-11-13 22:19:21,0.9473684210526316,0.5,0.6934264036172708,0.6934264036172708,1.0,1.0,0.6842105263157895,0.14285714285714285,0.0,0.39780880120575696,0.0,1.0
U42643,2019-11-13 22:24:15,0.9452861952861953,1.0,0.8539316501572937,0.6755184993100495,0.4444444444444444,0.5555555555555556,0.8005050505050504,0.3333333333333333,0.16958010263680806,0.27200344942751675,0.1111111111111111,0.3333333333333333
U74819,2019-11-13 22:37:41,0.9916666666666667,0.5,0.6934264036172708,0.6934264036172708,1.0,1.0,0.6916666666666668,0.041666666666666664,0.0,0.0,0.0,0.0
U5075,2019-11-13 22:46:55,0.9891304347826088,1.0,0.9197207891481876,0.9197207891481876,1.0,1.0,0.5978260869565217,0.1,0.0,0.17723928678404774,0.0,0.5
U86061,2019-11-13 22:54:29,0.9791666666666666,1.0,0.9469024295259745,0.9469024295259745,1.0,1.0,0.6979166666666666,0.125,0.0,0.2893079283427616,0.0,0.6666666666666666
U62528,2019-11-13 22:59:50,1.0,1.0,1.0,1.0,0.45454545454545453,0.9090909090909091,0.5425219941348973,0.0625,0.0,0.0,0.0,0.0
U29038,2019-11-13 23:07:55,0.9917184265010353,1.0,0.7860137352654724,0.8114054389671127,0.5714285714285714,0.8571428571428571,0.5734989648033126,0.047619047619047616,0.0,0.0,0.0,0.0
U24285,2019-11-13 23:34:07,1.0,1.0,1.0,1.0,1.0,1.0,0.6851851851851852,0.25,0.38364913903790027,0.38364913903790027,0.6666666666666666,0.6666666666666666
U83031,2019-11-14 00:00:53,1.0,1.0,1.0,1.0,1.0,1.0,0.95,0.5,0.6309297535714575,0.6309297535714575,1.0,1.0
U26637,2019-11-14 00:06:31,1.0,1.0,1.0,1.0,1.0,1.0,0.7727272727272727,0.16666666666666666,0.0,0.3562071871080222,0.0,1.0
U75699,2019-11-14 00:17:03,1.0,1.0,1.0,1.0,1.0,1.0,0.6363636363636364,0.5,0.4776237035032179,0.4776237035032179,0.6666666666666666,0.6666666666666666
U14693,2019-11-14 00:19:27,1.0,1.0,1.0,1.0,1.0,1.0,0.28125,0.02702702702702703,0.0,0.0,0.0,0.0
U36967,2019-11-14 00:28:32,0.9944444444444445,1.0,0.9197207891481876,0.9197207891481876,1.0,1.0,0.611111111111111,0.06666666666666667,0.0,0.0,0.0,0.0
U32383,2019-11-14 01:29:07,1.0,1.0,1.0,1.0,1.0,1.0,0.35714285714285715,0.06666666666666667,0.0,0.0,0.0,0.0
U21553,2019-11-14 01:37:12,0.9583333333333334,0.5,0.6934264036172708,0.6934264036172708,1.0,1.0,0.7916666666666666,0.5,0.38685280723454163,0.38685280723454163,0.5,0.5
U94015,2019-11-14 02:16:21,1.0,1.0,1.0,1.0,1.0,1.0,0.75,0.5,0.6309297535714575,0.6309297535714575,1.0,1.0
U58404,2019-11-14 02:25:54,0.9895104895104896,1.0,0.639945385422766,0.8750832721664332,0.5,1.0,0.5303030303030303,0.02702702702702703,0.0,0.0,0.0,0.0
U12849,2019-11-14 02:49:32,0.9868421052631579,0.5,0.6934264036172708,0.6934264036172708,1.0,1.0,0.8947368421052632,0.3333333333333333,0.3065735963827292,0.3065735963827292,0.5,0.5
U66447,2019-11-14 02:55:39,1.0,1.0,1.0,1.0,1.0,1.0,0.5306122448979591,0.3333333333333333,0.3065735963827292,0.3065735963827292,0.5,0.5
U30304,2019-11-14 03:03:44,1.0,1.0,1.0,1.0,1.0,1.0,0.2702702702702703,0.03571428571428571,0.0,0.0,0.0,0.0
U57743,2019-11-14 03:05:13,1.0,1.0,1.0,1.0,1.0,1.0,0.78125,0.125,0.0,0.31546487678572877,0.0,1.0
U59176,2019-11-14 03:15:19,0.972972972972973,0.5,0.6309297535714575,0.6309297535714575,1.0,1.0,0.3513513513513513,0.04,0.0,0.0,0.0,0.0
U55166,2019-11-14 03:15:45,1.0,1.0,1.0,1.0,1.0,1.0,0.29411764705882354,0.09090909090909091,0.0,0.0,0.0,0.0
U29848,2019-11-14 03:25:38,1.0,1.0,1.0,1.0,1.0,1.0,0.41250000000000003,0.06666666666666667,0.0,0.0,0.0,0.0
U89928,2019-11-14 03:31:25,1.0,1.0,1.0,1.0,1.0,1.0,0.7200000000000001,1.0,0.4703652827859579,0.6892158713168092,0.4,0.8
U81738,2019-11-14 03:35:33,1.0,1.0,1.0,1.0,1.0,1.0,0.9833333333333333,0.3333333333333333,0.5,0.5,1.0,1.0
U90941,2019-11-14 03:37:57,0.9722222222222222,0.3333333333333333,0.5706417189553201,0.5706417189553201,1.0,1.0,0.4791666666666667,0.02702702702702703,0.0,0.0,0.0,0.0
U24927,2019-11-14 03:38:29,0.9615384615384616,0.5,0.6309297535714575,0.6309297535714575,1.0,1.0,0.1923076923076923,0.045454545454545456,0.0,0.0,0.0,0.0
U26456,2019-11-14 03:39:53,0.9818181818181818,0.5,0.6934264036172708,0.6934264036172708,1.0,1.0,0.6727272727272727,0.1,0.0,0.17723928678404774,0.0,0.5
U63949,2019-11-14 03:39:57,1.0,1.0,1.0,1.0,1.0,1.0,0.6239316239316239,0.2,0.18154179253735267,0.3295827480202853,0.3333333333333333,0.6666666666666666
U86724,2019-11-14 03:48:35,1.0,1.0,1.0,1.0,1.0,1.0,1.0,1.0,1.0,1.0,1.0,1.0
U11634,2019-11-14 03:49:47,1.0,1.0,1.0,1.0,1.0,1.0,0.4509803921568627,0.06666666666666667,0.0,0.0,0.0,0.0
U8538,2019-11-14 03:51:30,1.0,1.0,1.0,1.0,1.0,1.0,1.0,1.0,1.0,1.0,1.0,1.0
U88456,2019-11-14 03:52:21,1.0,1.0,1.0,1.0,1.0,1.0,0.2971698113207547,0.018867924528301886,0.0,0.0,0.0,0.0
U84713,2019-11-14 03:52:59,1.0,1.0,1.0,1.0,1.0,1.0,0.8229166666666666,1.0,0.46927872602275644,0.6105456988825855,0.3333333333333333,0.6666666666666666
U77427,2019-11-14 03:53:20,0.9621212121212122,0.3333333333333333,0.23463936301137822,0.558226059985166,0.3333333333333333,1.0,0.26515151515151514,0.01639344262295082,0.0,0.0,0.0,0.0
U24666,2019-11-14 03:54:16,0.948051948051948,1.0,0.6992148198508501,0.6645997082078611,0.42857142857142855,0.5714285714285714,0.7175324675324676,0.2,0.13120507751234178,0.10633668103022985,0.14285714285714285,0.14285714285714285
U15525,2019-11-14 03:59:07,1.0,1.0,1.0,1.0,1.0,1.0,0.4868217054263566,0.04,0.0,0.0,0.0,0.0
U68485,2019-11-14 04:00:33,1.0,1.0,1.0,1.0,1.0,1.0,0.75,0.3333333333333333,0.5,0.5,1.0,1.0
U46961,2019-11-14 04:05:48,1.0,1.0,1.0,1.0,1.0,1.0,0.5945945945945946,0.0625,0.0,0.0,0.0,0.0
U48292,2019-11-14 04:07:09,1.0,1.0,1.0,1.0,1.0,1.0,0.16666666666666663,0.09090909090909091,0.0,0.0,0.0,0.0
U42556,2019-11-14 04:22:21,0.9854545454545455,0.2,0.13120507751234178,0.5013205552671555,0.125,0.75,0.48318181818181816,0.03333333333333333,0.0,0.0,0.0,0.0
U92849,2019-11-14 04:22:26,1.0,1.0,1.0,1.0,1.0,1.0,0.5588235294117647,1.0,0.3903800499921017,0.3903800499921017,0.25,0.25
U50507,2019-11-14 04:27:43,1.0,1.0,1.0,1.0,1.0,1.0,0.8666666666666666,0.5,0.49818925746641285,0.49818925746641285,0.6666666666666666,0.6666666666666666
U27251,2019-11-14 04:27:59,1.0,1.0,1.0,1.0,1.0,1.0,0.7,0.05555555555555555,0.0,0.0,0.0,0.0
U12764,2019-11-14 04:32:21,1.0,1.0,1.0,1.0,1.0,1.0,0.75,0.5,0.6309297535714575,0.6309297535714575,1.0,1.0
U69367,2019-11-14 04:36:48,0.9782608695652175,1.0,0.6843515475204855,0.910334901729952,0.5,1.0,0.8164251207729468,0.3333333333333333,0.3156484524795145,0.2816249726597774,0.3333333333333333,0.3333333333333333
U7162,2019-11-14 04:36:52,1.0,1.0,1.0,1.0,1.0,1.0,1.0,1.0,1.0,1.0,1.0,1.0
U247,2019-11-14 04:37:40,1.0,1.0,1.0,1.0,1.0,1.0,0.3846153846153846,0.1111111111111111,0.0,0.3010299956639812,0.0,1.0
U62121,2019-11-14 04:39:21,1.0,1.0,1.0,1.0,1.0,1.0,0.41216216216216217,0.047619047619047616,0.0,0.0,0.0,0.0
U7807,2019-11-14 04:40:54,0.9830508474576272,0.5,0.6309297535714575,0.6309297535714575,1.0,1.0,0.6101694915254237,0.041666666666666664,0.0,0.0,0.0,0.0
U1383,2019-11-14 04:41:34,1.0,1.0,1.0,1.0,1.0,1.0,1.0,1.0,1.0,1.0,1.0,1.0
U17018,2019-11-14 04:42:40,1.0,1.0,1.0,1.0,1.0,1.0,0.7450000000000001,0.25,0.16812753627111746,0.2856436410275446,0.25,0.5
U48213,2019-11-14 04:46:17,1.0,1.0,1.0,1.0,1.0,1.0,0.4444444444444444,0.5,0.38685280723454163,0.38685280723454163,0.5,0.5
U50036,2019-11-14 04:55:39,1.0,1.0,1.0,1.0,1.0,1.0,0.5406976744186047,0.16666666666666666,0.0,0.21840743681816419,0.0,0.5
U70652,2019-11-14 04:58:14,0.9922448979591837,1.0,1.0,0.933745776545611,0.2,0.36,0.5238775510204081,0.1111111111111111,0.0,0.06625422345438903,0.0,0.04
U67038,2019-11-14 04:58:24,1.0,1.0,1.0,1.0,1.0,1.0,0.7647058823529411,0.2,0.38685280723454163,0.38685280723454163,1.0,1.0
U73099,2019-11-14 04:58:59,0.999096657633243,1.0,1.0,0.9971876401972101,0.5555555555555556,1.0,0.8753387533875339,1.0,0.8687949224876582,0.6020941629041773,0.4444444444444444,0.4444444444444444
U43935,2019-11-14 04:59:28,1.0,1.0,1.0,1.0,1.0,1.0,0.6219512195121951,0.05555555555555555,0.0,0.0,0.0,0.0
U60835,2019-11-14 04:59:47,1.0,1.0,1.0,1.0,1.0,1.0,0.6153846153846154,0.16666666666666666,0.0,0.3562071871080222,0.0,1.0
U3493,2019-11-14 05:01:45,1.0,1.0,1.0,1.0,1.0,1.0,0.19999999999999996,0.07692307692307693,0.0,0.0,0.0,0.0
U3962,2019-11-14 05:06:24,1.0,1.0,1.0,1.0,1.0,1.0,0.6587301587301587,1.0,0.46927872602275644,0.6364391809889587,0.3333333333333333,0.6666666666666666
U56988,2019-11-14 05:11:14,0.9986586183769283,1.0,1.0,1.0,0.35714285714285715,0.7142857142857143,0.6485580147551979,0.1,0.0,0.06362078819895171,0.0,0.07142857142857142
U32383,2019-11-14 05:11:23,0.9672131147540983,0.3333333333333333,0.5706417189553201,0.5706417189553201,1.0,1.0,0.27868852459016397,0.02702702702702703,0.0,0.0,0.0,0.0
U59440,2019-11-14 05:12:11,1.0,1.0,1.0,1.0,1.0,1.0,0.6851851851851851,0.125,0.0,0.2893079283427616,0.0,0.6666666666666666
U60182,2019-11-14 05:13:39,0.988095238095238,1.0,0.8772153153380493,0.8772153153380493,1.0,1.0,0.5922619047619048,1.0,0.6131471927654584,0.6131471927654584,0.5,0.5
U14480,2019-11-14 05:13:41,0.9545454545454546,0.5,0.6309297535714575,0.6309297535714575,1.0,1.0,0.5909090909090908,0.1,0.0,0.2890648263178879,0.0,1.0
U75686,2019-11-14 05:16:11,1.0,1.0,1.0,1.0,1.0,1.0,0.6799999999999999,0.1111111111111111,0.0,0.3010299956639812,0.0,1.0
U59633,2019-11-14 05:19:14,1.0,1.0,1.0,1.0,1.0,1.0,0.5555555555555556,0.25,0.38364913903790027,0.5249161118977292,0.6666666666666666,1.0
U19045,2019-11-14 05:19:27,0.9944999999999999,1.0,0.8539316501572937,0.835780413693672,0.4,0.8,0.6655,0.25,0.27727342735504823,0.24936270394794902,0.2,0.3
U72777,2019-11-14 05:20:06,1.0,1.0,1.0,1.0,1.0,1.0,0.2862903225806452,0.021739130434782608,0.0,0.0,0.0,0.0
U36227,2019-11-14 05:20:13,1.0,1.0,1.0,1.0,1.0,1.0,0.8166666666666667,0.2,0.23719771276929622,0.42177340954886444,0.5,1.0
U45616,2019-11-14 05:20:43,0.9897660818713451,1.0,0.8854598815714874,0.8854598815714874,1.0,1.0,0.5263157894736842,0.02631578947368421,0.0,0.0,0.0,0.0
U62470,2019-11-14 05:23:46,0.9783549783549783,0.5,0.5307212739772434,0.6978817289434457,0.6666666666666666,1.0,0.6493506493506492,0.25,0.20210734650054757,0.36926780146674987,0.3333333333333333,0.6666666666666666
U472,2019-11-14 05:27:12,1.0,1.0,1.0,1.0,0.8333333333333334,1.0,0.7312206572769953,1.0,0.3391602052736161,0.30260241349881345,0.16666666666666666,0.16666666666666666
U48669,2019-11-14 05:28:04,0.9729729729729729,1.0,0.7227265726449519,0.9489415452074045,0.5,1.0,0.5945945945945945,0.5,0.21398626473452756,0.19092086617893467,0.16666666666666666,0.16666666666666666
U9658,2019-11-14 05:29:04,1.0,1.0,1.0,1.0,1.0,1.0,0.8888888888888888,0.5,0.6309297535714575,0.6309297535714575,1.0,1.0
U72669,2019-11-14 05:29:19,1.0,1.0,1.0,1.0,1.0,1.0,0.6,0.3333333333333333,0.5,0.5,1.0,1.0
U58492,2019-11-14 05:29:38,1.0,1.0,1.0,1.0,1.0,1.0,0.1470588235294118,0.06666666666666667,0.0,0.0,0.0,0.0
U50507,2019-11-14 05:29:39,0.9166666666666666,0.25,0.5012658353418871,0.5012658353418871,1.0,1.0,0.2361111111111111,0.043478260869565216,0.0,0.0,0.0,0.0
U90733,2019-11-14 05:31:18,1.0,1.0,1.0,1.0,1.0,1.0,0.55,0.07692307692307693,0.0,0.0,0.0,0.0
U6724,2019-11-14 05:31:43,1.0,1.0,1.0,1.0,1.0,1.0,0.6,0.3333333333333333,0.5,0.5,1.0,1.0
U74335,2019-11-14 05:35:26,1.0,1.0,1.0,1.0,1.0,1.0,0.7247474747474748,0.1111111111111111,0.0,0.14126697285982898,0.0,0.3333333333333333
U19788,2019-11-14 05:37:10,1.0,1.0,1.0,1.0,1.0,1.0,0.9310344827586207,0.3333333333333333,0.5,0.5,1.0,1.0
U90098,2019-11-14 05:38:23,0.995118549511855,1.0,0.830419897363192,0.9328695131158116,0.6666666666666666,1.0,0.7838214783821479,0.25,0.14606834984270645,0.13032376591037062,0.16666666666666666,0.16666666666666666
U55366,2019-11-14 05:42:15,1.0,1.0,1.0,1.0,1.0,1.0,0.8717948717948718,0.5,0.6797310500037655,0.6797310500037655,1.0,1.0
U93492,2019-11-14 05:43:05,0.8333333333333334,0.5,0.6309297535714575,0.6309297535714575,1.0,1.0,1.0,1.0,1.0,1.0,1.0,1.0
U52873,2019-11-14 05:43:21,1.0,1.0,1.0,1.0,1.0,1.0,1.0,1.0,1.0,1.0,1.0,1.0
U56598,2019-11-14 05:45:05,0.9651162790697675,0.5,0.3973220069685352,0.653894291235738,0.5,1.0,0.805232558139535,0.1111111111111111,0.0,0.11751610475642714,0.0,0.25
U80899,2019-11-14 05:45:49,1.0,1.0,1.0,1.0,1.0,1.0,0.5863970588235294,0.05555555555555555,0.0,0.0,0.0,0.0
U83216,2019-11-14 05:45:59,1.0,1.0,1.0,1.0,1.0,1.0,0.75,0.3333333333333333,0.5,0.5,1.0,1.0
U59459,2019-11-14 05:47:50,1.0,1.0,1.0,1.0,1.0,1.0,0.6909090909090909,0.125,0.0,0.1480409554829326,0.0,0.3333333333333333
U19788,2019-11-14 05:49:59,1.0,1.0,1.0,1.0,1.0,1.0,0.47916666666666663,0.125,0.0,0.19342640361727081,0.0,0.5
U47297,2019-11-14 05:52:35,0.9944903581267218,1.0,0.9060254355346823,0.9060254355346823,1.0,1.0,0.6115702479338843,0.030303030303030304,0.0,0.0,0.0,0.0
U14274,2019-11-14 05:53:57,1.0,1.0,1.0,1.0,1.0,1.0,0.54320987654321,0.06666666666666667,0.0,0.0,0.0,0.0
U43315,2019-11-14 05:57:06,0.9857549857549858,1.0,0.6713860725233041,0.8385465274895063,0.6666666666666666,1.0,0.6324786324786325,0.3333333333333333,0.23463936301137822,0.23463936301137822,0.3333333333333333,0.3333333333333333
U83637,2019-11-14 05:57:30,0.9918367346938776,1.0,0.8539316501572937,0.9683310355387569,0.5714285714285714,1.0,0.4122448979591837,0.09090909090909091,0.0,0.0,0.0,0.0
U47909,2019-11-14 06:01:15,0.95,0.25,0.43067655807339306,0.43067655807339306,1.0,1.0,0.55,0.03571428571428571,0.0,0.0,0.0,0.0
U17840,2019-11-14 06:01:20,1.0,1.0,1.0,1.0,1.0,1.0,1.0,1.0,1.0,1.0,1.0,1.0
U90964,2019-11-14 06:03:51,0.9880597014925373,1.0,0.7860137352654724,0.9068250379649666,0.8,1.0,0.6298507462686567,0.5,0.21398626473452756,0.3120255505658846,0.2,0.4
U30147,2019-11-14 06:05:45,1.0,1.0,1.0,1.0,1.0,1.0,0.7499999999999999,0.5,0.24630238874073,0.615719814356868,0.25,1.0
U11722,2019-11-14 06:06:10,0.9903381642512077,1.0,0.9469024295259745,0.9469024295259745,1.0,1.0,0.3381642512077294,0.14285714285714285,0.0,0.15642624200758548,0.0,0.3333333333333333
U24180,2019-11-14 06:07:38,0.977639751552795,1.0,0.5087403079104241,0.7713127188256075,0.2857142857142857,0.8571428571428571,0.5440993788819876,0.2,0.13120507751234178,0.10633668103022985,0.14285714285714285,0.14285714285714285
U59850,2019-11-14 06:09:24,1.0,1.0,1.0,1.0,1.0,1.0,0.712121212121212,0.3333333333333333,0.23463936301137822,0.40179981797758046,0.3333333333333333,0.6666666666666666
U66141,2019-11-14 06:09:44,0.96875,0.5,0.6934264036172708,0.6934264036172708,1.0,1.0,0.328125,0.0625,0.0,0.0,0.0,0.0
U40929,2019-11-14 06:10:07,1.0,1.0,1.0,1.0,1.0,1.0,0.8838383838383839,0.5,0.2960819109658652,0.4632423659320675,0.3333333333333333,0.6666666666666666
U77230,2019-11-14 06:10:40,0.9836956521739131,1.0,0.9047172294870751,0.9047172294870751,1.0,1.0,0.9565217391304347,0.5,0.6096199500078984,0.7271360547643255,0.75,1.0
U18126,2019-11-14 06:10:58,1.0,1.0,1.0,1.0,1.0,1.0,0.5,0.5,0.6309297535714575,0.6309297535714575,1.0,1.0
U47145,2019-11-14 06:12:32,0.9761904761904762,0.5,0.6934264036172708,0.6934264036172708,1.0,1.0,0.48809523809523814,0.09090909090909091,0.0,0.0,0.0,0.0
U17828,2019-11-14 06:13:01,1.0,1.0,1.0,1.0,1.0,1.0,0.2941176470588235,0.07692307692307693,0.0,0.0,0.0,0.0
U51639,2019-11-14 06:15:25,0.9603174603174602,0.5,0.6797310500037655,0.6797310500037655,1.0,1.0,0.4365079365079365,0.07142857142857142,0.0,0.0,0.0,0.0
U91426,2019-11-14 06:21:07,1.0,1.0,1.0,1.0,0.8333333333333334,1.0,0.7119047619047619,1.0,0.4703652827859579,0.5107574098602351,0.3333333333333333,0.5
U32261,2019-11-14 06:21:27,1.0,1.0,1.0,1.0,1.0,1.0,0.5974025974025974,0.09090909090909091,0.0,0.0,0.0,0.0
U38646,2019-11-14 06:22:25,1.0,1.0,1.0,1.0,1.0,1.0,0.5,0.16666666666666666,0.0,0.3562071871080222,0.0,1.0
U20806,2019-11-14 06:23:44,1.0,1.0,1.0,1.0,1.0,1.0,0.7380952380952381,0.25,0.20210734650054757,0.20210734650054757,0.3333333333333333,0.3333333333333333
U3666,2019-11-14 06:24:43,1.0,1.0,1.0,1.0,1.0,1.0,0.6538461538461537,0.027777777777777776,0.0,0.0,0.0,0.0
U47003,2019-11-14 06:26:07,1.0,1.0,1.0,1.0,1.0,1.0,0.803921568627451,0.25,0.38364913903790027,0.38364913903790027,0.6666666666666666,0.6666666666666666
U43717,2019-11-14 06:27:27,1.0,1.0,1.0,1.0,1.0,1.0,0.7222222222222222,0.5,0.2960819109658652,0.4632423659320675,0.3333333333333333,0.6666666666666666
U850,2019-11-14 06:30:04,1.0,1.0,1.0,1.0,1.0,1.0,0.6666666666666666,0.3333333333333333,0.23463936301137822,0.23463936301137822,0.3333333333333333,0.3333333333333333
U90404,2019-11-14 06:33:19,1.0,1.0,1.0,1.0,1.0,1.0,0.5185185185185185,0.3333333333333333,0.23463936301137822,0.37590633587120725,0.3333333333333333,0.6666666666666666
U42975,2019-11-14 06:33:57,1.0,1.0,1.0,1.0,1.0,1.0,0.421875,0.2,0.23719771276929622,0.23719771276929622,0.5,0.5
U68382,2019-11-14 06:42:00,1.0,1.0,1.0,1.0,1.0,1.0,0.3555555555555555,0.03333333333333333,0.0,0.0,0.0,0.0
U50756,2019-11-14 06:43:50,0.9707602339181287,1.0,0.6713860725233041,0.8385465274895063,0.6666666666666666,1.0,0.5935672514619883,0.5,0.2960819109658652,0.2960819109658652,0.3333333333333333,0.3333333333333333
U87148,2019-11-14 06:44:44,0.9382284382284383,0.5,0.34519134224686937,0.42331179510529354,0.15384615384615385,0.38461538461538464,0.5132090132090132,0.03333333333333333,0.0,0.0,0.0,0.0
U5125,2019-11-14 06:44:56,1.0,1.0,1.0,1.0,1.0,1.0,0.5076923076923077,0.16666666666666666,0.0,0.13905617951077562,0.0,0.25
U84140,2019-11-14 06:45:03,0.967816091954023,0.3333333333333333,0.23463936301137822,0.40179981797758046,0.3333333333333333,0.6666666666666666,0.7793103448275862,0.09090909090909091,0.0,0.0,0.0,0.0
U89705,2019-11-14 06:45:23,0.9833333333333333,1.0,0.6843515475204855,0.9121559825872436,0.6,1.0,0.7333333333333334,0.1111111111111111,0.0,0.10209739512291163,0.0,0.2
U57996,2019-11-14 06:46:17,1.0,1.0,1.0,1.0,1.0,1.0,0.5990566037735849,1.0,0.3903800499921017,0.3903800499921017,0.25,0.25
U51762,2019-11-14 06:49:45,0.9963235294117647,1.0,0.9828920819566879,0.9828920819566879,1.0,1.0,0.6801470588235294,0.3333333333333333,0.36331756126716835,0.36331756126716835,0.5,0.5
U13132,2019-11-14 06:50:28,1.0,1.0,1.0,1.0,1.0,1.0,0.5,0.5,0.24630238874073,0.369453583111095,0.25,0.5
U84456,2019-11-14 06:50:50,1.0,1.0,1.0,1.0,0.8333333333333334,1.0,0.7021276595744681,0.2,0.13120507751234178,0.11706259313796354,0.16666666666666666,0.16666666666666666
U58444,2019-11-14 06:50:57,0.98,0.5,0.7328286204777911,0.7328286204777911,1.0,1.0,0.49333333333333335,0.05263157894736842,0.0,0.0,0.0,0.0
U60078,2019-11-14 06:53:48,0.9809523809523809,0.2,0.18154179253735267,0.5051284895111403,0.3333333333333333,1.0,0.6412698412698412,0.034482758620689655,0.0,0.0,0.0,0.0
U62049,2019-11-14 06:56:36,1.0,1.0,1.0,1.0,1.0,1.0,0.7692307692307692,0.25,0.43067655807339306,0.43067655807339306,1.0,1.0
U29009,2019-11-14 06:58:33,1.0,1.0,1.0,1.0,1.0,1.0,0.5909090909090908,0.06666666666666667,0.0,0.0,0.0,0.0
U72029,2019-11-14 06:59:41,1.0,1.0,1.0,1.0,1.0,1.0,0.6238738738738738,0.25,0.20210734650054757,0.20210734650054757,0.3333333333333333,0.3333333333333333
U39933,2019-11-14 07:02:38,1.0,1.0,1.0,1.0,1.0,1.0,0.4666666666666667,0.14285714285714285,0.0,0.20438239758848611,0.0,0.5
U71106,2019-11-14 07:04:16,1.0,1.0,1.0,1.0,1.0,1.0,0.8387096774193549,0.16666666666666666,0.0,0.3562071871080222,0.0,1.0
U84756,2019-11-14 07:05:46,0.9858429858429858,0.5,0.5296347172140421,0.788246835854919,0.42857142857142855,1.0,0.9433719433719433,0.25,0.14606834984270645,0.37849881904341814,0.14285714285714285,0.5714285714285714
U52909,2019-11-14 07:05:54,1.0,1.0,1.0,1.0,1.0,1.0,0.2727272727272727,0.14285714285714285,0.0,0.15642624200758548,0.0,0.3333333333333333
U15614,2019-11-14 07:09:09,1.0,1.0,1.0,1.0,1.0,1.0,0.16666666666666663,0.16666666666666666,0.0,0.3562071871080222,0.0,1.0
U22941,2019-11-14 07:09:45,1.0,1.0,1.0,1.0,1.0,1.0,1.0,1.0,1.0,1.0,1.0,1.0
U45632,2019-11-14 07:09:46,0.9829545454545455,1.0,0.9047172294870751,0.9047172294870751,1.0,1.0,0.5284090909090909,0.1111111111111111,0.0,0.11751610475642714,0.0,0.25
U59622,2019-11-14 07:10:54,0.996996996996997,1.0,0.9674679834891693,0.9674679834891693,1.0,1.0,0.8168168168168167,0.06666666666666667,0.0,0.0,0.0,0.0
U6054,2019-11-14 07:13:24,1.0,1.0,1.0,1.0,1.0,1.0,0.7068965517241379,0.16666666666666666,0.0,0.16716045496620227,0.0,0.3333333333333333
U71923,2019-11-14 07:13:39,1.0,1.0,1.0,1.0,1.0,1.0,0.7666666666666666,0.5,0.34519134224686937,0.4432306280782264,0.4,0.6
U72063,2019-11-14 07:13:53,1.0,1.0,1.0,1.0,1.0,1.0,0.09999999999999998,0.09090909090909091,0.0,0.0,0.0,0.0
U68004,2019-11-14 07:14:27,1.0,1.0,1.0,1.0,0.7142857142857143,1.0,0.45899470899470896,0.0625,0.0,0.0,0.0,0.0
U15338,2019-11-14 07:14:49,1.0,1.0,1.0,1.0,1.0,1.0,0.19444444444444442,0.07692307692307693,0.0,0.0,0.0,0.0
U10436,2019-11-14 07:17:47,1.0,1.0,1.0,1.0,1.0,1.0,0.64,0.1,0.0,0.2890648263178879,0.0,1.0
U84845,2019-11-14 07:17:58,0.9444444444444444,1.0,0.9197207891481876,0.9197207891481876,1.0,1.0,0.3888888888888889,0.3333333333333333,0.3065735963827292,0.3065735963827292,0.5,0.5
U37287,2019-11-14 07:18:04,0.9901960784313726,0.5,0.6934264036172708,0.6934264036172708,1.0,1.0,0.4583333333333333,0.05263157894736842,0.0,0.0,0.0,0.0
U10233,2019-11-14 07:20:09,0.9878787878787879,1.0,0.9060254355346823,0.9060254355346823,1.0,1.0,0.5636363636363636,0.07142857142857142,0.0,0.0,0.0,0.0
U78878,2019-11-14 07:21:33,1.0,1.0,1.0,1.0,1.0,1.0,0.6666666666666667,0.3333333333333333,0.5,0.5,1.0,1.0
U25353,2019-11-14 07:23:43,1.0,1.0,1.0,1.0,1.0,1.0,0.9038461538461539,0.25,0.16812753627111746,0.4246998205383202,0.25,0.75
U65387,2019-11-14 07:24:25,0.9967532467532467,1.0,0.9828920819566879,0.9828920819566879,1.0,1.0,0.5941558441558442,0.1111111111111111,0.0,0.11751610475642714,0.0,0.25
U24851,2019-11-14 07:24:59,0.9696969696969697,1.0,0.9060254355346823,0.9060254355346823,1.0,1.0,0.36363636363636365,0.14285714285714285,0.0,0.15642624200758548,0.0,0.3333333333333333
U71324,2019-11-14 07:26:34,1.0,1.0,1.0,1.0,0.8333333333333334,1.0,0.5476190476190477,0.5,0.21398626473452756,0.19092086617893467,0.16666666666666666,0.16666666666666666
U72008,2019-11-14 07:26:52,1.0,1.0,1.0,1.0,1.0,1.0,0.9,0.5,0.6309297535714575,0.6309297535714575,1.0,1.0
U22594,2019-11-14 07:27:13,1.0,1.0,1.0,1.0,1.0,1.0,0.5,1.0,1.0,1.0,1.0,1.0
U34143,2019-11-14 07:30:10,1.0,1.0,1.0,1.0,1.0,1.0,0.9838709677419355,0.5,0.6309297535714575,0.6309297535714575,1.0,1.0
U61384,2019-11-14 07:31:36,0.9962962962962963,1.0,0.8687949224876582,0.9896062251871525,0.8,1.0,0.5592592592592592,0.16666666666666666,0.0,0.23386470445736623,0.0,0.4
U75579,2019-11-14 07:31:48,0.984375,0.5,0.6934264036172708,0.6934264036172708,1.0,1.0,0.5,0.045454545454545456,0.0,0.0,0.0,0.0
U82899,2019-11-14 07:33:45,0.9901960784313725,1.0,0.9197207891481876,0.9197207891481876,1.0,1.0,0.696078431372549,0.08333333333333333,0.0,0.0,0.0,0.0
U78849,2019-11-14 07:33:51,1.0,1.0,1.0,1.0,1.0,1.0,0.3571428571428571,0.125,0.0,0.19342640361727081,0.0,0.5
U63069,2019-11-14 07:34:25,1.0,1.0,1.0,1.0,1.0,1.0,0.40384615384615385,0.05555555555555555,0.0,0.0,0.0,0.0
U40260,2019-11-14 07:34:56,1.0,1.0,1.0,1.0,1.0,1.0,1.0,1.0,1.0,1.0,1.0,1.0
U10725,2019-11-14 07:36:30,0.9166666666666666,0.5,0.6309297535714575,0.6309297535714575,1.0,1.0,0.08333333333333337,0.08333333333333333,0.0,0.0,0.0,0.0
U11236,2019-11-14 07:38:22,1.0,1.0,1.0,1.0,1.0,1.0,0.6046511627906976,0.5,0.24630238874073,0.24630238874073,0.25,0.25
U48359,2019-11-14 07:41:54,0.9545454545454545,1.0,0.75369761125927,0.8927537907700456,0.75,1.0,0.36363636363636365,0.1,0.0,0.11284514134893527,0.0,0.25
U83273,2019-11-14 07:43:01,0.984375,1.0,1.0,1.0,1.0,1.0,0.90625,0.25,0.43067655807339306,0.43067655807339306,1.0,1.0
U12508,2019-11-14 07:48:21,1.0,1.0,1.0,1.0,1.0,1.0,0.5,0.5,0.6509209298071326,0.6509209298071326,1.0,1.0
U26286,2019-11-14 07:48:43,0.9259259259259259,0.25,0.38364913903790027,0.5400753810454857,0.6666666666666666,1.0,0.725925925925926,0.25,0.20210734650054757,0.20210734650054757,0.3333333333333333,0.3333333333333333
U37169,2019-11-14 07:50:09,0.9583333333333334,0.5,0.6309297535714575,0.6309297535714575,1.0,1.0,0.0,0.04,0.0,0.0,0.0,0.0
U35323,2019-11-14 07:51:06,1.0,1.0,1.0,1.0,1.0,1.0,0.5486111111111112,0.015151515151515152,0.0,0.0,0.0,0.0
U66959,2019-11-14 07:52:05,0.985,1.0,0.8048099750039491,0.9438661545147249,0.75,1.0,0.7100000000000001,0.25,0.3191471544989227,0.431992295847858,0.5,0.75
U50439,2019-11-14 07:52:28,1.0,1.0,1.0,1.0,1.0,1.0,0.8641509433962264,0.25,0.27727342735504823,0.3980847300545424,0.4,0.6
U32973,2019-11-14 07:54:34,0.9827586206896551,0.5,0.6934264036172708,0.6934264036172708,1.0,1.0,0.7327586206896552,0.2,0.23719771276929622,0.23719771276929622,0.5,0.5
U54826,2019-11-14 07:55:16,1.0,1.0,1.0,1.0,1.0,1.0,0.9833333333333334,1.0,0.9197207891481876,0.9197207891481876,1.0,1.0
U46645,2019-11-14 07:56:16,1.0,1.0,1.0,1.0,1.0,1.0,0.7125,0.25,0.2640681225725909,0.2640681225725909,0.5,0.5
U39770,2019-11-14 07:56:38,1.0,1.0,1.0,1.0,1.0,1.0,0.5833333333333333,1.0,0.6131471927654584,0.6131471927654584,0.5,0.5
U63530,2019-11-14 08:00:10,1.0,1.0,1.0,1.0,1.0,1.0,0.6666666666666666,0.5,0.5307212739772434,0.6978817289434457,0.6666666666666666,1.0
U84845,2019-11-14 08:01:27,0.9841269841269841,0.3333333333333333,0.4468535299918563,0.6344420314027897,0.42857142857142855,0.8571428571428571,0.6790123456790124,0.14285714285714285,0.0,0.09162544430476362,0.0,0.14285714285714285
U10554,2019-11-14 08:03:01,1.0,1.0,1.0,1.0,0.8333333333333334,1.0,0.35919540229885055,0.047619047619047616,0.0,0.0,0.0,0.0
U17204,2019-11-14 08:04:32,0.9607843137254902,0.3333333333333333,0.6182885020492784,0.6182885020492784,1.0,1.0,0.4509803921568627,0.14285714285714285,0.0,0.15642624200758548,0.0,0.3333333333333333
U77731,2019-11-14 08:05:17,1.0,1.0,1.0,1.0,1.0,1.0,0.2222222222222222,0.017543859649122806,0.0,0.0,0.0,0.0
U23824,2019-11-14 08:05:23,0.96,0.3333333333333333,0.5,0.5,1.0,1.0,0.6,0.047619047619047616,0.0,0.0,0.0,0.0
U3664,2019-11-14 08:06:01,0.995049504950495,1.0,0.8539316501572937,0.9705437052559006,0.6666666666666666,1.0,0.5181518151815181,0.03333333333333333,0.0,0.0,0.0,0.0
U32347,2019-11-14 08:06:38,1.0,1.0,1.0,1.0,1.0,1.0,0.75,0.1,0.0,0.2890648263178879,0.0,1.0
U58141,2019-11-14 08:06:53,0.96,0.5,0.6934264036172708,0.6934264036172708,1.0,1.0,0.64,0.25,0.2640681225725909,0.2640681225725909,0.5,0.5
U65257,2019-11-14 08:07:27,1.0,1.0,1.0,1.0,1.0,1.0,0.6153846153846154,0.25,0.16812753627111746,0.29127873064148246,0.25,0.5
U2547,2019-11-14 08:07:59,1.0,1.0,1.0,1.0,1.0,1.0,0.9393939393939394,1.0,0.6131471927654584,0.8315546295836225,0.5,1.0
U16645,2019-11-14 08:08:01,1.0,1.0,1.0,1.0,1.0,1.0,0.7724137931034484,0.06666666666666667,0.0,0.0,0.0,0.0
U39695,2019-11-14 08:08:08,1.0,1.0,1.0,1.0,1.0,1.0,0.8445945945945945,0.1111111111111111,0.0,0.18457569677956817,0.0,0.5
U59453,2019-11-14 08:09:13,0.9879518072289156,0.5,0.6309297535714575,0.6309297535714575,1.0,1.0,0.2530120481927711,0.015873015873015872,0.0,0.0,0.0,0.0
U45525,2019-11-14 08:09:30,0.9879518072289156,0.5,0.7606395682357036,0.7606395682357036,1.0,1.0,0.5993975903614458,0.2,0.15101961822780524,0.15101961822780524,0.25,0.25
U18699,2019-11-14 08:10:00,1.0,1.0,1.0,1.0,1.0,1.0,0.7,0.5,0.6509209298071326,0.6509209298071326,1.0,1.0
U6724,2019-11-14 08:12:15,0.9743589743589743,0.5,0.7328286204777911,0.7328286204777911,1.0,1.0,0.4444444444444444,0.09090909090909091,0.0,0.0,0.0,0.0
U29187,2019-11-14 08:13:51,1.0,1.0,1.0,1.0,1.0,1.0,0.0,0.09090909090909091,0.0,0.0,0.0,0.0
U3660,2019-11-14 08:17:08,1.0,1.0,1.0,1.0,0.8333333333333334,1.0,0.5111111111111111,0.25,0.14606834984270645,0.23119123707664177,0.16666666666666666,0.3333333333333333
U85135,2019-11-14 08:17:14,0.9728813559322034,1.0,0.639945385422766,0.867749820489524,0.6,1.0,0.6135593220338983,0.16666666666666666,0.0,0.22290869782240583,0.0,0.4
U29904,2019-11-14 08:17:19,1.0,1.0,1.0,1.0,1.0,1.0,0.9555555555555556,0.3333333333333333,0.5,0.5,1.0,1.0
U29844,2019-11-14 08:17:44,1.0,1.0,1.0,1.0,1.0,1.0,0.736111111111111,1.0,0.7039180890341347,0.7039180890341347,0.6666666666666666,0.6666666666666666
U70205,2019-11-14 08:23:20,0.9972222222222222,1.0,0.9674679834891693,0.9674679834891693,1.0,1.0,0.3888888888888889,0.16666666666666666,0.0,0.16716045496620227,0.0,0.3333333333333333
U50756,2019-11-14 08:23:20,0.9375,0.5,0.7606395682357036,0.7606395682357036,1.0,1.0,0.4375,0.14285714285714285,0.0,0.13012668333070054,0.0,0.25
U45617,2019-11-14 08:23:58,1.0,1.0,1.0,1.0,0.8333333333333334,1.0,0.6284722222222222,0.08333333333333333,0.0,0.0,0.0,0.0
U53919,2019-11-14 08:24:18,1.0,1.0,1.0,1.0,1.0,1.0,0.2393617021276596,0.017543859649122806,0.0,0.0,0.0,0.0
U55188,2019-11-14 08:24:50,0.9285714285714286,0.5,0.6934264036172708,0.6934264036172708,1.0,1.0,0.17857142857142855,0.1,0.0,0.17723928678404774,0.0,0.5
U84062,2019-11-14 08:24:58,1.0,1.0,1.0,1.0,1.0,1.0,0.5217391304347826,1.0,0.46927872602275644,0.46927872602275644,0.3333333333333333,0.3333333333333333
U68886,2019-11-14 08:25:10,1.0,1.0,1.0,1.0,1.0,1.0,0.29044117647058826,0.1,0.0,0.11284514134893527,0.0,0.25
U3107,2019-11-14 08:25:14,0.8947368421052632,0.3333333333333333,0.5,0.5,1.0,1.0,0.5789473684210527,0.1111111111111111,0.0,0.3010299956639812,0.0,1.0
U67223,2019-11-14 08:27:21,0.9743589743589743,0.5,0.7606395682357036,0.7606395682357036,1.0,1.0,0.7628205128205128,0.3333333333333333,0.19519002499605084,0.31834121936641585,0.25,0.5
U59594,2019-11-14 08:27:29,0.9564228874573701,0.25,0.14606834984270645,0.2940945979596688,0.07692307692307693,0.3076923076923077,0.5346722243273967,0.045454545454545456,0.0,0.0,0.0,0.0
U71637,2019-11-14 08:28:00,1.0,1.0,1.0,1.0,1.0,1.0,1.0,1.0,1.0,1.0,1.0,1.0
U16252,2019-11-14 08:29:37,0.9534883720930233,0.3333333333333333,0.5,0.5,1.0,1.0,0.08139534883720928,0.023809523809523808,0.0,0.0,0.0,0.0
U4662,2019-11-14 08:30:52,1.0,1.0,1.0,1.0,1.0,1.0,0.421875,0.07692307692307693,0.0,0.0,0.0,0.0
U56497,2019-11-14 08:31:10,0.9230769230769231,0.3333333333333333,0.5706417189553201,0.5706417189553201,1.0,1.0,0.5,0.08333333333333333,0.0,0.0,0.0,0.0
U69235,2019-11-14 08:32:22,0.9929078014184397,1.0,0.9469024295259745,0.9469024295259745,1.0,1.0,0.8156028368794326,0.5,0.2960819109658652,0.4632423659320675,0.3333333333333333,0.6666666666666666
U38105,2019-11-14 08:32:55,1.0,1.0,1.0,1.0,1.0,1.0,0.5032051282051282,0.25,0.16812753627111746,0.16812753627111746,0.25,0.25
U84901,2019-11-14 08:32:57,1.0,1.0,1.0,1.0,1.0,1.0,0.5263157894736842,0.25,0.16812753627111746,0.16812753627111746,0.25,0.25
U79185,2019-11-14 08:33:38,1.0,1.0,1.0,1.0,1.0,1.0,0.6346153846153846,1.0,0.6131471927654584,0.6131471927654584,0.5,0.5
U17901,2019-11-14 08:33:39,0.9910714285714286,0.5,0.7328286204777911,0.7328286204777911,1.0,1.0,0.456845238095238,0.041666666666666664,0.0,0.0,0.0,0.0
U75934,2019-11-14 08:37:09,0.9655172413793103,1.0,0.6164336326286644,0.7758480050487349,0.42857142857142855,0.8571428571428571,0.49507389162561577,0.09090909090909091,0.0,0.0,0.0,0.0
U79085,2019-11-14 08:37:58,0.9846491228070176,0.5,0.7328286204777911,0.7328286204777911,1.0,1.0,0.513157894736842,0.09090909090909091,0.0,0.0,0.0,0.0
U77421,2019-11-14 08:38:07,0.9886621315192744,1.0,0.639945385422766,0.8184175621358414,0.3333333333333333,0.8888888888888888,0.6190476190476191,0.045454545454545456,0.0,0.0,0.0,0.0
U79961,2019-11-14 08:40:35,1.0,1.0,1.0,1.0,1.0,1.0,1.0,1.0,1.0,1.0,1.0,1.0
U68779,2019-11-14 08:40:35,1.0,1.0,1.0,1.0,0.7142857142857143,1.0,0.47576530612244894,0.14285714285714285,0.0,0.09162544430476362,0.0,0.14285714285714285
U79064,2019-11-14 08:41:54,0.9962121212121212,1.0,0.9558295932317544,0.9558295932317544,1.0,1.0,0.7026515151515151,0.2,0.15101961822780524,0.29007579773858083,0.25,0.5
U91052,2019-11-14 08:42:09,0.9876237623762376,1.0,0.7365896932159578,0.8756458727267334,0.75,1.0,0.5631188118811882,0.25,0.16812753627111746,0.16812753627111746,0.25,0.25
U55482,2019-11-14 08:42:32,1.0,1.0,1.0,1.0,1.0,1.0,0.8063063063063063,0.022727272727272728,0.0,0.0,0.0,0.0
U64210,2019-11-14 08:45:04,0.9615384615384616,0.3333333333333333,0.5,0.5,1.0,1.0,0.75,0.07142857142857142,0.0,0.0,0.0,0.0
U93952,2019-11-14 08:47:39,1.0,1.0,1.0,1.0,0.8333333333333334,1.0,0.5,0.125,0.0,0.09546043308946733,0.0,0.16666666666666666
U90453,2019-11-14 08:48:07,1.0,1.0,1.0,1.0,1.0,1.0,0.5852272727272727,0.3333333333333333,0.19519002499605084,0.4255512711014133,0.25,0.75
U11399,2019-11-14 08:53:25,1.0,1.0,1.0,1.0,1.0,1.0,0.3055555555555556,0.16666666666666666,0.0,0.30281242839865,0.0,0.6666666666666666
U32978,2019-11-14 08:53:27,1.0,1.0,1.0,1.0,1.0,1.0,0.375,0.2,0.23719771276929622,0.430624116386567,0.5,1.0
U79688,2019-11-14 08:53:32,1.0,1.0,1.0,1.0,1.0,1.0,0.6363636363636364,0.2,0.38685280723454163,0.38685280723454163,1.0,1.0
U86724,2019-11-14 08:55:01,0.9411764705882353,1.0,0.5087403079104241,0.8219303906225648,0.4,1.0,0.4549019607843137,0.1,0.0,0.09803928583135704,0.0,0.2
U3660,2019-11-14 08:57:33,0.9934834123222749,1.0,1.0,0.9266360779006401,0.3125,0.5625,0.6110781990521327,0.3333333333333333,0.16958010263680806,0.11004588314904008,0.0625,0.0625
U15740,2019-11-14 08:58:04,1.0,1.0,1.0,1.0,1.0,1.0,0.4285714285714286,0.07692307692307693,0.0,0.0,0.0,0.0
U70316,2019-11-14 09:00:49,1.0,1.0,1.0,1.0,0.7142857142857143,1.0,0.6236263736263736,0.5,0.21398626473452756,0.17342765698823945,0.14285714285714285,0.14285714285714285
U87293,2019-11-14 09:01:16,1.0,1.0,1.0,1.0,1.0,1.0,0.4495049504950495,0.03225806451612903,0.0,0.0,0.0,0.0
U79406,2019-11-14 09:02:46,1.0,1.0,1.0,1.0,1.0,1.0,0.05555555555555558,0.1111111111111111,0.0,0.36181498356361597,0.0,1.0
U63482,2019-11-14 09:05:08,1.0,1.0,1.0,1.0,0.45454545454545453,0.9090909090909091,0.6889952153110047,1.0,0.6843515475204855,0.4440973278132557,0.2727272727272727,0.2727272727272727
U37171,2019-11-14 09:05:15,1.0,1.0,1.0,1.0,1.0,1.0,0.22560975609756095,0.017241379310344827,0.0,0.0,0.0,0.0
U17152,2019-11-14 09:05:27,1.0,1.0,1.0,1.0,1.0,1.0,0.7857142857142857,0.1,0.0,0.2890648263178879,0.0,1.0
U90249,2019-11-14 09:05:27,1.0,1.0,1.0,1.0,1.0,1.0,0.5,0.2,0.38685280723454163,0.38685280723454163,1.0,1.0
U80829,2019-11-14 09:05:29,0.9787234042553191,0.5,0.6934264036172708,0.6934264036172708,1.0,1.0,0.2021276595744681,0.02631578947368421,0.0,0.0,0.0,0.0
U58642,2019-11-14 09:06:30,1.0,1.0,1.0,1.0,1.0,1.0,0.5,0.25,0.5012658353418871,0.5012658353418871,1.0,1.0
U79688,2019-11-14 09:06:40,1.0,1.0,1.0,1.0,1.0,1.0,0.4571428571428572,0.05,0.0,0.0,0.0,0.0
U6665,2019-11-14 09:08:04,0.0,0.5,0.6309297535714575,0.6309297535714575,1.0,1.0,0.0,0.5,0.6309297535714575,0.6309297535714575,1.0,1.0
U4840,2019-11-14 09:08:50,1.0,1.0,1.0,1.0,1.0,1.0,0.6666666666666667,0.3333333333333333,0.5,0.5,1.0,1.0
U22551,2019-11-14 09:09:25,0.9932432432432433,1.0,0.9197207891481876,0.9197207891481876,1.0,1.0,0.5540540540540541,0.2,0.23719771276929622,0.23719771276929622,0.5,0.5
U75436,2019-11-14 09:09:29,0.987254381306426,1.0,0.5531464700081437,0.7021325349453813,0.2857142857142857,0.7142857142857143,0.5751460435475305,0.024390243902439025,0.0,0.0,0.0,0.0
U56563,2019-11-14 09:11:29,1.0,1.0,1.0,1.0,1.0,1.0,0.6611111111111111,0.125,0.0,0.2893079283427616,0.0,0.6666666666666666
U40618,2019-11-14 09:14:20,0.9649122807017544,1.0,0.6548086577531307,0.6339753813071974,0.25,0.5,0.5445906432748538,0.25,0.14606834984270645,0.1610425878239398,0.08333333333333333,0.16666666666666666
U51618,2019-11-14 09:15:02,0.985376827896513,1.0,0.8539316501572937,0.854281938127993,0.5714285714285714,0.8571428571428571,0.6625421822272216,0.2,0.13120507751234178,0.2774192047677609,0.14285714285714285,0.42857142857142855
U44274,2019-11-14 09:15:10,1.0,1.0,1.0,1.0,0.3333333333333333,0.6666666666666666,0.5192156862745099,1.0,0.3391602052736161,0.22009176629808017,0.06666666666666667,0.06666666666666667
U1076,2019-11-14 09:16:35,1.0,1.0,1.0,1.0,1.0,1.0,0.7142857142857143,1.0,0.6131471927654584,0.8315546295836225,0.5,1.0
U47843,2019-11-14 09:17:06,1.0,1.0,1.0,1.0,1.0,1.0,0.36458333333333337,0.058823529411764705,0.0,0.0,0.0,0.0
U18699,2019-11-14 09:18:22,0.9952380952380953,1.0,1.0,0.9950883841893561,0.7142857142857143,1.0,0.6904761904761905,0.25,0.27727342735504823,0.3074654952909128,0.2857142857142857,0.42857142857142855
U26095,2019-11-14 09:18:26,0.9862068965517242,1.0,0.7227265726449519,0.9565912771023182,0.6,1.0,0.5793103448275863,1.0,0.3391602052736161,0.3391602052736161,0.2,0.2
U71332,2019-11-14 09:18:33,1.0,1.0,1.0,1.0,1.0,1.0,1.0,1.0,1.0,1.0,1.0,1.0
U32174,2019-11-14 09:18:34,1.0,1.0,1.0,1.0,1.0,1.0,0.9666666666666667,0.5,0.6309297535714575,0.6309297535714575,1.0,1.0
U72404,2019-11-14 09:18:40,1.0,1.0,1.0,1.0,1.0,1.0,1.0,1.0,1.0,1.0,1.0,1.0
U43356,2019-11-14 09:18:40,1.0,1.0,1.0,1.0,1.0,1.0,0.6666666666666667,0.5,0.6309297535714575,0.6309297535714575,1.0,1.0
U80145,2019-11-14 09:20:06,1.0,1.0,1.0,1.0,1.0,1.0,0.801470588235294,1.0,0.6131471927654584,0.6131471927654584,0.5,0.5
U27775,2019-11-14 09:20:06,1.0,1.0,1.0,1.0,1.0,1.0,0.6916666666666667,0.125,0.0,0.2406672991267921,0.0,0.5
U75418,2019-11-14 09:23:42,0.9802631578947368,0.5,0.6509209298071326,0.6509209298071326,1.0,1.0,0.19736842105263158,0.018518518518518517,0.0,0.0,0.0,0.0
U76605,2019-11-14 09:24:44,1.0,1.0,1.0,1.0,1.0,1.0,0.6744186046511628,0.2,0.23719771276929622,0.23719771276929622,0.5,0.5
U40907,2019-11-14 09:24:47,1.0,1.0,1.0,1.0,1.0,1.0,0.8235294117647058,1.0,0.6131471927654584,0.8065735963827293,0.5,1.0
U43454,2019-11-14 09:25:40,0.9990243902439024,1.0,0.8687949224876582,0.9896062251871525,0.8,1.0,0.5585365853658536,0.05555555555555555,0.0,0.0,0.0,0.0
U12582,2019-11-14 09:28:03,0.9952054794520548,1.0,0.8687949224876582,0.914856882358379,0.4,0.9,0.48082191780821915,0.5,0.21398626473452756,0.13886244387355454,0.1,0.1
U4149,2019-11-14 09:28:44,1.0,1.0,1.0,1.0,1.0,1.0,0.5625,0.08333333333333333,0.0,0.0,0.0,0.0
U64614,2019-11-14 09:28:53,0.9953051643192489,0.5,0.6608397947263839,0.8118374955798289,0.5714285714285714,1.0,0.580147551978538,0.1111111111111111,0.0,0.08274602130532002,0.0,0.14285714285714285
U42005,2019-11-14 09:30:07,0.9854651162790697,1.0,0.787702056960637,0.9178287402913377,0.75,1.0,0.48837209302325585,0.041666666666666664,0.0,0.0,0.0,0.0
U45753,2019-11-14 09:30:14,1.0,1.0,1.0,1.0,1.0,1.0,0.29411764705882354,0.08333333333333333,0.0,0.0,0.0,0.0
U85409,2019-11-14 09:31:17,1.0,1.0,1.0,1.0,1.0,1.0,0.7566037735849057,1.0,0.3391602052736161,0.45221360703148816,0.2,0.4
U31376,2019-11-14 09:32:45,0.9859154929577465,0.5,0.6309297535714575,0.6309297535714575,1.0,1.0,0.7605633802816901,0.05555555555555555,0.0,0.0,0.0,0.0
U34387,2019-11-14 09:32:51,0.9333333333333333,0.5,0.6309297535714575,0.6309297535714575,1.0,1.0,0.8666666666666667,0.3333333333333333,0.5,0.5,1.0,1.0
U54989,2019-11-14 09:33:11,1.0,1.0,1.0,1.0,1.0,1.0,0.0,0.1,0.0,0.2890648263178879,0.0,1.0
U29861,2019-11-14 09:33:44,0.9866666666666667,0.5,0.6309297535714575,0.6309297535714575,1.0,1.0,0.08000000000000002,0.0136986301369863,0.0,0.0,0.0,0.0
U14524,2019-11-14 09:33:53,1.0,1.0,1.0,1.0,1.0,1.0,0.5,0.16666666666666666,0.0,0.3562071871080222,0.0,1.0
U45202,2019-11-14 09:34:22,0.9545454545454546,0.5,0.6934264036172708,0.6934264036172708,1.0,1.0,0.38636363636363635,0.16666666666666666,0.0,0.21840743681816419,0.0,0.5
U5816,2019-11-14 09:35:12,1.0,1.0,1.0,1.0,1.0,1.0,0.1780821917808219,0.017241379310344827,0.0,0.0,0.0,0.0
U16646,2019-11-14 09:36:08,0.9347826086956522,0.25,0.5012658353418871,0.5012658353418871,1.0,1.0,0.41304347826086957,0.06666666666666667,0.0,0.0,0.0,0.0
U71332,2019-11-14 09:36:13,1.0,1.0,1.0,1.0,1.0,1.0,0.98,0.5,0.7328286204777911,0.7328286204777911,1.0,1.0
U72034,2019-11-14 09:37:04,0.9895833333333333,1.0,0.9197207891481876,0.9197207891481876,1.0,1.0,0.9270833333333333,1.0,0.6131471927654584,0.7977228895450266,0.5,1.0
U16291,2019-11-14 09:38:03,0.9702380952380952,0.5,0.38685280723454163,0.6052602440527057,0.5,1.0,0.625,0.07142857142857142,0.0,0.0,0.0,0.0
U34846,2019-11-14 09:39:11,1.0,1.0,1.0,1.0,1.0,1.0,1.0,1.0,1.0,1.0,1.0,1.0
U17626,2019-11-14 09:39:59,1.0,1.0,1.0,1.0,1.0,1.0,0.8478260869565217,0.5,0.24630238874073,0.24630238874073,0.25,0.25
U40724,2019-11-14 09:40:22,0.9809523809523809,0.5,0.5147714448836774,0.7486361493410437,0.6,1.0,0.2773809523809524,0.03125,0.0,0.0,0.0,0.0
U57258,2019-11-14 09:40:40,1.0,1.0,1.0,1.0,0.8333333333333334,1.0,0.40740740740740744,0.0625,0.0,0.0,0.0,0.0
U29270,2019-11-14 09:41:49,1.0,1.0,1.0,1.0,1.0,1.0,0.7857142857142858,1.0,0.3903800499921017,0.6310473491188939,0.25,0.75
U11176,2019-11-14 09:42:11,1.0,1.0,1.0,1.0,1.0,1.0,0.5769230769230769,0.3333333333333333,0.3065735963827292,0.3065735963827292,0.5,0.5
U49861,2019-11-14 09:42:29,1.0,1.0,1.0,1.0,1.0,1.0,0.33333333333333337,0.1111111111111111,0.0,0.3010299956639812,0.0,1.0
U59843,2019-11-14 09:42:42,0.9963963963963963,1.0,0.8539316501572937,0.9747429528567879,0.8,1.0,0.8216216216216216,0.16666666666666666,0.0,0.3299018301896696,0.0,0.6
U32322,2019-11-14 09:43:18,1.0,1.0,1.0,1.0,0.38461538461538464,0.7692307692307693,0.7787381158167676,0.3333333333333333,0.16958010263680806,0.24309789328476902,0.07692307692307693,0.23076923076923078
U14070,2019-11-14 09:43:54,1.0,1.0,1.0,1.0,1.0,1.0,0.27586206896551724,0.022222222222222223,0.0,0.0,0.0,0.0
U21791,2019-11-14 09:44:43,1.0,1.0,1.0,1.0,1.0,1.0,0.7222222222222222,0.16666666666666666,0.0,0.3562071871080222,0.0,1.0
U81949,2019-11-14 09:45:38,1.0,1.0,1.0,1.0,1.0,1.0,0.6041666666666667,0.3333333333333333,0.3065735963827292,0.3065735963827292,0.5,0.5
U69964,2019-11-14 09:47:58,1.0,1.0,1.0,1.0,1.0,1.0,0.41111111111111115,0.09090909090909091,0.0,0.0,0.0,0.0
U76387,2019-11-14 09:47:59,1.0,1.0,1.0,1.0,1.0,1.0,0.8076923076923077,0.3333333333333333,0.5437713091520254,0.5437713091520254,1.0,1.0
U35012,2019-11-14 09:49:10,0.9871794871794872,1.0,0.9469024295259745,0.9469024295259745,1.0,1.0,0.9166666666666667,1.0,0.6508205185601091,0.6508205185601091,0.6666666666666666,0.6666666666666666
U6633,2019-11-14 09:49:14,0.9887766554433222,1.0,0.6164336326286644,0.7279747803558243,0.3333333333333333,0.7777777777777778,0.5112233445566778,0.5,0.21398626473452756,0.1482972305701491,0.1111111111111111,0.1111111111111111
U91293,2019-11-14 09:49:25,0.9672131147540983,0.3333333333333333,0.5,0.5,1.0,1.0,0.39344262295081966,0.02631578947368421,0.0,0.0,0.0,0.0
U4532,2019-11-14 09:49:32,1.0,1.0,1.0,1.0,1.0,1.0,1.0,1.0,1.0,1.0,1.0,1.0
U9736,2019-11-14 09:51:11,1.0,1.0,1.0,1.0,0.8333333333333334,1.0,0.6990740740740741,0.25,0.14606834984270645,0.23119123707664177,0.16666666666666666,0.3333333333333333
U8091,2019-11-14 09:52:34,0.9954545454545455,1.0,0.8687949224876582,0.9782917460822231,0.5,1.0,0.5022727272727272,0.027777777777777776,0.0,0.0,0.0,0.0
U89529,2019-11-14 09:53:03,0.9841269841269841,1.0,0.9674679834891693,0.9674679834891693,1.0,1.0,0.6031746031746031,0.3333333333333333,0.4367467095119258,0.4367467095119258,0.6666666666666666,0.6666666666666666
U73797,2019-11-14 09:53:12,0.9903846153846154,0.5,0.7606395682357036,0.7606395682357036,1.0,1.0,0.4375,0.06666666666666667,0.0,0.0,0.0,0.0
U56731,2019-11-14 09:54:56,0.9836065573770492,0.5,0.6934264036172708,0.6934264036172708,1.0,1.0,0.5573770491803278,0.03571428571428571,0.0,0.0,0.0,0.0
U80850,2019-11-14 09:56:40,0.9918032786885246,1.0,1.0,0.9266360779006401,0.35714285714285715,0.6428571428571429,0.7154566744730679,0.16666666666666666,0.0,0.15176219107803537,0.0,0.14285714285714285
U8818,2019-11-14 09:57:33,1.0,1.0,1.0,1.0,1.0,1.0,0.888888888888889,0.25,0.43067655807339306,0.43067655807339306,1.0,1.0
U52621,2019-11-14 09:58:47,0.9795918367346939,1.0,0.5531464700081437,0.7888463634395011,0.2857142857142857,0.8571428571428571,0.5275510204081633,0.058823529411764705,0.0,0.0,0.0,0.0
U69913,2019-11-14 09:59:11,1.0,1.0,1.0,1.0,1.0,1.0,0.47567567567567565,0.25,0.14606834984270645,0.14606834984270645,0.2,0.2
U63462,2019-11-14 09:59:28,1.0,1.0,1.0,1.0,1.0,1.0,0.8095238095238095,0.2,0.38685280723454163,0.38685280723454163,1.0,1.0
U58407,2019-11-14 09:59:36,1.0,1.0,1.0,1.0,1.0,1.0,0.75,0.5,0.6309297535714575,0.6309297535714575,1.0,1.0
U42382,2019-11-14 10:01:02,1.0,1.0,1.0,1.0,1.0,1.0,0.7,0.25,0.43067655807339306,0.43067655807339306,1.0,1.0
U47164,2019-11-14 10:01:30,0.9675324675324675,0.3333333333333333,0.5437713091520254,0.5437713091520254,1.0,1.0,0.6883116883116882,0.08333333333333333,0.0,0.0,0.0,0.0
U28621,2019-11-14 10:04:48,0.9481481481481482,0.3333333333333333,0.4367467095119258,0.6039071644781281,0.6666666666666666,1.0,0.437037037037037,0.1111111111111111,0.0,0.14126697285982898,0.0,0.3333333333333333
U68860,2019-11-14 10:05:15,1.0,1.0,1.0,1.0,1.0,1.0,1.0,1.0,1.0,1.0,1.0,1.0
U63554,2019-11-14 10:05:46,0.9226666666666666,0.25,0.14606834984270645,0.3571610374319355,0.2,0.6,0.544,0.05263157894736842,0.0,0.0,0.0,0.0
U9604,2019-11-14 10:05:54,1.0,1.0,1.0,1.0,1.0,1.0,0.36363636363636365,0.16666666666666666,0.0,0.21840743681816419,0.0,0.5
U44274,2019-11-14 10:06:20,0.9,0.5,0.6309297535714575,0.6309297535714575,1.0,1.0,0.30000000000000004,0.125,0.0,0.31546487678572877,0.0,1.0
U78703,2019-11-14 10:08:13,0.9775051124744376,0.5,0.4912596920895758,0.53917469639354,0.5,0.6666666666666666,0.7167689161554192,0.3333333333333333,0.16958010263680806,0.23877292085081492,0.16666666666666666,0.3333333333333333
U88665,2019-11-14 10:09:25,0.9874015748031496,1.0,0.6843515475204855,0.7951657524814092,0.3,0.8,0.6354330708661418,0.14285714285714285,0.0,0.13961814555374907,0.0,0.2
U19413,2019-11-14 10:10:40,0.984313725490196,1.0,0.7860137352654724,0.9068250379649666,0.8,1.0,0.396078431372549,0.2,0.13120507751234178,0.13120507751234178,0.2,0.2
U64300,2019-11-14 10:10:48,0.9969512195121951,1.0,0.8048099750039491,0.9438661545147249,0.75,1.0,0.5741869918699187,0.05263157894736842,0.0,0.0,0.0,0.0
U91215,2019-11-14 10:12:09,0.9907407407407407,0.5,0.7328286204777911,0.7328286204777911,1.0,1.0,0.27469135802469136,0.027777777777777776,0.0,0.0,0.0,0.0
U73801,2019-11-14 10:12:23,0.9333333333333333,0.5,0.6309297535714575,0.6309297535714575,1.0,1.0,0.4666666666666667,0.1111111111111111,0.0,0.3010299956639812,0.0,1.0
U9962,2019-11-14 10:13:17,1.0,1.0,1.0,1.0,1.0,1.0,0.8623188405797102,0.3333333333333333,0.19519002499605084,0.4573973988771914,0.25,0.75
U43854,2019-11-14 10:13:51,1.0,1.0,1.0,1.0,1.0,1.0,0.3571428571428571,0.05263157894736842,0.0,0.0,0.0,0.0
U91244,2019-11-14 10:14:09,1.0,1.0,1.0,1.0,1.0,1.0,0.26315789473684215,0.1,0.0,0.17723928678404774,0.0,0.5
U51200,2019-11-14 10:14:26,1.0,1.0,1.0,1.0,1.0,1.0,0.46875,0.1111111111111111,0.0,0.18457569677956817,0.0,0.5
U12485,2019-11-14 10:16:02,1.0,1.0,1.0,1.0,1.0,1.0,0.48275862068965514,0.08333333333333333,0.0,0.0,0.0,0.0
U42265,2019-11-14 10:17:17,1.0,1.0,1.0,1.0,1.0,1.0,0.45299145299145294,0.14285714285714285,0.0,0.15642624200758548,0.0,0.3333333333333333
U82202,2019-11-14 10:18:38,1.0,1.0,1.0,1.0,1.0,1.0,0.5,0.3333333333333333,0.3065735963827292,0.5109559939712153,0.5,1.0
U40870,2019-11-14 10:21:00,1.0,1.0,1.0,1.0,1.0,1.0,0.625,0.14285714285714285,0.0,0.3333333333333333,0.0,1.0
U80100,2019-11-14 10:22:56,0.9938271604938272,1.0,0.8539316501572937,0.9705437052559006,0.6666666666666666,1.0,0.5895061728395061,0.5,0.21398626473452756,0.28201326940239274,0.16666666666666666,0.3333333333333333
U8605,2019-11-14 10:25:12,0.9933333333333334,1.0,0.830419897363192,0.9512312000626861,0.8,1.0,0.5533333333333332,0.0625,0.0,0.0,0.0,0.0
U63258,2019-11-14 10:25:21,1.0,1.0,1.0,1.0,1.0,1.0,0.9,0.5,0.6309297535714575,0.6309297535714575,1.0,1.0
U10306,2019-11-14 10:25:35,0.9239130434782609,0.25,0.2640681225725909,0.48247555939075504,0.5,1.0,0.5760869565217391,0.0625,0.0,0.0,0.0,0.0
U88067,2019-11-14 10:27:31,0.9734848484848485,1.0,0.787702056960637,0.9267582364714126,0.75,1.0,0.303030303030303,0.05555555555555555,0.0,0.0,0.0,0.0
U90887,2019-11-14 10:28:47,0.9666666666666667,0.5,0.6309297535714575,0.6309297535714575,1.0,1.0,0.9,0.25,0.43067655807339306,0.43067655807339306,1.0,1.0
U41538,2019-11-14 10:29:19,1.0,1.0,1.0,1.0,1.0,1.0,0.9565217391304348,0.5,0.6309297535714575,0.6309297535714575,1.0,1.0
U43088,2019-11-14 10:30:32,1.0,1.0,1.0,1.0,0.7142857142857143,1.0,0.7290436835891381,1.0,0.5087403079104241,0.41231449937143627,0.2857142857142857,0.2857142857142857
U87675,2019-11-14 10:31:12,1.0,1.0,1.0,1.0,1.0,1.0,1.0,1.0,1.0,1.0,1.0,1.0
U16646,2019-11-14 10:33:06,0.9791411042944785,0.5,0.21398626473452756,0.6569414966820691,0.2,1.0,0.592638036809816,0.06666666666666667,0.0,0.0,0.0,0.0
U22981,2019-11-14 10:34:14,0.981404958677686,0.3333333333333333,0.5143371794949736,0.6444638628256741,0.75,1.0,0.6673553719008265,0.06666666666666667,0.0,0.0,0.0,0.0
U81305,2019-11-14 10:34:15,0.9652777777777777,1.0,0.6548086577531307,0.8785693769960272,0.5,1.0,0.59375,1.0,0.3391602052736161,0.4034698846650846,0.16666666666666666,0.3333333333333333
U78872,2019-11-14 10:35:49,0.9310344827586207,0.3333333333333333,0.5,0.5,1.0,1.0,0.8275862068965517,0.16666666666666666,0.0,0.3562071871080222,0.0,1.0
U34384,2019-11-14 10:37:21,1.0,1.0,1.0,1.0,0.7142857142857143,1.0,0.8329979879275653,0.5,0.34519134224686937,0.36647816651258897,0.2857142857142857,0.42857142857142855
U40173,2019-11-14 10:37:56,1.0,1.0,1.0,1.0,1.0,1.0,0.14893617021276595,0.02631578947368421,0.0,0.0,0.0,0.0
U7212,2019-11-14 10:38:03,1.0,1.0,1.0,1.0,1.0,1.0,0.5394736842105263,0.1111111111111111,0.0,0.11751610475642714,0.0,0.25
U16144,2019-11-14 10:38:37,0.9571428571428572,0.25,0.38364913903790027,0.5508095940041026,0.6666666666666666,1.0,0.38095238095238093,0.058823529411764705,0.0,0.0,0.0,0.0
U82957,2019-11-14 10:39:00,1.0,1.0,1.0,1.0,1.0,1.0,0.5113636363636364,0.058823529411764705,0.0,0.0,0.0,0.0
U6677,2019-11-14 10:40:00,0.9912280701754386,0.5,0.6309297535714575,0.6309297535714575,1.0,1.0,0.9385964912280702,0.125,0.0,0.31546487678572877,0.0,1.0
U4998,2019-11-14 10:40:41,0.9959349593495934,1.0,0.9558295932317544,0.9558295932317544,1.0,1.0,0.6829268292682927,0.14285714285714285,0.0,0.13012668333070054,0.0,0.25
U45452,2019-11-14 10:41:41,0.9880952380952381,0.5,0.6934264036172708,0.6934264036172708,1.0,1.0,0.8452380952380952,0.16666666666666666,0.0,0.21840743681816419,0.0,0.5
U13227,2019-11-14 10:43:10,1.0,1.0,1.0,1.0,1.0,1.0,0.33333333333333337,0.1111111111111111,0.0,0.3010299956639812,0.0,1.0
U74819,2019-11-14 10:45:33,1.0,1.0,1.0,1.0,1.0,1.0,1.0,1.0,1.0,1.0,1.0,1.0
U57717,2019-11-14 10:45:49,0.9930555555555556,1.0,0.9674679834891693,0.9674679834891693,1.0,1.0,0.4583333333333333,0.1111111111111111,0.0,0.14126697285982898,0.0,0.3333333333333333
U76521,2019-11-14 10:48:33,0.9833333333333334,1.0,0.9197207891481876,0.9197207891481876,1.0,1.0,0.4166666666666667,0.07142857142857142,0.0,0.0,0.0,0.0
U59607,2019-11-14 10:50:04,1.0,1.0,1.0,1.0,1.0,1.0,0.0,0.07142857142857142,0.0,0.0,0.0,0.0
U7453,2019-11-14 10:50:26,0.9893617021276596,0.5,0.6934264036172708,0.6934264036172708,1.0,1.0,0.2154255319148936,0.01694915254237288,0.0,0.0,0.0,0.0
U41159,2019-11-14 10:51:23,1.0,1.0,1.0,1.0,1.0,1.0,0.5066666666666666,1.0,0.46927872602275644,0.46927872602275644,0.3333333333333333,0.3333333333333333
U59182,2019-11-14 10:51:35,1.0,1.0,1.0,1.0,1.0,1.0,0.4285714285714286,0.2,0.38685280723454163,0.38685280723454163,1.0,1.0
U35319,2019-11-14 10:53:37,0.9791666666666667,1.0,1.0,1.0,1.0,1.0,0.9583333333333334,0.5,0.6309297535714575,0.6309297535714575,1.0,1.0
U15039,2019-11-14 10:53:46,0.989517819706499,0.5,0.6608397947263839,0.776161268289601,0.6666666666666666,1.0,0.7851153039832286,0.125,0.0,0.09546043308946733,0.0,0.16666666666666666
U38515,2019-11-14 10:55:23,1.0,1.0,1.0,1.0,0.5555555555555556,1.0,0.9145299145299146,1.0,0.7227265726449519,0.6587390839761452,0.3333333333333333,0.5555555555555556
U50507,2019-11-14 10:55:25,1.0,1.0,1.0,1.0,0.8333333333333334,1.0,0.6773049645390071,0.25,0.14606834984270645,0.23119123707664177,0.16666666666666666,0.3333333333333333
U90140,2019-11-14 10:55:42,1.0,1.0,1.0,1.0,1.0,1.0,0.5900000000000001,1.0,0.6131471927654584,0.6131471927654584,0.5,0.5
U29817,2019-11-14 10:58:14,1.0,1.0,1.0,1.0,1.0,1.0,0.8285714285714285,0.14285714285714285,0.0,0.3333333333333333,0.0,1.0
U63109,2019-11-14 10:59:12,0.9925373134328358,1.0,0.8539316501572937,0.9705437052559006,0.6666666666666666,1.0,0.6592039800995025,0.25,0.27727342735504823,0.24738635904833417,0.3333333333333333,0.3333333333333333
U6803,2019-11-14 11:00:34,0.9546232876712328,1.0,0.6843515475204855,0.6678144472275097,0.375,0.625,0.4486301369863014,0.16666666666666666,0.0,0.09010000865236768,0.0,0.125
U46958,2019-11-14 11:01:51,1.0,1.0,1.0,1.0,1.0,1.0,0.375,0.16666666666666666,0.0,0.13905617951077562,0.0,0.25
U53136,2019-11-14 11:03:23,0.9885057471264368,1.0,0.9060254355346823,0.9060254355346823,1.0,1.0,0.40804597701149425,0.14285714285714285,0.0,0.15642624200758548,0.0,0.3333333333333333
U6066,2019-11-14 11:04:14,0.9333333333333333,0.5,0.6934264036172708,0.6934264036172708,1.0,1.0,0.43333333333333335,0.14285714285714285,0.0,0.20438239758848611,0.0,0.5
U20899,2019-11-14 11:05:17,0.9583333333333333,0.5,0.2960819109658652,0.619668607939653,0.3333333333333333,1.0,0.32870370370370366,0.2,0.18154179253735267,0.18154179253735267,0.3333333333333333,0.3333333333333333
U91256,2019-11-14 11:06:57,0.9333333333333333,0.5,0.6309297535714575,0.6309297535714575,1.0,1.0,0.9333333333333333,0.5,0.6309297535714575,0.6309297535714575,1.0,1.0
U55621,2019-11-14 11:07:42,0.9811320754716981,0.5,0.7328286204777911,0.7328286204777911,1.0,1.0,0.1509433962264151,0.03125,0.0,0.0,0.0,0.0
U17723,2019-11-14 11:10:27,1.0,1.0,1.0,1.0,1.0,1.0,0.5,0.25,0.43067655807339306,0.43067655807339306,1.0,1.0
U7210,2019-11-14 11:11:27,1.0,1.0,1.0,1.0,1.0,1.0,1.0,1.0,1.0,1.0,1.0,1.0
U15895,2019-11-14 11:11:36,0.9916666666666666,1.0,0.9197207891481876,0.9197207891481876,1.0,1.0,0.9500000000000001,1.0,0.6131471927654584,0.8065735963827293,0.5,1.0
U31637,2019-11-14 11:12:39,0.9966666666666666,1.0,0.8687949224876582,0.9896062251871525,0.8,1.0,0.64,0.3333333333333333,0.16958010263680806,0.16958010263680806,0.2,0.2
U92517,2019-11-14 11:13:46,1.0,1.0,1.0,1.0,1.0,1.0,0.383177570093458,0.03571428571428571,0.0,0.0,0.0,0.0
U49944,2019-11-14 11:14:28,0.6666666666666667,0.3333333333333333,0.5,0.5,1.0,1.0,0.5,0.25,0.43067655807339306,0.43067655807339306,1.0,1.0
U60604,2019-11-14 11:15:52,0.9944029850746268,1.0,0.9828920819566879,0.9828920819566879,1.0,1.0,0.5111940298507462,0.034482758620689655,0.0,0.0,0.0,0.0
U88859,2019-11-14 11:17:38,1.0,1.0,1.0,1.0,1.0,1.0,0.6923076923076923,0.2,0.38685280723454163,0.38685280723454163,1.0,1.0
U42524,2019-11-14 11:17:54,1.0,1.0,1.0,1.0,1.0,1.0,0.8231707317073171,0.06666666666666667,0.0,0.0,0.0,0.0
U7546,2019-11-14 11:18:23,1.0,1.0,1.0,1.0,1.0,1.0,0.6818181818181818,0.25,0.2640681225725909,0.2640681225725909,0.5,0.5
U85998,2019-11-14 11:18:53,0.9166666666666666,0.5,0.6309297535714575,0.6309297535714575,1.0,1.0,0.8333333333333334,0.3333333333333333,0.5,0.5,1.0,1.0
U85433,2019-11-14 11:20:43,0.9791044776119403,0.3333333333333333,0.4468535299918563,0.6559440574820317,0.6,1.0,0.16417910447761194,0.02,0.0,0.0,0.0,0.0
U55948,2019-11-14 11:20:58,1.0,1.0,1.0,1.0,1.0,1.0,0.5994152046783625,0.2,0.18154179253735267,0.18154179253735267,0.3333333333333333,0.3333333333333333
U77917,2019-11-14 11:21:09,0.9791666666666666,0.5,0.6934264036172708,0.6934264036172708,1.0,1.0,0.4375,0.041666666666666664,0.0,0.0,0.0,0.0
U72467,2019-11-14 11:21:50,1.0,1.0,1.0,1.0,1.0,1.0,0.24742268041237114,0.013513513513513514,0.0,0.0,0.0,0.0
U93817,2019-11-14 11:21:53,0.9583333333333334,0.5,0.6309297535714575,0.6309297535714575,1.0,1.0,0.8333333333333334,0.2,0.38685280723454163,0.38685280723454163,1.0,1.0
U2943,2019-11-14 11:23:54,1.0,1.0,1.0,1.0,0.8333333333333334,1.0,0.625,0.3333333333333333,0.3156484524795145,0.47358484704950654,0.3333333333333333,0.6666666666666666
U55621,2019-11-14 11:24:12,0.9829059829059829,1.0,0.7860137352654724,0.8412976538766465,0.4444444444444444,0.8888888888888888,0.717948717948718,0.16666666666666666,0.0,0.16207343047068856,0.0,0.2222222222222222
U30417,2019-11-14 11:25:02,0.9918367346938776,1.0,0.8539316501572937,0.9747429528567879,0.8,1.0,0.7224489795918367,0.2,0.13120507751234178,0.13120507751234178,0.2,0.2
U66751,2019-11-14 11:26:28,0.9500000000000001,1.0,0.8772153153380493,0.8772153153380493,1.0,1.0,0.525,0.3333333333333333,0.3065735963827292,0.3065735963827292,0.5,0.5
U5065,2019-11-14 11:26:51,1.0,1.0,1.0,1.0,1.0,1.0,0.5555555555555556,0.3333333333333333,0.3065735963827292,0.5,0.5,1.0
U72521,2019-11-14 11:28:00,1.0,1.0,1.0,1.0,1.0,1.0,0.6916666666666667,0.14285714285714285,0.0,0.2532778777010656,0.0,0.5
U24162,2019-11-14 11:30:56,1.0,1.0,1.0,1.0,1.0,1.0,0.5384615384615384,0.14285714285714285,0.0,0.3333333333333333,0.0,1.0
U17782,2019-11-14 11:36:22,0.935374149659864,0.3333333333333333,0.41618115554873086,0.5726073975563163,0.6666666666666666,1.0,0.5476190476190477,0.1,0.0,0.13565197343244778,0.0,0.3333333333333333
U11236,2019-11-14 11:36:58,0.9400000000000001,0.5,0.6509209298071326,0.6509209298071326,1.0,1.0,0.78,0.16666666666666666,0.0,0.41183384043543503,0.0,1.0
U87984,2019-11-14 11:38:36,1.0,1.0,1.0,1.0,1.0,1.0,0.7039473684210527,0.5,0.24630238874073,0.5085097626218706,0.25,0.75
U82864,2019-11-14 11:38:54,1.0,1.0,1.0,1.0,0.5555555555555556,1.0,0.6874074074074074,1.0,0.3391602052736161,0.305801310135566,0.1111111111111111,0.2222222222222222
U47201,2019-11-14 11:39:24,1.0,1.0,1.0,1.0,1.0,1.0,0.5454545454545454,0.16666666666666666,0.0,0.3562071871080222,0.0,1.0
U38955,2019-11-14 11:39:33,1.0,1.0,1.0,1.0,1.0,1.0,0.21052631578947367,0.0625,0.0,0.0,0.0,0.0
U73136,2019-11-14 11:40:01,0.9545454545454546,0.5,0.6309297535714575,0.6309297535714575,1.0,1.0,0.0,0.043478260869565216,0.0,0.0,0.0,0.0
U60297,2019-11-14 11:43:18,1.0,1.0,1.0,1.0,1.0,1.0,0.95,0.5,0.6309297535714575,0.6309297535714575,1.0,1.0
U39904,2019-11-14 11:43:29,0.9963045084996305,1.0,1.0,0.9305687780632227,0.45454545454545453,0.8181818181818182,0.46526237989652625,0.04,0.0,0.0,0.0,0.0
U85725,2019-11-14 11:43:41,1.0,1.0,1.0,1.0,1.0,1.0,0.8918918918918919,0.2,0.38685280723454163,0.38685280723454163,1.0,1.0
U55261,2019-11-14 11:44:58,1.0,1.0,1.0,1.0,1.0,1.0,0.7222222222222222,0.16666666666666666,0.0,0.21840743681816419,0.0,0.5
U34241,2019-11-14 11:45:44,0.9887573964497042,0.5,0.6608397947263839,0.7136540102475308,0.3076923076923077,0.6153846153846154,0.6674556213017753,0.14285714285714285,0.0,0.07336392209936005,0.0,0.07692307692307693
U32853,2019-11-14 11:46:11,1.0,1.0,1.0,1.0,1.0,1.0,0.7857142857142857,0.16666666666666666,0.0,0.21840743681816419,0.0,0.5
U17526,2019-11-14 11:46:19,1.0,1.0,1.0,1.0,1.0,1.0,0.4789156626506024,0.0625,0.0,0.0,0.0,0.0
U21217,2019-11-14 11:46:27,0.8888888888888888,0.5,0.6309297535714575,0.6309297535714575,1.0,1.0,0.0,0.1,0.0,0.2890648263178879,0.0,1.0
U67057,2019-11-14 11:48:27,1.0,1.0,1.0,1.0,1.0,1.0,0.0,0.3333333333333333,0.5,0.5,1.0,1.0
U42856,2019-11-14 11:50:01,1.0,1.0,1.0,1.0,1.0,1.0,0.5789473684210527,0.3333333333333333,0.23463936301137822,0.370291336443826,0.3333333333333333,0.6666666666666666
U52489,2019-11-14 11:50:09,1.0,1.0,1.0,1.0,1.0,1.0,0.8923884514435696,0.1111111111111111,0.0,0.14126697285982898,0.0,0.3333333333333333
U18788,2019-11-14 11:50:22,0.9607843137254902,1.0,0.7039180890341347,0.8710785440003369,0.6666666666666666,1.0,0.46078431372549017,0.16666666666666666,0.0,0.16716045496620227,0.0,0.3333333333333333
U93224,2019-11-14 11:50:22,0.9878048780487805,1.0,0.9197207891481876,0.9197207891481876,1.0,1.0,0.43902439024390244,0.16666666666666666,0.0,0.21840743681816419,0.0,0.5
U26183,2019-11-14 11:52:12,1.0,1.0,1.0,1.0,1.0,1.0,0.6428571428571428,0.5,0.5307212739772434,0.5307212739772434,0.6666666666666666,0.6666666666666666
U78151,2019-11-14 11:53:12,0.9961538461538462,1.0,0.9558295932317544,0.9558295932317544,1.0,1.0,0.7096153846153845,0.058823529411764705,0.0,0.0,0.0,0.0
U88930,2019-11-14 11:53:13,1.0,1.0,1.0,1.0,1.0,1.0,0.47058823529411764,0.07142857142857142,0.0,0.0,0.0,0.0
U40522,2019-11-14 11:53:17,1.0,1.0,1.0,1.0,1.0,1.0,0.36363636363636365,0.05,0.0,0.0,0.0,0.0
U93864,2019-11-14 11:54:37,0.9836065573770492,0.5,0.6934264036172708,0.6934264036172708,1.0,1.0,0.7377049180327869,0.5,0.38685280723454163,0.38685280723454163,0.5,0.5
U20995,2019-11-14 11:55:30,0.9,0.5,0.6934264036172708,0.6934264036172708,1.0,1.0,0.45,0.5,0.38685280723454163,0.38685280723454163,0.5,0.5
U53919,2019-11-14 11:56:07,0.9545454545454546,0.5,0.6309297535714575,0.6309297535714575,1.0,1.0,0.045454545454545414,0.045454545454545456,0.0,0.0,0.0,0.0
U70371,2019-11-14 11:57:31,1.0,1.0,1.0,1.0,1.0,1.0,0.9411764705882353,1.0,0.6131471927654584,0.8315546295836225,0.5,1.0
U87675,2019-11-14 11:57:46,1.0,1.0,1.0,1.0,1.0,1.0,0.6,0.3333333333333333,0.5,0.5,1.0,1.0
U51846,2019-11-14 11:58:44,0.96,0.5,0.6309297535714575,0.6309297535714575,1.0,1.0,0.24,0.05,0.0,0.0,0.0,0.0
U24413,2019-11-14 11:59:23,1.0,1.0,1.0,1.0,1.0,1.0,0.8755020080321285,0.2,0.18154179253735267,0.18154179253735267,0.3333333333333333,0.3333333333333333
U8907,2019-11-14 11:59:28,0.9166666666666666,0.5,0.6509209298071326,0.6509209298071326,1.0,1.0,0.5,0.25,0.2640681225725909,0.2640681225725909,0.5,0.5
U23276,2019-11-14 12:04:16,0.9382113821138212,1.0,0.5531464700081437,0.3589542101716347,0.2,0.2,0.42317073170731706,0.5,0.21398626473452756,0.13886244387355454,0.1,0.1
U60145,2019-11-14 12:06:06,1.0,1.0,1.0,1.0,1.0,1.0,0.7682926829268293,0.1111111111111111,0.0,0.18457569677956817,0.0,0.5
U69434,2019-11-14 12:10:17,1.0,1.0,1.0,1.0,1.0,1.0,0.2857142857142857,0.09090909090909091,0.0,0.0,0.0,0.0
U20248,2019-11-14 12:11:04,1.0,1.0,1.0,1.0,1.0,1.0,1.0,1.0,1.0,1.0,1.0,1.0
U67521,2019-11-14 12:11:35,0.9732142857142857,1.0,0.3903800499921017,0.7827141072039429,0.25,1.0,0.7834821428571429,0.14285714285714285,0.0,0.13012668333070054,0.0,0.25
U25361,2019-11-14 12:12:47,0.9877450980392157,1.0,0.7653606369886217,0.9325210919548239,0.6666666666666666,1.0,0.4142156862745098,0.037037037037037035,0.0,0.0,0.0,0.0
U11616,2019-11-14 12:15:12,1.0,1.0,1.0,1.0,1.0,1.0,0.9590643274853802,1.0,0.6508205185601091,0.6508205185601091,0.6666666666666666,0.6666666666666666
U14850,2019-11-14 12:15:32,1.0,1.0,1.0,1.0,1.0,1.0,0.8,1.0,0.46927872602275644,0.6364391809889587,0.3333333333333333,0.6666666666666666
U57047,2019-11-14 12:16:46,0.9,0.3333333333333333,0.5,0.5,1.0,1.0,0.5,0.09090909090909091,0.0,0.0,0.0,0.0
U67488,2019-11-14 12:19:05,1.0,1.0,1.0,1.0,1.0,1.0,0.42592592592592593,0.023255813953488372,0.0,0.0,0.0,0.0
U52657,2019-11-14 12:19:47,1.0,1.0,1.0,1.0,0.38461538461538464,0.7692307692307693,0.5535714285714286,0.3333333333333333,0.16958010263680806,0.24703059344735182,0.07692307692307693,0.23076923076923078
U18725,2019-11-14 12:21:11,0.984375,0.5,0.6608397947263839,0.8328978515038054,0.4444444444444444,1.0,0.5607638888888888,0.16666666666666666,0.0,0.08372491399919346,0.0,0.1111111111111111
U45616,2019-11-14 12:23:06,1.0,1.0,1.0,1.0,1.0,1.0,0.36923076923076925,0.023809523809523808,0.0,0.0,0.0,0.0
U49944,2019-11-14 12:23:20,0.9925925925925926,1.0,0.9674679834891693,0.9674679834891693,1.0,1.0,0.5777777777777777,0.07142857142857142,0.0,0.0,0.0,0.0
U3277,2019-11-14 12:24:14,1.0,1.0,1.0,1.0,1.0,1.0,0.7860696517412935,0.16666666666666666,0.0,0.16716045496620227,0.0,0.3333333333333333
U83040,2019-11-14 12:24:46,1.0,1.0,1.0,1.0,1.0,1.0,0.6944444444444444,0.3333333333333333,0.3065735963827292,0.3065735963827292,0.5,0.5
U57926,2019-11-14 12:24:52,1.0,1.0,1.0,1.0,1.0,1.0,0.8181818181818181,1.0,0.6131471927654584,0.8315546295836225,0.5,1.0
U47691,2019-11-14 12:26:35,0.99,0.5,0.6934264036172708,0.6934264036172708,1.0,1.0,0.36,0.017857142857142856,0.0,0.0,0.0,0.0
U93250,2019-11-14 12:28:01,0.9714285714285714,0.16666666666666666,0.0,0.3235866969737877,0.0,0.6666666666666666,0.6068027210884354,0.038461538461538464,0.0,0.0,0.0,0.0
U43884,2019-11-14 12:28:34,1.0,1.0,1.0,1.0,1.0,1.0,1.0,1.0,1.0,1.0,1.0,1.0
U15895,2019-11-14 12:29:25,0.9939393939393939,1.0,0.9674679834891693,0.9674679834891693,1.0,1.0,0.593939393939394,1.0,0.46927872602275644,0.46927872602275644,0.3333333333333333,0.3333333333333333
U39817,2019-11-14 12:31:08,0.92,0.3333333333333333,0.5706417189553201,0.5706417189553201,1.0,1.0,0.6599999999999999,0.2,0.23719771276929622,0.23719771276929622,0.5,0.5
U46525,2019-11-14 12:31:36,1.0,1.0,1.0,1.0,1.0,1.0,0.8181818181818182,0.2,0.38685280723454163,0.38685280723454163,1.0,1.0
U81002,2019-11-14 12:31:50,0.9917184265010351,1.0,0.6843515475204855,0.9147029315959613,0.5,1.0,0.8592132505175984,1.0,0.3391602052736161,0.3936948167222715,0.16666666666666666,0.3333333333333333
U7453,2019-11-14 12:33:01,1.0,1.0,1.0,1.0,1.0,1.0,0.5294117647058824,0.1111111111111111,0.0,0.3010299956639812,0.0,1.0
U27095,2019-11-14 12:33:46,1.0,1.0,1.0,1.0,1.0,1.0,0.0,0.14285714285714285,0.0,0.3333333333333333,0.0,1.0
U506,2019-11-14 12:33:53,1.0,1.0,1.0,1.0,1.0,1.0,0.9117647058823529,0.25,0.43067655807339306,0.43067655807339306,1.0,1.0
U19015,2019-11-14 12:35:14,1.0,1.0,1.0,1.0,1.0,1.0,1.0,1.0,1.0,1.0,1.0,1.0
U48041,2019-11-14 12:36:34,0.9696969696969697,0.5,0.6934264036172708,0.6934264036172708,1.0,1.0,0.3787878787878788,0.1111111111111111,0.0,0.18457569677956817,0.0,0.5
U88859,2019-11-14 12:38:23,0.9736842105263158,1.0,0.9197207891481876,0.9197207891481876,1.0,1.0,0.6842105263157896,0.25,0.2640681225725909,0.2640681225725909,0.5,0.5
U34546,2019-11-14 12:38:37,1.0,1.0,1.0,1.0,1.0,1.0,0.7355555555555555,1.0,0.3391602052736161,0.5482507327637915,0.2,0.6
U90249,2019-11-14 12:40:33,0.9767441860465116,0.5,0.6934264036172708,0.6934264036172708,1.0,1.0,0.5,0.05263157894736842,0.0,0.0,0.0,0.0
U26262,2019-11-14 12:40:47,0.9981447124304267,1.0,1.0,0.9950883841893561,0.7142857142857143,1.0,0.7940630797773655,0.5,0.4912596920895758,0.4897725752785958,0.42857142857142855,0.5714285714285714
U6153,2019-11-14 12:43:19,0.9780701754385965,0.5,0.6096199500078984,0.7486761295186739,0.75,1.0,0.40350877192982454,0.047619047619047616,0.0,0.0,0.0,0.0
U29641,2019-11-14 12:43:20,0.8181818181818181,0.3333333333333333,0.5,0.5,1.0,1.0,0.6363636363636364,0.2,0.38685280723454163,0.38685280723454163,1.0,1.0
U87811,2019-11-14 12:44:51,0.8787878787878788,1.0,0.7039180890341347,0.8710785440003369,0.6666666666666666,1.0,0.3939393939393939,0.25,0.20210734650054757,0.3501483019834802,0.3333333333333333,0.6666666666666666
U21930,2019-11-14 12:45:23,0.9803921568627451,0.5,0.6309297535714575,0.6309297535714575,1.0,1.0,0.5882352941176471,0.045454545454545456,0.0,0.0,0.0,0.0
U30066,2019-11-14 12:45:29,0.9878048780487805,1.0,0.9197207891481876,0.9197207891481876,1.0,1.0,0.12195121951219512,0.029411764705882353,0.0,0.0,0.0,0.0
U3397,2019-11-14 12:45:56,1.0,1.0,1.0,1.0,1.0,1.0,0.7579225352112676,0.25,0.16812753627111746,0.16812753627111746,0.25,0.25
U13311,2019-11-14 12:46:02,1.0,1.0,1.0,1.0,1.0,1.0,0.7666666666666666,0.3333333333333333,0.3065735963827292,0.5109559939712153,0.5,1.0
U36234,2019-11-14 12:47:43,0.9924242424242424,1.0,1.0,1.0,1.0,1.0,0.8787878787878788,0.1111111111111111,0.0,0.3010299956639812,0.0,1.0
U56084,2019-11-14 12:48:05,1.0,1.0,1.0,1.0,1.0,1.0,0.1428571428571429,0.14285714285714285,0.0,0.3333333333333333,0.0,1.0
U76875,2019-11-14 12:58:42,1.0,1.0,1.0,1.0,1.0,1.0,0.5686274509803921,0.3333333333333333,0.23463936301137822,0.38268031849431083,0.3333333333333333,0.6666666666666666
U86434,2019-11-14 12:59:00,1.0,1.0,1.0,1.0,1.0,1.0,1.0,1.0,1.0,1.0,1.0,1.0
U36672,2019-11-14 12:59:18,1.0,1.0,1.0,1.0,1.0,1.0,0.33783783783783783,0.1111111111111111,0.0,0.11751610475642714,0.0,0.25
U55429,2019-11-14 12:59:39,1.0,1.0,1.0,1.0,1.0,1.0,0.7634408602150538,0.06666666666666667,0.0,0.0,0.0,0.0
U40433,2019-11-14 13:01:12,0.9894736842105263,1.0,0.7860137352654724,0.9068250379649666,0.8,1.0,0.7131578947368421,0.3333333333333333,0.16958010263680806,0.16958010263680806,0.2,0.2
U15363,2019-11-14 13:01:23,1.0,1.0,1.0,1.0,1.0,1.0,0.3846153846153846,0.1111111111111111,0.0,0.3010299956639812,0.0,1.0
U64075,2019-11-14 13:02:26,0.9959568733153639,1.0,0.7860137352654724,0.9132861715058802,0.5714285714285714,1.0,0.4231805929919137,0.06666666666666667,0.0,0.0,0.0,0.0
U57801,2019-11-14 13:03:06,0.996376811594203,1.0,0.9828920819566879,0.9828920819566879,1.0,1.0,0.7065217391304348,0.5,0.24630238874073,0.3638184934971571,0.25,0.5
U15620,2019-11-14 13:03:24,1.0,1.0,1.0,1.0,1.0,1.0,0.09090909090909094,0.047619047619047616,0.0,0.0,0.0,0.0
U18881,2019-11-14 13:03:42,1.0,1.0,1.0,1.0,1.0,1.0,0.43359375,0.038461538461538464,0.0,0.0,0.0,0.0
U87510,2019-11-14 13:05:33,0.9375,0.5,0.7328286204777911,0.7328286204777911,1.0,1.0,0.6041666666666666,0.25,0.20210734650054757,0.36926780146674987,0.3333333333333333,0.6666666666666666
U72436,2019-11-14 13:05:43,0.9929078014184397,0.5,0.6934264036172708,0.6934264036172708,1.0,1.0,0.8120567375886525,0.047619047619047616,0.0,0.0,0.0,0.0
U12023,2019-11-14 13:07:22,1.0,1.0,1.0,1.0,1.0,1.0,0.5714285714285714,0.25,0.43067655807339306,0.43067655807339306,1.0,1.0
U48281,2019-11-14 13:08:56,0.9878048780487805,1.0,0.9197207891481876,0.9197207891481876,1.0,1.0,0.475609756097561,0.1,0.0,0.17723928678404774,0.0,0.5
U28185,2019-11-14 13:12:51,1.0,1.0,1.0,1.0,1.0,1.0,0.6733333333333332,0.25,0.14606834984270645,0.14606834984270645,0.2,0.2
U86100,2019-11-14 13:12:57,1.0,1.0,1.0,1.0,1.0,1.0,0.6085271317829457,0.02564102564102564,0.0,0.0,0.0,0.0
U90941,2019-11-14 13:13:01,0.962962962962963,0.5,0.7328286204777911,0.7328286204777911,1.0,1.0,0.4938271604938272,0.09090909090909091,0.0,0.0,0.0,0.0
U68442,2019-11-14 13:13:34,1.0,1.0,1.0,1.0,1.0,1.0,0.599250936329588,0.047619047619047616,0.0,0.0,0.0,0.0
U67764,2019-11-14 13:16:03,0.9874213836477987,1.0,0.9060254355346823,0.9060254355346823,1.0,1.0,0.5345911949685535,0.14285714285714285,0.0,0.15642624200758548,0.0,0.3333333333333333
U74030,2019-11-14 13:17:53,0.8611111111111112,0.3333333333333333,0.5437713091520254,0.5437713091520254,1.0,1.0,0.8055555555555556,0.25,0.2640681225725909,0.48247555939075504,0.5,1.0
U87151,2019-11-14 13:17:59,0.9835796387520526,0.25,0.38364913903790027,0.5400753810454857,0.6666666666666666,1.0,0.535303776683087,0.018518518518518517,0.0,0.0,0.0,0.0
U66831,2019-11-14 13:18:43,0.9814814814814815,0.5,0.6309297535714575,0.6309297535714575,1.0,1.0,0.35185185185185186,0.027777777777777776,0.0,0.0,0.0,0.0
U39991,2019-11-14 13:22:27,1.0,1.0,1.0,1.0,1.0,1.0,0.9558823529411765,0.25,0.43067655807339306,0.43067655807339306,1.0,1.0
U16941,2019-11-14 13:22:29,0.9907407407407407,1.0,0.9469024295259745,0.9469024295259745,1.0,1.0,0.5833333333333333,1.0,0.46927872602275644,0.46927872602275644,0.3333333333333333,0.3333333333333333
U33368,2019-11-14 13:22:58,0.9710144927536232,1.0,0.9060254355346823,0.9060254355346823,1.0,1.0,0.6086956521739131,0.16666666666666666,0.0,0.16716045496620227,0.0,0.3333333333333333
U83638,2019-11-14 13:25:00,1.0,1.0,1.0,1.0,1.0,1.0,0.9090909090909091,0.3333333333333333,0.5,0.5,1.0,1.0
U8277,2019-11-14 13:25:31,1.0,1.0,1.0,1.0,1.0,1.0,0.5,0.25,0.43067655807339306,0.43067655807339306,1.0,1.0
U79668,2019-11-14 13:26:16,1.0,1.0,1.0,1.0,1.0,1.0,0.0,0.047619047619047616,0.0,0.0,0.0,0.0
U73466,2019-11-14 13:27:51,1.0,1.0,1.0,1.0,1.0,1.0,0.4279835390946502,0.043478260869565216,0.0,0.0,0.0,0.0
U18560,2019-11-14 13:29:22,1.0,1.0,1.0,1.0,1.0,1.0,0.5384615384615384,0.05555555555555555,0.0,0.0,0.0,0.0
U11236,2019-11-14 13:30:37,0.9646464646464646,1.0,0.6713860725233041,0.8194270280062366,0.6666666666666666,1.0,0.5505050505050505,0.05263157894736842,0.0,0.0,0.0,0.0
U70449,2019-11-14 13:30:51,0.9444444444444444,1.0,0.8529278650606567,0.8529278650606567,1.0,1.0,0.4027777777777778,0.5,0.2960819109658652,0.2960819109658652,0.3333333333333333,0.3333333333333333
U55312,2019-11-14 13:31:57,1.0,1.0,1.0,1.0,1.0,1.0,0.7872340425531915,1.0,0.46927872602275644,0.6364391809889587,0.3333333333333333,0.6666666666666666
U32990,2019-11-14 13:31:58,0.986842105263158,1.0,0.9197207891481876,0.9197207891481876,1.0,1.0,0.4605263157894737,0.09090909090909091,0.0,0.0,0.0,0.0
U11722,2019-11-14 13:32:27,0.8333333333333334,0.5,0.6309297535714575,0.6309297535714575,1.0,1.0,0.16666666666666663,0.16666666666666666,0.0,0.3562071871080222,0.0,1.0
U59147,2019-11-14 13:32:54,1.0,1.0,1.0,1.0,1.0,1.0,0.8229166666666666,1.0,0.46927872602275644,0.6257049680303419,0.3333333333333333,0.6666666666666666
U79668,2019-11-14 13:33:34,1.0,1.0,1.0,1.0,1.0,1.0,0.5,0.058823529411764705,0.0,0.0,0.0,0.0
U30076,2019-11-14 13:34:16,1.0,1.0,1.0,1.0,1.0,1.0,0.0,0.2,0.38685280723454163,0.38685280723454163,1.0,1.0
U46961,2019-11-14 13:35:32,1.0,1.0,1.0,1.0,1.0,1.0,0.1724137931034483,0.04,0.0,0.0,0.0,0.0
U18755,2019-11-14 13:36:41,0.9861111111111112,0.5,0.6934264036172708,0.6934264036172708,1.0,1.0,0.7152777777777778,0.07692307692307693,0.0,0.0,0.0,0.0
U6677,2019-11-14 13:37:03,0.9811320754716981,0.5,0.6309297535714575,0.6309297535714575,1.0,1.0,0.037735849056603765,0.019230769230769232,0.0,0.0,0.0,0.0
U61957,2019-11-14 13:37:23,1.0,1.0,1.0,1.0,1.0,1.0,0.9195402298850575,0.5,0.5307212739772434,0.6787622294601761,0.6666666666666666,1.0
U36700,2019-11-14 13:38:44,1.0,1.0,1.0,1.0,1.0,1.0,0.7949152542372881,1.0,0.5531464700081437,0.5531464700081437,0.4,0.4
U10096,2019-11-14 13:40:53,0.9833333333333333,0.5,0.7328286204777911,0.7328286204777911,1.0,1.0,0.6777777777777778,0.16666666666666666,0.0,0.16716045496620227,0.0,0.3333333333333333
U60225,2019-11-14 13:42:38,1.0,1.0,1.0,1.0,1.0,1.0,0.5692307692307692,0.03225806451612903,0.0,0.0,0.0,0.0
U79587,2019-11-14 13:43:45,0.9890965732087227,1.0,0.830419897363192,0.9328695131158116,0.6666666666666666,1.0,0.4439252336448598,0.03125,0.0,0.0,0.0,0.0
U59783,2019-11-14 13:43:48,0.9967948717948718,1.0,0.9828920819566879,0.9828920819566879,1.0,1.0,0.657051282051282,0.2,0.15101961822780524,0.15101961822780524,0.25,0.25
U51599,2019-11-14 13:45:10,1.0,1.0,1.0,1.0,1.0,1.0,0.8639455782312926,0.2,0.18154179253735267,0.3228087653971817,0.3333333333333333,0.6666666666666666
U16877,2019-11-14 13:46:55,1.0,1.0,1.0,1.0,1.0,1.0,0.5393939393939394,0.125,0.0,0.10699313236726378,0.0,0.2
U21522,2019-11-14 13:47:43,1.0,1.0,1.0,1.0,1.0,1.0,0.375,0.09090909090909091,0.0,0.0,0.0,0.0
U42524,2019-11-14 13:48:34,0.98,0.16666666666666666,0.0,0.3562071871080222,0.0,1.0,0.804,0.02,0.0,0.0,0.0,0.0
U18465,2019-11-14 13:49:38,1.0,1.0,1.0,1.0,0.8333333333333334,1.0,0.75,1.0,0.6992148198508501,0.7193074786775862,0.5,0.6666666666666666
U92767,2019-11-14 13:51:57,1.0,1.0,1.0,1.0,1.0,1.0,0.13235294117647062,0.034482758620689655,0.0,0.0,0.0,0.0
U61793,2019-11-14 13:52:14,1.0,1.0,1.0,1.0,0.4166666666666667,0.8333333333333334,0.7145061728395061,0.3333333333333333,0.3156484524795145,0.2684550357175426,0.16666666666666666,0.25
U71365,2019-11-14 13:58:44,0.9815789473684211,1.0,0.5855700749881525,0.8547529378296287,0.5,1.0,0.3381578947368421,0.022727272727272728,0.0,0.0,0.0,0.0
U54474,2019-11-14 13:59:44,1.0,1.0,1.0,1.0,1.0,1.0,0.5606060606060606,0.3333333333333333,0.3065735963827292,0.3065735963827292,0.5,0.5
U3563,2019-11-14 14:00:42,0.9811688311688311,1.0,0.8539316501572937,0.762416491594312,0.2857142857142857,0.5,0.4649350649350649,0.2,0.13120507751234178,0.08514311764162098,0.07142857142857142,0.07142857142857142
U92227,2019-11-14 14:03:12,0.9714285714285714,0.5,0.7328286204777911,0.7328286204777911,1.0,1.0,0.419047619047619,0.16666666666666666,0.0,0.16716045496620227,0.0,0.3333333333333333
U11489,2019-11-14 14:03:31,0.9716981132075472,0.25,0.3191471544989227,0.5883300173403988,0.5,1.0,0.44103773584905664,0.02564102564102564,0.0,0.0,0.0,0.0
U869,2019-11-14 14:04:41,0.9692307692307692,0.3333333333333333,0.6182885020492784,0.6182885020492784,1.0,1.0,0.7589743589743588,0.2,0.18154179253735267,0.3228087653971817,0.3333333333333333,0.6666666666666666
U87639,2019-11-14 14:05:05,0.9522388059701493,1.0,0.3391602052736161,0.7821154372211577,0.2,1.0,0.508955223880597,0.3333333333333333,0.16958010263680806,0.16958010263680806,0.2,0.2
U84128,2019-11-14 14:07:26,1.0,1.0,1.0,1.0,1.0,1.0,0.2692307692307692,0.2,0.15101961822780524,0.15101961822780524,0.25,0.25
U62894,2019-11-14 14:08:11,0.9951845906902086,1.0,1.0,0.9888009031441519,0.7142857142857143,1.0,0.2825040128410915,0.2,0.13120507751234178,0.10633668103022985,0.14285714285714285,0.14285714285714285
U25340,2019-11-14 14:08:48,0.9904214559386973,1.0,0.830419897363192,0.9441592263400607,0.6666666666666666,1.0,0.5737547892720306,1.0,0.48522855511632257,0.4329261794091841,0.3333333333333333,0.3333333333333333
U51762,2019-11-14 14:08:56,1.0,1.0,1.0,1.0,1.0,1.0,0.7208333333333333,0.5,0.24630238874073,0.49958026644179554,0.25,0.75
U7250,2019-11-14 14:11:26,0.875,0.3333333333333333,0.5,0.5,1.0,1.0,0.75,0.2,0.38685280723454163,0.38685280723454163,1.0,1.0
U68669,2019-11-14 14:11:52,1.0,1.0,1.0,1.0,1.0,1.0,0.8532608695652175,1.0,0.8048099750039491,0.8048099750039491,0.75,0.75
U91013,2019-11-14 14:12:42,1.0,1.0,1.0,1.0,1.0,1.0,0.5086206896551724,0.03571428571428571,0.0,0.0,0.0,0.0
U77996,2019-11-14 14:14:26,0.98828125,1.0,0.639945385422766,0.8750832721664332,0.5,1.0,0.4231770833333333,0.06666666666666667,0.0,0.0,0.0,0.0
U79383,2019-11-14 14:14:38,1.0,1.0,1.0,1.0,1.0,1.0,0.5466666666666666,0.3333333333333333,0.3156484524795145,0.3156484524795145,0.4,0.4
U72254,2019-11-14 14:15:47,1.0,1.0,1.0,1.0,1.0,1.0,0.6703296703296703,0.125,0.0,0.1480409554829326,0.0,0.3333333333333333
U31782,2019-11-14 14:16:24,1.0,1.0,1.0,1.0,1.0,1.0,0.631578947368421,1.0,0.6131471927654584,0.6131471927654584,0.5,0.5
U48740,2019-11-14 14:16:49,0.9934426229508196,1.0,0.7860137352654724,0.9068250379649666,0.8,1.0,0.6852459016393443,0.16666666666666666,0.0,0.1208113026994942,0.0,0.2
U90527,2019-11-14 14:17:27,0.9864498644986449,0.5,0.5307212739772434,0.6978817289434457,0.6666666666666666,1.0,0.4037940379403794,0.02857142857142857,0.0,0.0,0.0,0.0
U18284,2019-11-14 14:19:21,1.0,1.0,1.0,1.0,1.0,1.0,0.36904761904761907,0.05263157894736842,0.0,0.0,0.0,0.0
U74552,2019-11-14 14:22:34,0.9592198581560283,0.5,0.36005461457723403,0.5952691825036389,0.3333333333333333,0.8333333333333334,0.549645390070922,0.2,0.13120507751234178,0.20815499636142162,0.16666666666666666,0.3333333333333333
U38985,2019-11-14 14:23:38,0.9444444444444444,0.5,0.6309297535714575,0.6309297535714575,1.0,1.0,0.5,0.1,0.0,0.2890648263178879,0.0,1.0
U73576,2019-11-14 14:24:21,1.0,1.0,1.0,1.0,1.0,1.0,1.0,1.0,1.0,1.0,1.0,1.0
U88956,2019-11-14 14:28:38,1.0,1.0,1.0,1.0,1.0,1.0,0.0,0.5,0.6309297535714575,0.6309297535714575,1.0,1.0
U2595,2019-11-14 14:29:01,1.0,1.0,1.0,1.0,1.0,1.0,0.652542372881356,0.5,0.38685280723454163,0.38685280723454163,0.5,0.5
U47003,2019-11-14 14:30:01,0.9910714285714285,1.0,0.9197207891481876,0.9197207891481876,1.0,1.0,0.8214285714285714,0.2,0.23719771276929622,0.23719771276929622,0.5,0.5
U36377,2019-11-14 14:30:21,1.0,1.0,1.0,1.0,1.0,1.0,0.10526315789473684,0.05555555555555555,0.0,0.0,0.0,0.0
U4614,2019-11-14 14:32:21,1.0,1.0,1.0,1.0,1.0,1.0,0.5625,0.07142857142857142,0.0,0.0,0.0,0.0
U52540,2019-11-14 14:32:32,1.0,1.0,1.0,1.0,1.0,1.0,0.5,0.3333333333333333,0.5437713091520254,0.5437713091520254,1.0,1.0
U85514,2019-11-14 14:32:58,1.0,1.0,1.0,1.0,1.0,1.0,0.6818181818181819,0.06666666666666667,0.0,0.0,0.0,0.0
U59679,2019-11-14 14:33:40,1.0,1.0,1.0,1.0,1.0,1.0,0.35593220338983056,0.1,0.0,0.09803928583135704,0.0,0.2
U55908,2019-11-14 14:34:06,0.9689922480620156,1.0,0.8529278650606567,0.8529278650606567,1.0,1.0,0.4728682170542635,0.16666666666666666,0.0,0.16716045496620227,0.0,0.3333333333333333
U13709,2019-11-14 14:34:32,1.0,1.0,1.0,1.0,1.0,1.0,0.7357142857142857,1.0,0.5087403079104241,0.6295516106099184,0.4,0.6
U45617,2019-11-14 14:34:44,0.9736842105263158,1.0,0.8854598815714874,0.8854598815714874,1.0,1.0,0.5614035087719298,0.125,0.0,0.1480409554829326,0.0,0.3333333333333333
U76367,2019-11-14 14:35:22,1.0,1.0,1.0,1.0,1.0,1.0,0.4347826086956522,0.022727272727272728,0.0,0.0,0.0,0.0
U54252,2019-11-14 14:35:48,1.0,1.0,1.0,1.0,1.0,1.0,0.5809523809523809,0.07692307692307693,0.0,0.0,0.0,0.0
U22390,2019-11-14 14:35:49,1.0,1.0,1.0,1.0,1.0,1.0,0.2857142857142857,0.16666666666666666,0.0,0.3562071871080222,0.0,1.0
U18080,2019-11-14 14:36:17,1.0,1.0,1.0,1.0,1.0,1.0,0.30000000000000004,0.045454545454545456,0.0,0.0,0.0,0.0
U92702,2019-11-14 14:36:24,0.9565217391304348,0.5,0.7328286204777911,0.7328286204777911,1.0,1.0,0.5797101449275363,0.25,0.20210734650054757,0.34337431936037655,0.3333333333333333,0.6666666666666666
U35666,2019-11-14 14:37:03,1.0,1.0,1.0,1.0,1.0,1.0,0.9,0.5,0.6309297535714575,0.6309297535714575,1.0,1.0
U39315,2019-11-14 14:39:40,0.9912663755458516,1.0,0.830419897363192,0.8320020419495404,0.6666666666666666,0.8333333333333334,0.7802037845705968,0.125,0.0,0.09546043308946733,0.0,0.16666666666666666
U42732,2019-11-14 14:39:54,0.96,0.25,0.43067655807339306,0.43067655807339306,1.0,1.0,0.24,0.017241379310344827,0.0,0.0,0.0,0.0
U22930,2019-11-14 14:43:31,1.0,1.0,1.0,1.0,1.0,1.0,0.701923076923077,0.3333333333333333,0.19519002499605084,0.19519002499605084,0.25,0.25
U2908,2019-11-14 14:44:59,0.975609756097561,0.5,0.6309297535714575,0.6309297535714575,1.0,1.0,0.8780487804878049,0.16666666666666666,0.0,0.3562071871080222,0.0,1.0
U32962,2019-11-14 14:47:45,1.0,1.0,1.0,1.0,1.0,1.0,0.36904761904761907,0.1,0.0,0.11284514134893527,0.0,0.25
U73829,2019-11-14 14:51:13,0.9791666666666666,0.5,0.6309297535714575,0.6309297535714575,1.0,1.0,0.3125,0.029411764705882353,0.0,0.0,0.0,0.0
U18460,2019-11-14 14:52:01,1.0,1.0,1.0,1.0,1.0,1.0,0.5833333333333334,0.5,0.38685280723454163,0.6052602440527057,0.5,1.0
U72044,2019-11-14 14:53:49,0.9903846153846154,0.5,0.7606395682357036,0.7606395682357036,1.0,1.0,0.515625,0.04,0.0,0.0,0.0,0.0
U57816,2019-11-14 14:55:26,1.0,1.0,1.0,1.0,1.0,1.0,0.6,0.3333333333333333,0.5,0.5,1.0,1.0
U90295,2019-11-14 14:57:35,1.0,1.0,1.0,1.0,1.0,1.0,1.0,1.0,1.0,1.0,1.0,1.0
U4840,2019-11-14 15:00:55,0.9807692307692307,0.5,0.6309297535714575,0.6309297535714575,1.0,1.0,0.7692307692307693,0.07692307692307693,0.0,0.0,0.0,0.0
U60474,2019-11-14 15:01:03,0.9914893617021276,1.0,0.8539316501572937,0.9747429528567879,0.8,1.0,0.5361702127659574,0.5,0.36005461457723403,0.36005461457723403,0.4,0.4
U32651,2019-11-14 15:02:04,1.0,1.0,1.0,1.0,1.0,1.0,0.29230769230769227,0.02702702702702703,0.0,0.0,0.0,0.0
U79048,2019-11-14 15:02:12,1.0,1.0,1.0,1.0,1.0,1.0,0.875,0.25,0.43067655807339306,0.43067655807339306,1.0,1.0
U83995,2019-11-14 15:02:31,0.9956521739130435,0.5,0.6934264036172708,0.6934264036172708,1.0,1.0,0.1869565217391304,0.005780346820809248,0.0,0.0,0.0,0.0
U51767,2019-11-14 15:02:48,1.0,1.0,1.0,1.0,1.0,1.0,0.25,0.25,0.43067655807339306,0.43067655807339306,1.0,1.0
U56091,2019-11-14 15:03:38,1.0,1.0,1.0,1.0,1.0,1.0,0.3225806451612903,0.04,0.0,0.0,0.0,0.0
U87724,2019-11-14 15:06:00,0.9686274509803922,0.3333333333333333,0.41618115554873086,0.5833416105149332,0.6666666666666666,1.0,0.6274509803921569,0.1111111111111111,0.0,0.14126697285982898,0.0,0.3333333333333333
U43935,2019-11-14 15:09:12,1.0,1.0,1.0,1.0,1.0,1.0,0.8783783783783783,1.0,0.6131471927654584,0.6131471927654584,0.5,0.5
U65387,2019-11-14 15:12:48,1.0,1.0,1.0,1.0,1.0,1.0,0.36235955056179775,0.029411764705882353,0.0,0.0,0.0,0.0
U41074,2019-11-14 15:14:09,0.996031746031746,1.0,0.9674679834891693,0.9674679834891693,1.0,1.0,0.40079365079365076,0.027777777777777776,0.0,0.0,0.0,0.0
U70467,2019-11-14 15:16:27,0.9901960784313726,1.0,0.7653606369886217,0.9325210919548239,0.6666666666666666,1.0,0.7712418300653594,0.3333333333333333,0.4367467095119258,0.4367467095119258,0.6666666666666666,0.6666666666666666
U32322,2019-11-14 15:16:47,0.9678362573099415,0.3333333333333333,0.30078518014914984,0.5462574254588145,0.16666666666666666,0.5833333333333334,0.5489766081871345,0.0625,0.0,0.0,0.0,0.0
U57089,2019-11-14 15:20:36,1.0,1.0,1.0,1.0,1.0,1.0,1.0,1.0,1.0,1.0,1.0,1.0
U72280,2019-11-14 15:20:41,1.0,1.0,1.0,1.0,1.0,1.0,1.0,1.0,1.0,1.0,1.0,1.0
U8045,2019-11-14 15:20:41,1.0,1.0,1.0,1.0,1.0,1.0,0.5,0.07692307692307693,0.0,0.0,0.0,0.0
U31,2019-11-14 15:23:04,0.9902597402597403,1.0,0.9047172294870751,0.9047172294870751,1.0,1.0,0.6785714285714286,0.25,0.16812753627111746,0.28097267762005274,0.25,0.5
U2157,2019-11-14 15:24:06,0.9732824427480916,0.5,0.3973220069685352,0.640293831648171,0.5,1.0,0.7729007633587786,0.14285714285714285,0.0,0.13012668333070054,0.0,0.25
U65340,2019-11-14 15:24:07,1.0,1.0,1.0,1.0,1.0,1.0,0.75,0.2,0.38685280723454163,0.38685280723454163,1.0,1.0
U25676,2019-11-14 15:24:48,1.0,1.0,1.0,1.0,1.0,1.0,0.1875,0.07142857142857142,0.0,0.0,0.0,0.0
U64406,2019-11-14 15:25:18,0.9811320754716981,0.5,0.4912596920895758,0.5982528244568397,0.6,0.8,0.709433962264151,0.1111111111111111,0.0,0.10209739512291163,0.0,0.2
U22910,2019-11-14 15:30:24,1.0,1.0,1.0,1.0,1.0,1.0,0.7945205479452054,0.1,0.0,0.17723928678404774,0.0,0.5
U87597,2019-11-14 15:31:19,0.9908256880733946,0.5,0.6309297535714575,0.6309297535714575,1.0,1.0,0.9541284403669725,0.16666666666666666,0.0,0.3562071871080222,0.0,1.0
U57413,2019-11-14 15:32:02,1.0,1.0,1.0,1.0,1.0,1.0,0.47115384615384615,0.1111111111111111,0.0,0.2303612461053624,0.0,0.5
U17200,2019-11-14 15:32:12,1.0,1.0,1.0,1.0,1.0,1.0,0.8717948717948717,1.0,0.46927872602275644,0.6105456988825855,0.3333333333333333,0.6666666666666666
U60875,2019-11-14 15:32:31,1.0,1.0,1.0,1.0,1.0,1.0,0.3970588235294118,0.06666666666666667,0.0,0.0,0.0,0.0
U8557,2019-11-14 15:33:59,0.9891732283464567,1.0,0.7860137352654724,0.8995710933840294,0.5,1.0,0.7519685039370079,0.5,0.36005461457723403,0.26852556974265224,0.25,0.25
U57426,2019-11-14 15:35:10,0.9936170212765958,1.0,0.830419897363192,0.9512312000626861,0.8,1.0,0.5574468085106383,0.07142857142857142,0.0,0.0,0.0,0.0
U90068,2019-11-14 15:35:24,1.0,1.0,1.0,1.0,1.0,1.0,0.5,1.0,0.6131471927654584,0.6131471927654584,0.5,0.5
U39701,2019-11-14 15:36:18,0.9846938775510204,1.0,0.8318724637288826,0.9447176050778178,0.75,1.0,0.5867346938775511,0.05555555555555555,0.0,0.0,0.0,0.0
U60237,2019-11-14 15:38:02,1.0,1.0,1.0,1.0,1.0,1.0,0.5181159420289855,0.3333333333333333,0.23463936301137822,0.23463936301137822,0.3333333333333333,0.3333333333333333
U53304,2019-11-14 15:40:07,1.0,1.0,1.0,1.0,1.0,1.0,0.9135802469135802,0.3333333333333333,0.4367467095119258,0.4367467095119258,0.6666666666666666,0.6666666666666666
U21954,2019-11-14 15:42:43,0.8888888888888888,0.5,0.6309297535714575,0.6309297535714575,1.0,1.0,0.0,0.1,0.0,0.2890648263178879,0.0,1.0
U71093,2019-11-14 15:45:02,1.0,1.0,1.0,1.0,1.0,1.0,0.75,0.5,0.6309297535714575,0.6309297535714575,1.0,1.0
U85343,2019-11-14 15:45:21,1.0,1.0,1.0,1.0,1.0,1.0,0.6666666666666667,0.5,0.49818925746641285,0.49818925746641285,0.6666666666666666,0.6666666666666666
U81076,2019-11-14 15:46:14,1.0,1.0,1.0,1.0,1.0,1.0,1.0,1.0,1.0,1.0,1.0,1.0
U41976,2019-11-14 15:47:42,0.96875,0.25,0.43067655807339306,0.43067655807339306,1.0,1.0,0.48958333333333337,0.02,0.0,0.0,0.0,0.0
U88258,2019-11-14 15:48:01,0.989010989010989,0.5,0.7328286204777911,0.7328286204777911,1.0,1.0,0.641025641025641,0.3333333333333333,0.23463936301137822,0.23463936301137822,0.3333333333333333,0.3333333333333333
U92564,2019-11-14 15:48:34,1.0,1.0,1.0,1.0,1.0,1.0,1.0,1.0,1.0,1.0,1.0,1.0
U16401,2019-11-14 15:53:44,1.0,1.0,1.0,1.0,1.0,1.0,0.8823529411764706,0.3333333333333333,0.5706417189553201,0.5706417189553201,1.0,1.0
U59701,2019-11-14 15:58:13,1.0,1.0,1.0,1.0,1.0,1.0,1.0,1.0,1.0,1.0,1.0,1.0
U23890,2019-11-14 15:59:37,1.0,1.0,1.0,1.0,1.0,1.0,0.0,0.3333333333333333,0.5,0.5,1.0,1.0
U13227,2019-11-14 16:00:24,0.9814814814814815,0.5,0.6509209298071326,0.6509209298071326,1.0,1.0,0.8765432098765432,0.09090909090909091,0.0,0.0,0.0,0.0
U82756,2019-11-14 16:00:47,1.0,1.0,1.0,1.0,0.625,1.0,0.925,1.0,0.830419897363192,0.8735286486161714,0.5,0.875
U11984,2019-11-14 16:01:46,1.0,1.0,1.0,1.0,1.0,1.0,0.4,0.5,0.38685280723454163,0.5912352048230277,0.5,1.0
U78489,2019-11-14 16:02:06,1.0,1.0,1.0,1.0,1.0,1.0,0.4639344262295082,0.058823529411764705,0.0,0.0,0.0,0.0
U24072,2019-11-14 16:04:20,1.0,1.0,1.0,1.0,1.0,1.0,0.53125,1.0,0.6131471927654584,0.6131471927654584,0.5,0.5
U31067,2019-11-14 16:04:44,0.9925373134328358,1.0,0.9197207891481876,0.9197207891481876,1.0,1.0,0.8656716417910447,0.5,0.38685280723454163,0.38685280723454163,0.5,0.5
U70550,2019-11-14 16:08:44,0.7970149253731343,1.0,0.4703652827859579,0.4703652827859579,0.4,0.4,0.40298507462686567,0.06666666666666667,0.0,0.0,0.0,0.0
U90823,2019-11-14 16:08:56,1.0,1.0,1.0,1.0,1.0,1.0,0.512,1.0,0.3391602052736161,0.4599715079731103,0.2,0.4
U48046,2019-11-14 16:10:06,1.0,1.0,1.0,1.0,1.0,1.0,0.6666666666666667,0.3333333333333333,0.5143371794949736,0.6533933590057491,0.75,1.0
U16401,2019-11-14 16:15:31,0.9803921568627451,0.5,0.6309297535714575,0.6309297535714575,1.0,1.0,0.5098039215686274,0.038461538461538464,0.0,0.0,0.0,0.0
U91181,2019-11-14 16:19:31,1.0,1.0,1.0,1.0,0.8333333333333334,1.0,0.6398809523809523,0.5,0.21398626473452756,0.19092086617893467,0.16666666666666666,0.16666666666666666
U26458,2019-11-14 16:20:27,0.9242424242424242,0.3333333333333333,0.41618115554873086,0.5642221110316635,0.6666666666666666,1.0,0.7499999999999999,0.2,0.18154179253735267,0.18154179253735267,0.3333333333333333,0.3333333333333333
U59893,2019-11-14 16:23:02,0.8125,0.5,0.6509209298071326,0.6509209298071326,1.0,1.0,0.375,0.2,0.23719771276929622,0.430624116386567,0.5,1.0
U36071,2019-11-14 16:25:25,0.9886363636363636,1.0,0.9558295932317544,0.9558295932317544,1.0,1.0,0.7784090909090908,0.5,0.24630238874073,0.48927421342036576,0.25,0.75
U13824,2019-11-14 16:25:32,1.0,1.0,1.0,1.0,1.0,1.0,0.5638297872340425,0.2,0.23719771276929622,0.23719771276929622,0.5,0.5
U81581,2019-11-14 16:25:53,1.0,1.0,1.0,1.0,1.0,1.0,0.25,0.06666666666666667,0.0,0.0,0.0,0.0
U39541,2019-11-14 16:26:43,1.0,1.0,1.0,1.0,1.0,1.0,0.30434782608695654,0.023255813953488372,0.0,0.0,0.0,0.0
U81540,2019-11-14 16:26:55,1.0,1.0,1.0,1.0,1.0,1.0,0.7584097859327218,0.14285714285714285,0.0,0.15642624200758548,0.0,0.3333333333333333
U43766,2019-11-14 16:29:11,1.0,1.0,1.0,1.0,1.0,1.0,1.0,1.0,1.0,1.0,1.0,1.0
U16265,2019-11-14 16:33:26,1.0,1.0,1.0,1.0,1.0,1.0,0.875,0.5,0.6309297535714575,0.6309297535714575,1.0,1.0
U27955,2019-11-14 16:33:29,1.0,1.0,1.0,1.0,1.0,1.0,1.0,1.0,1.0,1.0,1.0,1.0
U28700,2019-11-14 16:35:06,1.0,1.0,1.0,1.0,1.0,1.0,0.9130434782608695,0.5,0.6240505200038379,0.6240505200038379,1.0,1.0
U76750,2019-11-14 16:37:48,0.9976608187134502,1.0,1.0,0.9937947856332161,0.5555555555555556,1.0,0.6105263157894737,0.125,0.0,0.07414861528507455,0.0,0.1111111111111111
U10942,2019-11-14 16:40:01,1.0,1.0,1.0,1.0,1.0,1.0,0.8783783783783783,0.5,0.49818925746641285,0.49818925746641285,0.6666666666666666,0.6666666666666666
U71452,2019-11-14 16:42:01,0.9921875,0.5,0.6934264036172708,0.6934264036172708,1.0,1.0,0.875,0.25,0.2640681225725909,0.2640681225725909,0.5,0.5
U72188,2019-11-14 16:42:56,1.0,1.0,1.0,1.0,1.0,1.0,0.2222222222222222,0.125,0.0,0.31546487678572877,0.0,1.0
U82214,2019-11-14 16:44:05,0.8823529411764706,0.3333333333333333,0.5,0.5,1.0,1.0,0.17647058823529416,0.06666666666666667,0.0,0.0,0.0,0.0
U11405,2019-11-14 16:44:35,0.9851851851851852,1.0,0.8529278650606567,0.8529278650606567,1.0,1.0,0.762962962962963,0.2,0.18154179253735267,0.18154179253735267,0.3333333333333333,0.3333333333333333
U83359,2019-11-14 16:45:08,1.0,1.0,1.0,1.0,1.0,1.0,0.5185185185185186,0.07142857142857142,0.0,0.0,0.0,0.0
U93306,2019-11-14 16:51:07,0.9702380952380952,0.5,0.6797310500037655,0.6797310500037655,1.0,1.0,0.44642857142857145,0.2,0.18154179253735267,0.18154179253735267,0.3333333333333333,0.3333333333333333
U53642,2019-11-14 16:53:22,0.9719626168224299,0.25,0.43067655807339306,0.43067655807339306,1.0,1.0,0.3551401869158879,0.014285714285714285,0.0,0.0,0.0,0.0
U75451,2019-11-14 16:53:53,1.0,1.0,1.0,1.0,1.0,1.0,0.42567567567567566,0.05263157894736842,0.0,0.0,0.0,0.0
U1581,2019-11-14 16:54:05,1.0,1.0,1.0,1.0,1.0,1.0,0.2727272727272727,0.1111111111111111,0.0,0.3010299956639812,0.0,1.0
U44230,2019-11-14 16:54:11,1.0,1.0,1.0,1.0,1.0,1.0,0.44999999999999996,0.09090909090909091,0.0,0.0,0.0,0.0
U49384,2019-11-14 16:57:06,1.0,1.0,1.0,1.0,1.0,1.0,0.644808743169399,1.0,0.46927872602275644,0.6105456988825855,0.3333333333333333,0.6666666666666666
U90076,2019-11-14 16:58:07,1.0,1.0,1.0,1.0,1.0,1.0,0.4583333333333333,0.25,0.2640681225725909,0.2640681225725909,0.5,0.5
U43539,2019-11-14 17:03:13,1.0,1.0,1.0,1.0,1.0,1.0,0.44217687074829926,0.125,0.0,0.1480409554829326,0.0,0.3333333333333333
U81226,2019-11-14 17:04:55,1.0,1.0,1.0,1.0,1.0,1.0,0.6842105263157895,0.08333333333333333,0.0,0.0,0.0,0.0
U28401,2019-11-14 17:05:04,1.0,1.0,1.0,1.0,1.0,1.0,0.6090909090909091,1.0,0.3391602052736161,0.4599715079731103,0.2,0.4
U32974,2019-11-14 17:05:40,1.0,1.0,1.0,1.0,1.0,1.0,0.7727272727272728,0.16666666666666666,0.0,0.21840743681816419,0.0,0.5
U17586,2019-11-14 17:05:45,1.0,1.0,1.0,1.0,1.0,1.0,0.5588235294117647,0.25,0.2640681225725909,0.2640681225725909,0.5,0.5
U79886,2019-11-14 17:12:28,1.0,1.0,1.0,1.0,1.0,1.0,0.5509433962264151,1.0,0.3391602052736161,0.3391602052736161,0.2,0.2
U36532,2019-11-14 17:18:34,0.9894179894179894,1.0,0.830419897363192,0.9495662644168644,0.6666666666666666,1.0,0.5793650793650794,0.09090909090909091,0.0,0.0,0.0,0.0
U18338,2019-11-14 17:21:15,1.0,1.0,1.0,1.0,1.0,1.0,0.9166666666666666,0.5,0.6309297535714575,0.6309297535714575,1.0,1.0
U51669,2019-11-14 17:23:00,1.0,1.0,1.0,1.0,1.0,1.0,0.0,0.05555555555555555,0.0,0.0,0.0,0.0
U44201,2019-11-14 17:23:00,0.9705882352941176,1.0,0.9197207891481876,0.9197207891481876,1.0,1.0,0.7941176470588236,1.0,0.6131471927654584,0.7977228895450266,0.5,1.0
U91127,2019-11-14 17:28:18,1.0,1.0,1.0,1.0,1.0,1.0,0.2862745098039216,0.14285714285714285,0.0,0.11305340175787204,0.0,0.2
U72730,2019-11-14 17:29:18,1.0,1.0,1.0,1.0,1.0,1.0,0.3157894736842105,0.07142857142857142,0.0,0.0,0.0,0.0
U39157,2019-11-14 17:30:33,0.9865591397849462,1.0,0.830419897363192,0.8735286486161714,0.5,0.875,0.6505376344086021,1.0,0.3391602052736161,0.2529427027676571,0.125,0.125
U48790,2019-11-14 17:30:34,0.9916666666666667,0.5,0.7606395682357036,0.7606395682357036,1.0,1.0,0.625,0.07692307692307693,0.0,0.0,0.0,0.0
U55283,2019-11-14 17:31:05,1.0,1.0,1.0,1.0,1.0,1.0,0.7,0.25,0.43067655807339306,0.43067655807339306,1.0,1.0
U74742,2019-11-14 17:34:23,1.0,1.0,1.0,1.0,1.0,1.0,0.29729729729729726,0.018867924528301886,0.0,0.0,0.0,0.0
U80400,2019-11-14 17:37:31,1.0,1.0,1.0,1.0,1.0,1.0,0.7023809523809524,0.5,0.38685280723454163,0.38685280723454163,0.5,0.5
U2338,2019-11-14 17:38:48,1.0,1.0,1.0,1.0,1.0,1.0,0.08865248226950356,0.008333333333333333,0.0,0.0,0.0,0.0
U37033,2019-11-14 17:39:37,0.962962962962963,0.5,0.6934264036172708,0.6934264036172708,1.0,1.0,0.4814814814814815,0.3333333333333333,0.3065735963827292,0.3065735963827292,0.5,0.5
U79549,2019-11-14 17:43:45,1.0,1.0,1.0,1.0,1.0,1.0,0.16000000000000003,0.045454545454545456,0.0,0.0,0.0,0.0
U40003,2019-11-14 17:48:41,1.0,1.0,1.0,1.0,1.0,1.0,1.0,1.0,1.0,1.0,1.0,1.0
U1363,2019-11-14 17:53:28,0.9743589743589743,1.0,0.9060254355346823,0.9060254355346823,1.0,1.0,0.3782051282051282,0.2,0.18154179253735267,0.18154179253735267,0.3333333333333333,0.3333333333333333
U75911,2019-11-14 17:58:52,1.0,1.0,1.0,1.0,1.0,1.0,0.7464788732394366,0.05263157894736842,0.0,0.0,0.0,0.0
U38254,2019-11-14 18:00:10,1.0,1.0,1.0,1.0,1.0,1.0,0.625,0.25,0.43067655807339306,0.43067655807339306,1.0,1.0
U66878,2019-11-14 18:11:55,1.0,1.0,1.0,1.0,1.0,1.0,0.6638655462184875,1.0,0.3903800499921017,0.3903800499921017,0.25,0.25
U85294,2019-11-14 18:14:25,0.9961832061068702,1.0,0.9197207891481876,0.9197207891481876,1.0,1.0,0.8015267175572519,0.05263157894736842,0.0,0.0,0.0,0.0
U52682,2019-11-14 18:31:55,1.0,1.0,1.0,1.0,1.0,1.0,0.3170731707317073,0.014285714285714285,0.0,0.0,0.0,0.0
U85800,2019-11-14 18:42:44,1.0,1.0,1.0,1.0,1.0,1.0,0.5185185185185185,0.5,0.2960819109658652,0.431733884398313,0.3333333333333333,0.6666666666666666
U55630,2019-11-14 18:49:02,1.0,1.0,1.0,1.0,1.0,1.0,0.2142857142857143,0.08333333333333333,0.0,0.0,0.0,0.0
U84202,2019-11-14 18:56:29,0.9960681520314547,1.0,0.8687949224876582,0.9803771474638899,0.5714285714285714,1.0,0.5386631716906947,0.047619047619047616,0.0,0.0,0.0,0.0
U81567,2019-11-14 19:02:45,0.9655172413793104,0.3333333333333333,0.5,0.5,1.0,1.0,0.43103448275862066,0.029411764705882353,0.0,0.0,0.0,0.0
U37293,2019-11-14 19:03:10,0.9736842105263158,0.5,0.6309297535714575,0.6309297535714575,1.0,1.0,0.4736842105263158,0.047619047619047616,0.0,0.0,0.0,0.0
U89811,2019-11-14 19:04:41,1.0,1.0,1.0,1.0,1.0,1.0,0.44999999999999996,0.08333333333333333,0.0,0.0,0.0,0.0
U1028,2019-11-14 19:06:22,1.0,1.0,1.0,1.0,1.0,1.0,1.0,1.0,1.0,1.0,1.0,1.0
U89995,2019-11-14 19:09:39,1.0,1.0,1.0,1.0,1.0,1.0,0.8486842105263158,1.0,0.5413996682199069,0.5413996682199069,0.5,0.5
U45668,2019-11-14 19:24:21,0.9516129032258065,0.25,0.43067655807339306,0.43067655807339306,1.0,1.0,0.016129032258064502,0.015873015873015872,0.0,0.0,0.0,0.0
U40466,2019-11-14 19:28:25,1.0,1.0,1.0,1.0,1.0,1.0,0.33333333333333337,0.047619047619047616,0.0,0.0,0.0,0.0
U42005,2019-11-14 19:33:37,1.0,1.0,1.0,1.0,1.0,1.0,0.7681159420289855,0.058823529411764705,0.0,0.0,0.0,0.0
U15040,2019-11-14 19:34:00,1.0,1.0,1.0,1.0,1.0,1.0,0.46551724137931033,0.09090909090909091,0.0,0.0,0.0,0.0
U3713,2019-11-14 19:43:08,1.0,1.0,1.0,1.0,1.0,1.0,0.5952380952380952,0.05555555555555555,0.0,0.0,0.0,0.0
U58141,2019-11-14 19:49:18,0.9941002949852508,1.0,0.9060254355346823,0.9060254355346823,1.0,1.0,0.5781710914454277,0.25,0.20210734650054757,0.20210734650054757,0.3333333333333333,0.3333333333333333
U6917,2019-11-14 19:57:10,1.0,1.0,1.0,1.0,0.7142857142857143,1.0,0.5,0.5,0.21398626473452756,0.17342765698823945,0.14285714285714285,0.14285714285714285
U22747,2019-11-14 20:10:38,0.9864406779661017,1.0,0.7860137352654724,0.9068250379649666,0.8,1.0,0.5118644067796609,0.125,0.0,0.10699313236726378,0.0,0.2
U93306,2019-11-14 20:21:39,0.9438202247191011,1.0,0.3903800499921017,0.6380228380792293,0.25,0.75,0.3651685393258427,0.07142857142857142,0.0,0.0,0.0,0.0
U27623,2019-11-14 20:22:23,1.0,1.0,1.0,1.0,0.625,1.0,0.9230072463768116,0.125,0.0,0.2290547177237416,0.0,0.375
U23662,2019-11-14 20:23:24,1.0,1.0,1.0,1.0,1.0,1.0,0.8275862068965517,0.09090909090909091,0.0,0.0,0.0,0.0
U78197,2019-11-14 20:31:34,1.0,1.0,1.0,1.0,1.0,1.0,0.9693877551020408,0.25,0.43067655807339306,0.43067655807339306,1.0,1.0
U41305,2019-11-14 20:31:49,0.9462365591397849,0.5,0.6797310500037655,0.6797310500037655,1.0,1.0,0.575268817204301,0.3333333333333333,0.23463936301137822,0.23463936301137822,0.3333333333333333,0.3333333333333333
U39125,2019-11-14 20:38:49,1.0,1.0,1.0,1.0,1.0,1.0,0.9333333333333333,0.5,0.6309297535714575,0.6309297535714575,1.0,1.0
U14623,2019-11-14 20:41:50,1.0,1.0,1.0,1.0,1.0,1.0,0.288135593220339,0.023255813953488372,0.0,0.0,0.0,0.0
U88412,2019-11-14 20:43:48,1.0,1.0,1.0,1.0,1.0,1.0,0.6212121212121212,0.058823529411764705,0.0,0.0,0.0,0.0
U78810,2019-11-14 20:51:55,1.0,1.0,1.0,1.0,1.0,1.0,0.7165109034267912,0.16666666666666666,0.0,0.16716045496620227,0.0,0.3333333333333333
U13824,2019-11-14 20:58:23,1.0,1.0,1.0,1.0,1.0,1.0,0.8775510204081632,0.07692307692307693,0.0,0.0,0.0,0.0
U39770,2019-11-14 21:00:15,1.0,1.0,1.0,1.0,1.0,1.0,0.7111111111111111,0.07142857142857142,0.0,0.0,0.0,0.0
U75132,2019-11-14 21:02:37,1.0,1.0,1.0,1.0,1.0,1.0,0.4583333333333333,0.0625,0.0,0.0,0.0,0.0
U77330,2019-11-14 21:10:48,0.9598214285714285,0.5,0.4144299250118475,0.6836127878533236,0.5,1.0,0.5535714285714286,0.09090909090909091,0.0,0.0,0.0,0.0
U14864,2019-11-14 21:41:07,1.0,1.0,1.0,1.0,1.0,1.0,0.5992509363295879,1.0,0.46927872602275644,0.46927872602275644,0.3333333333333333,0.3333333333333333
U73012,2019-11-14 21:43:51,0.9962406015037595,1.0,0.9197207891481876,0.9197207891481876,1.0,1.0,0.6654135338345865,0.022222222222222223,0.0,0.0,0.0,0.0
U59432,2019-11-14 22:47:00,0.9927884615384616,1.0,0.830419897363192,0.949671989333555,0.5,1.0,0.5060096153846154,0.3333333333333333,0.16958010263680806,0.12647135138382856,0.125,0.125
U53059,2019-11-14 22:55:40,1.0,1.0,1.0,1.0,1.0,1.0,0.9288135593220339,1.0,0.3391602052736161,0.5482507327637915,0.2,0.6
U6767,2019-11-14 23:08:00,1.0,1.0,1.0,1.0,1.0,1.0,0.5555555555555556,0.2,0.38685280723454163,0.38685280723454163,1.0,1.0
U47606,2019-11-14 23:18:04,1.0,1.0,1.0,1.0,1.0,1.0,0.9310344827586207,0.3333333333333333,0.5,0.5,1.0,1.0
