Alpha,AUC,MRR,NDCG@5,NDCG@10,Recall@5,Recall@10
0.0,0.5268817204301075,0.125,0.0,0.0954604330894673,0.0,0.1666666666666666
0.0,0.4385964912280701,0.0434782608695652,0.0,0.0,0.0,0.0
0.0,0.25,0.0333333333333333,0.0,0.0,0.0,0.0
0.0,0.4788961038961039,0.25,0.1460683498427064,0.1183827929553629,0.1428571428571428,0.1428571428571428
0.0,0.5446153846153846,0.3333333333333333,0.169580102636808,0.169580102636808,0.2,0.2
0.0,0.5485232067510548,0.5,0.2960819109658652,0.2960819109658652,0.3333333333333333,0.3333333333333333
0.0,0.5769230769230769,0.5,0.3868528072345416,0.3868528072345416,0.5,0.5
0.0,0.5462962962962963,1.0,0.3903800499921017,0.3903800499921017,0.25,0.25
0.0,0.4891826923076923,0.0714285714285714,0.0,0.0,0.0,0.0
0.0,0.6212121212121212,0.1666666666666666,0.0,0.1671604549662022,0.0,0.3333333333333333
0.0,0.409090909090909,0.0909090909090909,0.0,0.0,0.0,0.0
0.0,1.0,1.0,1.0,1.0,1.0,1.0
0.0,0.3727272727272727,0.0434782608695652,0.0,0.0,0.0,0.0
0.0,0.6398467432950191,0.5,0.2960819109658652,0.2960819109658652,0.3333333333333333,0.3333333333333333
0.0,0.4,0.5,0.6309297535714575,0.6309297535714575,1.0,1.0
0.0,0.328125,0.0232558139534883,0.0,0.0,0.0,0.0
0.0,0.5208333333333333,0.25,0.2640681225725909,0.448643819352159,0.5,1.0
0.0,0.480603448275862,0.024390243902439,0.0,0.0,0.0,0.0
0.0,0.4396551724137931,0.024390243902439,0.0,0.0,0.0,0.0
0.0,0.325,0.0555555555555555,0.0,0.0,0.0,0.0
0.0,0.4745762711864406,0.0625,0.0,0.0,0.0,0.0
0.0,0.7349726775956285,0.2,0.1815417925373526,0.1815417925373526,0.3333333333333333,0.3333333333333333
0.0,0.3,0.25,0.430676558073393,0.430676558073393,1.0,1.0
0.0,0.5734939759036144,0.5,0.2139862647345275,0.2139862647345275,0.2,0.2
0.0,0.3604651162790697,0.0588235294117647,0.0,0.0,0.0,0.0
0.0,0.8028169014084507,0.0666666666666666,0.0,0.0,0.0,0.0
0.0,0.8823529411764706,0.3333333333333333,0.5,0.5,1.0,1.0
0.0,0.65,0.5,0.3868528072345416,0.3868528072345416,0.5,0.5
0.0,0.625,0.5,0.3868528072345416,0.3868528072345416,0.5,0.5
0.0,0.5,0.3333333333333333,0.5,0.5,1.0,1.0
0.0,0.5555555555555556,1.0,0.6713860725233041,0.8278123145308894,0.6666666666666666,1.0
0.0,0.284313725490196,0.03125,0.0,0.0,0.0,0.0
0.0,0.6054054054054053,0.3333333333333333,0.169580102636808,0.2676193884681651,0.2,0.4
0.0,0.25,0.1666666666666666,0.0,0.3956467236022118,0.0,1.0
0.0,0.536082474226804,0.0769230769230769,0.0,0.0,0.0,0.0
0.0,0.4545454545454546,0.1428571428571428,0.0,0.3333333333333333,0.0,1.0
0.0,0.6375661375661377,0.0769230769230769,0.0,0.0,0.0,0.0
0.0,0.923076923076923,0.25,0.430676558073393,0.430676558073393,1.0,1.0
0.0,0.5657894736842105,0.1428571428571428,0.0,0.1301266833307005,0.0,0.25
0.0,0.75,0.2,0.3868528072345416,0.3868528072345416,1.0,1.0
0.0,0.5384615384615384,0.0526315789473684,0.0,0.0,0.0,0.0
0.0,1.0,1.0,1.0,1.0,1.0,1.0
0.0,1.0,1.0,1.0,1.0,1.0,1.0
0.0,0.4223946784922394,0.04,0.0,0.0,0.0,0.0
0.0,0.4130434782608695,0.04,0.0,0.0,0.0,0.0
0.0,0.430188679245283,0.1666666666666666,0.0,0.1208113026994942,0.0,0.2
0.0,0.5923913043478262,0.0555555555555555,0.0,0.0,0.0,0.0
0.0,0.658682634730539,0.0526315789473684,0.0,0.0,0.0,0.0
0.0,0.5578231292517006,0.1111111111111111,0.0,0.1412669728598289,0.0,0.3333333333333333
0.0,0.28,0.0714285714285714,0.0,0.0,0.0,0.0
0.0,0.5172222222222222,0.2,0.1312050775123417,0.1635413866202963,0.1,0.2
0.0,0.6666666666666667,0.3333333333333333,0.5,0.5,1.0,1.0
0.0,0.2023809523809523,0.0125,0.0,0.0,0.0,0.0
0.0,0.8333333333333334,0.5,0.6309297535714575,0.6309297535714575,1.0,1.0
0.0,0.1857142857142857,0.0434782608695652,0.0,0.0,0.0,0.0
0.0,0.8888888888888888,1.0,0.8772153153380493,0.8772153153380493,1.0,1.0
0.0,0.4888888888888889,1.0,0.3391602052736161,0.3391602052736161,0.2,0.2
0.0,0.7796296296296297,0.3333333333333333,0.169580102636808,0.169580102636808,0.2,0.2
0.0,0.5,1.0,1.0,1.0,1.0,1.0
0.0,0.6683453237410072,0.0769230769230769,0.0,0.0,0.0,0.0
0.0,0.5597826086956521,0.125,0.0,0.0954604330894673,0.0,0.1666666666666666
0.0,0.7695652173913045,1.0,0.3391602052736161,0.4599715079731103,0.2,0.4
0.0,0.5285714285714286,0.1428571428571428,0.0,0.1301266833307005,0.0,0.25
0.0,0.5,1.0,1.0,1.0,1.0,1.0
0.0,1.0,1.0,1.0,1.0,1.0,1.0
0.0,0.3181818181818182,0.1428571428571428,0.0,0.3816216843725338,0.0,1.0
0.0,0.5584239130434783,0.5,0.2139862647345275,0.3294836243397122,0.125,0.375
0.0,0.375,0.125,0.0,0.3154648767857287,0.0,1.0
0.0,0.4418604651162791,0.0588235294117647,0.0,0.0,0.0,0.0
0.0,0.6051779935275081,0.5,0.2960819109658652,0.2960819109658652,0.3333333333333333,0.3333333333333333
0.0,0.6472868217054264,1.0,0.5087403079104241,0.4539036202482202,0.3333333333333333,0.3333333333333333
0.0,1.0,1.0,1.0,1.0,1.0,1.0
0.0,0.7694805194805194,1.0,0.4852285551163225,0.4416737339478611,0.25,0.375
0.0,0.6346153846153846,1.0,0.6131471927654584,0.6131471927654584,0.5,0.5
0.0,0.2105263157894736,0.0588235294117647,0.0,0.0,0.0,0.0
0.0,0.2821428571428571,0.2,0.1312050775123417,0.1312050775123417,0.2,0.2
0.0,0.4739010989010989,0.25,0.1460683498427064,0.2011288142606829,0.1428571428571428,0.2857142857142857
0.0,1.0,1.0,1.0,1.0,1.0,1.0
0.0,0.4252336448598132,0.125,0.0,0.123151194370365,0.0,0.25
0.0,0.9782608695652174,1.0,0.9197207891481876,0.9197207891481876,1.0,1.0
0.0,1.0,1.0,1.0,1.0,1.0,1.0
0.0,0.7271062271062271,1.0,0.4703652827859579,0.4606700933772881,0.2857142857142857,0.4285714285714285
0.0,1.0,1.0,1.0,1.0,1.0,1.0
0.0,1.0,1.0,1.0,1.0,1.0,1.0
0.0,0.550326797385621,1.0,0.4852285551163225,0.3362741576267855,0.2222222222222222,0.2222222222222222
0.0,1.0,1.0,1.0,1.0,1.0,1.0
0.0,0.5,0.2,0.3868528072345416,0.3868528072345416,1.0,1.0
0.0,0.3461538461538461,0.0555555555555555,0.0,0.0,0.0,0.0
0.0,0.1071428571428571,0.0833333333333333,0.0,0.0,0.0,0.0
0.0,0.1875,0.1666666666666666,0.0,0.3562071871080222,0.0,1.0
0.0,0.3809523809523809,0.0263157894736842,0.0,0.0,0.0,0.0
0.0,0.3333333333333333,0.0588235294117647,0.0,0.0,0.0,0.0
0.0,0.9285714285714284,1.0,0.9197207891481876,0.9197207891481876,1.0,1.0
0.0,0.36,0.0181818181818181,0.0,0.0,0.0,0.0
0.0,0.7522522522522522,0.2,0.1510196182278052,0.1510196182278052,0.25,0.25
0.0,0.9,0.5,0.6309297535714575,0.6309297535714575,1.0,1.0
0.0,0.6523364485981309,0.0714285714285714,0.0,0.0,0.0,0.0
0.0,0.8,1.0,0.8772153153380493,0.8772153153380493,1.0,1.0
0.0,0.6583333333333332,0.5,0.3868528072345416,0.3868528072345416,0.5,0.5
0.0,0.575,0.25,0.2640681225725909,0.2640681225725909,0.5,0.5
0.0,0.4537037037037037,0.0909090909090909,0.0,0.0,0.0,0.0
0.0,0.4344262295081967,0.0222222222222222,0.0,0.0,0.0,0.0
0.0,0.625,0.25,0.430676558073393,0.430676558073393,1.0,1.0
0.0,0.2857142857142857,0.1428571428571428,0.0,0.3333333333333333,0.0,1.0
0.0,0.4166666666666666,0.0454545454545454,0.0,0.0,0.0,0.0
0.0,0.7435897435897436,0.3333333333333333,0.3065735963827292,0.3065735963827292,0.5,0.5
0.0,0.125,0.25,0.430676558073393,0.430676558073393,1.0,1.0
0.0,0.7941176470588236,0.0833333333333333,0.0,0.0,0.0,0.0
0.0,0.5,0.5,0.6309297535714575,0.6309297535714575,1.0,1.0
0.0,0.5238095238095238,0.0909090909090909,0.0,0.0,0.0,0.0
0.0,0.4166666666666667,0.1428571428571428,0.0,0.3333333333333333,0.0,1.0
0.0,0.6,0.1428571428571428,0.0,0.3333333333333333,0.0,1.0
0.0,0.4444444444444444,0.0588235294117647,0.0,0.0,0.0,0.0
0.0,1.0,1.0,1.0,1.0,1.0,1.0
0.0,0.6,0.1428571428571428,0.0,0.3333333333333333,0.0,1.0
0.0,0.6777777777777778,0.5,0.2960819109658652,0.4525081529734507,0.3333333333333333,0.6666666666666666
0.0,0.325,0.0384615384615384,0.0,0.0,0.0,0.0
0.0,0.8333333333333334,0.5,0.6309297535714575,0.6309297535714575,1.0,1.0
0.0,1.0,1.0,1.0,1.0,1.0,1.0
0.0,0.9401041666666666,0.25,0.2772734273550482,0.5515034178285835,0.3333333333333333,0.8333333333333334
0.0,0.4324324324324324,0.125,0.0,0.1934264036172708,0.0,0.5
0.0,0.6615384615384615,0.25,0.2772734273550482,0.4883661149442773,0.4,0.8
0.0,0.537037037037037,0.5,0.24630238874073,0.24630238874073,0.25,0.25
0.0,0.1666666666666666,0.25,0.430676558073393,0.430676558073393,1.0,1.0
0.0,0.2307692307692307,0.0714285714285714,0.0,0.0,0.0,0.0
0.0,1.0,1.0,1.0,1.0,1.0,1.0
0.0,0.6071428571428572,1.0,0.6131471927654584,0.6131471927654584,0.5,0.5
0.0,0.4083333333333334,0.0434782608695652,0.0,0.0,0.0,0.0
0.0,0.5538461538461539,0.5,0.2960819109658652,0.2960819109658652,0.3333333333333333,0.3333333333333333
0.0,0.3214285714285714,0.05,0.0,0.0,0.0,0.0
0.0,0.52,0.125,0.0,0.1934264036172708,0.0,0.5
0.0,0.6839506172839506,0.2,0.1312050775123417,0.1312050775123417,0.2,0.2
0.0,0.6490807354116706,1.0,0.3391602052736161,0.2350455494144853,0.1111111111111111,0.1111111111111111
0.0,0.8783783783783784,1.0,0.3903800499921017,0.5078961547485289,0.25,0.5
0.0,1.0,1.0,1.0,1.0,1.0,1.0
0.0,0.8846153846153846,0.25,0.430676558073393,0.430676558073393,1.0,1.0
0.0,0.2361111111111111,0.05,0.0,0.0,0.0,0.0
0.0,0.5680000000000001,0.2,0.1312050775123417,0.2442584792702138,0.2,0.4
0.0,0.5402298850574712,0.0714285714285714,0.0,0.0,0.0,0.0
0.0,0.3,0.04,0.0,0.0,0.0,0.0
0.0,0.5555555555555556,0.5,0.7122630665145961,0.7122630665145961,1.0,1.0
0.0,0.6607142857142857,0.5,0.24630238874073,0.24630238874073,0.25,0.25
0.0,0.5088235294117647,0.0434782608695652,0.0,0.0,0.0,0.0
0.0,0.541371158392435,0.1428571428571428,0.0,0.1564262420075854,0.0,0.3333333333333333
0.0,0.5833333333333333,0.1666666666666666,0.0,0.3562071871080222,0.0,1.0
0.0,0.4749262536873155,0.0769230769230769,0.0,0.0,0.0,0.0
0.0,0.6757990867579909,0.1666666666666666,0.0,0.0837249139991934,0.0,0.1111111111111111
0.0,0.3888888888888888,0.0833333333333333,0.0,0.0,0.0,0.0
0.0,0.8666666666666667,1.0,0.6131471927654584,0.8315546295836225,0.5,1.0
0.0,0.4160583941605839,0.0357142857142857,0.0,0.0,0.0,0.0
0.0,0.5890151515151515,0.2,0.1510196182278052,0.1510196182278052,0.25,0.25
0.0,0.3846153846153846,0.0454545454545454,0.0,0.0,0.0,0.0
0.0,0.1666666666666666,0.25,0.430676558073393,0.430676558073393,1.0,1.0
0.0,1.0,1.0,1.0,1.0,1.0,1.0
0.0,0.4529220779220779,0.0434782608695652,0.0,0.0,0.0,0.0
0.0,0.8695652173913043,0.25,0.430676558073393,0.430676558073393,1.0,1.0
0.0,0.25,0.1666666666666666,0.0,0.3562071871080222,0.0,1.0
0.0,0.7333333333333333,1.0,0.6131471927654584,0.6131471927654584,0.5,0.5
0.0,0.7184873949579832,0.125,0.0,0.0867138284941197,0.0,0.1428571428571428
0.0,0.733644859813084,0.0384615384615384,0.0,0.0,0.0,0.0
0.0,0.6133333333333333,0.5,0.2960819109658652,0.2960819109658652,0.3333333333333333,0.3333333333333333
0.0,0.6351351351351351,0.1111111111111111,0.0,0.1845756967795681,0.0,0.5
0.0,0.5646551724137931,0.25,0.1681275362711174,0.1681275362711174,0.25,0.25
0.0,0.7647058823529411,0.2,0.1815417925373526,0.5051284895111403,0.3333333333333333,1.0
0.0,0.2,0.0555555555555555,0.0,0.0,0.0,0.0
0.0,0.3125,0.0625,0.0,0.0,0.0,0.0
0.0,0.4782608695652174,0.0769230769230769,0.0,0.0,0.0,0.0
0.0,0.578525641025641,1.0,0.5531464700081437,0.4935232796777481,0.3333333333333333,0.3333333333333333
0.0,0.1888888888888888,0.0526315789473684,0.0,0.0,0.0,0.0
0.0,0.493421052631579,0.1428571428571428,0.0,0.2532778777010656,0.0,0.5
0.0,0.5333333333333333,0.2,0.1815417925373526,0.1815417925373526,0.3333333333333333,0.3333333333333333
0.0,0.532608695652174,0.0625,0.0,0.0,0.0,0.0
0.0,0.3401639344262295,0.0666666666666666,0.0,0.0,0.0,0.0
0.0,0.4551282051282051,0.0149253731343283,0.0,0.0,0.0,0.0
0.0,0.4333333333333333,0.0769230769230769,0.0,0.0,0.0,0.0
0.0,0.637873754152824,0.25,0.2772734273550482,0.3114333024797124,0.2857142857142857,0.4285714285714285
0.0,0.8299319727891156,0.2,0.2371977127692962,0.2371977127692962,0.5,0.5
0.0,0.4901960784313725,0.2,0.1510196182278052,0.1510196182278052,0.25,0.25
0.0,0.4349593495934959,0.0833333333333333,0.0,0.0,0.0,0.0
0.0,0.3683127572016461,0.125,0.0,0.0741486152850745,0.0,0.1111111111111111
0.0,0.6763779527559055,1.0,0.4852285551163225,0.4852285551163225,0.4,0.4
0.0,0.5348837209302326,0.0555555555555555,0.0,0.0,0.0,0.0
0.0,0.4107142857142857,0.05,0.0,0.0,0.0,0.0
0.0,0.25,0.25,0.430676558073393,0.430676558073393,1.0,1.0
0.0,0.375,0.0909090909090909,0.0,0.0,0.0,0.0
0.0,0.55,0.1,0.0,0.2890648263178879,0.0,1.0
0.0,0.4230769230769231,0.1428571428571428,0.0,0.2043823975884861,0.0,0.5
0.0,0.4732142857142857,0.0909090909090909,0.0,0.0,0.0,0.0
0.0,0.5,0.3333333333333333,0.3065735963827292,0.3065735963827292,0.5,0.5
0.0,0.6092796092796093,0.2,0.1312050775123417,0.1063366810302298,0.1428571428571428,0.1428571428571428
0.0,0.8571428571428572,0.1,0.0,0.2890648263178879,0.0,1.0
0.0,0.3968253968253968,0.0434782608695652,0.0,0.0,0.0,0.0
0.0,0.6666666666666667,0.0909090909090909,0.0,0.0,0.0,0.0
0.0,0.5379310344827586,0.25,0.1460683498427064,0.248165744965618,0.2,0.4
0.0,0.7647058823529411,0.2,0.3868528072345416,0.3868528072345416,1.0,1.0
0.0,0.7666666666666666,0.125,0.0,0.3154648767857287,0.0,1.0
0.0,0.6153846153846153,0.3333333333333333,0.3065735963827292,0.3065735963827292,0.5,0.5
0.0,0.8225806451612904,0.1666666666666666,0.0,0.411833840435435,0.0,1.0
0.0,0.2254901960784313,0.0344827586206896,0.0,0.0,0.0,0.0
0.0,0.5,0.3333333333333333,0.5,0.5,1.0,1.0
0.0,0.7810810810810811,1.0,0.3391602052736161,0.4371994911049732,0.2,0.4
0.0,0.8555555555555556,1.0,0.6843515475204855,0.7864489426433972,0.6,0.8
0.0,0.4157196969696969,1.0,0.3391602052736161,0.2200917662980801,0.0909090909090909,0.0909090909090909
0.0,0.6705685618729097,1.0,0.4852285551163225,0.3148801306676309,0.1538461538461538,0.1538461538461538
0.0,0.4333333333333333,0.3333333333333333,0.3065735963827292,0.3065735963827292,0.5,0.5
0.0,0.559322033898305,0.0555555555555555,0.0,0.0,0.0,0.0
0.0,0.3518518518518518,0.0769230769230769,0.0,0.0,0.0,0.0
0.0,0.5795454545454546,0.3333333333333333,0.3065735963827292,0.3065735963827292,0.5,0.5
0.0,0.725,1.0,0.5585075862632192,0.6886342695939197,0.5,0.75
0.0,0.1571428571428571,0.0175438596491228,0.0,0.0,0.0,0.0
0.0,0.5623123123123124,0.2,0.1312050775123417,0.1170625931379635,0.1666666666666666,0.1666666666666666
0.0,0.515625,0.1666666666666666,0.0,0.2184074368181641,0.0,0.5
0.0,0.923076923076923,0.3333333333333333,0.5,0.5,1.0,1.0
0.0,0.7377049180327869,0.1428571428571428,0.0,0.2043823975884861,0.0,0.5
0.0,0.5072859744990892,0.1111111111111111,0.0,0.0707557607210806,0.0,0.1111111111111111
0.0,0.5379999999999999,0.1666666666666666,0.0,0.1208113026994942,0.0,0.2
0.0,0.5630630630630631,0.0833333333333333,0.0,0.0,0.0,0.0
0.0,0.1538461538461538,0.0833333333333333,0.0,0.0,0.0,0.0
0.0,0.52,0.0769230769230769,0.0,0.0,0.0,0.0
0.0,0.3421052631578947,0.0333333333333333,0.0,0.0,0.0,0.0
0.0,0.5483870967741935,0.1666666666666666,0.0,0.1671604549662022,0.0,0.3333333333333333
0.0,0.1470588235294117,0.0769230769230769,0.0,0.0,0.0,0.0
0.0,0.7901234567901235,0.0476190476190476,0.0,0.0,0.0,0.0
0.0,0.5570987654320988,0.5,0.2139862647345275,0.1909208661789346,0.1666666666666666,0.1666666666666666
0.0,0.8705357142857143,0.25,0.2640681225725909,0.2640681225725909,0.5,0.5
0.0,0.6956521739130435,0.125,0.0,0.3154648767857287,0.0,1.0
0.0,0.25,0.0625,0.0,0.0,0.0,0.0
0.0,0.4166666666666667,0.0909090909090909,0.0,0.0,0.0,0.0
0.0,0.4068965517241379,0.1111111111111111,0.0,0.1020973951229116,0.0,0.2
0.0,0.3049180327868852,0.0909090909090909,0.0,0.0,0.0,0.0
0.0,0.7045454545454545,1.0,0.6131471927654584,0.6131471927654584,0.5,0.5
0.0,0.7257900101936798,0.2,0.1312050775123417,0.1588714315372695,0.1111111111111111,0.2222222222222222
0.0,0.75,1.0,1.0,1.0,1.0,1.0
0.0,0.6666666666666666,1.0,0.3903800499921017,0.3903800499921017,0.25,0.25
0.0,0.734375,0.1666666666666666,0.0,0.2184074368181641,0.0,0.5
0.0,0.5808823529411765,0.125,0.0,0.1934264036172708,0.0,0.5
0.0,0.0,0.3333333333333333,0.5,0.5,1.0,1.0
0.0,0.6333333333333334,0.1428571428571428,0.0,0.2920782154400332,0.0,0.6666666666666666
0.0,0.2272727272727273,0.1428571428571428,0.0,0.3333333333333333,0.0,1.0
0.0,0.5892857142857143,1.0,0.5531464700081437,0.4935232796777481,0.3333333333333333,0.3333333333333333
0.0,0.6521739130434783,0.1111111111111111,0.0,0.3010299956639812,0.0,1.0
0.0,0.574468085106383,0.5,0.2960819109658652,0.2960819109658652,0.3333333333333333,0.3333333333333333
0.0,0.625,0.1666666666666666,0.0,0.2184074368181641,0.0,0.5
0.0,0.2,0.0666666666666666,0.0,0.0,0.0,0.0
0.0,0.3068965517241379,0.010752688172043,0.0,0.0,0.0,0.0
0.0,0.6515151515151516,1.0,0.6131471927654584,0.6131471927654584,0.5,0.5
0.0,0.4318181818181819,1.0,0.3903800499921017,0.3903800499921017,0.25,0.25
0.0,0.6649305555555556,0.5,0.2139862647345275,0.2320221445693425,0.1111111111111111,0.2222222222222222
0.0,0.3679245283018868,0.0208333333333333,0.0,0.0,0.0,0.0
0.0,0.3545454545454545,0.0294117647058823,0.0,0.0,0.0,0.0
0.0,0.6,0.5,0.2960819109658652,0.2960819109658652,0.3333333333333333,0.3333333333333333
0.0,0.5384615384615384,1.0,0.5413996682199069,0.6542448095688422,0.5,0.75
0.0,0.6020408163265306,0.125,0.0,0.1480409554829326,0.0,0.3333333333333333
0.0,0.5451895043731778,1.0,0.3391602052736161,0.2748763329142908,0.1428571428571428,0.1428571428571428
0.0,0.48,0.0555555555555555,0.0,0.0,0.0,0.0
0.0,0.5487804878048781,0.1666666666666666,0.0,0.2184074368181641,0.0,0.5
0.0,0.5277777777777778,0.25,0.2640681225725909,0.2640681225725909,0.5,0.5
0.0,0.6305555555555555,1.0,0.5087403079104241,0.5547710914144913,0.3333333333333333,0.5
0.0,0.3580645161290322,0.0138888888888888,0.0,0.0,0.0,0.0
0.0,0.1842105263157895,0.037037037037037,0.0,0.0,0.0,0.0
0.0,0.6242424242424243,0.5,0.360054614577234,0.360054614577234,0.4,0.4
0.0,0.4707792207792208,0.125,0.0,0.0694312219367772,0.0,0.0833333333333333
0.0,0.1666666666666666,0.3333333333333333,0.5,0.5,1.0,1.0
0.0,0.8090909090909091,0.5,0.3451913422468693,0.4233117951052935,0.2,0.5
0.0,0.6024590163934426,0.3333333333333333,0.1951900249960508,0.1951900249960508,0.25,0.25
0.0,0.8636363636363636,0.0588235294117647,0.0,0.0,0.0,0.0
0.0,0.4343220338983051,0.0204081632653061,0.0,0.0,0.0,0.0
0.0,0.5857142857142857,0.5,0.24630238874073,0.24630238874073,0.25,0.25
0.0,0.5402298850574713,0.0833333333333333,0.0,0.0,0.0,0.0
0.0,0.25,0.037037037037037,0.0,0.0,0.0,0.0
0.0,0.7538461538461538,0.0588235294117647,0.0,0.0,0.0,0.0
0.0,0.3762376237623762,0.03125,0.0,0.0,0.0,0.0
0.0,0.6675531914893617,0.25,0.2640681225725909,0.2640681225725909,0.5,0.5
0.0,0.5132075471698113,0.5,0.2139862647345275,0.2051166673279436,0.1,0.2
0.0,0.4444444444444444,0.0555555555555555,0.0,0.0,0.0,0.0
0.0,0.96,0.5,0.6309297535714575,0.6309297535714575,1.0,1.0
0.0,0.4265625,0.0555555555555555,0.0,0.0,0.0,0.0
0.0,0.6342329545454546,0.3333333333333333,0.3007851801491498,0.195189000790661,0.125,0.125
0.0,0.8571428571428572,0.5,0.6309297535714575,0.6309297535714575,1.0,1.0
0.0,0.3482758620689655,0.0079365079365079,0.0,0.0,0.0,0.0
0.0,0.3058823529411764,0.0416666666666666,0.0,0.0,0.0,0.0
0.0,0.8762376237623762,0.5,0.24630238874073,0.3638184934971571,0.25,0.5
0.0,0.7226277372262773,0.25,0.1460683498427064,0.1012286082123001,0.1111111111111111,0.1111111111111111
0.0,0.625,0.3333333333333333,0.4161811555487308,0.4161811555487308,0.6666666666666666,0.6666666666666666
0.0,0.1666666666666666,0.25,0.430676558073393,0.430676558073393,1.0,1.0
0.0,0.4293478260869565,0.0588235294117647,0.0,0.0,0.0,0.0
0.0,0.5537037037037036,0.0454545454545454,0.0,0.0,0.0,0.0
0.0,0.4390243902439024,0.0294117647058823,0.0,0.0,0.0,0.0
0.0,0.5674044265593561,0.3333333333333333,0.169580102636808,0.229063610761909,0.1428571428571428,0.2857142857142857
0.0,0.5555555555555556,0.0588235294117647,0.0,0.0,0.0,0.0
0.0,0.7333333333333334,1.0,0.5087403079104241,0.6217937096682962,0.4,0.6
0.0,0.5625,0.3333333333333333,0.1951900249960508,0.1951900249960508,0.25,0.25
0.0,0.25,0.0454545454545454,0.0,0.0,0.0,0.0
0.0,0.4404761904761904,0.1428571428571428,0.0,0.2043823975884861,0.0,0.5
0.0,0.4375,0.0263157894736842,0.0,0.0,0.0,0.0
0.0,1.0,1.0,1.0,1.0,1.0,1.0
0.0,0.4952380952380952,0.125,0.0,0.2090905274901754,0.0,0.4
0.0,0.6888297872340425,0.125,0.0,0.1934264036172708,0.0,0.5
0.0,0.2884615384615384,0.0588235294117647,0.0,0.0,0.0,0.0
0.0,0.5,0.1666666666666666,0.0,0.2565722842672027,0.0,0.5
0.0,0.6920222634508348,0.2,0.1312050775123417,0.283706685812965,0.1428571428571428,0.4285714285714285
0.0,0.1944444444444444,0.0769230769230769,0.0,0.0,0.0,0.0
0.0,0.2179487179487179,0.0588235294117647,0.0,0.0,0.0,0.0
0.0,0.4746666666666666,0.0833333333333333,0.0,0.0,0.0,0.0
0.0,0.6388888888888888,0.2,0.1510196182278052,0.2741708125981702,0.25,0.5
0.0,0.4987179487179487,0.1,0.0,0.0636207881989517,0.0,0.0769230769230769
0.0,0.7428571428571429,0.3333333333333333,0.3065735963827292,0.3065735963827292,0.5,0.5
0.0,0.3852459016393442,0.0344827586206896,0.0,0.0,0.0,0.0
0.0,0.5454545454545454,0.1666666666666666,0.0,0.2184074368181641,0.0,0.5
0.0,0.2272727272727273,0.1428571428571428,0.0,0.3333333333333333,0.0,1.0
0.0,0.5,0.1666666666666666,0.0,0.3562071871080222,0.0,1.0
0.0,0.25,0.2,0.2371977127692962,0.430624116386567,0.5,1.0
0.0,0.5,1.0,1.0,1.0,1.0,1.0
0.0,1.0,1.0,1.0,1.0,1.0,1.0
0.0,0.5098039215686274,0.3333333333333333,0.2346393630113782,0.2346393630113782,0.3333333333333333,0.3333333333333333
0.0,0.4666666666666665,0.3333333333333333,0.2346393630113782,0.2346393630113782,0.3333333333333333,0.3333333333333333
0.0,1.0,1.0,1.0,1.0,1.0,1.0
0.0,0.5474137931034482,0.25,0.1681275362711174,0.1681275362711174,0.25,0.25
0.0,0.7083333333333333,1.0,0.7653606369886217,0.7653606369886217,0.6666666666666666,0.6666666666666666
0.0,0.6759999999999999,0.2,0.1312050775123417,0.1312050775123417,0.2,0.2
0.0,0.5052264808362369,0.2,0.1312050775123417,0.1857937604629972,0.1428571428571428,0.2857142857142857
0.0,0.9444444444444444,0.5,0.6309297535714575,0.6309297535714575,1.0,1.0
0.0,0.450268817204301,0.0555555555555555,0.0,0.0,0.0,0.0
0.0,0.2857142857142857,0.3333333333333333,0.2346393630113782,0.5183322919267586,0.3333333333333333,1.0
0.0,0.5308641975308642,0.1428571428571428,0.0,0.1564262420075854,0.0,0.3333333333333333
0.0,0.9655172413793104,0.5,0.6309297535714575,0.6309297535714575,1.0,1.0
0.0,0.8909090909090909,0.25,0.2640681225725909,0.2640681225725909,0.5,0.5
0.0,0.3596491228070175,0.0238095238095238,0.0,0.0,0.0,0.0
0.0,0.894736842105263,0.3333333333333333,0.3065735963827292,0.5,0.5,1.0
0.0,0.3333333333333333,0.0526315789473684,0.0,0.0,0.0,0.0
0.0,0.7121212121212122,1.0,0.6131471927654584,0.6131471927654584,0.5,0.5
0.0,0.5679012345679012,0.25,0.2021073465005475,0.2021073465005475,0.3333333333333333,0.3333333333333333
0.0,0.0,0.5,0.6309297535714575,0.6309297535714575,1.0,1.0
0.0,0.6233766233766234,0.0625,0.0,0.0,0.0,0.0
0.0,0.0,0.5,0.6309297535714575,0.6309297535714575,1.0,1.0
0.0,0.6666666666666666,1.0,0.7039180890341347,0.8451850618939637,0.6666666666666666,1.0
0.0,0.4285714285714286,0.125,0.0,0.3154648767857287,0.0,1.0
0.0,0.3,0.0333333333333333,0.0,0.0,0.0,0.0
0.0,0.8317972350230414,1.0,0.4703652827859579,0.4606700933772881,0.2857142857142857,0.4285714285714285
0.0,0.3404255319148936,0.0434782608695652,0.0,0.0,0.0,0.0
0.0,0.6772727272727271,0.25,0.2640681225725909,0.2640681225725909,0.5,0.5
0.0,0.3659420289855072,0.0384615384615384,0.0,0.0,0.0,0.0
0.0,0.5833333333333333,0.3333333333333333,0.3065735963827292,0.4911492931622974,0.5,1.0
0.0,0.2972972972972972,0.0333333333333333,0.0,0.0,0.0,0.0
0.0,0.8846153846153846,0.25,0.430676558073393,0.430676558073393,1.0,1.0
0.0,0.391025641025641,0.0555555555555555,0.0,0.0,0.0,0.0
0.0,0.552,0.3333333333333333,0.169580102636808,0.169580102636808,0.2,0.2
0.0,0.5,1.0,1.0,1.0,1.0,1.0
0.0,0.4671985815602837,0.0714285714285714,0.0,0.0,0.0,0.0
0.0,0.375,0.25,0.2640681225725909,0.4574945261898616,0.5,1.0
0.0,0.478134110787172,0.0714285714285714,0.0,0.0,0.0,0.0
0.0,0.6470588235294117,0.1428571428571428,0.0,0.3333333333333333,0.0,1.0
0.0,0.3759398496240601,0.5,0.2139862647345275,0.1734276569882394,0.1428571428571428,0.1428571428571428
0.0,0.4967793880837359,0.5,0.2139862647345275,0.1482972305701491,0.1111111111111111,0.1111111111111111
0.0,0.6944444444444444,1.0,0.6131471927654584,0.8175295903539445,0.5,1.0
0.0,0.5194805194805195,0.1428571428571428,0.0,0.07336392209936,0.0,0.0909090909090909
0.0,0.3333333333333333,0.1666666666666666,0.0,0.3562071871080222,0.0,1.0
0.0,0.5625,0.0769230769230769,0.0,0.0,0.0,0.0
0.0,0.25,0.0769230769230769,0.0,0.0,0.0,0.0
0.0,0.49609375,0.1111111111111111,0.0,0.1845756967795681,0.0,0.5
0.0,0.8333333333333333,0.25,0.2021073465005475,0.5105347743265789,0.3333333333333333,1.0
0.0,0.1111111111111111,0.1,0.0,0.2890648263178879,0.0,1.0
0.0,0.5978260869565217,0.3333333333333333,0.1951900249960508,0.3183412193664158,0.25,0.5
0.0,0.875,0.3333333333333333,0.5,0.5,1.0,1.0
0.0,0.25,0.2,0.2371977127692962,0.4556051495874603,0.5,1.0
0.0,0.5,0.0833333333333333,0.0,0.0,0.0,0.0
0.0,0.234375,0.03125,0.0,0.0,0.0,0.0
0.0,0.3958333333333332,0.1,0.0,0.1356519734324477,0.0,0.3333333333333333
0.0,0.3333333333333333,0.2,0.2371977127692962,0.2371977127692962,0.5,0.5
0.0,0.4933333333333333,0.3333333333333333,0.169580102636808,0.169580102636808,0.2,0.2
0.0,0.5047169811320754,0.0625,0.0,0.0,0.0,0.0
0.0,0.52,0.5,0.2139862647345275,0.3209793971017913,0.2,0.4
0.0,0.5588235294117647,0.0909090909090909,0.0,0.0,0.0,0.0
0.0,0.5795454545454546,0.2,0.2371977127692962,0.4144369995533439,0.5,1.0
0.0,0.3846153846153846,0.0833333333333333,0.0,0.0,0.0,0.0
0.0,0.5394736842105263,0.3333333333333333,0.1951900249960508,0.3183412193664158,0.25,0.5
0.0,0.6198830409356725,0.1,0.0,0.1356519734324477,0.0,0.3333333333333333
0.0,0.6647093364650616,1.0,0.5531464700081437,0.5036067026046991,0.1538461538461538,0.3076923076923077
0.0,0.503921568627451,1.0,0.6164336326286644,0.4733871704086119,0.2,0.2666666666666666
0.0,0.4847972972972973,0.25,0.1460683498427064,0.1089364926177558,0.125,0.125
0.0,0.5800000000000001,0.25,0.2640681225725909,0.2640681225725909,0.5,0.5
0.0,0.5454545454545454,0.2,0.2371977127692962,0.2371977127692962,0.5,0.5
0.0,0.78125,0.0666666666666666,0.0,0.0,0.0,0.0
0.0,0.7510162601626016,0.5,0.3451913422468693,0.3079834593168982,0.3333333333333333,0.3333333333333333
0.0,0.1470588235294117,0.0769230769230769,0.0,0.0,0.0,0.0
0.0,0.7094594594594594,0.0769230769230769,0.0,0.0,0.0,0.0
0.0,0.5,1.0,1.0,1.0,1.0,1.0
0.0,1.0,1.0,1.0,1.0,1.0,1.0
0.0,1.0,1.0,1.0,1.0,1.0,1.0
0.0,0.4008620689655173,0.1111111111111111,0.0,0.1175161047564271,0.0,0.25
0.0,0.5,1.0,1.0,1.0,1.0,1.0
0.0,0.5977011494252873,0.1666666666666666,0.0,0.30281242839865,0.0,0.6666666666666666
0.0,0.4285714285714286,0.3333333333333333,0.3065735963827292,0.4911492931622974,0.5,1.0
0.0,0.5208333333333333,0.25,0.2640681225725909,0.448643819352159,0.5,1.0
0.0,0.4736842105263158,0.2,0.2371977127692962,0.2371977127692962,0.5,0.5
0.0,0.5,1.0,1.0,1.0,1.0,1.0
0.0,0.5,0.1428571428571428,0.0,0.3333333333333333,0.0,1.0
0.0,0.4166666666666667,0.0714285714285714,0.0,0.0,0.0,0.0
0.0,0.5416666666666666,0.5,0.5296347172140421,0.367048613489692,0.3333333333333333,0.3333333333333333
0.0,0.5,1.0,0.9558295932317544,0.9558295932317544,1.0,1.0
0.0,0.76,0.3333333333333333,0.3633175612671683,0.3633175612671683,0.5,0.5
0.0,0.7193877551020409,0.1111111111111111,0.0,0.1175161047564271,0.0,0.25
0.0,0.3953488372093023,0.037037037037037,0.0,0.0,0.0,0.0
0.0,0.6097560975609756,0.5,0.2960819109658652,0.2960819109658652,0.3333333333333333,0.3333333333333333
0.0,0.2298850574712643,0.0178571428571428,0.0,0.0,0.0,0.0
0.0,0.6176470588235293,0.25,0.2640681225725909,0.2640681225725909,0.5,0.5
0.0,0.5,0.5,0.6309297535714575,0.6309297535714575,1.0,1.0
0.0,0.673076923076923,1.0,0.6131471927654584,0.6131471927654584,0.5,0.5
0.0,0.4136363636363636,0.2,0.1312050775123417,0.1312050775123417,0.2,0.2
0.0,0.375,0.0238095238095238,0.0,0.0,0.0,0.0
0.0,0.3373493975903614,0.032258064516129,0.0,0.0,0.0,0.0
0.0,0.4482758620689655,0.0588235294117647,0.0,0.0,0.0,0.0
0.0,0.5791666666666666,0.1,0.0,0.1356519734324477,0.0,0.3333333333333333
0.0,0.4539473684210526,0.0714285714285714,0.0,0.0,0.0,0.0
0.0,0.6071428571428571,0.5,0.6509209298071326,0.6509209298071326,1.0,1.0
0.0,0.5159090909090909,0.1,0.0,0.098039285831357,0.0,0.2
0.0,0.4659090909090909,0.1428571428571428,0.0,0.2043823975884861,0.0,0.5
0.0,0.4545454545454545,0.2,0.3868528072345416,0.3868528072345416,1.0,1.0
0.0,0.7692307692307692,0.5,0.3868528072345416,0.5912352048230277,0.5,1.0
0.0,0.7142857142857143,0.3333333333333333,0.5,0.5,1.0,1.0
0.0,0.4210526315789473,0.1111111111111111,0.0,0.3010299956639812,0.0,1.0
0.0,0.5957446808510638,0.125,0.0,0.1480409554829326,0.0,0.3333333333333333
0.0,0.5069444444444444,0.1428571428571428,0.0,0.2043823975884861,0.0,0.5
0.0,0.2419354838709677,0.05,0.0,0.0,0.0,0.0
0.0,0.5723270440251571,0.1666666666666666,0.0,0.1077891545245109,0.0,0.1666666666666666
0.0,0.4285714285714286,0.1428571428571428,0.0,0.2043823975884861,0.0,0.5
0.0,1.0,1.0,1.0,1.0,1.0,1.0
0.0,0.3214285714285714,0.0384615384615384,0.0,0.0,0.0,0.0
0.0,0.5769230769230769,0.0434782608695652,0.0,0.0,0.0,0.0
0.0,0.3333333333333333,0.2,0.3868528072345416,0.3868528072345416,1.0,1.0
0.0,0.25,0.1666666666666666,0.0,0.3562071871080222,0.0,1.0
0.0,0.9369369369369368,0.5,0.5307212739772434,0.6787622294601761,0.6666666666666666,1.0
0.0,0.2586206896551724,0.0476190476190476,0.0,0.0,0.0,0.0
0.0,0.1666666666666666,0.25,0.430676558073393,0.430676558073393,1.0,1.0
0.0,0.3829787234042552,0.0666666666666666,0.0,0.0,0.0,0.0
0.0,0.3518518518518518,0.0416666666666666,0.0,0.0,0.0,0.0
0.0,0.846153846153846,0.2,0.3868528072345416,0.3868528072345416,1.0,1.0
0.0,0.4166666666666667,0.0769230769230769,0.0,0.0,0.0,0.0
0.0,1.0,1.0,1.0,1.0,1.0,1.0
0.0,0.5303030303030303,0.0769230769230769,0.0,0.0,0.0,0.0
0.0,0.1824324324324324,0.0357142857142857,0.0,0.0,0.0,0.0
0.0,0.4367816091954022,0.0909090909090909,0.0,0.0,0.0,0.0
0.0,0.7142857142857143,0.0714285714285714,0.0,0.0,0.0,0.0
0.0,0.4333333333333333,0.25,0.2021073465005475,0.4914152748433091,0.3333333333333333,1.0
0.0,0.3793103448275862,0.0526315789473684,0.0,0.0,0.0,0.0
0.0,0.6776315789473685,0.25,0.2640681225725909,0.2640681225725909,0.5,0.5
0.0,0.6863636363636364,1.0,0.5531464700081437,0.5531464700081437,0.4,0.4
0.0,0.382716049382716,0.0833333333333333,0.0,0.0,0.0,0.0
0.0,0.5247933884297522,0.2,0.1312050775123417,0.22476126319537,0.0909090909090909,0.2727272727272727
0.0,0.6515151515151515,0.0909090909090909,0.0,0.0,0.0,0.0
0.0,0.6203703703703703,0.0833333333333333,0.0,0.0,0.0,0.0
0.0,0.344,0.2,0.1312050775123417,0.1312050775123417,0.2,0.2
0.0,0.4736842105263158,0.0434782608695652,0.0,0.0,0.0,0.0
0.0,0.5147058823529411,0.1666666666666666,0.0,0.2184074368181641,0.0,0.5
0.0,0.3181818181818182,0.0434782608695652,0.0,0.0,0.0,0.0
0.0,0.5740740740740741,0.3333333333333333,0.2346393630113782,0.2346393630113782,0.3333333333333333,0.3333333333333333
0.0,0.625,0.25,0.2640681225725909,0.2640681225725909,0.5,0.5
0.0,0.4123711340206185,0.0151515151515151,0.0,0.0,0.0,0.0
0.0,0.3989361702127659,0.0333333333333333,0.0,0.0,0.0,0.0
0.0,0.3333333333333333,0.05,0.0,0.0,0.0,0.0
0.0,0.6875,1.0,0.9197207891481876,0.9197207891481876,1.0,1.0
0.0,0.4835164835164834,0.0666666666666666,0.0,0.0,0.0,0.0
0.0,0.4523809523809524,0.0625,0.0,0.0,0.0,0.0
0.0,0.4242424242424242,0.1,0.0,0.1772392867840477,0.0,0.5
0.0,0.3,0.0153846153846153,0.0,0.0,0.0,0.0
0.0,0.21875,0.025,0.0,0.0,0.0,0.0
0.0,0.4540983606557376,0.1111111111111111,0.0,0.1020973951229116,0.0,0.2
0.0,0.4571428571428572,0.1,0.0,0.1128451413489352,0.0,0.25
0.0,0.627906976744186,0.0588235294117647,0.0,0.0,0.0,0.0
0.0,1.0,1.0,1.0,1.0,1.0,1.0
0.0,0.5873015873015872,0.1,0.0,0.1128451413489352,0.0,0.25
0.0,0.4561403508771929,0.037037037037037,0.0,0.0,0.0,0.0
0.0,0.8541666666666666,0.25,0.2640681225725909,0.2640681225725909,0.5,0.5
0.0,0.272300469483568,0.0263157894736842,0.0,0.0,0.0,0.0
0.0,0.6843434343434343,1.0,0.4692787260227564,0.4692787260227564,0.3333333333333333,0.3333333333333333
0.0,0.6397058823529411,0.1666666666666666,0.0,0.2184074368181641,0.0,0.5
0.0,0.5490196078431373,0.125,0.0,0.1480409554829326,0.0,0.3333333333333333
0.0,0.7203389830508474,0.0434782608695652,0.0,0.0,0.0,0.0
0.0,0.5056179775280899,0.0526315789473684,0.0,0.0,0.0,0.0
0.0,0.9444444444444444,0.5,0.6309297535714575,0.6309297535714575,1.0,1.0
0.0,1.0,1.0,1.0,1.0,1.0,1.0
0.0,1.0,1.0,1.0,1.0,1.0,1.0
0.0,0.5757575757575758,0.0833333333333333,0.0,0.0,0.0,0.0
0.0,1.0,1.0,1.0,1.0,1.0,1.0
0.0,0.3333333333333333,0.1,0.0,0.1772392867840477,0.0,0.5
0.0,0.1304347826086956,0.024390243902439,0.0,0.0,0.0,0.0
0.0,0.738146551724138,0.1111111111111111,0.0,0.2303612461053624,0.0,0.5
0.0,0.1818181818181817,0.1,0.0,0.2890648263178879,0.0,1.0
0.0,0.3846153846153846,0.25,0.5012658353418871,0.5012658353418871,1.0,1.0
0.0,0.4074074074074074,0.0833333333333333,0.0,0.0,0.0,0.0
0.0,0.3207547169811321,0.0333333333333333,0.0,0.0,0.0,0.0
0.0,0.6470588235294117,0.1428571428571428,0.0,0.3333333333333333,0.0,1.0
0.0,0.416,0.0303030303030303,0.0,0.0,0.0,0.0
0.0,0.3983644859813083,0.0263157894736842,0.0,0.0,0.0,0.0
0.0,0.6136363636363635,0.0555555555555555,0.0,0.0,0.0,0.0
0.0,0.6103448275862069,0.5,0.2139862647345275,0.4250789523237566,0.2,0.6
0.0,0.5,0.5,0.6309297535714575,0.6309297535714575,1.0,1.0
0.0,0.3333333333333333,0.0344827586206896,0.0,0.0,0.0,0.0
0.0,0.5164835164835164,0.1111111111111111,0.0,0.1412669728598289,0.0,0.3333333333333333
0.0,0.2857142857142857,0.0161290322580645,0.0,0.0,0.0,0.0
0.0,0.42,0.1111111111111111,0.0,0.1845756967795681,0.0,0.5
0.0,0.4946666666666666,0.0833333333333333,0.0,0.0,0.0,0.0
0.0,0.2857142857142857,0.125,0.0,0.3154648767857287,0.0,1.0
0.0,0.5147727272727274,0.3333333333333333,0.169580102636808,0.11004588314904,0.1,0.1
0.0,0.5972222222222222,0.0357142857142857,0.0,0.0,0.0,0.0
0.0,0.625,0.1428571428571428,0.0,0.3333333333333333,0.0,1.0
0.0,0.4715447154471545,0.1666666666666666,0.0,0.1671604549662022,0.0,0.3333333333333333
0.0,0.71875,0.2,0.2371977127692962,0.4415801103577823,0.5,1.0
0.0,0.4444444444444444,0.1666666666666666,0.0,0.3562071871080222,0.0,1.0
0.0,0.6121212121212121,0.3333333333333333,0.2346393630113782,0.2346393630113782,0.3333333333333333,0.3333333333333333
0.0,0.6031746031746031,0.3333333333333333,0.2346393630113782,0.3759063358712072,0.3333333333333333,0.6666666666666666
0.0,0.5343749999999999,1.0,0.3903800499921017,0.3903800499921017,0.25,0.25
0.0,0.3875,0.0476190476190476,0.0,0.0,0.0,0.0
0.0,0.2037037037037037,0.0555555555555555,0.0,0.0,0.0,0.0
0.0,0.5386904761904762,0.1111111111111111,0.0,0.091092403223458,0.0,0.1666666666666666
0.0,0.425,0.0344827586206896,0.0,0.0,0.0,0.0
0.0,0.3922413793103448,0.04,0.0,0.0,0.0,0.0
0.0,0.988095238095238,0.5,0.6309297535714575,0.6309297535714575,1.0,1.0
0.0,0.8721311475409835,1.0,0.3391602052736161,0.4412576003965278,0.2,0.4
0.0,0.2307692307692307,0.0833333333333333,0.0,0.0,0.0,0.0
0.0,0.3461538461538461,0.2,0.3868528072345416,0.3868528072345416,1.0,1.0
0.0,0.8916666666666666,0.2,0.1312050775123417,0.4492908974688346,0.2,0.8
0.0,0.644047619047619,0.1111111111111111,0.0,0.1175161047564271,0.0,0.25
0.0,0.367816091954023,0.3333333333333333,0.169580102636808,0.1513012067494067,0.1666666666666666,0.1666666666666666
0.0,0.5425531914893618,0.1111111111111111,0.0,0.0761433407173835,0.0,0.125
0.0,0.4375,0.1111111111111111,0.0,0.1845756967795681,0.0,0.5
0.0,0.4763157894736842,1.0,0.3391602052736161,0.3391602052736161,0.2,0.2
0.0,0.525,1.0,0.6131471927654584,0.6131471927654584,0.5,0.5
0.0,0.84,0.5,0.3868528072345416,0.5714285040141098,0.5,1.0
0.0,0.5682961897915169,1.0,0.5087403079104241,0.3301376494471202,0.0769230769230769,0.0769230769230769
0.0,0.5,0.5,0.6240505200038379,0.6240505200038379,1.0,1.0
0.0,0.3333333333333333,0.032258064516129,0.0,0.0,0.0,0.0
0.0,0.6229166666666667,1.0,0.3391602052736161,0.4461533376408799,0.2,0.4
0.0,0.7407407407407408,0.1666666666666666,0.0,0.2184074368181641,0.0,0.5
0.0,0.4928571428571428,0.0833333333333333,0.0,0.0,0.0,0.0
0.0,0.7272727272727273,0.3333333333333333,0.3065735963827292,0.5249810332008933,0.5,1.0
0.0,1.0,1.0,1.0,1.0,1.0,1.0
0.0,0.5990566037735849,0.1666666666666666,0.0,0.1952608686259191,0.0,0.3333333333333333
0.0,0.3928571428571428,0.0909090909090909,0.0,0.0,0.0,0.0
0.0,0.1578947368421052,0.0555555555555555,0.0,0.0,0.0,0.0
0.0,0.4859154929577465,0.0909090909090909,0.0,0.0,0.0,0.0
0.0,1.0,1.0,1.0,1.0,1.0,1.0
0.0,0.3791666666666667,0.125,0.0,0.0954604330894673,0.0,0.1666666666666666
0.0,0.6083333333333334,0.3333333333333333,0.3065735963827292,0.3065735963827292,0.5,0.5
0.0,0.5666666666666667,0.1666666666666666,0.0,0.2184074368181641,0.0,0.5
0.0,0.3333333333333333,0.3333333333333333,0.5,0.5,1.0,1.0
0.0,0.3157894736842105,0.0833333333333333,0.0,0.0,0.0,0.0
0.0,1.0,1.0,1.0,1.0,1.0,1.0
0.0,0.25,0.3333333333333333,0.5,0.5,1.0,1.0
0.0,0.5,1.0,1.0,1.0,1.0,1.0
0.0,0.4611111111111111,1.0,0.4692787260227564,0.4692787260227564,0.3333333333333333,0.3333333333333333
0.0,0.5961538461538461,0.5,0.3868528072345416,0.5714285040141098,0.5,1.0
0.0,0.5494186046511629,0.1428571428571428,0.0,0.1369847102983117,0.0,0.1666666666666666
0.0,0.359375,0.0588235294117647,0.0,0.0,0.0,0.0
0.0,0.8571428571428571,0.5,0.6309297535714575,0.6309297535714575,1.0,1.0
0.0,0.4891774891774892,0.1111111111111111,0.0,0.1298750116533407,0.0,0.1428571428571428
0.0,0.5989583333333334,0.25,0.1460683498427064,0.1990365012701235,0.125,0.25
0.0,0.4583333333333333,0.0555555555555555,0.0,0.0,0.0,0.0
0.0,0.375,0.0416666666666666,0.0,0.0,0.0,0.0
0.0,0.313953488372093,0.0555555555555555,0.0,0.0,0.0,0.0
0.0,0.4462365591397849,0.0769230769230769,0.0,0.0,0.0,0.0
0.0,0.9090909090909092,0.5,0.6309297535714575,0.6309297535714575,1.0,1.0
0.0,0.9661016949152542,0.3333333333333333,0.5,0.5,1.0,1.0
0.0,0.5418719211822659,0.125,0.0,0.1661709079268871,0.0,0.2857142857142857
0.0,0.7515060240963856,0.2,0.1510196182278052,0.2638647595767405,0.25,0.5
0.0,0.3181818181818182,0.1111111111111111,0.0,0.3010299956639812,0.0,1.0
0.0,0.6322751322751323,0.125,0.0,0.0867138284941197,0.0,0.1428571428571428
0.0,0.4583333333333333,0.25,0.3191471544989227,0.4422983488692876,0.5,0.75
0.0,0.4978813559322034,0.1,0.0,0.0731168384439099,0.0,0.125
0.0,0.9333333333333332,0.5,0.6309297535714575,0.6309297535714575,1.0,1.0
0.0,0.5833333333333333,0.1111111111111111,0.0,0.1412669728598289,0.0,0.3333333333333333
0.0,0.6,0.25,0.2021073465005475,0.358533588508133,0.3333333333333333,0.6666666666666666
0.0,0.5416666666666667,0.3333333333333333,0.3065735963827292,0.3065735963827292,0.5,0.5
0.0,0.6534772182254197,0.2,0.1312050775123417,0.0909280306189788,0.1111111111111111,0.1111111111111111
0.0,0.3333333333333333,0.125,0.0,0.1934264036172708,0.0,0.5
0.0,0.3636363636363636,0.125,0.0,0.3154648767857287,0.0,1.0
0.0,0.3333333333333333,0.3333333333333333,0.5,0.5,1.0,1.0
0.0,0.2830188679245283,0.0204081632653061,0.0,0.0,0.0,0.0
0.0,0.5,0.5,0.4144299250118475,0.544556608342548,0.5,0.75
0.0,0.5892857142857143,0.125,0.0,0.1934264036172708,0.0,0.5
0.0,0.513671875,1.0,0.3391602052736161,0.2529427027676571,0.125,0.125
0.0,0.5111111111111111,0.5,0.2960819109658652,0.2960819109658652,0.3333333333333333,0.3333333333333333
0.0,0.5,0.3333333333333333,0.3065735963827292,0.4838128831667769,0.5,1.0
0.0,0.1666666666666666,0.25,0.430676558073393,0.430676558073393,1.0,1.0
0.0,0.4431818181818182,0.0526315789473684,0.0,0.0,0.0,0.0
0.0,0.3703703703703703,0.03125,0.0,0.0,0.0,0.0
0.0,1.0,1.0,1.0,1.0,1.0,1.0
0.0,0.4666666666666667,0.0909090909090909,0.0,0.0,0.0,0.0
0.0,0.7756696428571429,1.0,0.6548086577531307,0.4883505467692415,0.375,0.375
0.0,0.285377358490566,0.0357142857142857,0.0,0.0,0.0,0.0
0.0,0.3125,0.25,0.2640681225725909,0.482475559390755,0.5,1.0
0.0,0.6282828282828282,0.1666666666666666,0.0,0.0783982689786753,0.0,0.0909090909090909
0.0,0.84,0.25,0.2640681225725909,0.4684505201610769,0.5,1.0
0.0,0.4510869565217391,0.0833333333333333,0.0,0.0,0.0,0.0
0.0,0.875,0.2,0.2371977127692962,0.4144369995533439,0.5,1.0
0.0,0.4802919708029197,0.1111111111111111,0.0,0.1020973951229116,0.0,0.2
0.0,0.4624697336561743,0.0526315789473684,0.0,0.0,0.0,0.0
0.0,0.3928571428571428,0.0625,0.0,0.0,0.0,0.0
0.0,0.6956521739130435,1.0,0.4692787260227564,0.4692787260227564,0.3333333333333333,0.3333333333333333
0.0,0.4166666666666667,0.0769230769230769,0.0,0.0,0.0,0.0
0.0,0.4166666666666667,0.0204081632653061,0.0,0.0,0.0,0.0
0.0,0.5,0.25,0.430676558073393,0.430676558073393,1.0,1.0
0.0,0.4880952380952381,0.0769230769230769,0.0,0.0,0.0,0.0
0.0,0.5,0.1111111111111111,0.0,0.3010299956639812,0.0,1.0
0.0,0.5208333333333334,0.3333333333333333,0.3065735963827292,0.3065735963827292,0.5,0.5
0.0,0.5625,1.0,0.3391602052736161,0.3936948167222715,0.1666666666666666,0.3333333333333333
0.0,0.8181818181818181,0.3333333333333333,0.5,0.5,1.0,1.0
0.0,0.4491525423728813,0.0333333333333333,0.0,0.0,0.0,0.0
0.0,0.4270833333333333,0.0666666666666666,0.0,0.0,0.0,0.0
0.0,0.409090909090909,0.3333333333333333,0.5,0.5,1.0,1.0
0.0,0.3194444444444444,0.0526315789473684,0.0,0.0,0.0,0.0
0.0,1.0,1.0,1.0,1.0,1.0,1.0
0.0,0.875,0.5,0.6309297535714575,0.6309297535714575,1.0,1.0
0.0,1.0,1.0,1.0,1.0,1.0,1.0
0.0,0.28125,0.0625,0.0,0.0,0.0,0.0
0.0,0.36875,0.0476190476190476,0.0,0.0,0.0,0.0
0.0,0.5599078341013825,0.0833333333333333,0.0,0.0,0.0,0.0
0.0,0.5189393939393939,0.2,0.1510196182278052,0.1510196182278052,0.25,0.25
0.0,0.5454545454545454,0.0625,0.0,0.0,0.0,0.0
0.0,0.540983606557377,0.2,0.1312050775123417,0.1312050775123417,0.2,0.2
0.0,0.4896907216494845,0.0555555555555555,0.0,0.0,0.0,0.0
0.0,0.8541666666666666,0.25,0.2021073465005475,0.2021073465005475,0.3333333333333333,0.3333333333333333
0.0,1.0,1.0,1.0,1.0,1.0,1.0
0.0,0.9,0.5,0.6309297535714575,0.6309297535714575,1.0,1.0
0.0,0.5263157894736843,0.1,0.0,0.2890648263178879,0.0,1.0
0.0,0.6838235294117647,0.3333333333333333,0.1951900249960508,0.1951900249960508,0.25,0.25
0.0,0.888888888888889,0.5,0.6309297535714575,0.6309297535714575,1.0,1.0
0.0,0.3247863247863248,0.0217391304347826,0.0,0.0,0.0,0.0
0.0,0.4362745098039216,0.0476190476190476,0.0,0.0,0.0,0.0
0.0,0.6833333333333333,1.0,0.6131471927654584,0.6131471927654584,0.5,0.5
0.0,0.7597402597402597,0.3333333333333333,0.3065735963827292,0.3065735963827292,0.5,0.5
0.0,0.3527777777777778,0.1428571428571428,0.0,0.0783485164714951,0.0,0.1111111111111111
0.0,0.8295454545454545,0.1428571428571428,0.0,0.2043823975884861,0.0,0.5
0.0,0.5481557377049181,0.25,0.1681275362711174,0.1681275362711174,0.25,0.25
0.0,0.3636363636363636,0.1,0.0,0.2890648263178879,0.0,1.0
0.0,0.5757575757575758,1.0,0.4692787260227564,0.617319681505689,0.3333333333333333,0.6666666666666666
0.0,0.4976415094339623,0.5,0.2139862647345275,0.2327059155688063,0.125,0.25
0.0,0.4798850574712643,0.0909090909090909,0.0,0.0,0.0,0.0
0.0,0.37,0.0625,0.0,0.0,0.0,0.0
0.0,0.3865979381443299,0.0217391304347826,0.0,0.0,0.0,0.0
0.0,0.4013157894736842,0.1428571428571428,0.0,0.1301266833307005,0.0,0.25
0.0,1.0,1.0,1.0,1.0,1.0,1.0
0.0,0.5846153846153845,1.0,0.3391602052736161,0.5669646403403741,0.2,0.6
0.0,0.4202127659574468,0.0714285714285714,0.0,0.0,0.0,0.0
0.0,0.375,0.0178571428571428,0.0,0.0,0.0,0.0
0.0,1.0,1.0,1.0,1.0,1.0,1.0
0.0,0.5681818181818181,0.1111111111111111,0.0,0.1845756967795681,0.0,0.5
0.0,0.417910447761194,0.0526315789473684,0.0,0.0,0.0,0.0
0.0,0.6208333333333332,0.1111111111111111,0.0,0.1412669728598289,0.0,0.3333333333333333
0.0,0.6666666666666666,0.0454545454545454,0.0,0.0,0.0,0.0
0.0,0.486111111111111,0.125,0.0,0.1480409554829326,0.0,0.3333333333333333
0.0,0.6037735849056605,0.1428571428571428,0.0,0.1301266833307005,0.0,0.25
0.0,0.4838709677419355,0.0588235294117647,0.0,0.0,0.0,0.0
0.0,0.4821428571428571,1.0,0.3903800499921017,0.3903800499921017,0.25,0.25
0.0,0.8360655737704918,0.1666666666666666,0.0,0.1517621910780353,0.0,0.2
0.0,1.0,1.0,1.0,1.0,1.0,1.0
0.0,0.8292682926829268,0.125,0.0,0.3154648767857287,0.0,1.0
0.0,0.8888888888888888,0.3333333333333333,0.5,0.5,1.0,1.0
0.0,0.5043290043290043,0.1428571428571428,0.0,0.0783485164714951,0.0,0.1111111111111111
0.0,0.8200000000000001,0.25,0.2640681225725909,0.4574945261898616,0.5,1.0
0.0,0.4166666666666667,0.0666666666666666,0.0,0.0,0.0,0.0
0.0,0.6578947368421053,1.0,0.3391602052736161,0.3628869103342174,0.0909090909090909,0.2727272727272727
0.0,0.5905511811023623,0.0588235294117647,0.0,0.0,0.0,0.0
0.0,0.3541666666666666,0.0769230769230769,0.0,0.0,0.0,0.0
0.0,0.2976190476190476,0.0344827586206896,0.0,0.0,0.0,0.0
0.0,0.8106060606060606,0.25,0.1681275362711174,0.4157703243582452,0.25,0.75
0.0,1.0,1.0,1.0,1.0,1.0,1.0
0.0,0.5224089635854342,0.0909090909090909,0.0,0.0,0.0,0.0
0.0,0.375,0.1428571428571428,0.0,0.3333333333333333,0.0,1.0
0.0,0.4591836734693877,0.1111111111111111,0.0,0.1845756967795681,0.0,0.5
0.0,0.3648648648648648,0.0833333333333333,0.0,0.0,0.0,0.0
0.0,0.7142857142857142,0.3333333333333333,0.5,0.5,1.0,1.0
0.0,0.6911764705882353,0.5,0.3868528072345416,0.6052602440527057,0.5,1.0
0.0,0.4318181818181818,0.125,0.0,0.3154648767857287,0.0,1.0
0.0,1.0,1.0,1.0,1.0,1.0,1.0
0.0,0.69,0.25,0.2640681225725909,0.2640681225725909,0.5,0.5
0.0,0.6739130434782609,0.2,0.2371977127692962,0.2371977127692962,0.5,0.5
0.0,0.4528301886792453,0.04,0.0,0.0,0.0,0.0
0.0,0.375,0.0909090909090909,0.0,0.0,0.0,0.0
0.0,0.4285714285714286,0.0666666666666666,0.0,0.0,0.0,0.0
0.0,0.3421052631578947,0.1428571428571428,0.0,0.1564262420075854,0.0,0.3333333333333333
0.0,0.4107142857142857,0.0909090909090909,0.0,0.0,0.0,0.0
0.0,0.3017241379310345,0.0217391304347826,0.0,0.0,0.0,0.0
0.0,0.3571428571428571,0.125,0.0,0.3154648767857287,0.0,1.0
0.0,0.5522388059701493,0.032258064516129,0.0,0.0,0.0,0.0
0.0,0.525,0.3333333333333333,0.3007851801491498,0.3282410109263901,0.074074074074074,0.1481481481481481
0.0,0.8387096774193549,0.2,0.2371977127692962,0.430624116386567,0.5,1.0
0.0,0.4146341463414634,0.0666666666666666,0.0,0.0,0.0,0.0
0.0,0.2027027027027027,0.032258064516129,0.0,0.0,0.0,0.0
0.0,0.5232558139534884,0.1,0.0,0.1356519734324477,0.0,0.3333333333333333
0.0,0.6940035273368607,0.25,0.1460683498427064,0.2257841989998379,0.1666666666666666,0.3333333333333333
0.0,0.8225806451612903,0.0434782608695652,0.0,0.0,0.0,0.0
0.0,0.2903225806451612,0.0454545454545454,0.0,0.0,0.0,0.0
0.0,0.3823529411764705,0.0294117647058823,0.0,0.0,0.0,0.0
0.0,0.436,0.0204081632653061,0.0,0.0,0.0,0.0
0.0,1.0,1.0,1.0,1.0,1.0,1.0
0.0,0.7777777777777778,0.0769230769230769,0.0,0.0,0.0,0.0
0.0,0.5059523809523809,0.25,0.2021073465005475,0.2021073465005475,0.3333333333333333,0.3333333333333333
0.0,0.8250000000000001,0.5,0.5296347172140421,0.5296347172140421,0.6,0.6
0.0,0.4632352941176471,0.0909090909090909,0.0,0.0,0.0,0.0
0.0,0.3970588235294117,0.024390243902439,0.0,0.0,0.0,0.0
0.0,0.5929487179487178,0.2,0.1815417925373526,0.1815417925373526,0.3333333333333333,0.3333333333333333
0.0,0.9523809523809524,1.0,0.8772153153380493,0.8772153153380493,1.0,1.0
0.0,0.984126984126984,0.5,0.6309297535714575,0.6309297535714575,1.0,1.0
0.0,0.9545454545454546,0.5,0.6309297535714575,0.6309297535714575,1.0,1.0
0.0,0.3,0.0555555555555555,0.0,0.0,0.0,0.0
0.0,0.3636363636363636,0.125,0.0,0.3154648767857287,0.0,1.0
0.0,0.875,0.25,0.430676558073393,0.430676558073393,1.0,1.0
0.0,0.5092592592592593,0.125,0.0,0.1934264036172708,0.0,0.5
0.0,0.3226950354609929,0.0129870129870129,0.0,0.0,0.0,0.0
0.0,0.4147727272727273,0.0625,0.0,0.0,0.0,0.0
0.0,0.463855421686747,0.0303030303030303,0.0,0.0,0.0,0.0
0.0,0.5111111111111111,0.0555555555555555,0.0,0.0,0.0,0.0
0.0,0.5923423423423423,1.0,0.4692787260227564,0.4692787260227564,0.3333333333333333,0.3333333333333333
0.0,0.6,0.3333333333333333,0.5,0.5,1.0,1.0
0.0,0.7407407407407407,0.3333333333333333,0.2346393630113782,0.2346393630113782,0.3333333333333333,0.3333333333333333
0.0,0.4659090909090909,0.0588235294117647,0.0,0.0,0.0,0.0
0.0,0.4111111111111111,0.0769230769230769,0.0,0.0,0.0,0.0
0.0,0.6224899598393574,0.5,0.2960819109658652,0.2960819109658652,0.3333333333333333,0.3333333333333333
0.0,0.3166666666666666,0.0555555555555555,0.0,0.0,0.0,0.0
0.0,0.4385057471264367,0.03125,0.0,0.0,0.0,0.0
0.0,0.375,0.0625,0.0,0.0,0.0,0.0
0.0,0.46,0.0833333333333333,0.0,0.0,0.0,0.0
0.0,0.375,0.0714285714285714,0.0,0.0,0.0,0.0
0.0,0.4285714285714286,0.2,0.3868528072345416,0.3868528072345416,1.0,1.0
0.0,0.2888888888888888,0.0147058823529411,0.0,0.0,0.0,0.0
0.0,0.3142857142857143,0.0303030303030303,0.0,0.0,0.0,0.0
0.0,1.0,1.0,1.0,1.0,1.0,1.0
0.0,0.5921052631578948,0.2,0.1510196182278052,0.1510196182278052,0.25,0.25
0.0,0.9384615384615383,0.2,0.3868528072345416,0.3868528072345416,1.0,1.0
0.0,0.6166666666666666,0.5,0.2960819109658652,0.2960819109658652,0.3333333333333333,0.3333333333333333
0.0,0.5873015873015872,0.2,0.1815417925373526,0.1815417925373526,0.3333333333333333,0.3333333333333333
0.0,0.74212271973466,0.3333333333333333,0.169580102636808,0.2012476887064361,0.1111111111111111,0.2222222222222222
0.0,0.4475308641975309,0.0833333333333333,0.0,0.0,0.0,0.0
0.0,0.557142857142857,1.0,0.3391602052736161,0.4492477985243744,0.1428571428571428,0.4285714285714285
0.0,0.6666666666666667,0.5,0.6309297535714575,0.6309297535714575,1.0,1.0
0.0,0.2758620689655172,0.0666666666666666,0.0,0.0,0.0,0.0
0.0,0.4567901234567901,0.1428571428571428,0.0,0.1564262420075854,0.0,0.3333333333333333
0.0,0.6149425287356323,0.125,0.0,0.1934264036172708,0.0,0.5
0.0,0.4583333333333333,0.0555555555555555,0.0,0.0,0.0,0.0
0.0,0.4620253164556962,0.125,0.0,0.0954604330894673,0.0,0.1666666666666666
0.0,0.2307692307692307,0.0357142857142857,0.0,0.0,0.0,0.0
0.0,0.3333333333333333,0.2,0.3868528072345416,0.3868528072345416,1.0,1.0
0.0,0.6342592592592593,0.25,0.2640681225725909,0.2640681225725909,0.5,0.5
0.0,0.268595041322314,0.0126582278481012,0.0,0.0,0.0,0.0
0.0,0.5024509803921569,0.2,0.1815417925373526,0.1815417925373526,0.3333333333333333,0.3333333333333333
0.0,0.5950854700854701,0.5,0.24630238874073,0.24630238874073,0.25,0.25
0.0,0.2329317269076305,0.0185185185185185,0.0,0.0,0.0,0.0
0.0,0.2916666666666666,0.1,0.0,0.1772392867840477,0.0,0.5
0.0,0.4642857142857143,0.125,0.0,0.1934264036172708,0.0,0.5
0.0,1.0,1.0,1.0,1.0,1.0,1.0
0.0,0.6466346153846153,1.0,0.3391602052736161,0.4191860521374083,0.125,0.375
0.0,0.4166666666666667,0.1428571428571428,0.0,0.3333333333333333,0.0,1.0
0.0,0.9419642857142856,0.3333333333333333,0.3065735963827292,0.3065735963827292,0.5,0.5
0.0,0.4347826086956521,0.2,0.1510196182278052,0.1510196182278052,0.25,0.25
0.0,0.4545454545454545,0.3333333333333333,0.5706417189553201,0.5706417189553201,1.0,1.0
0.0,0.6039719626168225,0.125,0.0,0.0797945385624481,0.0,0.125
0.0,0.4622641509433962,1.0,0.3391602052736161,0.3391602052736161,0.2,0.2
0.0,0.4166666666666667,0.2,0.3868528072345416,0.3868528072345416,1.0,1.0
0.0,0.5,0.1666666666666666,0.0,0.3562071871080222,0.0,1.0
0.0,0.4019607843137255,0.0666666666666666,0.0,0.0,0.0,0.0
0.0,0.5142045454545454,0.1666666666666666,0.0,0.2542087814707015,0.0,0.375
0.0,0.6812499999999999,1.0,0.3903800499921017,0.5294362295028773,0.25,0.5
0.0,0.3725490196078431,0.05,0.0,0.0,0.0,0.0
0.0,0.5255102040816326,0.3333333333333333,0.169580102636808,0.1374381664571454,0.1428571428571428,0.1428571428571428
0.0,0.4375,0.1428571428571428,0.0,0.3333333333333333,0.0,1.0
0.0,0.7083333333333334,1.0,0.6131471927654584,0.7903864795495061,0.5,1.0
0.0,0.4613333333333333,0.0909090909090909,0.0,0.0,0.0,0.0
0.0,0.4797794117647059,0.0769230769230769,0.0,0.0,0.0,0.0
0.0,0.5,1.0,1.0,1.0,1.0,1.0
0.0,0.9145077720207254,0.0769230769230769,0.0,0.0,0.0,0.0
0.0,0.6987547892720305,0.5,0.2139862647345275,0.2224458458552236,0.1111111111111111,0.2222222222222222
0.0,0.3295454545454546,0.0476190476190476,0.0,0.0,0.0,0.0
0.0,0.25,0.1428571428571428,0.0,0.3333333333333333,0.0,1.0
0.0,0.652439024390244,0.2,0.2371977127692962,0.2371977127692962,0.5,0.5
0.0,0.6776315789473684,1.0,0.5087403079104241,0.3937584376460719,0.1052631578947368,0.1578947368421052
0.0,0.4910714285714285,0.1428571428571428,0.0,0.1564262420075854,0.0,0.3333333333333333
0.0,0.8725490196078431,0.5,0.5307212739772434,0.5307212739772434,0.6666666666666666,0.6666666666666666
0.0,0.6096491228070174,0.1666666666666666,0.0,0.1671604549662022,0.0,0.3333333333333333
0.0,0.6282051282051281,1.0,0.4692787260227564,0.4692787260227564,0.3333333333333333,0.3333333333333333
0.0,0.7197802197802198,0.0192307692307692,0.0,0.0,0.0,0.0
0.0,0.4835164835164834,0.0476190476190476,0.0,0.0,0.0,0.0
0.0,0.4673913043478261,0.0151515151515151,0.0,0.0,0.0,0.0
0.0,0.5234375,0.2,0.1312050775123417,0.252016380211836,0.2,0.4
0.0,0.6974299065420562,0.1666666666666666,0.0,0.2565722842672027,0.0,0.5
0.0,0.3157894736842105,0.0666666666666666,0.0,0.0,0.0,0.0
0.0,0.6964285714285714,0.5,0.4414924137367808,0.4414924137367808,0.5,0.5
0.0,0.2826086956521739,0.0256410256410256,0.0,0.0,0.0,0.0
0.0,0.831081081081081,0.1,0.0,0.1772392867840477,0.0,0.5
0.0,0.8921568627450981,1.0,0.4692787260227564,0.7720911544214064,0.3333333333333333,1.0
0.0,0.9743589743589745,1.0,0.7653606369886217,0.932521091954824,0.6666666666666666,1.0
0.0,0.9217391304347826,0.1,0.0,0.2890648263178879,0.0,1.0
0.0,0.4444444444444444,0.0588235294117647,0.0,0.0,0.0,0.0
0.0,0.4950980392156863,0.5,0.24630238874073,0.369453583111095,0.25,0.5
0.0,0.4698473282442748,0.0625,0.0,0.0,0.0,0.0
0.0,0.0625,0.1111111111111111,0.0,0.3010299956639812,0.0,1.0
0.0,0.75,1.0,0.8772153153380493,0.8772153153380493,1.0,1.0
0.0,0.8783068783068783,0.2,0.1815417925373526,0.3379680345449381,0.3333333333333333,0.6666666666666666
0.0,0.6521739130434783,0.5,0.4414924137367808,0.4414924137367808,0.5,0.5
0.0,0.4642857142857143,0.0666666666666666,0.0,0.0,0.0,0.0
0.0,0.5327272727272727,0.1111111111111111,0.0,0.1020973951229116,0.0,0.2
0.0,0.4156976744186046,0.0769230769230769,0.0,0.0,0.0,0.0
0.0,0.4322916666666667,0.0344827586206896,0.0,0.0,0.0,0.0
0.0,0.3333333333333333,0.2,0.3868528072345416,0.3868528072345416,1.0,1.0
0.0,0.5715725806451613,0.0555555555555555,0.0,0.0,0.0,0.0
0.0,0.5151515151515151,0.2,0.2371977127692962,0.2371977127692962,0.5,0.5
0.0,1.0,1.0,1.0,1.0,1.0,1.0
0.0,0.5461711711711712,0.0833333333333333,0.0,0.0,0.0,0.0
0.0,0.4444444444444444,0.2,0.1815417925373526,0.5051284895111403,0.3333333333333333,1.0
0.0,0.2985074626865671,0.0285714285714285,0.0,0.0,0.0,0.0
0.0,0.2321428571428571,0.0416666666666666,0.0,0.0,0.0,0.0
0.0,0.7777777777777779,0.2,0.3868528072345416,0.3868528072345416,1.0,1.0
0.0,0.491421568627451,0.1666666666666666,0.0,0.1390561795107756,0.0,0.25
0.0,0.375,0.1,0.0,0.2890648263178879,0.0,1.0
0.0,0.8660714285714286,0.125,0.0,0.123151194370365,0.0,0.25
0.0,0.8481203007518797,1.0,0.7227265726449519,0.6684881776649958,0.4285714285714285,0.5714285714285714
0.0,0.1666666666666666,0.1428571428571428,0.0,0.3333333333333333,0.0,1.0
0.0,0.4310344827586206,0.0476190476190476,0.0,0.0,0.0,0.0
0.0,0.8333333333333333,0.5,0.3868528072345416,0.3868528072345416,0.5,0.5
0.0,0.5297297297297296,0.5,0.2139862647345275,0.2139862647345275,0.2,0.2
0.0,0.409090909090909,0.1111111111111111,0.0,0.3010299956639812,0.0,1.0
0.0,0.2058823529411764,0.0208333333333333,0.0,0.0,0.0,0.0
0.0,0.4117647058823529,0.04,0.0,0.0,0.0,0.0
0.0,0.4845047039291643,0.0769230769230769,0.0,0.0,0.0,0.0
0.0,0.5751879699248121,0.1111111111111111,0.0,0.066254223454389,0.0,0.0714285714285714
0.0,0.4131944444444444,0.0476190476190476,0.0,0.0,0.0,0.0
0.0,0.8479166666666667,0.5,0.4912596920895758,0.5982528244568397,0.6,0.8
0.0,0.6485148514851486,0.1,0.0,0.1772392867840477,0.0,0.5
0.0,0.5333333333333333,0.1666666666666666,0.0,0.1208113026994942,0.0,0.2
0.0,0.3802469135802469,0.0625,0.0,0.0,0.0,0.0
0.0,0.5635593220338984,0.1,0.0,0.0636207881989517,0.0,0.1
0.0,0.6,0.2,0.3868528072345416,0.3868528072345416,1.0,1.0
0.0,0.6395348837209303,0.3333333333333333,0.3065735963827292,0.3065735963827292,0.5,0.5
0.0,0.3125,0.2,0.2371977127692962,0.430624116386567,0.5,1.0
0.0,0.6607142857142857,0.125,0.0,0.1934264036172708,0.0,0.5
0.0,0.6666666666666667,0.3333333333333333,0.5,0.5,1.0,1.0
0.0,0.5072916666666667,0.025,0.0,0.0,0.0,0.0
0.0,0.4821428571428571,0.0909090909090909,0.0,0.0,0.0,0.0
0.0,0.8125,0.5,0.6509209298071326,0.6509209298071326,1.0,1.0
0.0,0.4523809523809524,0.0588235294117647,0.0,0.0,0.0,0.0
0.0,0.1666666666666666,0.0714285714285714,0.0,0.0,0.0,0.0
0.0,0.3626760563380281,0.125,0.0,0.123151194370365,0.0,0.25
0.0,0.4166666666666666,0.0476190476190476,0.0,0.0,0.0,0.0
0.0,0.7051282051282052,0.1666666666666666,0.0,0.1671604549662022,0.0,0.3333333333333333
0.0,0.3333333333333333,0.0434782608695652,0.0,0.0,0.0,0.0
0.0,0.2307692307692307,0.1111111111111111,0.0,0.3010299956639812,0.0,1.0
0.0,0.7083333333333334,0.125,0.0,0.3154648767857287,0.0,1.0
0.0,0.5586854460093896,0.25,0.2021073465005475,0.2021073465005475,0.3333333333333333,0.3333333333333333
0.0,0.8791666666666667,0.25,0.2021073465005475,0.3501483019834802,0.3333333333333333,0.6666666666666666
0.0,0.4894578313253012,0.5,0.24630238874073,0.24630238874073,0.25,0.25
0.0,0.5227272727272727,0.25,0.1681275362711174,0.1681275362711174,0.25,0.25
0.0,0.6250000000000001,0.0588235294117647,0.0,0.0,0.0,0.0
0.0,0.7351851851851852,0.3333333333333333,0.169580102636808,0.169580102636808,0.2,0.2
0.0,0.4568965517241379,0.0526315789473684,0.0,0.0,0.0,0.0
0.0,0.183673469387755,0.0277777777777777,0.0,0.0,0.0,0.0
0.0,0.75,0.3333333333333333,0.1951900249960508,0.3253167083267513,0.25,0.5
0.0,0.6710526315789473,0.2,0.1510196182278052,0.1510196182278052,0.25,0.25
0.0,0.64,0.1,0.0,0.2890648263178879,0.0,1.0
0.0,0.5833333333333334,0.1428571428571428,0.0,0.1301266833307005,0.0,0.25
0.0,0.3227848101265823,0.0222222222222222,0.0,0.0,0.0,0.0
0.0,0.625,0.3333333333333333,0.3065735963827292,0.3065735963827292,0.5,0.5
0.0,0.2239999999999999,0.0093457943925233,0.0,0.0,0.0,0.0
0.0,0.8875,1.0,0.6131471927654584,0.6131471927654584,0.5,0.5
0.0,0.7266666666666667,0.25,0.2021073465005475,0.2021073465005475,0.3333333333333333,0.3333333333333333
0.0,0.5245901639344261,1.0,0.3391602052736161,0.3391602052736161,0.2,0.2
0.0,0.5,0.5,0.2960819109658652,0.4441228664487979,0.3333333333333333,0.6666666666666666
0.0,0.4545454545454546,0.0526315789473684,0.0,0.0,0.0,0.0
0.0,0.4733333333333333,0.0769230769230769,0.0,0.0,0.0,0.0
0.0,0.6061224489795918,1.0,0.3391602052736161,0.4522136070314881,0.2,0.4
0.0,0.3333333333333333,0.25,0.430676558073393,0.430676558073393,1.0,1.0
0.0,0.4313725490196078,0.0555555555555555,0.0,0.0,0.0,0.0
0.0,0.4038461538461538,0.0588235294117647,0.0,0.0,0.0,0.0
0.0,0.6785714285714286,1.0,0.6131471927654584,0.6131471927654584,0.5,0.5
0.0,1.0,1.0,1.0,1.0,1.0,1.0
0.0,0.3695652173913043,0.125,0.0,0.3154648767857287,0.0,1.0
0.0,0.3333333333333333,0.5,0.6309297535714575,0.6309297535714575,1.0,1.0
0.0,0.5583333333333333,0.1,0.0,0.1772392867840477,0.0,0.5
0.0,0.4702380952380952,0.0344827586206896,0.0,0.0,0.0,0.0
0.0,0.7988980716253443,0.2,0.1815417925373526,0.1815417925373526,0.3333333333333333,0.3333333333333333
0.0,0.44,0.0625,0.0,0.0,0.0,0.0
0.0,0.54375,0.1428571428571428,0.0,0.2043823975884861,0.0,0.5
0.0,0.6302816901408451,0.2,0.1312050775123417,0.0978515946351604,0.125,0.125
0.0,0.4266666666666666,0.032258064516129,0.0,0.0,0.0,0.0
0.0,1.0,1.0,1.0,1.0,1.0,1.0
0.0,0.75,1.0,0.6131471927654584,0.8315546295836225,0.5,1.0
0.0,0.8873239436619718,0.1111111111111111,0.0,0.3010299956639812,0.0,1.0
0.0,0.5597826086956521,0.125,0.0,0.1934264036172708,0.0,0.5
0.0,0.9151515151515152,1.0,0.6508205185601091,0.6508205185601091,0.6666666666666666,0.6666666666666666
0.0,0.9210526315789472,0.5,0.6509209298071326,0.6509209298071326,1.0,1.0
0.0,0.3378378378378378,0.0384615384615384,0.0,0.0,0.0,0.0
0.0,0.4375,0.0434782608695652,0.0,0.0,0.0,0.0
0.0,0.5032520325203251,0.0454545454545454,0.0,0.0,0.0,0.0
0.0,1.0,1.0,1.0,1.0,1.0,1.0
0.0,0.5158730158730158,0.1666666666666666,0.0,0.1671604549662022,0.0,0.3333333333333333
0.0,0.3214285714285714,0.0238095238095238,0.0,0.0,0.0,0.0
0.0,0.375,0.5,0.3868528072345416,0.6052602440527057,0.5,1.0
0.0,0.7316017316017316,0.0714285714285714,0.0,0.0,0.0,0.0
0.0,0.6052227342549923,0.0434782608695652,0.0,0.0,0.0,0.0
0.0,0.5,0.5,0.6309297535714575,0.6309297535714575,1.0,1.0
0.0,0.0,0.5,0.6309297535714575,0.6309297535714575,1.0,1.0
0.0,0.5714285714285714,0.1428571428571428,0.0,0.3333333333333333,0.0,1.0
0.0,0.5091575091575091,0.0769230769230769,0.0,0.0,0.0,0.0
0.0,0.3359375,0.0285714285714285,0.0,0.0,0.0,0.0
0.0,0.631578947368421,1.0,0.4692787260227564,0.6049306994552042,0.3333333333333333,0.6666666666666666
0.0,0.5075187969924813,0.1666666666666666,0.0,0.0979129253499678,0.0,0.1428571428571428
0.0,0.4347826086956521,0.0769230769230769,0.0,0.0,0.0,0.0
0.0,0.4398148148148149,0.0909090909090909,0.0,0.0,0.0,0.0
0.0,0.4375,0.0625,0.0,0.0,0.0,0.0
0.0,1.0,1.0,1.0,1.0,1.0,1.0
0.0,0.5,0.25,0.430676558073393,0.430676558073393,1.0,1.0
0.0,0.4117647058823529,0.0625,0.0,0.0,0.0,0.0
0.0,0.3260869565217391,0.0454545454545454,0.0,0.0,0.0,0.0
0.0,0.2922077922077922,0.0158730158730158,0.0,0.0,0.0,0.0
0.0,0.4735023041474654,0.03125,0.0,0.0,0.0,0.0
0.0,0.4769230769230769,0.04,0.0,0.0,0.0,0.0
0.0,0.7642276422764228,1.0,0.6843515475204855,0.6105858728157117,0.5,0.5
0.0,0.5,0.3333333333333333,0.5,0.5,1.0,1.0
0.0,0.5,0.5,0.6309297535714575,0.6309297535714575,1.0,1.0
0.0,0.5694444444444444,0.25,0.2021073465005475,0.2021073465005475,0.3333333333333333,0.3333333333333333
0.0,0.5,1.0,1.0,1.0,1.0,1.0
0.0,0.5833333333333334,0.3333333333333333,0.2346393630113782,0.2346393630113782,0.3333333333333333,0.3333333333333333
0.0,0.6515151515151515,0.5,0.4981892574664128,0.6338412308988606,0.6666666666666666,1.0
0.0,0.3387096774193548,0.0714285714285714,0.0,0.0,0.0,0.0
0.0,0.5589430894308943,0.0434782608695652,0.0,0.0,0.0,0.0
0.0,0.6,1.0,0.6843515475204855,0.6843515475204855,0.6,0.6
0.0,0.6144927536231884,0.1,0.0,0.098039285831357,0.0,0.2
0.0,0.6747311827956989,0.25,0.2021073465005475,0.2021073465005475,0.3333333333333333,0.3333333333333333
0.0,0.8376068376068375,0.1111111111111111,0.0,0.1412669728598289,0.0,0.3333333333333333
0.0,0.2976190476190476,0.04,0.0,0.0,0.0,0.0
0.0,0.3676470588235294,0.0555555555555555,0.0,0.0,0.0,0.0
0.0,0.696969696969697,0.3333333333333333,0.2346393630113782,0.558226059985166,0.3333333333333333,1.0
0.0,0.4752293577981651,0.1,0.0,0.098039285831357,0.0,0.2
0.0,0.5,0.3333333333333333,0.5,0.5,1.0,1.0
0.0,0.5108333333333334,0.0416666666666666,0.0,0.0,0.0,0.0
0.0,0.5348837209302326,0.0555555555555555,0.0,0.0,0.0,0.0
0.0,0.5427215189873418,0.1428571428571428,0.0,0.1301266833307005,0.0,0.25
0.0,0.5357142857142857,0.0909090909090909,0.0,0.0,0.0,0.0
0.0,0.0,0.5,0.6309297535714575,0.6309297535714575,1.0,1.0
0.0,0.8122807017543859,0.1428571428571428,0.0,0.211092687589229,0.0,0.4
0.0,0.5833333333333334,0.0909090909090909,0.0,0.0,0.0,0.0
0.0,0.4629629629629629,0.0909090909090909,0.0,0.0,0.0,0.0
0.0,0.7073170731707317,0.1111111111111111,0.0,0.2769189462922768,0.0,0.6666666666666666
0.0,0.9655172413793104,0.3333333333333333,0.5,0.5,1.0,1.0
0.0,0.5128205128205128,0.05,0.0,0.0,0.0,0.0
0.0,0.4506802721088435,0.0714285714285714,0.0,0.0,0.0,0.0
0.0,0.3563218390804598,0.0285714285714285,0.0,0.0,0.0,0.0
0.0,1.0,1.0,1.0,1.0,1.0,1.0
0.0,0.409090909090909,0.1111111111111111,0.0,0.3010299956639812,0.0,1.0
0.0,0.75,0.5,0.6309297535714575,0.6309297535714575,1.0,1.0
0.0,0.4,0.032258064516129,0.0,0.0,0.0,0.0
0.0,0.4736842105263158,1.0,0.3391602052736161,0.3391602052736161,0.2,0.2
0.0,1.0,1.0,1.0,1.0,1.0,1.0
0.0,0.6336996336996337,1.0,0.3391602052736161,0.4644147025690222,0.1428571428571428,0.4285714285714285
0.0,0.5102040816326531,0.0625,0.0,0.0,0.0,0.0
0.0,0.8125,0.25,0.430676558073393,0.430676558073393,1.0,1.0
0.0,0.5518867924528302,0.0769230769230769,0.0,0.0,0.0,0.0
0.0,0.5902777777777777,0.2,0.2371977127692962,0.2371977127692962,0.5,0.5
0.0,0.4791666666666666,0.2,0.1815417925373526,0.3171937659698004,0.3333333333333333,0.6666666666666666
0.0,0.25,0.0714285714285714,0.0,0.0,0.0,0.0
0.0,0.4042553191489362,0.0476190476190476,0.0,0.0,0.0,0.0
0.0,0.4285714285714286,0.0188679245283018,0.0,0.0,0.0,0.0
0.0,0.375,0.125,0.0,0.1480409554829326,0.0,0.3333333333333333
0.0,0.5147058823529411,0.0833333333333333,0.0,0.0,0.0,0.0
0.0,0.0,0.5,0.6309297535714575,0.6309297535714575,1.0,1.0
0.0,0.5532212885154062,0.1111111111111111,0.0,0.08274602130532,0.0,0.1428571428571428
0.0,0.0999999999999999,0.2,0.2371977127692962,0.4415801103577823,0.5,1.0
0.0,0.6640625,0.0909090909090909,0.0,0.0,0.0,0.0
0.0,0.6801643192488263,0.25,0.1460683498427064,0.1303237659103706,0.1666666666666666,0.1666666666666666
0.0,0.4155844155844156,0.0263157894736842,0.0,0.0,0.0,0.0
0.0,0.7413194444444444,1.0,0.5413996682199069,0.6804558477306826,0.5,0.75
0.0,0.6052631578947368,0.1666666666666666,0.0,0.2184074368181641,0.0,0.5
0.0,0.9285714285714286,0.5,0.6309297535714575,0.6309297535714575,1.0,1.0
0.0,0.5,0.25,0.430676558073393,0.430676558073393,1.0,1.0
0.0,0.3653846153846154,0.05,0.0,0.0,0.0,0.0
0.0,0.5483333333333333,0.125,0.0,0.0954604330894673,0.0,0.1666666666666666
0.0,0.4,0.3333333333333333,0.3065735963827292,0.5109559939712153,0.5,1.0
0.0,0.4583333333333333,0.25,0.1460683498427064,0.2317730746678625,0.0833333333333333,0.25
0.0,0.6666666666666667,0.5,0.6309297535714575,0.6309297535714575,1.0,1.0
0.0,0.3,0.1666666666666666,0.0,0.3562071871080222,0.0,1.0
0.0,0.6,0.0769230769230769,0.0,0.0,0.0,0.0
0.0,0.3409090909090909,0.0833333333333333,0.0,0.0,0.0,0.0
0.0,0.15625,0.0714285714285714,0.0,0.0,0.0,0.0
0.0,0.8,0.5,0.6309297535714575,0.6309297535714575,1.0,1.0
0.0,0.3709677419354839,0.0256410256410256,0.0,0.0,0.0,0.0
0.0,0.5,0.1666666666666666,0.0,0.3562071871080222,0.0,1.0
0.0,0.4411764705882353,0.0625,0.0,0.0,0.0,0.0
0.0,0.3666666666666667,0.2,0.2371977127692962,0.4556051495874603,0.5,1.0
0.0,0.6191520467836258,0.2,0.1312050775123417,0.0978515946351604,0.125,0.125
0.0,0.3928571428571428,0.125,0.0,0.3154648767857287,0.0,1.0
0.0,0.7022900763358779,0.025,0.0,0.0,0.0,0.0
0.0,0.9444444444444444,0.3333333333333333,0.5,0.5,1.0,1.0
0.0,0.7276422764227641,1.0,0.6508205185601091,0.6508205185601091,0.6666666666666666,0.6666666666666666
0.0,0.8984375,0.1666666666666666,0.0,0.3956467236022118,0.0,1.0
0.0,0.4004065040650406,0.0263157894736842,0.0,0.0,0.0,0.0
0.0,0.7727272727272727,0.1666666666666666,0.0,0.3562071871080222,0.0,1.0
0.0,0.9047619047619048,0.3333333333333333,0.5,0.5,1.0,1.0
0.0,0.3433734939759036,0.0285714285714285,0.0,0.0,0.0,0.0
0.0,0.7701149425287356,0.0476190476190476,0.0,0.0,0.0,0.0
0.0,0.4456521739130435,0.1111111111111111,0.0,0.1845756967795681,0.0,0.5
0.0,0.5,0.5,0.6309297535714575,0.6309297535714575,1.0,1.0
0.0,0.2093023255813953,0.0357142857142857,0.0,0.0,0.0,0.0
0.0,0.7250000000000001,1.0,0.8503449055347546,0.8503449055347546,1.0,1.0
0.0,0.4684684684684685,0.0454545454545454,0.0,0.0,0.0,0.0
0.0,0.925925925925926,0.3333333333333333,0.5,0.5,1.0,1.0
0.0,0.3641304347826087,0.0357142857142857,0.0,0.0,0.0,0.0
0.0,0.3243243243243243,0.0476190476190476,0.0,0.0,0.0,0.0
0.0,0.28125,0.0526315789473684,0.0,0.0,0.0,0.0
0.0,0.5,0.5,0.6309297535714575,0.6309297535714575,1.0,1.0
0.0,0.5953947368421052,0.1111111111111111,0.0,0.1175161047564271,0.0,0.25
0.0,0.7238095238095238,0.0333333333333333,0.0,0.0,0.0,0.0
0.0,0.4809716599190283,0.032258064516129,0.0,0.0,0.0,0.0
0.0,0.8970588235294118,0.0714285714285714,0.0,0.0,0.0,0.0
0.0,0.3333333333333333,0.25,0.430676558073393,0.430676558073393,1.0,1.0
0.0,0.4838709677419355,0.0434782608695652,0.0,0.0,0.0,0.0
0.0,0.3916666666666666,0.0625,0.0,0.0,0.0,0.0
0.0,0.5,0.3333333333333333,0.5,0.5,1.0,1.0
0.0,0.382183908045977,0.0333333333333333,0.0,0.0,0.0,0.0
0.0,0.7282051282051281,0.1428571428571428,0.0,0.2976932148674144,0.0,0.6666666666666666
0.0,0.7291666666666666,1.0,0.6131471927654584,0.7903864795495061,0.5,1.0
0.0,0.4826666666666666,0.2,0.1312050775123417,0.1487639058405727,0.0666666666666666,0.1333333333333333
0.0,0.4047619047619047,0.0476190476190476,0.0,0.0,0.0,0.0
0.0,0.685897435897436,0.5,0.3868528072345416,0.3868528072345416,0.5,0.5
0.0,0.3977272727272727,0.0833333333333333,0.0,0.0,0.0,0.0
0.0,0.6666666666666667,0.1,0.0,0.2890648263178879,0.0,1.0
0.0,0.4117647058823529,0.1666666666666666,0.0,0.0901000086523676,0.0,0.125
0.0,0.2,0.2,0.3868528072345416,0.3868528072345416,1.0,1.0
0.0,0.2558139534883721,0.04,0.0,0.0,0.0,0.0
0.0,0.3095238095238095,0.0526315789473684,0.0,0.0,0.0,0.0
0.0,0.6764705882352942,0.0833333333333333,0.0,0.0,0.0,0.0
0.0,0.9166666666666669,0.3333333333333333,0.5,0.5,1.0,1.0
0.0,0.3947368421052631,0.0625,0.0,0.0,0.0,0.0
0.0,0.5007575757575757,0.3333333333333333,0.169580102636808,0.169580102636808,0.2,0.2
0.0,0.6527777777777778,0.3333333333333333,0.1951900249960508,0.3342462045068264,0.25,0.5
0.0,0.7941176470588236,0.125,0.0,0.3154648767857287,0.0,1.0
0.0,0.6259191176470589,0.1666666666666666,0.0,0.2475310813521633,0.0,0.375
0.0,0.883879781420765,0.5,0.2139862647345275,0.2820132694023927,0.1666666666666666,0.3333333333333333
0.0,0.6188271604938271,0.25,0.1460683498427064,0.1089364926177558,0.125,0.125
0.0,0.4291338582677165,0.0185185185185185,0.0,0.0,0.0,0.0
0.0,0.5393700787401574,0.1666666666666666,0.0,0.1208113026994942,0.0,0.2
0.0,0.4990942028985508,0.0555555555555555,0.0,0.0,0.0,0.0
0.0,0.75,0.1428571428571428,0.0,0.3333333333333333,0.0,1.0
0.0,0.4278846153846154,0.0416666666666666,0.0,0.0,0.0,0.0
0.0,0.8620689655172414,1.0,0.5585075862632192,0.6975637657739948,0.5,0.75
0.0,0.409090909090909,0.0769230769230769,0.0,0.0,0.0,0.0
0.0,0.3536585365853658,0.04,0.0,0.0,0.0,0.0
0.0,0.3443579766536965,0.0040485829959514,0.0,0.0,0.0,0.0
0.0,0.3235294117647058,0.0588235294117647,0.0,0.0,0.0,0.0
0.0,0.4499999999999999,0.2,0.2371977127692962,0.2371977127692962,0.5,0.5
0.0,0.8431372549019607,1.0,0.7653606369886217,0.7653606369886217,0.6666666666666666,0.6666666666666666
0.0,0.6666666666666667,0.5,0.6309297535714575,0.6309297535714575,1.0,1.0
0.0,0.5857142857142857,0.1111111111111111,0.0,0.08274602130532,0.0,0.1428571428571428
0.0,0.2945205479452055,0.0161290322580645,0.0,0.0,0.0,0.0
0.0,0.4518072289156626,0.027027027027027,0.0,0.0,0.0,0.0
0.0,0.3,0.3333333333333333,0.5,0.5,1.0,1.0
0.0,0.5575221238938053,0.0714285714285714,0.0,0.0,0.0,0.0
0.0,0.3936170212765957,0.0476190476190476,0.0,0.0,0.0,0.0
0.0,0.6837606837606838,1.0,0.4703652827859579,0.5151254397262444,0.3333333333333333,0.5
0.0,0.3421052631578947,0.0909090909090909,0.0,0.0,0.0,0.0
0.0,0.4027777777777778,0.1111111111111111,0.0,0.1845756967795681,0.0,0.5
0.0,0.7708333333333333,0.3333333333333333,0.4367467095119258,0.4367467095119258,0.6666666666666666,0.6666666666666666
0.0,0.3245614035087719,0.0232558139534883,0.0,0.0,0.0,0.0
0.0,0.3819444444444444,0.1111111111111111,0.0,0.1412669728598289,0.0,0.3333333333333333
0.0,0.25,0.1428571428571428,0.0,0.3333333333333333,0.0,1.0
0.0,0.3865853658536585,0.0555555555555555,0.0,0.0,0.0,0.0
0.0,0.5443722943722943,0.0909090909090909,0.0,0.0,0.0,0.0
0.0,0.2285714285714286,0.0344827586206896,0.0,0.0,0.0,0.0
0.0,0.4186046511627907,0.125,0.0,0.123151194370365,0.0,0.25
0.0,0.6824561403508772,0.0666666666666666,0.0,0.0,0.0,0.0
0.0,1.0,1.0,1.0,1.0,1.0,1.0
0.0,0.9090909090909092,0.5,0.6309297535714575,0.6309297535714575,1.0,1.0
0.0,0.4123711340206185,0.0136986301369863,0.0,0.0,0.0,0.0
0.0,0.3529411764705882,0.0555555555555555,0.0,0.0,0.0,0.0
0.0,0.35,0.2,0.3868528072345416,0.3868528072345416,1.0,1.0
0.0,0.638655462184874,0.0333333333333333,0.0,0.0,0.0,0.0
0.0,0.3373015873015873,0.0166666666666666,0.0,0.0,0.0,0.0
0.0,0.5,0.5,0.6309297535714575,0.6309297535714575,1.0,1.0
0.0,0.51,0.02,0.0,0.0,0.0,0.0
0.0,0.7948717948717949,0.1111111111111111,0.0,0.3010299956639812,0.0,1.0
0.0,0.6875,0.25,0.1681275362711174,0.1681275362711174,0.25,0.25
0.0,0.5441176470588235,0.1111111111111111,0.0,0.1412669728598289,0.0,0.3333333333333333
0.0,0.3489361702127659,0.0666666666666666,0.0,0.0,0.0,0.0
0.0,0.9629629629629628,0.5,0.6309297535714575,0.6309297535714575,1.0,1.0
0.0,0.2435897435897436,0.0476190476190476,0.0,0.0,0.0,0.0
0.0,0.5794871794871794,0.125,0.0,0.1480409554829326,0.0,0.3333333333333333
0.0,0.9666666666666668,0.3333333333333333,0.5,0.5,1.0,1.0
0.0,0.4691358024691358,0.125,0.0,0.1480409554829326,0.0,0.3333333333333333
0.0,0.5658263305322129,0.1111111111111111,0.0,0.1412669728598289,0.0,0.3333333333333333
0.0,0.9411764705882352,0.5,0.6309297535714575,0.6309297535714575,1.0,1.0
0.0,0.4104477611940298,0.0166666666666666,0.0,0.0,0.0,0.0
0.0,0.4,0.25,0.430676558073393,0.430676558073393,1.0,1.0
0.0,0.8,0.25,0.430676558073393,0.430676558073393,1.0,1.0
0.0,0.3710691823899371,0.037037037037037,0.0,0.0,0.0,0.0
0.0,0.646341463414634,0.3333333333333333,0.2346393630113782,0.2346393630113782,0.3333333333333333,0.3333333333333333
0.0,0.3728813559322034,0.04,0.0,0.0,0.0,0.0
0.0,0.5625,0.5,0.3868528072345416,0.6052602440527057,0.5,1.0
0.0,0.1153846153846153,0.0769230769230769,0.0,0.0,0.0,0.0
0.0,0.6091954022988505,0.3333333333333333,0.2346393630113782,0.4017998179775804,0.3333333333333333,0.6666666666666666
0.0,0.2388059701492537,0.0222222222222222,0.0,0.0,0.0,0.0
0.0,0.6499999999999999,1.0,0.8503449055347546,0.8503449055347546,1.0,1.0
0.0,0.5722222222222222,0.5,0.3868528072345416,0.3868528072345416,0.5,0.5
0.0,0.3838383838383838,0.0172413793103448,0.0,0.0,0.0,0.0
0.0,0.7758620689655171,0.037037037037037,0.0,0.0,0.0,0.0
0.0,0.6552197802197801,0.1666666666666666,0.0,0.0901000086523676,0.0,0.125
0.0,0.1428571428571428,0.0476190476190476,0.0,0.0,0.0,0.0
0.0,0.358974358974359,0.03125,0.0,0.0,0.0,0.0
0.0,0.4844444444444444,0.0555555555555555,0.0,0.0,0.0,0.0
0.0,0.4519230769230769,0.0454545454545454,0.0,0.0,0.0,0.0
0.0,0.1699999999999999,0.0555555555555555,0.0,0.0,0.0,0.0
0.0,0.6328725038402458,0.5,0.2139862647345275,0.2601414854823591,0.1428571428571428,0.2857142857142857
0.0,0.3611111111111111,0.0384615384615384,0.0,0.0,0.0,0.0
0.0,0.5277777777777778,0.1111111111111111,0.0,0.1845756967795681,0.0,0.5
0.0,0.5765765765765766,0.5,0.3835663673713356,0.3108658234453849,0.2857142857142857,0.2857142857142857
0.0,0.2727272727272727,0.0169491525423728,0.0,0.0,0.0,0.0
0.0,0.7941176470588236,0.0666666666666666,0.0,0.0,0.0,0.0
0.0,0.3508771929824561,0.0285714285714285,0.0,0.0,0.0,0.0
0.0,0.8250000000000001,0.3333333333333333,0.1951900249960508,0.4643728878375269,0.25,0.75
0.0,0.7831978319783198,0.5,0.2960819109658652,0.2960819109658652,0.3333333333333333,0.3333333333333333
0.0,0.4829545454545454,0.032258064516129,0.0,0.0,0.0,0.0
0.0,0.3629032258064516,0.0196078431372549,0.0,0.0,0.0,0.0
0.0,0.652439024390244,0.2,0.1510196182278052,0.1510196182278052,0.25,0.25
0.0,0.6,0.0833333333333333,0.0,0.0,0.0,0.0
0.0,0.6102150537634409,0.25,0.2640681225725909,0.2640681225725909,0.5,0.5
0.0,0.8478260869565217,1.0,0.6131471927654584,0.7977228895450266,0.5,1.0
0.0,1.0,1.0,1.0,1.0,1.0,1.0
0.0,0.3775510204081632,0.0232558139534883,0.0,0.0,0.0,0.0
0.0,0.4,0.0909090909090909,0.0,0.0,0.0,0.0
0.0,0.8200000000000001,0.3333333333333333,0.3156484524795145,0.5356949866046503,0.4,0.8
0.0,0.75,0.2,0.1510196182278052,0.2685357229842324,0.25,0.5
0.0,0.5166666666666666,0.125,0.0,0.1480409554829326,0.0,0.3333333333333333
0.0,0.8503401360544217,0.5,0.2960819109658652,0.4632423659320675,0.3333333333333333,0.6666666666666666
0.0,0.3333333333333333,0.25,0.430676558073393,0.430676558073393,1.0,1.0
0.0,0.4095238095238095,0.0454545454545454,0.0,0.0,0.0,0.0
0.0,0.55,0.125,0.0,0.123151194370365,0.0,0.25
0.0,0.4571428571428571,0.25,0.1460683498427064,0.1820533310616658,0.125,0.25
0.0,0.5657894736842105,0.25,0.1681275362711174,0.2856436410275446,0.25,0.5
0.0,0.375,0.1428571428571428,0.0,0.3333333333333333,0.0,1.0
0.0,0.4907407407407407,0.0178571428571428,0.0,0.0,0.0,0.0
0.0,0.4166666666666667,0.3333333333333333,0.5,0.5,1.0,1.0
0.0,0.375,0.0217391304347826,0.0,0.0,0.0,0.0
0.0,0.5,0.5,0.6309297535714575,0.6309297535714575,1.0,1.0
0.0,0.375,0.1111111111111111,0.0,0.3010299956639812,0.0,1.0
0.0,0.5454545454545454,0.3333333333333333,0.3007851801491498,0.3007851801491498,0.4,0.4
0.0,0.6598130841121495,0.0909090909090909,0.0,0.0,0.0,0.0
0.0,0.6470588235294117,0.1428571428571428,0.0,0.3333333333333333,0.0,1.0
0.0,0.5431034482758621,0.1428571428571428,0.0,0.2043823975884861,0.0,0.5
0.0,0.4,0.0188679245283018,0.0,0.0,0.0,0.0
0.0,0.6208112874779541,0.3333333333333333,0.169580102636808,0.1374381664571454,0.1428571428571428,0.1428571428571428
0.0,0.3461538461538461,0.1111111111111111,0.0,0.3010299956639812,0.0,1.0
0.0,0.8060567010309279,0.5,0.3835663673713356,0.3622037692261084,0.25,0.375
0.0,0.6439645625692137,1.0,0.3391602052736161,0.2200917662980801,0.0714285714285714,0.0714285714285714
0.0,0.35,0.0526315789473684,0.0,0.0,0.0,0.0
0.0,0.2765957446808511,0.0416666666666666,0.0,0.0,0.0,0.0
0.0,0.5580246913580247,0.1666666666666666,0.0,0.1208113026994942,0.0,0.2
0.0,0.5457317073170732,0.0769230769230769,0.0,0.0,0.0,0.0
0.0,0.1964285714285714,0.0416666666666666,0.0,0.0,0.0,0.0
0.0,0.6136363636363636,1.0,0.6131471927654584,0.8065735963827293,0.5,1.0
0.0,0.3,0.0909090909090909,0.0,0.0,0.0,0.0
0.0,0.5104166666666666,0.1666666666666666,0.0,0.208656625690782,0.0,0.3333333333333333
0.0,0.7786407766990291,1.0,0.4852285551163225,0.5982819568741946,0.4,0.6
0.0,1.0,1.0,1.0,1.0,1.0,1.0
0.0,0.4583333333333333,0.2,0.1815417925373526,0.3295827480202853,0.3333333333333333,0.6666666666666666
0.0,0.8041095890410958,1.0,0.5531464700081437,0.6552438651310554,0.4,0.6
0.0,0.4416666666666666,0.25,0.1681275362711174,0.1681275362711174,0.25,0.25
0.0,1.0,1.0,1.0,1.0,1.0,1.0
0.0,0.6979655712050079,0.3333333333333333,0.169580102636808,0.1854661756255334,0.1111111111111111,0.2222222222222222
0.0,0.5555555555555556,1.0,0.6713860725233041,0.812653045383133,0.6666666666666666,1.0
0.0,0.4666666666666667,0.0769230769230769,0.0,0.0,0.0,0.0
0.0,0.5675,0.0769230769230769,0.0,0.0,0.0,0.0
0.0,0.3695652173913043,0.0666666666666666,0.0,0.0,0.0,0.0
0.0,0.651360544217687,0.125,0.0,0.0954604330894673,0.0,0.1666666666666666
0.0,0.7457142857142857,1.0,0.4703652827859579,0.4703652827859579,0.4,0.4
0.0,0.8035087719298246,0.5,0.5296347172140421,0.6276740030453991,0.6,0.8
0.0,0.5,0.25,0.430676558073393,0.430676558073393,1.0,1.0
0.0,0.8666666666666667,0.3333333333333333,0.5,0.5,1.0,1.0
0.0,0.6529411764705882,0.3333333333333333,0.3156484524795145,0.5344990410103657,0.4,0.8
0.0,0.4807692307692308,0.0526315789473684,0.0,0.0,0.0,0.0
0.0,0.5897435897435896,1.0,0.4692787260227564,0.4692787260227564,0.3333333333333333,0.3333333333333333
0.0,0.226,0.0166666666666666,0.0,0.0,0.0,0.0
0.0,0.6666666666666667,0.2,0.3868528072345416,0.3868528072345416,1.0,1.0
0.0,0.65,0.125,0.0,0.3154648767857287,0.0,1.0
0.0,0.710204081632653,0.5,0.5296347172140421,0.5119946377060678,0.4285714285714285,0.5714285714285714
0.0,0.6309523809523809,0.0454545454545454,0.0,0.0,0.0,0.0
0.0,0.484375,0.0555555555555555,0.0,0.0,0.0,0.0
0.0,0.3478260869565217,0.0434782608695652,0.0,0.0,0.0,0.0
0.0,0.5218855218855218,0.03125,0.0,0.0,0.0,0.0
0.0,0.2416666666666666,0.0416666666666666,0.0,0.0,0.0,0.0
0.0,0.7475728155339807,1.0,0.3391602052736161,0.3391602052736161,0.2,0.2
0.0,0.53125,0.0909090909090909,0.0,0.0,0.0,0.0
0.0,0.6029411764705882,0.25,0.2640681225725909,0.2640681225725909,0.5,0.5
0.0,0.5924657534246576,0.1111111111111111,0.0,0.1845756967795681,0.0,0.5
0.0,0.2666666666666666,0.0909090909090909,0.0,0.0,0.0,0.0
0.0,0.5909090909090909,0.2,0.2371977127692962,0.4415801103577823,0.5,1.0
0.0,0.4635416666666667,0.0344827586206896,0.0,0.0,0.0,0.0
0.0,0.375,0.5,0.6309297535714575,0.6309297535714575,1.0,1.0
0.0,0.6968390804597702,0.25,0.1460683498427064,0.2311912370766417,0.1666666666666666,0.3333333333333333
0.0,0.351063829787234,0.0476190476190476,0.0,0.0,0.0,0.0
0.0,0.2608695652173913,0.0476190476190476,0.0,0.0,0.0,0.0
0.0,0.173076923076923,0.0555555555555555,0.0,0.0,0.0,0.0
0.0,0.45,0.1,0.0,0.098039285831357,0.0,0.2
0.0,0.1847826086956521,0.0294117647058823,0.0,0.0,0.0,0.0
0.0,0.6641414141414141,1.0,0.5087403079104241,0.352568324121728,0.2222222222222222,0.2222222222222222
0.0,0.4285714285714286,0.0625,0.0,0.0,0.0,0.0
0.0,0.6507936507936508,0.0769230769230769,0.0,0.0,0.0,0.0
0.0,1.0,1.0,1.0,1.0,1.0,1.0
0.0,0.2888888888888888,0.125,0.0,0.1480409554829326,0.0,0.3333333333333333
0.0,0.6488095238095238,0.1428571428571428,0.0,0.3044671974905181,0.0,0.6666666666666666
0.0,0.4333333333333333,0.1666666666666666,0.0,0.1671604549662022,0.0,0.3333333333333333
0.0,0.4324324324324324,0.04,0.0,0.0,0.0,0.0
0.0,0.7946428571428572,0.25,0.1681275362711174,0.1681275362711174,0.25,0.25
0.0,0.779040404040404,0.25,0.1460683498427064,0.1691720091305909,0.1111111111111111,0.2222222222222222
0.0,0.4,0.0714285714285714,0.0,0.0,0.0,0.0
0.0,1.0,1.0,1.0,1.0,1.0,1.0
0.0,0.7516339869281046,0.125,0.0,0.1480409554829326,0.0,0.3333333333333333
0.0,0.5425219941348973,0.0625,0.0,0.0,0.0,0.0
0.0,0.6851851851851852,0.25,0.3836491390379002,0.3836491390379002,0.6666666666666666,0.6666666666666666
0.0,0.6759868421052633,0.25,0.2640681225725909,0.2640681225725909,0.5,0.5
0.0,0.6651785714285714,1.0,0.6131471927654584,0.6131471927654584,0.5,0.5
0.0,0.7446808510638298,0.125,0.0,0.123151194370365,0.0,0.25
0.0,0.3125,0.1,0.0,0.2890648263178879,0.0,1.0
0.0,0.6774193548387097,0.125,0.0,0.1480409554829326,0.0,0.3333333333333333
0.0,0.9565217391304348,0.1428571428571428,0.0,0.3333333333333333,0.0,1.0
0.0,0.4933333333333333,0.0434782608695652,0.0,0.0,0.0,0.0
0.0,0.7499999999999999,0.125,0.0,0.2893079283427616,0.0,0.6666666666666666
0.0,0.5890804597701149,0.125,0.0,0.1480409554829326,0.0,0.3333333333333333
0.0,0.4897959183673469,0.0625,0.0,0.0,0.0,0.0
0.0,0.3861386138613861,0.0121951219512195,0.0,0.0,0.0,0.0
0.0,0.421875,0.0344827586206896,0.0,0.0,0.0,0.0
0.0,1.0,1.0,1.0,1.0,1.0,1.0
0.0,0.2352941176470588,0.0909090909090909,0.0,0.0,0.0,0.0
0.0,0.25,0.1666666666666666,0.0,0.3562071871080222,0.0,1.0
0.0,0.4150943396226415,0.0714285714285714,0.0,0.0,0.0,0.0
0.0,0.4125,0.0666666666666666,0.0,0.0,0.0,0.0
0.0,0.4444444444444444,0.1428571428571428,0.0,0.211092687589229,0.0,0.4
0.0,0.5128205128205129,0.0833333333333333,0.0,0.0,0.0,0.0
0.0,0.5681818181818181,0.1,0.0,0.1772392867840477,0.0,0.5
0.0,0.2179487179487179,0.0131578947368421,0.0,0.0,0.0,0.0
0.0,0.25,0.25,0.430676558073393,0.430676558073393,1.0,1.0
0.0,1.0,1.0,1.0,1.0,1.0,1.0
0.0,0.421875,0.1428571428571428,0.0,0.1301266833307005,0.0,0.25
0.0,1.0,1.0,1.0,1.0,1.0,1.0
0.0,0.4568965517241379,0.1666666666666666,0.0,0.2184074368181641,0.0,0.5
0.0,0.2107438016528925,0.0089285714285714,0.0,0.0,0.0,0.0
0.0,0.3896103896103896,0.0526315789473684,0.0,0.0,0.0,0.0
0.0,0.5352400408580185,1.0,0.4852285551163225,0.3932783996463063,0.1818181818181818,0.2727272727272727
0.0,0.5384615384615385,0.1428571428571428,0.0,0.2043823975884861,0.0,0.5
0.0,0.3837209302325581,0.0476190476190476,0.0,0.0,0.0,0.0
0.0,0.3333333333333333,0.1111111111111111,0.0,0.3010299956639812,0.0,1.0
0.0,0.5441176470588236,0.0833333333333333,0.0,0.0,0.0,0.0
0.0,0.5333333333333333,0.5,0.3868528072345416,0.3868528072345416,0.5,0.5
0.0,0.7978723404255319,0.1,0.0,0.1772392867840477,0.0,0.5
0.0,0.9139344262295084,0.1,0.0,0.098039285831357,0.0,0.2
0.0,0.326530612244898,0.0208333333333333,0.0,0.0,0.0,0.0
0.0,0.4354838709677419,0.0625,0.0,0.0,0.0,0.0
0.0,0.325,0.1,0.0,0.1772392867840477,0.0,0.5
0.0,0.2962962962962963,0.0833333333333333,0.0,0.0,0.0,0.0
0.0,0.8571428571428572,0.5,0.2960819109658652,0.5730008572581421,0.3333333333333333,1.0
0.0,0.3095238095238095,0.0714285714285714,0.0,0.0,0.0,0.0
0.0,0.6326530612244898,0.125,0.0,0.1934264036172708,0.0,0.5
0.0,0.6553398058252426,0.0666666666666666,0.0,0.0,0.0,0.0
0.0,0.5371900826446281,0.0555555555555555,0.0,0.0,0.0,0.0
0.0,0.3962264150943396,0.0212765957446808,0.0,0.0,0.0,0.0
0.0,0.4541284403669725,0.0222222222222222,0.0,0.0,0.0,0.0
0.0,0.5668604651162791,0.2,0.2371977127692962,0.2371977127692962,0.5,0.5
0.0,0.6621004566210045,0.125,0.0,0.1865528363129253,0.0,0.3333333333333333
0.0,0.6320675105485232,0.3333333333333333,0.169580102636808,0.1736666713479918,0.0666666666666666,0.1333333333333333
0.0,0.8559168925022584,1.0,0.8687949224876582,0.6020941629041773,0.4444444444444444,0.4444444444444444
0.0,0.3333333333333333,0.25,0.430676558073393,0.430676558073393,1.0,1.0
0.0,0.2669491525423729,0.0172413793103448,0.0,0.0,0.0,0.0
0.0,0.6282894736842106,1.0,0.3903800499921017,0.3903800499921017,0.25,0.25
0.0,0.8181818181818181,0.3333333333333333,0.5,0.5,1.0,1.0
0.0,0.518018018018018,0.2,0.1312050775123417,0.1588714315372695,0.1111111111111111,0.2222222222222222
0.0,0.4350877192982456,0.0666666666666666,0.0,0.0,0.0,0.0
0.0,0.6466666666666666,0.25,0.2021073465005475,0.3692678014667498,0.3333333333333333,0.6666666666666666
0.0,0.9891304347826086,0.5,0.6309297535714575,0.6309297535714575,1.0,1.0
0.0,0.28,0.0384615384615384,0.0,0.0,0.0,0.0
0.0,0.3846153846153846,0.1666666666666666,0.0,0.2622073738811406,0.0,0.5
0.0,0.3999999999999999,0.1111111111111111,0.0,0.1412669728598289,0.0,0.3333333333333333
0.0,0.3,0.0151515151515151,0.0,0.0,0.0,0.0
0.0,0.4696969696969697,0.2,0.1312050775123417,0.1170625931379635,0.1666666666666666,0.1666666666666666
0.0,0.3976190476190476,0.0833333333333333,0.0,0.0,0.0,0.0
0.0,1.0,1.0,1.0,1.0,1.0,1.0
0.0,0.3333333333333333,0.0129870129870129,0.0,0.0,0.0,0.0
0.0,0.5,0.5,0.6309297535714575,0.6309297535714575,1.0,1.0
0.0,0.2365591397849462,0.025,0.0,0.0,0.0,0.0
0.0,0.7312206572769953,1.0,0.3391602052736161,0.3026024134988134,0.1666666666666666,0.1666666666666666
0.0,0.25,0.1666666666666666,0.0,0.3562071871080222,0.0,1.0
0.0,0.3888888888888889,0.0285714285714285,0.0,0.0,0.0,0.0
0.0,0.3852459016393442,0.02,0.0,0.0,0.0,0.0
0.0,1.0,1.0,1.0,1.0,1.0,1.0
0.0,0.7291666666666667,0.5,0.2139862647345275,0.2783925802803428,0.1666666666666666,0.3333333333333333
0.0,0.8,0.5,0.6309297535714575,0.6309297535714575,1.0,1.0
0.0,0.702020202020202,0.0196078431372549,0.0,0.0,0.0,0.0
0.0,0.2051282051282051,0.0357142857142857,0.0,0.0,0.0,0.0
0.0,0.6174242424242424,0.3333333333333333,0.2346393630113782,0.2346393630113782,0.3333333333333333,0.3333333333333333
0.0,0.4631578947368421,0.2,0.1312050775123417,0.1312050775123417,0.2,0.2
0.0,0.9652777777777776,0.3333333333333333,0.5437713091520254,0.5437713091520254,1.0,1.0
0.0,0.566744730679157,0.5,0.2139862647345275,0.1734276569882394,0.1428571428571428,0.1428571428571428
0.0,0.5693877551020408,0.5,0.2139862647345275,0.1388624438735545,0.0714285714285714,0.0714285714285714
0.0,0.7037037037037037,0.1111111111111111,0.0,0.3010299956639812,0.0,1.0
0.0,0.425,0.0666666666666666,0.0,0.0,0.0,0.0
0.0,0.8571428571428572,0.1666666666666666,0.0,0.4227898344066503,0.0,1.0
0.0,0.4642857142857142,0.1428571428571428,0.0,0.1564262420075854,0.0,0.3333333333333333
0.0,0.3888888888888889,0.0769230769230769,0.0,0.0,0.0,0.0
0.0,0.805232558139535,0.0833333333333333,0.0,0.0,0.0,0.0
0.0,0.7142857142857143,0.5,0.3868528072345416,0.3868528072345416,0.5,0.5
0.0,0.575,0.25,0.2640681225725909,0.2640681225725909,0.5,0.5
0.0,0.6836734693877551,0.03125,0.0,0.0,0.0,0.0
0.0,0.6458752515090543,1.0,0.4852285551163225,0.3932591258696538,0.2857142857142857,0.2857142857142857
0.0,0.3247863247863248,0.0227272727272727,0.0,0.0,0.0,0.0
0.0,0.9090909090909092,0.3333333333333333,0.5,0.5,1.0,1.0
0.0,0.7704918032786885,0.1428571428571428,0.0,0.1301266833307005,0.0,0.25
0.0,0.5479323308270677,0.5,0.2139862647345275,0.1595890771248963,0.125,0.125
0.0,0.4428571428571428,0.024390243902439,0.0,0.0,0.0,0.0
0.0,0.398989898989899,0.0454545454545454,0.0,0.0,0.0,0.0
0.0,0.0999999999999999,0.1666666666666666,0.0,0.3562071871080222,0.0,1.0
0.0,0.6666666666666667,0.2,0.3868528072345416,0.3868528072345416,1.0,1.0
0.0,0.3181818181818182,0.0333333333333333,0.0,0.0,0.0,0.0
0.0,0.652,0.1111111111111111,0.0,0.1020973951229116,0.0,0.2
0.0,0.2703703703703703,0.0111111111111111,0.0,0.0,0.0,0.0
0.0,0.532608695652174,0.1428571428571428,0.0,0.1301266833307005,0.0,0.25
0.0,0.6666666666666666,0.5,0.3868528072345416,0.3868528072345416,0.5,0.5
0.0,0.425,0.0714285714285714,0.0,0.0,0.0,0.0
0.0,0.4580152671755725,0.0285714285714285,0.0,0.0,0.0,0.0
0.0,0.4583333333333333,0.0909090909090909,0.0,0.0,0.0,0.0
0.0,0.5192546583850932,0.2,0.1312050775123417,0.1063366810302298,0.1428571428571428,0.1428571428571428
0.0,0.391304347826087,0.0277777777777777,0.0,0.0,0.0,0.0
0.0,0.9393939393939394,0.3333333333333333,0.5,0.5,1.0,1.0
0.0,0.5,0.5,0.6309297535714575,0.6309297535714575,1.0,1.0
0.0,0.7142857142857143,0.1428571428571428,0.0,0.3333333333333333,0.0,1.0
0.0,0.6638297872340426,0.3333333333333333,0.169580102636808,0.169580102636808,0.2,0.2
0.0,0.3602150537634409,0.0333333333333333,0.0,0.0,0.0,0.0
0.0,0.5,0.3333333333333333,0.5706417189553201,0.5706417189553201,1.0,1.0
0.0,0.8181818181818182,0.0909090909090909,0.0,0.0,0.0,0.0
0.0,0.2727272727272727,0.1,0.0,0.2890648263178879,0.0,1.0
0.0,0.55,0.25,0.1681275362711174,0.1681275362711174,0.25,0.25
0.0,0.3823529411764705,0.0714285714285714,0.0,0.0,0.0,0.0
0.0,0.4166666666666667,0.2,0.3868528072345416,0.3868528072345416,1.0,1.0
0.0,0.4583333333333333,0.03125,0.0,0.0,0.0,0.0
0.0,0.5280373831775702,0.0769230769230769,0.0,0.0,0.0,0.0
0.0,0.225,0.0666666666666666,0.0,0.0,0.0,0.0
0.0,0.15625,0.0833333333333333,0.0,0.0,0.0,0.0
0.0,0.5793650793650793,0.2,0.1312050775123417,0.2042496063801976,0.1428571428571428,0.2857142857142857
0.0,0.9302325581395348,0.25,0.430676558073393,0.430676558073393,1.0,1.0
0.0,0.7407407407407407,0.5,0.2960819109658652,0.4632423659320675,0.3333333333333333,0.6666666666666666
0.0,0.5676229508196721,0.1666666666666666,0.0,0.1390561795107756,0.0,0.25
0.0,0.3972602739726028,0.0222222222222222,0.0,0.0,0.0,0.0
0.0,0.4632352941176471,0.5,0.24630238874073,0.24630238874073,0.25,0.25
0.0,0.4375,0.1428571428571428,0.0,0.3333333333333333,0.0,1.0
0.0,0.5,0.5,0.6309297535714575,0.6309297535714575,1.0,1.0
0.0,0.6357142857142857,0.0416666666666666,0.0,0.0,0.0,0.0
0.0,0.610655737704918,1.0,0.4692787260227564,0.4692787260227564,0.3333333333333333,0.3333333333333333
0.0,0.6345029239766082,0.5,0.2960819109658652,0.2960819109658652,0.3333333333333333,0.3333333333333333
0.0,0.3333333333333333,0.3333333333333333,0.2346393630113782,0.5239472913541398,0.3333333333333333,1.0
0.0,0.9166666666666666,0.3333333333333333,0.5437713091520254,0.5437713091520254,1.0,1.0
0.0,0.524822695035461,0.05,0.0,0.0,0.0,0.0
0.0,0.5,0.1428571428571428,0.0,0.3333333333333333,0.0,1.0
0.0,0.5567375886524822,0.1,0.0,0.0874717141014082,0.0,0.1666666666666666
0.0,0.4666666666666667,0.2,0.2371977127692962,0.2371977127692962,0.5,0.5
0.0,0.425,0.0217391304347826,0.0,0.0,0.0,0.0
0.0,0.6578014184397163,0.5,0.2139862647345275,0.1909208661789346,0.1666666666666666,0.1666666666666666
0.0,0.3362068965517241,0.0277777777777777,0.0,0.0,0.0,0.0
0.0,0.5020408163265306,0.3333333333333333,0.169580102636808,0.169580102636808,0.2,0.2
0.0,0.3846153846153846,0.1,0.0,0.2890648263178879,0.0,1.0
0.0,0.3214285714285714,0.1666666666666666,0.0,0.3562071871080222,0.0,1.0
0.0,0.5615384615384615,0.1111111111111111,0.0,0.1845756967795681,0.0,0.5
0.0,0.8362573099415205,0.25,0.1460683498427064,0.3132559131012461,0.1666666666666666,0.5
0.0,0.7446808510638299,0.0769230769230769,0.0,0.0,0.0,0.0
0.0,0.6337209302325582,0.3333333333333333,0.3065735963827292,0.3065735963827292,0.5,0.5
0.0,0.55,0.5,0.3868528072345416,0.3868528072345416,0.5,0.5
0.0,0.4,0.125,0.0,0.3780021003968389,0.0,1.0
0.0,0.484375,0.125,0.0,0.123151194370365,0.0,0.25
0.0,0.409090909090909,0.2,0.1815417925373526,0.1815417925373526,0.3333333333333333,0.3333333333333333
0.0,0.5376984126984126,0.0222222222222222,0.0,0.0,0.0,0.0
0.0,0.4027777777777778,0.0555555555555555,0.0,0.0,0.0,0.0
0.0,0.6591591591591591,0.1,0.0,0.1356519734324477,0.0,0.3333333333333333
0.0,0.5,0.25,0.430676558073393,0.430676558073393,1.0,1.0
0.0,0.3823529411764705,0.1111111111111111,0.0,0.1845756967795681,0.0,0.5
0.0,0.6666666666666666,0.0416666666666666,0.0,0.0,0.0,0.0
0.0,0.324074074074074,0.0294117647058823,0.0,0.0,0.0,0.0
0.0,0.5,0.2,0.3868528072345416,0.3868528072345416,1.0,1.0
0.0,0.35,0.1111111111111111,0.0,0.1845756967795681,0.0,0.5
0.0,0.9574468085106383,0.3333333333333333,0.5,0.5,1.0,1.0
0.0,0.875,1.0,0.5413996682199069,0.5413996682199069,0.5,0.5
0.0,0.3928571428571428,0.1111111111111111,0.0,0.3010299956639812,0.0,1.0
0.0,0.9408163265306122,0.5,0.3835663673713356,0.5837030483256044,0.4,0.8
0.0,0.5991735537190083,0.1428571428571428,0.0,0.139618145553749,0.0,0.1818181818181818
0.0,0.4571428571428572,0.5,0.2139862647345275,0.1909208661789346,0.1666666666666666,0.1666666666666666
0.0,0.5404339250493096,0.0384615384615384,0.0,0.0,0.0,0.0
0.0,0.5208333333333333,0.25,0.2021073465005475,0.2021073465005475,0.3333333333333333,0.3333333333333333
0.0,0.6237373737373737,1.0,0.3391602052736161,0.3900741276002216,0.1666666666666666,0.3333333333333333
0.0,0.5,1.0,1.0,1.0,1.0,1.0
0.0,0.421875,0.125,0.0,0.3154648767857287,0.0,1.0
0.0,0.511904761904762,0.1666666666666666,0.0,0.2184074368181641,0.0,0.5
0.0,0.3333333333333333,0.0769230769230769,0.0,0.0,0.0,0.0
0.0,0.578544061302682,1.0,0.4692787260227564,0.4692787260227564,0.3333333333333333,0.3333333333333333
0.0,0.3703703703703704,0.0769230769230769,0.0,0.0,0.0,0.0
0.0,0.8333333333333334,0.2,0.2371977127692962,0.4556051495874603,0.5,1.0
0.0,0.6064814814814815,0.0909090909090909,0.0,0.0,0.0,0.0
0.0,0.4587628865979381,0.0666666666666666,0.0,0.0,0.0,0.0
0.0,0.4130434782608695,0.0263157894736842,0.0,0.0,0.0,0.0
0.0,0.6344086021505375,0.1111111111111111,0.0,0.1412669728598289,0.0,0.3333333333333333
0.0,0.4603174603174602,0.032258064516129,0.0,0.0,0.0,0.0
0.0,0.7103174603174603,1.0,0.639945385422766,0.6102766247064297,0.4285714285714285,0.5714285714285714
0.0,0.6684782608695652,0.3333333333333333,0.3065735963827292,0.3065735963827292,0.5,0.5
0.0,0.8158730158730159,0.5,0.2139862647345275,0.3270396664923995,0.2,0.4
0.0,0.7352941176470587,1.0,0.6713860725233041,0.8070380459557518,0.6666666666666666,1.0
0.0,0.55,0.5,0.3868528072345416,0.5714285040141098,0.5,1.0
0.0,0.4385964912280701,0.1428571428571428,0.0,0.1564262420075854,0.0,0.3333333333333333
0.0,0.3557692307692308,0.0188679245283018,0.0,0.0,0.0,0.0
0.0,0.6666666666666666,1.0,0.6131471927654584,0.8175295903539445,0.5,1.0
0.0,0.9833333333333334,1.0,0.9197207891481876,0.9197207891481876,1.0,1.0
0.0,0.3333333333333333,0.1428571428571428,0.0,0.3333333333333333,0.0,1.0
0.0,0.40625,0.2,0.1510196182278052,0.1510196182278052,0.25,0.25
0.0,0.3103448275862069,0.0625,0.0,0.0,0.0,0.0
0.0,0.9929078014184396,0.5,0.6309297535714575,0.6309297535714575,1.0,1.0
0.0,0.5769230769230769,0.5,0.2960819109658652,0.2960819109658652,0.3333333333333333,0.3333333333333333
0.0,1.0,1.0,1.0,1.0,1.0,1.0
0.0,0.5613207547169812,0.125,0.0,0.123151194370365,0.0,0.25
0.0,0.6363636363636364,0.2,0.3868528072345416,0.3868528072345416,1.0,1.0
0.0,0.4392857142857143,0.0625,0.0,0.0,0.0,0.0
0.0,0.3333333333333333,0.1428571428571428,0.0,0.3333333333333333,0.0,1.0
0.0,0.6043103448275862,0.0344827586206896,0.0,0.0,0.0,0.0
0.0,0.95,0.5,0.6509209298071326,0.6509209298071326,1.0,1.0
0.0,0.5,0.5,0.6309297535714575,0.6309297535714575,1.0,1.0
0.0,0.325,0.0277777777777777,0.0,0.0,0.0,0.0
0.0,0.282051282051282,0.0526315789473684,0.0,0.0,0.0,0.0
0.0,0.5555555555555555,0.2,0.1815417925373526,0.3228087653971817,0.3333333333333333,0.6666666666666666
0.0,0.2700242718446602,0.0089285714285714,0.0,0.0,0.0,0.0
0.0,0.6666666666666666,0.1111111111111111,0.0,0.1298750116533407,0.0,0.1818181818181818
0.0,0.46,0.25,0.2021073465005475,0.2021073465005475,0.3333333333333333,0.3333333333333333
0.0,0.5833333333333333,1.0,0.8503449055347546,0.8503449055347546,1.0,1.0
0.0,0.4074074074074074,0.0256410256410256,0.0,0.0,0.0,0.0
0.0,0.5,0.25,0.1460683498427064,0.2381129204348815,0.1666666666666666,0.3333333333333333
0.0,0.6801075268817204,0.25,0.2021073465005475,0.2021073465005475,0.3333333333333333,0.3333333333333333
0.0,0.4489795918367346,0.0555555555555555,0.0,0.0,0.0,0.0
0.0,0.4444444444444444,0.0263157894736842,0.0,0.0,0.0,0.0
0.0,0.6313131313131313,1.0,0.4692787260227564,0.4692787260227564,0.3333333333333333,0.3333333333333333
0.0,0.9523809523809524,0.5,0.6309297535714575,0.6309297535714575,1.0,1.0
0.0,0.4193548387096774,0.0344827586206896,0.0,0.0,0.0,0.0
0.0,0.4875,0.0256410256410256,0.0,0.0,0.0,0.0
0.0,0.9094827586206896,1.0,0.6131471927654584,0.6131471927654584,0.5,0.5
0.0,0.3900343642611683,0.0526315789473684,0.0,0.0,0.0,0.0
0.0,0.2678571428571428,0.0555555555555555,0.0,0.0,0.0,0.0
0.0,0.4666666666666666,0.1428571428571428,0.0,0.1564262420075854,0.0,0.3333333333333333
0.0,0.4473684210526316,0.0555555555555555,0.0,0.0,0.0,0.0
0.0,0.3981481481481482,0.0384615384615384,0.0,0.0,0.0,0.0
0.0,0.7241379310344828,1.0,0.7039180890341347,0.7039180890341347,0.6666666666666666,0.6666666666666666
0.0,0.4,0.0625,0.0,0.0,0.0,0.0
0.0,0.5382720727548314,0.0526315789473684,0.0,0.0,0.0,0.0
0.0,0.3023255813953488,0.027027027027027,0.0,0.0,0.0,0.0
0.0,0.4134615384615384,0.0833333333333333,0.0,0.0,0.0,0.0
0.0,0.6302816901408451,0.25,0.2640681225725909,0.2640681225725909,0.5,0.5
0.0,0.45,0.1666666666666666,0.0,0.2184074368181641,0.0,0.5
0.0,0.5277777777777778,0.5,0.24630238874073,0.5028746730079328,0.25,0.75
0.0,0.5,1.0,0.4852285551163225,0.4852285551163225,0.4,0.4
0.0,0.7189695550351288,0.25,0.1460683498427064,0.1183827929553629,0.1428571428571428,0.1428571428571428
0.0,0.4444444444444444,0.3333333333333333,0.5,0.5,1.0,1.0
0.0,0.5576923076923076,0.1,0.0,0.1772392867840477,0.0,0.5
0.0,0.4714285714285714,0.0476190476190476,0.0,0.0,0.0,0.0
0.0,0.4897959183673469,0.0344827586206896,0.0,0.0,0.0,0.0
0.0,0.4950372208436723,0.5,0.2139862647345275,0.1388624438735545,0.0769230769230769,0.0769230769230769
0.0,0.4807692307692308,0.0769230769230769,0.0,0.0,0.0,0.0
0.0,0.888888888888889,0.3333333333333333,0.4367467095119258,0.5847876649948583,0.6666666666666666,1.0
0.0,0.6335227272727272,0.1666666666666666,0.0,0.1208113026994942,0.0,0.2
0.0,0.8200000000000001,0.5,0.3835663673713356,0.3835663673713356,0.4,0.4
0.0,0.3108108108108108,0.0434782608695652,0.0,0.0,0.0,0.0
0.0,0.4194915254237288,0.037037037037037,0.0,0.0,0.0,0.0
0.0,0.5,0.125,0.0,0.0954604330894673,0.0,0.1666666666666666
0.0,0.7586206896551724,0.125,0.0,0.3154648767857287,0.0,1.0
0.0,0.4774774774774774,0.1,0.0,0.1356519734324477,0.0,0.3333333333333333
0.0,1.0,1.0,1.0,1.0,1.0,1.0
0.0,0.9246575342465754,0.0833333333333333,0.0,0.0,0.0,0.0
0.0,0.3095238095238095,0.1111111111111111,0.0,0.3010299956639812,0.0,1.0
0.0,0.4914099526066351,0.5,0.2139862647345275,0.1388624438735545,0.0625,0.0625
0.0,0.4150943396226415,0.0555555555555555,0.0,0.0,0.0,0.0
0.0,0.5319148936170213,0.0909090909090909,0.0,0.0,0.0,0.0
0.0,0.3888888888888889,0.1,0.0,0.2890648263178879,0.0,1.0
0.0,0.409090909090909,0.125,0.0,0.1934264036172708,0.0,0.5
0.0,0.3372093023255814,0.05,0.0,0.0,0.0,0.0
0.0,0.275,0.1,0.0,0.2890648263178879,0.0,1.0
0.0,0.6279904306220097,1.0,0.6843515475204855,0.4440973278132557,0.2727272727272727,0.2727272727272727
0.0,0.7121212121212122,1.0,0.6131471927654584,0.6131471927654584,0.5,0.5
0.0,0.2340425531914893,0.0238095238095238,0.0,0.0,0.0,0.0
0.0,0.921875,1.0,0.4692787260227564,0.6257049680303419,0.3333333333333333,0.6666666666666666
0.0,0.4073033707865168,0.1666666666666666,0.0,0.1390561795107756,0.0,0.25
0.0,0.8181818181818181,1.0,0.6131471927654584,0.8315546295836225,0.5,1.0
0.0,0.5031446540880503,0.1428571428571428,0.0,0.1564262420075854,0.0,0.3333333333333333
0.0,0.3362573099415205,0.0126582278481012,0.0,0.0,0.0,0.0
0.0,0.2,0.0909090909090909,0.0,0.0,0.0,0.0
0.0,0.2777777777777778,0.0769230769230769,0.0,0.0,0.0,0.0
0.0,0.75,0.3333333333333333,0.5,0.5,1.0,1.0
0.0,0.671875,0.5,0.3868528072345416,0.6052602440527057,0.5,1.0
0.0,0.2962962962962963,0.0714285714285714,0.0,0.0,0.0,0.0
0.0,0.961904761904762,0.2,0.3868528072345416,0.3868528072345416,1.0,1.0
0.0,0.375,0.0833333333333333,0.0,0.0,0.0,0.0
0.0,0.5,1.0,0.3391602052736161,0.4461533376408799,0.2,0.4
0.0,1.0,1.0,1.0,1.0,1.0,1.0
0.0,0.5208333333333334,0.1666666666666666,0.0,0.1390561795107756,0.0,0.25
0.0,0.5,0.5,0.6309297535714575,0.6309297535714575,1.0,1.0
0.0,1.0,1.0,1.0,1.0,1.0,1.0
0.0,0.59875,0.0625,0.0,0.0,0.0,0.0
0.0,0.2261904761904761,0.04,0.0,0.0,0.0,0.0
0.0,0.65,0.5,0.2139862647345275,0.2139862647345275,0.2,0.2
0.0,0.4,0.0172413793103448,0.0,0.0,0.0,0.0
0.0,0.7586206896551724,1.0,0.7039180890341347,0.7039180890341347,0.6666666666666666,0.6666666666666666
0.0,0.35,0.125,0.0,0.3154648767857287,0.0,1.0
0.0,0.3397727272727272,0.0357142857142857,0.0,0.0,0.0,0.0
0.0,0.4546783625730994,0.0204081632653061,0.0,0.0,0.0,0.0
0.0,0.7788461538461539,0.25,0.1681275362711174,0.1681275362711174,0.25,0.25
0.0,0.3571428571428571,0.25,0.2640681225725909,0.4574945261898616,0.5,1.0
0.0,0.7857142857142858,1.0,0.3903800499921017,0.6310473491188939,0.25,0.75
0.0,0.3874643874643875,0.1666666666666666,0.0,0.1077891545245109,0.0,0.1666666666666666
0.0,0.7787381158167676,0.3333333333333333,0.169580102636808,0.243097893284769,0.0769230769230769,0.2307692307692307
0.0,0.3333333333333333,0.25,0.3836491390379002,0.5400753810454857,0.6666666666666666,1.0
0.0,0.5,0.0714285714285714,0.0,0.0,0.0,0.0
0.0,0.7833333333333333,0.0588235294117647,0.0,0.0,0.0,0.0
0.0,0.5918367346938775,0.0476190476190476,0.0,0.0,0.0,0.0
0.0,0.1666666666666666,0.0909090909090909,0.0,0.0,0.0,0.0
0.0,0.4905660377358491,0.0625,0.0,0.0,0.0,0.0
0.0,0.4210526315789473,0.0833333333333333,0.0,0.0,0.0,0.0
0.0,0.40625,0.2,0.1312050775123417,0.2179300643042346,0.1666666666666666,0.3333333333333333
0.0,0.34375,0.0666666666666666,0.0,0.0,0.0,0.0
0.0,0.6827956989247311,0.25,0.1460683498427064,0.2257841989998379,0.1666666666666666,0.3333333333333333
0.0,0.8333333333333334,0.3333333333333333,0.5,0.5,1.0,1.0
0.0,0.6835443037974683,0.25,0.2640681225725909,0.2640681225725909,0.5,0.5
0.0,0.9047619047619048,0.3333333333333333,0.5,0.5,1.0,1.0
0.0,0.6364168618266979,0.1,0.0,0.0636207881989517,0.0,0.0714285714285714
0.0,0.4855072463768116,0.1428571428571428,0.0,0.1301266833307005,0.0,0.25
0.0,0.5275510204081633,0.0588235294117647,0.0,0.0,0.0,0.0
0.0,0.5,0.1666666666666666,0.0,0.3152014104491349,0.0,0.6666666666666666
0.0,0.3152173913043478,0.027027027027027,0.0,0.0,0.0,0.0
0.0,0.5108108108108107,0.25,0.1460683498427064,0.1460683498427064,0.2,0.2
0.0,0.4318181818181818,0.1,0.0,0.2890648263178879,0.0,1.0
0.0,0.4565217391304348,0.0476190476190476,0.0,0.0,0.0,0.0
0.0,0.3333333333333333,0.3333333333333333,0.5,0.5,1.0,1.0
0.0,0.4454545454545454,0.0454545454545454,0.0,0.0,0.0,0.0
0.0,0.4555555555555555,0.0476190476190476,0.0,0.0,0.0,0.0
0.0,0.6190476190476191,0.1111111111111111,0.0,0.3010299956639812,0.0,1.0
0.0,0.5227272727272727,0.25,0.1681275362711174,0.4373103991125936,0.25,0.75
0.0,0.7083333333333334,1.0,0.9197207891481876,0.9197207891481876,1.0,1.0
0.0,0.4571428571428571,0.0416666666666666,0.0,0.0,0.0,0.0
0.0,1.0,1.0,1.0,1.0,1.0,1.0
0.0,0.8623188405797102,0.3333333333333333,0.1951900249960508,0.4573973988771914,0.25,0.75
0.0,0.375,0.0555555555555555,0.0,0.0,0.0,0.0
0.0,0.9019607843137256,1.0,0.6131471927654584,0.6131471927654584,0.5,0.5
0.0,0.5,0.3333333333333333,0.169580102636808,0.1513012067494067,0.1666666666666666,0.1666666666666666
0.0,0.285234899328859,0.0085470085470085,0.0,0.0,0.0,0.0
0.0,0.5895061728395061,0.5,0.2139862647345275,0.2820132694023927,0.1666666666666666,0.3333333333333333
0.0,0.6428571428571428,0.0909090909090909,0.0,0.0,0.0,0.0
0.0,0.85,0.25,0.430676558073393,0.430676558073393,1.0,1.0
0.0,0.5622222222222222,0.0666666666666666,0.0,0.0,0.0,0.0
0.0,0.09375,0.0625,0.0,0.0,0.0,0.0
0.0,0.449438202247191,0.0303030303030303,0.0,0.0,0.0,0.0
0.0,0.3604651162790697,0.0476190476190476,0.0,0.0,0.0,0.0
0.0,0.575,0.0909090909090909,0.0,0.0,0.0,0.0
0.0,0.3181818181818182,0.125,0.0,0.3154648767857287,0.0,1.0
0.0,0.6451612903225806,0.1,0.0,0.1772392867840477,0.0,0.5
0.0,1.0,1.0,1.0,1.0,1.0,1.0
0.0,0.2758620689655172,0.0588235294117647,0.0,0.0,0.0,0.0
0.0,0.5507246376811594,0.5,0.2960819109658652,0.2960819109658652,0.3333333333333333,0.3333333333333333
0.0,0.7931034482758621,0.1428571428571428,0.0,0.3333333333333333,0.0,1.0
0.0,0.6704545454545454,1.0,0.5585075862632192,0.5585075862632192,0.5,0.5
0.0,0.3279132791327913,0.032258064516129,0.0,0.0,0.0,0.0
0.0,0.2727272727272727,0.0625,0.0,0.0,0.0,0.0
0.0,1.0,1.0,1.0,1.0,1.0,1.0
0.0,0.333955223880597,0.0208333333333333,0.0,0.0,0.0,0.0
0.0,0.3243243243243243,0.0666666666666666,0.0,0.0,0.0,0.0
0.0,0.9615384615384616,0.3333333333333333,0.3065735963827292,0.4838128831667769,0.5,1.0
0.0,0.5,1.0,1.0,1.0,1.0,1.0
0.0,1.0,1.0,1.0,1.0,1.0,1.0
0.0,0.4479166666666666,0.25,0.1460683498427064,0.1303237659103706,0.1666666666666666,0.1666666666666666
0.0,0.3596491228070175,0.0217391304347826,0.0,0.0,0.0,0.0
0.0,0.3519230769230769,0.0068493150684931,0.0,0.0,0.0,0.0
0.0,0.6163793103448275,0.0909090909090909,0.0,0.0,0.0,0.0
0.0,0.4639175257731959,0.0833333333333333,0.0,0.0,0.0,0.0
0.0,0.6252620545073375,0.0833333333333333,0.0,0.0,0.0,0.0
0.0,0.3421052631578947,0.0588235294117647,0.0,0.0,0.0,0.0
0.0,0.4230769230769231,0.3333333333333333,0.5,0.5,1.0,1.0
0.0,0.5642857142857143,0.25,0.2772734273550482,0.2772734273550482,0.4,0.4
0.0,0.532258064516129,0.0666666666666666,0.0,0.0,0.0,0.0
0.0,0.8571428571428571,0.1666666666666666,0.0,0.3562071871080222,0.0,1.0
0.0,0.6469387755102041,0.125,0.0,0.1069931323672637,0.0,0.2
0.0,0.6965174129353233,0.25,0.1460683498427064,0.1303237659103706,0.1666666666666666,0.1666666666666666
0.0,0.34375,0.0588235294117647,0.0,0.0,0.0,0.0
0.0,0.5,0.5,0.2139862647345275,0.2139862647345275,0.2,0.2
0.0,0.9444444444444444,0.3333333333333333,0.5,0.5,1.0,1.0
0.0,0.5792682926829268,0.0526315789473684,0.0,0.0,0.0,0.0
0.0,0.6121794871794872,0.1428571428571428,0.0,0.1301266833307005,0.0,0.25
0.0,0.3597560975609756,0.0454545454545454,0.0,0.0,0.0,0.0
0.0,0.49,0.037037037037037,0.0,0.0,0.0,0.0
0.0,0.8496732026143791,0.0909090909090909,0.0,0.0,0.0,0.0
0.0,0.8620689655172414,0.2,0.3868528072345416,0.3868528072345416,1.0,1.0
0.0,0.208955223880597,0.0181818181818181,0.0,0.0,0.0,0.0
0.0,0.5,0.25,0.430676558073393,0.430676558073393,1.0,1.0
0.0,0.3940677966101694,0.0344827586206896,0.0,0.0,0.0,0.0
0.0,0.7000000000000001,1.0,0.6131471927654584,0.6131471927654584,0.5,0.5
0.0,0.4351851851851852,0.0833333333333333,0.0,0.0,0.0,0.0
0.0,0.431578947368421,0.0476190476190476,0.0,0.0,0.0,0.0
0.0,0.409090909090909,0.0909090909090909,0.0,0.0,0.0,0.0
0.0,0.4898648648648648,0.0588235294117647,0.0,0.0,0.0,0.0
0.0,0.3888888888888889,0.0555555555555555,0.0,0.0,0.0,0.0
0.0,0.4473684210526316,0.1,0.0,0.2890648263178879,0.0,1.0
0.0,0.4102564102564102,0.1111111111111111,0.0,0.1845756967795681,0.0,0.5
0.0,0.3999999999999999,0.0555555555555555,0.0,0.0,0.0,0.0
0.0,0.310126582278481,0.0294117647058823,0.0,0.0,0.0,0.0
0.0,1.0,1.0,1.0,1.0,1.0,1.0
0.0,0.2790697674418604,0.0344827586206896,0.0,0.0,0.0,0.0
0.0,0.25,0.0434782608695652,0.0,0.0,0.0,0.0
0.0,0.3478260869565217,0.0588235294117647,0.0,0.0,0.0,0.0
0.0,0.7224489795918367,0.2,0.1312050775123417,0.1312050775123417,0.2,0.2
0.0,0.4655172413793103,0.25,0.1681275362711174,0.2912787306414824,0.25,0.5
0.0,0.2307692307692307,0.0909090909090909,0.0,0.0,0.0,0.0
0.0,0.3611111111111111,0.0833333333333333,0.0,0.0,0.0,0.0
0.0,0.419753086419753,0.0277777777777777,0.0,0.0,0.0,0.0
0.0,0.7136075949367088,0.3333333333333333,0.3065735963827292,0.3065735963827292,0.5,0.5
0.0,0.8923076923076922,0.0666666666666666,0.0,0.0,0.0,0.0
0.0,0.3529411764705882,0.1,0.0,0.1772392867840477,0.0,0.5
0.0,0.5384615384615384,0.1428571428571428,0.0,0.3333333333333333,0.0,1.0
0.0,0.6874074074074074,1.0,0.3391602052736161,0.305801310135566,0.1111111111111111,0.2222222222222222
0.0,0.5230769230769231,0.5,0.2139862647345275,0.4328368532653788,0.2,0.6
0.0,0.1792452830188679,0.0263157894736842,0.0,0.0,0.0,0.0
0.0,0.5016949152542373,0.1428571428571428,0.0,0.211092687589229,0.0,0.4
0.0,0.8461538461538461,0.3333333333333333,0.5,0.5,1.0,1.0
0.0,0.5,0.5,0.6309297535714575,0.6309297535714575,1.0,1.0
0.0,0.6555555555555556,0.1666666666666666,0.0,0.1671604549662022,0.0,0.3333333333333333
0.0,0.25,0.2,0.3868528072345416,0.3868528072345416,1.0,1.0
0.0,0.6637931034482758,1.0,0.6131471927654584,0.6131471927654584,0.5,0.5
0.0,1.0,1.0,1.0,1.0,1.0,1.0
0.0,0.34375,0.0666666666666666,0.0,0.0,0.0,0.0
0.0,0.7530864197530864,0.04,0.0,0.0,0.0,0.0
0.0,0.65,0.5,0.3868528072345416,0.3868528072345416,0.5,0.5
0.0,0.7068733153638814,0.1,0.0,0.0794570794327674,0.0,0.1428571428571428
0.0,0.4444444444444444,0.2,0.2371977127692962,0.2371977127692962,0.5,0.5
0.0,0.5416666666666667,0.25,0.2640681225725909,0.2640681225725909,0.5,0.5
0.0,0.409090909090909,0.0625,0.0,0.0,0.0,0.0
0.0,0.6639344262295082,0.5,0.3868528072345416,0.3868528072345416,0.5,0.5
0.0,0.7592592592592593,0.0769230769230769,0.0,0.0,0.0,0.0
0.0,0.4782608695652174,0.04,0.0,0.0,0.0,0.0
0.0,0.25,0.3333333333333333,0.5,0.5,1.0,1.0
0.0,0.375,0.3333333333333333,0.3065735963827292,0.5249810332008933,0.5,1.0
0.0,0.6363636363636364,0.1111111111111111,0.0,0.3010299956639812,0.0,1.0
0.0,0.0909090909090908,0.0909090909090909,0.0,0.0,0.0,0.0
0.0,0.3392857142857143,0.0526315789473684,0.0,0.0,0.0,0.0
0.0,0.45,0.0526315789473684,0.0,0.0,0.0,0.0
0.0,0.4166666666666667,0.25,0.430676558073393,0.430676558073393,1.0,1.0
0.0,0.6949685534591195,1.0,0.4692787260227564,0.4692787260227564,0.3333333333333333,0.3333333333333333
0.0,0.3571428571428571,0.0666666666666666,0.0,0.0,0.0,0.0
0.0,0.519918699186992,0.5,0.2139862647345275,0.1388624438735545,0.1,0.1
0.0,0.2596153846153846,0.0136986301369863,0.0,0.0,0.0,0.0
0.0,0.6770833333333334,0.5,0.3868528072345416,0.5640920940185894,0.5,1.0
0.0,0.3538461538461538,0.037037037037037,0.0,0.0,0.0,0.0
0.0,0.3958333333333333,0.1,0.0,0.2890648263178879,0.0,1.0
0.0,0.3333333333333333,0.0714285714285714,0.0,0.0,0.0,0.0
0.0,0.3181818181818182,0.024390243902439,0.0,0.0,0.0,0.0
0.0,1.0,1.0,1.0,1.0,1.0,1.0
0.0,0.5607638888888888,0.1666666666666666,0.0,0.0837249139991934,0.0,0.1111111111111111
0.0,0.7129750982961992,0.1666666666666666,0.0,0.0979129253499678,0.0,0.1428571428571428
0.0,0.7685185185185185,0.1111111111111111,0.0,0.1845756967795681,0.0,0.5
0.0,0.9487179487179488,0.3333333333333333,0.5,0.5,1.0,1.0
0.0,0.4626865671641791,0.0666666666666666,0.0,0.0,0.0,0.0
0.0,0.5,0.5,0.6309297535714575,0.6309297535714575,1.0,1.0
0.0,0.4827586206896552,0.1666666666666666,0.0,0.1671604549662022,0.0,0.3333333333333333
0.0,0.6785714285714286,1.0,0.7095272044910244,0.8270433092474515,0.75,1.0
0.0,0.7496087636932707,0.1428571428571428,0.0,0.1564262420075854,0.0,0.3333333333333333
0.0,1.0,1.0,1.0,1.0,1.0,1.0
0.0,0.680672268907563,0.0256410256410256,0.0,0.0,0.0,0.0
0.0,0.8888888888888888,1.0,0.8529278650606567,0.8529278650606567,1.0,1.0
0.0,0.5,0.1666666666666666,0.0,0.3562071871080222,0.0,1.0
0.0,0.5,0.3333333333333333,0.1951900249960508,0.1951900249960508,0.25,0.25
0.0,0.6212121212121212,0.1666666666666666,0.0,0.2184074368181641,0.0,0.5
0.0,0.2857142857142857,0.0666666666666666,0.0,0.0,0.0,0.0
0.0,0.5,0.3333333333333333,0.2346393630113782,0.3910656050189636,0.3333333333333333,0.6666666666666666
0.0,0.8231404958677686,0.3333333333333333,0.3156484524795145,0.3156484524795145,0.4,0.4
0.0,0.5197860962566845,0.1666666666666666,0.0,0.0783982689786753,0.0,0.0909090909090909
0.0,0.2659574468085106,0.0416666666666666,0.0,0.0,0.0,0.0
0.0,0.4843749999999999,0.0555555555555555,0.0,0.0,0.0,0.0
0.0,0.5,0.2,0.3868528072345416,0.3868528072345416,1.0,1.0
0.0,0.8636363636363636,0.1666666666666666,0.0,0.4029831335977323,0.0,1.0
0.0,0.4583333333333333,0.125,0.0,0.1934264036172708,0.0,0.5
0.0,0.1920289855072463,0.03125,0.0,0.0,0.0,0.0
0.0,0.6827458256029685,0.5,0.3835663673713356,0.4087787487953526,0.2857142857142857,0.4285714285714285
0.0,0.6165413533834586,0.1666666666666666,0.0,0.1390561795107756,0.0,0.25
0.0,0.6226415094339622,0.0714285714285714,0.0,0.0,0.0,0.0
0.0,0.3333333333333333,0.2,0.3868528072345416,0.3868528072345416,1.0,1.0
0.0,0.4545454545454546,0.1428571428571428,0.0,0.3333333333333333,0.0,1.0
0.0,0.6977401129943502,0.125,0.0,0.123151194370365,0.0,0.25
0.0,0.3285714285714285,0.0434782608695652,0.0,0.0,0.0,0.0
0.0,0.5243055555555556,0.05,0.0,0.0,0.0,0.0
0.0,0.5601851851851851,0.5,0.2139862647345275,0.3872487704346731,0.1666666666666666,0.5
0.0,0.4720893141945773,0.1111111111111111,0.0,0.066254223454389,0.0,0.0909090909090909
0.0,0.5,0.25,0.2021073465005475,0.2021073465005475,0.3333333333333333,0.3333333333333333
0.0,0.5186813186813187,0.5,0.2139862647345275,0.2139862647345275,0.2,0.2
0.0,0.7,0.25,0.430676558073393,0.430676558073393,1.0,1.0
0.0,0.4285714285714286,0.2,0.3868528072345416,0.3868528072345416,1.0,1.0
0.0,0.5203125000000001,0.25,0.1460683498427064,0.2581966717790493,0.125,0.375
0.0,0.375,0.0909090909090909,0.0,0.0,0.0,0.0
0.0,0.2844827586206896,0.0277777777777777,0.0,0.0,0.0,0.0
0.0,0.5416666666666667,0.2,0.2371977127692962,0.2371977127692962,0.5,0.5
0.0,0.8,0.3333333333333333,0.5,0.5,1.0,1.0
0.0,0.9411764705882352,0.5,0.6309297535714575,0.6309297535714575,1.0,1.0
0.0,0.85,0.25,0.430676558073393,0.430676558073393,1.0,1.0
0.0,0.6746031746031745,1.0,0.6131471927654584,0.6131471927654584,0.5,0.5
0.0,0.333984375,0.0344827586206896,0.0,0.0,0.0,0.0
0.0,0.3928571428571428,0.2,0.3868528072345416,0.3868528072345416,1.0,1.0
0.0,0.3333333333333333,0.25,0.430676558073393,0.430676558073393,1.0,1.0
0.0,0.3071895424836601,0.0454545454545454,0.0,0.0,0.0,0.0
0.0,0.5378787878787878,0.3333333333333333,0.3065735963827292,0.3065735963827292,0.5,0.5
0.0,0.5608108108108109,0.125,0.0,0.1934264036172708,0.0,0.5
0.0,0.2121212121212121,0.0454545454545454,0.0,0.0,0.0,0.0
0.0,0.3496376811594203,0.0344827586206896,0.0,0.0,0.0,0.0
0.0,0.5,1.0,1.0,1.0,1.0,1.0
0.0,0.3888888888888889,0.25,0.430676558073393,0.430676558073393,1.0,1.0
0.0,0.4285714285714286,0.0526315789473684,0.0,0.0,0.0,0.0
0.0,0.390625,0.0526315789473684,0.0,0.0,0.0,0.0
0.0,0.3944444444444444,0.05,0.0,0.0,0.0,0.0
0.0,0.3695652173913043,0.027027027027027,0.0,0.0,0.0,0.0
0.0,0.2083333333333333,0.032258064516129,0.0,0.0,0.0,0.0
0.0,0.4756944444444444,0.037037037037037,0.0,0.0,0.0,0.0
0.0,0.5238095238095237,0.2,0.2371977127692962,0.2371977127692962,0.5,0.5
0.0,0.423469387755102,0.0384615384615384,0.0,0.0,0.0,0.0
0.0,0.4736842105263158,0.1,0.0,0.1772392867840477,0.0,0.5
0.0,0.5,1.0,1.0,1.0,1.0,1.0
0.0,0.42,0.0526315789473684,0.0,0.0,0.0,0.0
0.0,0.4512195121951219,0.0454545454545454,0.0,0.0,0.0,0.0
0.0,0.4595015576323988,0.05,0.0,0.0,0.0,0.0
0.0,0.6111111111111112,0.0909090909090909,0.0,0.0,0.0,0.0
0.0,0.25,0.0434782608695652,0.0,0.0,0.0,0.0
0.0,0.7145061728395061,0.3333333333333333,0.3156484524795145,0.2684550357175426,0.1666666666666666,0.25
0.0,0.2307692307692307,0.1111111111111111,0.0,0.3010299956639812,0.0,1.0
0.0,0.7790697674418605,0.1,0.0,0.1772392867840477,0.0,0.5
0.0,0.3972602739726028,0.0256410256410256,0.0,0.0,0.0,0.0
0.0,0.2916666666666666,0.0163934426229508,0.0,0.0,0.0,0.0
0.0,1.0,1.0,1.0,1.0,1.0,1.0
0.0,0.6847826086956522,0.25,0.1460683498427064,0.2381129204348815,0.1666666666666666,0.3333333333333333
0.0,0.4830917874396135,0.5,0.2139862647345275,0.2051166673279436,0.0434782608695652,0.0869565217391304
0.0,0.4386792452830189,0.032258064516129,0.0,0.0,0.0,0.0
0.0,0.517578125,0.2,0.1510196182278052,0.1510196182278052,0.25,0.25
0.0,0.3447916666666666,0.0454545454545454,0.0,0.0,0.0,0.0
0.0,0.1818181818181818,0.05,0.0,0.0,0.0,0.0
0.0,0.4129629629629629,0.25,0.1460683498427064,0.1460683498427064,0.2,0.2
0.0,0.4133333333333333,0.3333333333333333,0.169580102636808,0.2765732350040718,0.2,0.4
0.0,0.5,0.0588235294117647,0.0,0.0,0.0,0.0
0.0,0.6842105263157895,1.0,0.6131471927654584,0.7977228895450266,0.5,1.0
0.0,0.5379746835443038,0.125,0.0,0.1069931323672637,0.0,0.2
0.0,0.1041666666666666,0.0454545454545454,0.0,0.0,0.0,0.0
0.0,0.4259259259259259,0.0454545454545454,0.0,0.0,0.0,0.0
0.0,0.42,0.125,0.0,0.3154648767857287,0.0,1.0
0.0,0.48125,0.0909090909090909,0.0,0.0,0.0,0.0
0.0,0.3885135135135135,0.0208333333333333,0.0,0.0,0.0,0.0
0.0,0.5745814307458144,0.3333333333333333,0.3156484524795145,0.2187513829195428,0.2222222222222222,0.2222222222222222
0.0,0.5132978723404256,0.25,0.1460683498427064,0.2214161691338287,0.1666666666666666,0.3333333333333333
0.0,0.3394495412844036,0.0263157894736842,0.0,0.0,0.0,0.0
0.0,0.8,0.25,0.430676558073393,0.430676558073393,1.0,1.0
0.0,0.4473684210526316,0.25,0.430676558073393,0.430676558073393,1.0,1.0
0.0,0.4094827586206896,0.0526315789473684,0.0,0.0,0.0,0.0
0.0,0.4758064516129032,0.0833333333333333,0.0,0.0,0.0,0.0
0.0,0.4573791348600509,0.05,0.0,0.0,0.0,0.0
0.0,0.4842105263157895,0.0114942528735632,0.0,0.0,0.0,0.0
0.0,0.5175438596491228,0.0833333333333333,0.0,0.0,0.0,0.0
0.0,0.5960698689956332,0.1111111111111111,0.0,0.091092403223458,0.0,0.1666666666666666
0.0,0.7197986577181208,0.5,0.24630238874073,0.369453583111095,0.25,0.5
0.0,0.6263736263736264,0.0285714285714285,0.0,0.0,0.0,0.0
0.0,0.426,0.05,0.0,0.0,0.0,0.0
0.0,0.25,0.1428571428571428,0.0,0.3333333333333333,0.0,1.0
0.0,0.6009615384615384,0.5,0.4414924137367808,0.4414924137367808,0.5,0.5
0.0,0.3611111111111111,0.0128205128205128,0.0,0.0,0.0,0.0
0.0,0.5,0.5,0.6309297535714575,0.6309297535714575,1.0,1.0
0.0,0.4,0.1428571428571428,0.0,0.3333333333333333,0.0,1.0
0.0,0.2777777777777778,0.0416666666666666,0.0,0.0,0.0,0.0
0.0,0.0,0.1666666666666666,0.0,0.4227898344066503,0.0,1.0
0.0,0.5707964601769911,0.0555555555555555,0.0,0.0,0.0,0.0
0.0,0.5670731707317074,0.25,0.2640681225725909,0.2640681225725909,0.5,0.5
0.0,0.6300000000000001,0.25,0.2640681225725909,0.2640681225725909,0.5,0.5
0.0,0.25,0.3333333333333333,0.5,0.5,1.0,1.0
0.0,0.8395348837209303,0.3333333333333333,0.4468535299918563,0.5676648326913505,0.6,0.8
0.0,0.125,0.2,0.3868528072345416,0.3868528072345416,1.0,1.0
0.0,0.673076923076923,0.3333333333333333,0.3633175612671683,0.502373740777944,0.5,0.75
0.0,0.4761904761904761,0.5,0.24630238874073,0.24630238874073,0.25,0.25
0.0,0.25,0.2,0.3868528072345416,0.3868528072345416,1.0,1.0
0.0,0.5855263157894737,0.0909090909090909,0.0,0.0,0.0,0.0
0.0,0.4312499999999999,0.0555555555555555,0.0,0.0,0.0,0.0
0.0,0.4117647058823529,0.125,0.0,0.1934264036172708,0.0,0.5
0.0,0.2625,0.0138888888888888,0.0,0.0,0.0,0.0
0.0,0.4352617079889808,0.1,0.0,0.0874717141014082,0.0,0.1666666666666666
0.0,0.8385542168674698,0.25,0.1460683498427064,0.1460683498427064,0.2,0.2
0.0,0.0,0.5,0.6309297535714575,0.6309297535714575,1.0,1.0
0.0,0.7336601307189542,0.3333333333333333,0.4161811555487308,0.4161811555487308,0.6666666666666666,0.6666666666666666
0.0,0.4699248120300752,0.0666666666666666,0.0,0.0,0.0,0.0
0.0,0.6104761904761906,0.1666666666666666,0.0,0.1208113026994942,0.0,0.2
0.0,0.4952380952380952,0.25,0.1460683498427064,0.1183827929553629,0.1428571428571428,0.1428571428571428
0.0,0.1521739130434782,0.0526315789473684,0.0,0.0,0.0,0.0
0.0,0.6660305343511451,0.1666666666666666,0.0,0.1390561795107756,0.0,0.25
0.0,0.3225806451612903,0.0769230769230769,0.0,0.0,0.0,0.0
0.0,0.2985074626865671,0.0149253731343283,0.0,0.0,0.0,0.0
0.0,0.21,0.024390243902439,0.0,0.0,0.0,0.0
0.0,0.2549019607843137,0.0357142857142857,0.0,0.0,0.0,0.0
0.0,0.5249999999999999,0.1111111111111111,0.0,0.1845756967795681,0.0,0.5
0.0,0.5,0.5,0.5307212739772434,0.6978817289434457,0.6666666666666666,1.0
0.0,0.3636363636363636,0.0588235294117647,0.0,0.0,0.0,0.0
0.0,0.4102564102564102,0.0555555555555555,0.0,0.0,0.0,0.0
0.0,0.642857142857143,0.0588235294117647,0.0,0.0,0.0,0.0
0.0,0.5,1.0,1.0,1.0,1.0,1.0
0.0,0.3,0.0526315789473684,0.0,0.0,0.0,0.0
0.0,0.6716417910447761,0.0434782608695652,0.0,0.0,0.0,0.0
0.0,0.5014577259475218,0.25,0.1460683498427064,0.1183827929553629,0.1428571428571428,0.1428571428571428
0.0,0.4166666666666667,0.3333333333333333,0.5,0.5,1.0,1.0
0.0,0.7641509433962264,0.25,0.2640681225725909,0.2640681225725909,0.5,0.5
0.0,0.4,0.2,0.1815417925373526,0.4584607388296294,0.3333333333333333,1.0
0.0,0.9824561403508772,1.0,0.9674679834891692,0.9674679834891692,1.0,1.0
0.0,0.3823529411764705,0.1111111111111111,0.0,0.1845756967795681,0.0,0.5
0.0,0.6666666666666667,0.0909090909090909,0.0,0.0,0.0,0.0
0.0,0.3870967741935484,0.0256410256410256,0.0,0.0,0.0,0.0
0.0,0.4166666666666667,0.0625,0.0,0.0,0.0,0.0
0.0,0.7000000000000001,1.0,0.8772153153380493,0.8772153153380493,1.0,1.0
0.0,0.5636363636363636,0.2,0.1815417925373526,0.1815417925373526,0.3333333333333333,0.3333333333333333
0.0,0.5277777777777778,0.25,0.1681275362711174,0.1681275362711174,0.25,0.25
0.0,0.8130841121495327,0.3333333333333333,0.2346393630113782,0.2346393630113782,0.3333333333333333,0.3333333333333333
0.0,0.6628787878787878,0.5,0.360054614577234,0.3528398039985379,0.25,0.375
0.0,0.9534883720930232,0.3333333333333333,0.5,0.5,1.0,1.0
0.0,0.6666666666666667,0.3333333333333333,0.5143371794949736,0.6533933590057491,0.75,1.0
0.0,0.4473684210526316,0.1111111111111111,0.0,0.3010299956639812,0.0,1.0
0.0,0.5,0.1666666666666666,0.0,0.1671604549662022,0.0,0.3333333333333333
0.0,0.69,0.5,0.3868528072345416,0.3868528072345416,0.5,0.5
0.0,0.4,0.0769230769230769,0.0,0.0,0.0,0.0
0.0,0.7191780821917808,0.5,0.4981892574664128,0.4981892574664128,0.6666666666666666,0.6666666666666666
0.0,0.55078125,0.3333333333333333,0.1951900249960508,0.1951900249960508,0.25,0.25
0.0,0.3083333333333333,0.032258064516129,0.0,0.0,0.0,0.0
0.0,0.5892857142857142,0.1428571428571428,0.0,0.2043823975884861,0.0,0.5
0.0,0.8275862068965517,0.1666666666666666,0.0,0.3562071871080222,0.0,1.0
0.0,0.3783783783783784,0.0769230769230769,0.0,0.0,0.0,0.0
0.0,0.683641975308642,1.0,0.3391602052736161,0.4034698846650846,0.1666666666666666,0.3333333333333333
0.0,0.5298245614035088,0.125,0.0,0.0741486152850745,0.0,0.1111111111111111
0.0,0.5952380952380952,0.5,0.2960819109658652,0.4373488838256942,0.3333333333333333,0.6666666666666666
0.0,0.488095238095238,0.0833333333333333,0.0,0.0,0.0,0.0
0.0,0.4285714285714286,0.5,0.3868528072345416,0.5714285040141098,0.5,1.0
0.0,0.4822695035460992,0.0555555555555555,0.0,0.0,0.0,0.0
0.0,0.375,0.2,0.3868528072345416,0.3868528072345416,1.0,1.0
0.0,0.423728813559322,0.0833333333333333,0.0,0.0,0.0,0.0
0.0,0.5365853658536586,1.0,0.4692787260227564,0.4692787260227564,0.3333333333333333,0.3333333333333333
0.0,0.4256756756756756,0.0526315789473684,0.0,0.0,0.0,0.0
0.0,0.4067796610169492,0.0769230769230769,0.0,0.0,0.0,0.0
0.0,0.4880952380952381,0.1428571428571428,0.0,0.2043823975884861,0.0,0.5
0.0,0.3,0.0769230769230769,0.0,0.0,0.0,0.0
0.0,0.7650273224043715,0.5,0.2960819109658652,0.4632423659320675,0.3333333333333333,0.6666666666666666
0.0,0.25,0.2,0.1815417925373526,0.4792350074047671,0.3333333333333333,1.0
0.0,0.5,1.0,1.0,1.0,1.0,1.0
0.0,0.3382352941176471,0.0212765957446808,0.0,0.0,0.0,0.0
0.0,0.6100746268656716,0.25,0.2640681225725909,0.2640681225725909,0.5,0.5
0.0,0.4636363636363637,0.5,0.2139862647345275,0.2139862647345275,0.2,0.2
0.0,0.375,0.1,0.0,0.2890648263178879,0.0,1.0
0.0,0.5588235294117647,0.0833333333333333,0.0,0.0,0.0,0.0
0.0,0.6014492753623188,0.5,0.2139862647345275,0.2783925802803428,0.1666666666666666,0.3333333333333333
0.0,0.6625000000000001,1.0,0.6131471927654584,0.6131471927654584,0.5,0.5
0.0,0.7941176470588236,1.0,0.6131471927654584,0.7977228895450266,0.5,1.0
0.0,0.7740384615384616,0.2,0.1510196182278052,0.3813808643331676,0.25,0.75
0.0,0.8513513513513513,0.0909090909090909,0.0,0.0,0.0,0.0
0.0,0.6264367816091955,1.0,0.6131471927654584,0.6131471927654584,0.5,0.5
0.0,0.2862745098039216,0.1428571428571428,0.0,0.113053401757872,0.0,0.2
0.0,0.4102564102564102,0.0555555555555555,0.0,0.0,0.0,0.0
0.0,0.4817518248175182,0.0588235294117647,0.0,0.0,0.0,0.0
0.0,0.7807692307692308,1.0,0.4703652827859579,0.4703652827859579,0.4,0.4
0.0,0.3870967741935484,0.0666666666666666,0.0,0.0,0.0,0.0
0.0,0.6,0.3333333333333333,0.5,0.5,1.0,1.0
0.0,0.7132867132867133,1.0,0.3391602052736161,0.2837125544970318,0.0769230769230769,0.1538461538461538
0.0,0.375886524822695,0.0476190476190476,0.0,0.0,0.0,0.0
0.0,0.4344827586206896,0.0084745762711864,0.0,0.0,0.0,0.0
0.0,0.8243902439024391,0.3333333333333333,0.3007851801491498,0.5285896152159077,0.4,0.8
0.0,0.6923076923076923,0.1666666666666666,0.0,0.2691828628414762,0.0,0.5
0.0,0.9852941176470588,0.5,0.6309297535714575,0.6309297535714575,1.0,1.0
0.0,0.1428571428571428,0.0833333333333333,0.0,0.0,0.0,0.0
0.0,0.45,0.0833333333333333,0.0,0.0,0.0,0.0
0.0,0.5639097744360901,0.1,0.0,0.1356519734324477,0.0,0.3333333333333333
0.0,0.5833333333333334,0.0833333333333333,0.0,0.0,0.0,0.0
0.0,0.6350877192982456,0.5,0.2960819109658652,0.2960819109658652,0.3333333333333333,0.3333333333333333
0.0,0.5694444444444444,0.1111111111111111,0.0,0.1845756967795681,0.0,0.5
0.0,0.3125,0.0666666666666666,0.0,0.0,0.0,0.0
0.0,0.8888888888888888,0.3333333333333333,0.5,0.5,1.0,1.0
0.0,0.2662337662337662,0.0140845070422535,0.0,0.0,0.0,0.0
0.0,0.6,0.3333333333333333,0.5,0.5,1.0,1.0
0.0,0.25,0.1111111111111111,0.0,0.3010299956639812,0.0,1.0
0.0,0.4583333333333333,0.0625,0.0,0.0,0.0,0.0
0.0,1.0,1.0,1.0,1.0,1.0,1.0
0.0,0.4553571428571428,0.0625,0.0,0.0,0.0,0.0
0.0,0.609375,0.125,0.0,0.1934264036172708,0.0,0.5
0.0,0.3,0.125,0.0,0.4249599017752093,0.0,1.0
0.0,0.6668742216687422,0.25,0.1460683498427064,0.3012042966046398,0.0909090909090909,0.3636363636363636
0.0,0.7307692307692307,0.25,0.2021073465005475,0.3692678014667498,0.3333333333333333,0.6666666666666666
0.0,0.6440816326530612,0.1,0.0,0.0794570794327674,0.0,0.1428571428571428
0.0,0.425,0.0666666666666666,0.0,0.0,0.0,0.0
0.0,0.55859375,0.0588235294117647,0.0,0.0,0.0,0.0
0.0,0.75,0.5,0.6309297535714575,0.6309297535714575,1.0,1.0
0.0,0.3333333333333333,0.0714285714285714,0.0,0.0,0.0,0.0
0.0,0.3490566037735849,0.0263157894736842,0.0,0.0,0.0,0.0
0.0,0.36,0.1111111111111111,0.0,0.1412669728598289,0.0,0.3333333333333333
0.0,0.510548523206751,0.1666666666666666,0.0,0.1077891545245109,0.0,0.1666666666666666
0.0,0.6776315789473685,0.5,0.24630238874073,0.3764290720714305,0.25,0.5
0.0,0.5680147058823529,0.1666666666666666,0.0,0.1390561795107756,0.0,0.25
0.0,0.4882075471698113,0.0833333333333333,0.0,0.0,0.0,0.0
0.0,0.3958333333333333,0.0384615384615384,0.0,0.0,0.0,0.0
0.0,0.928813559322034,1.0,0.3391602052736161,0.5482507327637915,0.2,0.6
0.0,0.5185185185185186,0.0714285714285714,0.0,0.0,0.0,0.0
0.0,0.8627450980392157,0.125,0.0,0.3154648767857287,0.0,1.0
0.0,0.4130434782608695,0.0476190476190476,0.0,0.0,0.0,0.0
0.0,0.325,0.125,0.0,0.1934264036172708,0.0,0.5
0.0,0.296875,0.0294117647058823,0.0,0.0,0.0,0.0
0.25,0.5268817204301075,0.125,0.0,0.0954604330894673,0.0,0.1666666666666666
0.25,0.5219298245614035,0.0416666666666666,0.0,0.0,0.0,0.0
0.25,0.25,0.0333333333333333,0.0,0.0,0.0,0.0
0.25,0.5633116883116883,0.2,0.1312050775123417,0.1063366810302298,0.1428571428571428,0.1428571428571428
0.25,0.6923076923076923,0.3333333333333333,0.169580102636808,0.169580102636808,0.2,0.2
0.25,0.5485232067510548,0.5,0.2960819109658652,0.2960819109658652,0.3333333333333333,0.3333333333333333
0.25,0.8846153846153846,0.5,0.6509209298071326,0.6509209298071326,1.0,1.0
0.25,0.6944444444444444,1.0,0.3903800499921017,0.3903800499921017,0.25,0.25
0.25,0.4939903846153846,0.1111111111111111,0.0,0.1175161047564271,0.0,0.25
0.25,0.696969696969697,0.2,0.1815417925373526,0.3228087653971817,0.3333333333333333,0.6666666666666666
0.25,0.3636363636363636,0.125,0.0,0.3154648767857287,0.0,1.0
0.25,1.0,1.0,1.0,1.0,1.0,1.0
0.25,0.3818181818181818,0.0454545454545454,0.0,0.0,0.0,0.0
0.25,0.8659003831417624,0.5,0.2960819109658652,0.4441228664487979,0.3333333333333333,0.6666666666666666
0.25,0.1999999999999999,0.2,0.3868528072345416,0.3868528072345416,1.0,1.0
0.25,0.3359375,0.0384615384615384,0.0,0.0,0.0,0.0
0.25,0.4583333333333333,0.25,0.2640681225725909,0.2640681225725909,0.5,0.5
0.25,0.5948275862068966,0.0238095238095238,0.0,0.0,0.0,0.0
0.25,0.3534482758620689,0.0188679245283018,0.0,0.0,0.0,0.0
0.25,0.35,0.0714285714285714,0.0,0.0,0.0,0.0
0.25,0.4548022598870056,0.0833333333333333,0.0,0.0,0.0,0.0
0.25,0.6994535519125683,0.2,0.1815417925373526,0.1815417925373526,0.3333333333333333,0.3333333333333333
0.25,0.6,0.3333333333333333,0.5,0.5,1.0,1.0
0.25,0.6168674698795181,0.5,0.2139862647345275,0.3270396664923995,0.2,0.4
0.25,0.4534883720930233,0.0769230769230769,0.0,0.0,0.0,0.0
0.25,0.7605633802816901,0.0555555555555555,0.0,0.0,0.0,0.0
0.25,0.8823529411764706,0.3333333333333333,0.5,0.5,1.0,1.0
0.25,0.51875,0.5,0.3868528072345416,0.3868528072345416,0.5,0.5
0.25,0.5125,0.5,0.3868528072345416,0.3868528072345416,0.5,0.5
0.25,0.5,0.5,0.6309297535714575,0.6309297535714575,1.0,1.0
0.25,0.6666666666666666,1.0,0.7039180890341347,0.8519590445170673,0.6666666666666666,1.0
0.25,0.3725490196078431,0.0303030303030303,0.0,0.0,0.0,0.0
0.25,0.6054054054054053,0.3333333333333333,0.169580102636808,0.2676193884681651,0.2,0.4
0.25,0.4,0.1428571428571428,0.0,0.3978088012057569,0.0,1.0
0.25,0.536082474226804,0.0769230769230769,0.0,0.0,0.0,0.0
0.25,0.4545454545454546,0.1428571428571428,0.0,0.3333333333333333,0.0,1.0
0.25,0.6534391534391535,0.1,0.0,0.0874717141014082,0.0,0.1666666666666666
0.25,0.9230769230769232,0.25,0.430676558073393,0.430676558073393,1.0,1.0
0.25,0.6526315789473683,0.1428571428571428,0.0,0.1301266833307005,0.0,0.25
0.25,0.75,0.2,0.3868528072345416,0.3868528072345416,1.0,1.0
0.25,0.5641025641025641,0.0555555555555555,0.0,0.0,0.0,0.0
0.25,1.0,1.0,1.0,1.0,1.0,1.0
0.25,1.0,1.0,1.0,1.0,1.0,1.0
0.25,0.5380635624538063,0.0434782608695652,0.0,0.0,0.0,0.0
0.25,0.6974637681159421,0.1111111111111111,0.0,0.1175161047564271,0.0,0.25
0.25,0.430188679245283,0.1666666666666666,0.0,0.1208113026994942,0.0,0.2
0.25,0.4728260869565217,0.0526315789473684,0.0,0.0,0.0,0.0
0.25,0.7485029940119761,0.0909090909090909,0.0,0.0,0.0,0.0
0.25,0.7823129251700681,0.1111111111111111,0.0,0.1412669728598289,0.0,0.3333333333333333
0.25,0.4,0.1111111111111111,0.0,0.1845756967795681,0.0,0.5
0.25,0.5933333333333334,0.2,0.1312050775123417,0.1545743395783982,0.1,0.2
0.25,0.6666666666666667,0.3333333333333333,0.5,0.5,1.0,1.0
0.25,0.2142857142857143,0.0149253731343283,0.0,0.0,0.0,0.0
0.25,0.8333333333333334,0.5,0.6309297535714575,0.6309297535714575,1.0,1.0
0.25,0.2142857142857143,0.0384615384615384,0.0,0.0,0.0,0.0
0.25,0.6666666666666667,0.25,0.5012658353418871,0.5012658353418871,1.0,1.0
0.25,0.5388888888888889,1.0,0.3391602052736161,0.3391602052736161,0.2,0.2
0.25,0.7796296296296297,0.3333333333333333,0.169580102636808,0.169580102636808,0.2,0.2
0.25,1.0,1.0,1.0,1.0,1.0,1.0
0.25,0.6683453237410072,0.0769230769230769,0.0,0.0,0.0,0.0
0.25,0.5742753623188406,0.125,0.0,0.0954604330894673,0.0,0.1666666666666666
0.25,0.7695652173913045,1.0,0.3391602052736161,0.4599715079731103,0.2,0.4
0.25,0.5285714285714286,0.1428571428571428,0.0,0.1301266833307005,0.0,0.25
0.25,0.0,0.5,0.6309297535714575,0.6309297535714575,1.0,1.0
0.25,1.0,1.0,1.0,1.0,1.0,1.0
0.25,0.3636363636363636,0.1428571428571428,0.0,0.3816216843725338,0.0,1.0
0.25,0.532608695652174,0.5,0.2139862647345275,0.3294836243397122,0.125,0.375
0.25,0.0625,0.1111111111111111,0.0,0.3010299956639812,0.0,1.0
0.25,0.5077519379844961,0.0666666666666666,0.0,0.0,0.0,0.0
0.25,0.6051779935275081,0.5,0.2960819109658652,0.2960819109658652,0.3333333333333333,0.3333333333333333
0.25,0.686046511627907,1.0,0.6164336326286644,0.5499887725471476,0.5,0.5
0.25,1.0,1.0,1.0,1.0,1.0,1.0
0.25,0.7694805194805194,1.0,0.4852285551163225,0.4416737339478611,0.25,0.375
0.25,0.6923076923076923,1.0,0.6131471927654584,0.6131471927654584,0.5,0.5
0.25,0.1052631578947368,0.0625,0.0,0.0,0.0,0.0
0.25,0.2571428571428571,0.2,0.1312050775123417,0.1312050775123417,0.2,0.2
0.25,0.5260989010989011,0.25,0.1460683498427064,0.2011288142606829,0.1428571428571428,0.2857142857142857
0.25,1.0,1.0,1.0,1.0,1.0,1.0
0.25,0.4252336448598132,0.125,0.0,0.123151194370365,0.0,0.25
0.25,0.9782608695652174,1.0,0.9197207891481876,0.9197207891481876,1.0,1.0
0.25,1.0,1.0,1.0,1.0,1.0,1.0
0.25,0.7271062271062271,1.0,0.4703652827859579,0.4606700933772881,0.2857142857142857,0.4285714285714285
0.25,1.0,1.0,1.0,1.0,1.0,1.0
0.25,1.0,1.0,1.0,1.0,1.0,1.0
0.25,0.550326797385621,1.0,0.4852285551163225,0.3362741576267855,0.2222222222222222,0.2222222222222222
0.25,1.0,1.0,1.0,1.0,1.0,1.0
0.25,0.3333333333333333,0.2,0.3868528072345416,0.3868528072345416,1.0,1.0
0.25,0.3846153846153846,0.0588235294117647,0.0,0.0,0.0,0.0
0.25,0.25,0.0909090909090909,0.0,0.0,0.0,0.0
0.25,0.25,0.1428571428571428,0.0,0.3333333333333333,0.0,1.0
0.25,0.4523809523809524,0.032258064516129,0.0,0.0,0.0,0.0
0.25,0.4047619047619047,0.125,0.0,0.1934264036172708,0.0,0.5
0.25,0.9285714285714286,1.0,0.9197207891481876,0.9197207891481876,1.0,1.0
0.25,0.4666666666666667,0.024390243902439,0.0,0.0,0.0,0.0
0.25,0.7522522522522522,0.2,0.1510196182278052,0.1510196182278052,0.25,0.25
0.25,0.9,0.5,0.6309297535714575,0.6309297535714575,1.0,1.0
0.25,0.8317757009345795,0.25,0.1460683498427064,0.1460683498427064,0.2,0.2
0.25,0.8,1.0,0.8772153153380493,0.8772153153380493,1.0,1.0
0.25,0.7666666666666666,0.5,0.3868528072345416,0.3868528072345416,0.5,0.5
0.25,0.6000000000000001,0.3333333333333333,0.3065735963827292,0.3065735963827292,0.5,0.5
0.25,0.3148148148148148,0.0909090909090909,0.0,0.0,0.0,0.0
0.25,0.6065573770491803,0.0909090909090909,0.0,0.0,0.0,0.0
0.25,0.625,0.25,0.430676558073393,0.430676558073393,1.0,1.0
0.25,0.5714285714285714,0.25,0.430676558073393,0.430676558073393,1.0,1.0
0.25,0.4733333333333333,0.0476190476190476,0.0,0.0,0.0,0.0
0.25,0.717948717948718,0.3333333333333333,0.3065735963827292,0.3065735963827292,0.5,0.5
0.25,0.0,0.2,0.3868528072345416,0.3868528072345416,1.0,1.0
0.25,0.7794117647058824,0.0833333333333333,0.0,0.0,0.0,0.0
0.25,0.5,0.5,0.6309297535714575,0.6309297535714575,1.0,1.0
0.25,0.4285714285714286,0.0769230769230769,0.0,0.0,0.0,0.0
0.25,0.0,0.1428571428571428,0.0,0.3333333333333333,0.0,1.0
0.25,0.6,0.1428571428571428,0.0,0.3333333333333333,0.0,1.0
0.25,0.1666666666666666,0.0625,0.0,0.0,0.0,0.0
0.25,1.0,1.0,1.0,1.0,1.0,1.0
0.25,0.6666666666666667,0.1666666666666666,0.0,0.3562071871080222,0.0,1.0
0.25,0.6666666666666667,0.5,0.2960819109658652,0.4525081529734507,0.3333333333333333,0.6666666666666666
0.25,0.3333333333333333,0.04,0.0,0.0,0.0,0.0
0.25,0.8333333333333334,0.5,0.6309297535714575,0.6309297535714575,1.0,1.0
0.25,1.0,1.0,1.0,1.0,1.0,1.0
0.25,0.9401041666666666,0.25,0.2772734273550482,0.5515034178285835,0.3333333333333333,0.8333333333333334
0.25,0.5405405405405406,0.0666666666666666,0.0,0.0,0.0,0.0
0.25,0.6615384615384615,0.25,0.2772734273550482,0.4883661149442773,0.4,0.8
0.25,0.537037037037037,0.5,0.24630238874073,0.24630238874073,0.25,0.25
0.25,0.3333333333333333,0.3333333333333333,0.5,0.5,1.0,1.0
0.25,0.5384615384615384,0.1428571428571428,0.0,0.3333333333333333,0.0,1.0
0.25,1.0,1.0,1.0,1.0,1.0,1.0
0.25,0.6904761904761905,1.0,0.6131471927654584,0.6131471927654584,0.5,0.5
0.25,0.6314814814814814,0.05,0.0,0.0,0.0,0.0
0.25,0.6307692307692307,1.0,0.4692787260227564,0.4692787260227564,0.3333333333333333,0.3333333333333333
0.25,0.1904761904761904,0.0285714285714285,0.0,0.0,0.0,0.0
0.25,0.6,0.125,0.0,0.1934264036172708,0.0,0.5
0.25,0.654320987654321,0.2,0.1312050775123417,0.1312050775123417,0.2,0.2
0.25,0.6490807354116706,1.0,0.3391602052736161,0.2350455494144853,0.1111111111111111,0.1111111111111111
0.25,0.8783783783783784,1.0,0.3903800499921017,0.5078961547485289,0.25,0.5
0.25,1.0,1.0,1.0,1.0,1.0,1.0
0.25,0.8846153846153846,0.25,0.430676558073393,0.430676558073393,1.0,1.0
0.25,0.1944444444444444,0.0454545454545454,0.0,0.0,0.0,0.0
0.25,0.712,0.2,0.1312050775123417,0.3422977651015708,0.2,0.6
0.25,0.5402298850574712,0.0714285714285714,0.0,0.0,0.0,0.0
0.25,0.2857142857142857,0.0384615384615384,0.0,0.0,0.0,0.0
0.25,0.5555555555555556,0.5,0.7122630665145961,0.7122630665145961,1.0,1.0
0.25,0.6964285714285714,0.5,0.24630238874073,0.24630238874073,0.25,0.25
0.25,0.6470588235294118,0.0714285714285714,0.0,0.0,0.0,0.0
0.25,0.6808510638297872,0.125,0.0,0.1480409554829326,0.0,0.3333333333333333
0.25,0.5833333333333333,0.1666666666666666,0.0,0.3562071871080222,0.0,1.0
0.25,0.6076696165191741,0.0769230769230769,0.0,0.0,0.0,0.0
0.25,0.6552511415525113,0.1666666666666666,0.0,0.0837249139991934,0.0,0.1111111111111111
0.25,0.3888888888888888,0.0833333333333333,0.0,0.0,0.0,0.0
0.25,0.8666666666666667,1.0,0.6131471927654584,0.8315546295836225,0.5,1.0
0.25,0.4773722627737226,0.0294117647058823,0.0,0.0,0.0,0.0
0.25,0.6420454545454545,0.2,0.1510196182278052,0.1510196182278052,0.25,0.25
0.25,0.5692307692307692,0.0344827586206896,0.0,0.0,0.0,0.0
0.25,0.0,0.25,0.430676558073393,0.430676558073393,1.0,1.0
0.25,1.0,1.0,1.0,1.0,1.0,1.0
0.25,0.4967532467532467,0.0434782608695652,0.0,0.0,0.0,0.0
0.25,0.8695652173913043,0.25,0.430676558073393,0.430676558073393,1.0,1.0
0.25,0.3333333333333333,0.2,0.3868528072345416,0.3868528072345416,1.0,1.0
0.25,0.9333333333333332,1.0,0.8772153153380493,0.8772153153380493,1.0,1.0
0.25,0.7184873949579832,0.125,0.0,0.0867138284941197,0.0,0.1428571428571428
0.25,0.7757009345794392,0.0476190476190476,0.0,0.0,0.0,0.0
0.25,0.8933333333333333,0.5,0.4776237035032179,0.6340499455108034,0.6666666666666666,1.0
0.25,0.5135135135135135,0.1111111111111111,0.0,0.1845756967795681,0.0,0.5
0.25,0.6120689655172414,0.25,0.1681275362711174,0.2809726776200527,0.25,0.5
0.25,0.7647058823529411,0.2,0.1815417925373526,0.5051284895111403,0.3333333333333333,1.0
0.25,0.1999999999999999,0.0588235294117647,0.0,0.0,0.0,0.0
0.25,0.175,0.0333333333333333,0.0,0.0,0.0,0.0
0.25,0.4782608695652174,0.0769230769230769,0.0,0.0,0.0,0.0
0.25,0.5512820512820513,1.0,0.5531464700081437,0.4935232796777481,0.3333333333333333,0.3333333333333333
0.25,0.1888888888888888,0.05,0.0,0.0,0.0,0.0
0.25,0.4868421052631579,0.1428571428571428,0.0,0.2532778777010656,0.0,0.5
0.25,0.6555555555555556,0.25,0.2021073465005475,0.3433743193603765,0.3333333333333333,0.6666666666666666
0.25,0.6086956521739131,0.0714285714285714,0.0,0.0,0.0,0.0
0.25,0.4672131147540984,0.1666666666666666,0.0,0.1390561795107756,0.0,0.25
0.25,0.6025641025641026,0.0714285714285714,0.0,0.0,0.0,0.0
0.25,0.2666666666666667,0.0833333333333333,0.0,0.0,0.0,0.0
0.25,0.5963455149501661,0.25,0.2772734273550482,0.3114333024797124,0.2857142857142857,0.4285714285714285
0.25,0.7108843537414966,0.2,0.2371977127692962,0.2371977127692962,0.5,0.5
0.25,0.5098039215686274,0.25,0.1681275362711174,0.1681275362711174,0.25,0.25
0.25,0.5365853658536586,0.0833333333333333,0.0,0.0,0.0,0.0
0.25,0.3683127572016461,0.125,0.0,0.0741486152850745,0.0,0.1111111111111111
0.25,0.6763779527559055,1.0,0.4852285551163225,0.4852285551163225,0.4,0.4
0.25,0.6395348837209301,0.0714285714285714,0.0,0.0,0.0,0.0
0.25,0.7142857142857143,0.1111111111111111,0.0,0.3010299956639812,0.0,1.0
0.25,0.25,0.25,0.430676558073393,0.430676558073393,1.0,1.0
0.25,0.3125,0.0833333333333333,0.0,0.0,0.0,0.0
0.25,0.55,0.1,0.0,0.2890648263178879,0.0,1.0
0.25,0.4230769230769231,0.1428571428571428,0.0,0.2043823975884861,0.0,0.5
0.25,0.3571428571428571,0.0909090909090909,0.0,0.0,0.0,0.0
0.25,0.6599999999999999,0.125,0.0,0.1934264036172708,0.0,0.5
0.25,0.6141636141636142,0.1666666666666666,0.0,0.0979129253499678,0.0,0.1428571428571428
0.25,0.873015873015873,0.1111111111111111,0.0,0.3010299956639812,0.0,1.0
0.25,0.6111111111111112,0.0416666666666666,0.0,0.0,0.0,0.0
0.25,0.7333333333333334,0.1111111111111111,0.0,0.3010299956639812,0.0,1.0
0.25,0.7241379310344829,0.3333333333333333,0.169580102636808,0.2716774977597197,0.2,0.4
0.25,0.7647058823529411,0.2,0.3868528072345416,0.3868528072345416,1.0,1.0
0.25,0.8,0.1428571428571428,0.0,0.3333333333333333,0.0,1.0
0.25,0.5,0.3333333333333333,0.3065735963827292,0.3065735963827292,0.5,0.5
0.25,0.7903225806451613,0.1428571428571428,0.0,0.3889580943680543,0.0,1.0
0.25,0.1503267973856209,0.024390243902439,0.0,0.0,0.0,0.0
0.25,0.5,0.3333333333333333,0.5,0.5,1.0,1.0
0.25,0.7810810810810811,1.0,0.3391602052736161,0.4371994911049732,0.2,0.4
0.25,0.8777777777777778,1.0,0.6843515475204855,0.8893839657191064,0.6,1.0
0.25,0.4128787878787879,1.0,0.3391602052736161,0.2200917662980801,0.0909090909090909,0.0909090909090909
0.25,0.6705685618729097,1.0,0.4852285551163225,0.3148801306676309,0.1538461538461538,0.1538461538461538
0.25,0.6,0.1666666666666666,0.0,0.4029831335977323,0.0,1.0
0.25,0.6384180790960451,0.0526315789473684,0.0,0.0,0.0,0.0
0.25,0.0,0.0357142857142857,0.0,0.0,0.0,0.0
0.25,0.5227272727272727,0.3333333333333333,0.3065735963827292,0.3065735963827292,0.5,0.5
0.25,0.725,1.0,0.5585075862632192,0.6886342695939197,0.5,0.75
0.25,0.3285714285714286,0.0208333333333333,0.0,0.0,0.0,0.0
0.25,0.566066066066066,0.1428571428571428,0.0,0.1008674711662711,0.0,0.1666666666666666
0.25,0.625,0.1666666666666666,0.0,0.4029831335977323,0.0,1.0
0.25,0.9230769230769232,0.3333333333333333,0.5,0.5,1.0,1.0
0.25,0.8278688524590163,0.1666666666666666,0.0,0.2184074368181641,0.0,0.5
0.25,0.5072859744990892,0.1111111111111111,0.0,0.0707557607210806,0.0,0.1111111111111111
0.25,0.6599999999999999,1.0,0.4703652827859579,0.4703652827859579,0.4,0.4
0.25,0.6816816816816818,0.0909090909090909,0.0,0.0,0.0,0.0
0.25,0.1538461538461538,0.0833333333333333,0.0,0.0,0.0,0.0
0.25,0.52,0.0769230769230769,0.0,0.0,0.0,0.0
0.25,0.4473684210526315,0.0454545454545454,0.0,0.0,0.0,0.0
0.25,0.7419354838709676,0.1666666666666666,0.0,0.3152014104491349,0.0,0.6666666666666666
0.25,0.2352941176470588,0.0714285714285714,0.0,0.0,0.0,0.0
0.25,0.7876543209876544,0.0416666666666666,0.0,0.0,0.0,0.0
0.25,0.5570987654320988,0.5,0.2139862647345275,0.1909208661789346,0.1666666666666666,0.1666666666666666
0.25,0.8482142857142857,0.3333333333333333,0.3065735963827292,0.3065735963827292,0.5,0.5
0.25,0.6956521739130435,0.125,0.0,0.3154648767857287,0.0,1.0
0.25,0.2708333333333333,0.0714285714285714,0.0,0.0,0.0,0.0
0.25,0.5,0.1428571428571428,0.0,0.2043823975884861,0.0,0.5
0.25,0.3241379310344827,0.1,0.0,0.098039285831357,0.0,0.2
0.25,0.3049180327868852,0.0909090909090909,0.0,0.0,0.0,0.0
0.25,0.6136363636363636,1.0,0.6131471927654584,0.6131471927654584,0.5,0.5
0.25,0.7217125382262997,0.25,0.1460683498427064,0.1691720091305909,0.1111111111111111,0.2222222222222222
0.25,0.5,1.0,0.9197207891481876,0.9197207891481876,1.0,1.0
0.25,0.6666666666666667,1.0,0.3903800499921017,0.3903800499921017,0.25,0.25
0.25,0.75,0.1666666666666666,0.0,0.2184074368181641,0.0,0.5
0.25,0.7647058823529412,0.125,0.0,0.1934264036172708,0.0,0.5
0.25,0.0,0.3333333333333333,0.5,0.5,1.0,1.0
0.25,0.5055555555555555,0.125,0.0,0.2836929289153804,0.0,0.6666666666666666
0.25,0.1818181818181817,0.1,0.0,0.2890648263178879,0.0,1.0
0.25,0.5892857142857143,1.0,0.5531464700081437,0.4935232796777481,0.3333333333333333,0.3333333333333333
0.25,0.5217391304347826,0.0833333333333333,0.0,0.0,0.0,0.0
0.25,0.5744680851063829,0.5,0.2960819109658652,0.2960819109658652,0.3333333333333333,0.3333333333333333
0.25,0.4444444444444444,0.1,0.0,0.1772392867840477,0.0,0.5
0.25,0.225,0.0666666666666666,0.0,0.0,0.0,0.0
0.25,0.4482758620689655,0.0128205128205128,0.0,0.0,0.0,0.0
0.25,0.6666666666666667,1.0,0.6131471927654584,0.6131471927654584,0.5,0.5
0.25,0.4318181818181819,1.0,0.3903800499921017,0.3903800499921017,0.25,0.25
0.25,0.6866319444444444,0.5,0.2139862647345275,0.2320221445693425,0.1111111111111111,0.2222222222222222
0.25,0.5377358490566038,0.0344827586206896,0.0,0.0,0.0,0.0
0.25,0.2863636363636364,0.03125,0.0,0.0,0.0,0.0
0.25,0.5916666666666667,0.5,0.2960819109658652,0.2960819109658652,0.3333333333333333,0.3333333333333333
0.25,0.6346153846153846,1.0,0.5413996682199069,0.664550862590272,0.5,0.75
0.25,0.6360544217687075,0.125,0.0,0.1480409554829326,0.0,0.3333333333333333
0.25,0.5327988338192419,1.0,0.3391602052736161,0.2748763329142908,0.1428571428571428,0.1428571428571428
0.25,0.5133333333333332,0.0588235294117647,0.0,0.0,0.0,0.0
0.25,0.5487804878048781,0.25,0.2640681225725909,0.2640681225725909,0.5,0.5
0.25,0.5555555555555556,0.25,0.2640681225725909,0.2640681225725909,0.5,0.5
0.25,0.7055555555555555,0.5,0.3835663673713356,0.4430895440946125,0.3333333333333333,0.5
0.25,0.6016129032258065,0.0212765957446808,0.0,0.0,0.0,0.0
0.25,0.2894736842105263,0.037037037037037,0.0,0.0,0.0,0.0
0.25,0.6666666666666667,0.5,0.3835663673713356,0.3835663673713356,0.4,0.4
0.25,0.5075757575757576,0.1428571428571428,0.0,0.1369847102983117,0.0,0.1666666666666666
0.25,0.3333333333333333,0.3333333333333333,0.5,0.5,1.0,1.0
0.25,0.8090909090909091,0.5,0.3451913422468693,0.4233117951052935,0.2,0.5
0.25,0.5358606557377049,0.3333333333333333,0.1951900249960508,0.1951900249960508,0.25,0.25
0.25,0.8677685950413223,0.0588235294117647,0.0,0.0,0.0,0.0
0.25,0.5254237288135594,0.0256410256410256,0.0,0.0,0.0,0.0
0.25,0.5857142857142857,0.5,0.24630238874073,0.24630238874073,0.25,0.25
0.25,0.685823754789272,0.0666666666666666,0.0,0.0,0.0,0.0
0.25,0.1999999999999999,0.04,0.0,0.0,0.0,0.0
0.25,0.7384615384615385,0.0555555555555555,0.0,0.0,0.0,0.0
0.25,0.5,0.0344827586206896,0.0,0.0,0.0,0.0
0.25,0.7872340425531914,0.3333333333333333,0.3065735963827292,0.3065735963827292,0.5,0.5
0.25,0.5462264150943397,0.5,0.2139862647345275,0.2082936658103318,0.1,0.2
0.25,0.4305555555555554,0.0555555555555555,0.0,0.0,0.0,0.0
0.25,0.96,0.5,0.6309297535714575,0.6309297535714575,1.0,1.0
0.25,0.5,0.1111111111111111,0.0,0.1020973951229116,0.0,0.2
0.25,0.6342329545454546,0.3333333333333333,0.3007851801491498,0.195189000790661,0.125,0.125
0.25,0.8571428571428572,0.5,0.6309297535714575,0.6309297535714575,1.0,1.0
0.25,0.6,0.0217391304347826,0.0,0.0,0.0,0.0
0.25,0.4100840336134453,0.0434782608695652,0.0,0.0,0.0,0.0
0.25,0.8762376237623762,0.5,0.24630238874073,0.3638184934971571,0.25,0.5
0.25,0.7729115977291159,0.125,0.0,0.0741486152850745,0.0,0.1111111111111111
0.25,0.5625,0.25,0.3836491390379002,0.3836491390379002,0.6666666666666666,0.6666666666666666
0.25,0.0,0.25,0.430676558073393,0.430676558073393,1.0,1.0
0.25,0.4608695652173913,0.027027027027027,0.0,0.0,0.0,0.0
0.25,0.5537037037037036,0.0454545454545454,0.0,0.0,0.0,0.0
0.25,0.5365853658536586,0.1666666666666666,0.0,0.2184074368181641,0.0,0.5
0.25,0.6197183098591549,0.5,0.2139862647345275,0.265053101293003,0.1428571428571428,0.2857142857142857
0.25,0.6111111111111112,0.0666666666666666,0.0,0.0,0.0,0.0
0.25,0.6749999999999999,1.0,0.5531464700081437,0.6601396023754075,0.4,0.6
0.25,0.55,0.3333333333333333,0.3633175612671683,0.3633175612671683,0.5,0.5
0.25,0.0833333333333333,0.0434782608695652,0.0,0.0,0.0,0.0
0.25,0.4404761904761904,0.1428571428571428,0.0,0.2043823975884861,0.0,0.5
0.25,0.5816666666666667,0.0277777777777777,0.0,0.0,0.0,0.0
0.25,1.0,1.0,1.0,1.0,1.0,1.0
0.25,0.4952380952380952,0.125,0.0,0.2090905274901754,0.0,0.4
0.25,0.9095744680851064,0.1428571428571428,0.0,0.2043823975884861,0.0,0.5
0.25,0.3717948717948717,0.1,0.0,0.1356519734324477,0.0,0.3333333333333333
0.25,0.625,0.1666666666666666,0.0,0.2622073738811406,0.0,0.5
0.25,0.6920222634508348,0.2,0.1312050775123417,0.283706685812965,0.1428571428571428,0.4285714285714285
0.25,0.2777777777777778,0.0714285714285714,0.0,0.0,0.0,0.0
0.25,0.2179487179487179,0.0588235294117647,0.0,0.0,0.0,0.0
0.25,0.736,0.1,0.0,0.098039285831357,0.0,0.2
0.25,0.6666666666666667,0.2,0.1510196182278052,0.393991442907441,0.25,0.75
0.25,0.5811965811965811,0.0909090909090909,0.0,0.0,0.0,0.0
0.25,0.7571428571428571,0.3333333333333333,0.3065735963827292,0.3065735963827292,0.5,0.5
0.25,0.5532786885245902,0.0588235294117647,0.0,0.0,0.0,0.0
0.25,0.5227272727272727,0.1428571428571428,0.0,0.2043823975884861,0.0,0.5
0.25,0.3636363636363636,0.125,0.0,0.3154648767857287,0.0,1.0
0.25,0.5,0.1666666666666666,0.0,0.3562071871080222,0.0,1.0
0.25,0.0833333333333333,0.1666666666666666,0.0,0.411833840435435,0.0,1.0
0.25,1.0,1.0,1.0,1.0,1.0,1.0
0.25,1.0,1.0,1.0,1.0,1.0,1.0
0.25,0.5980392156862745,0.5,0.2960819109658652,0.4373488838256942,0.3333333333333333,0.6666666666666666
0.25,0.4249999999999999,0.5,0.2960819109658652,0.2960819109658652,0.3333333333333333,0.3333333333333333
0.25,1.0,1.0,1.0,1.0,1.0,1.0
0.25,0.5862068965517241,0.25,0.1681275362711174,0.1681275362711174,0.25,0.25
0.25,0.8333333333333333,1.0,0.7653606369886217,0.9217868789962071,0.6666666666666666,1.0
0.25,0.6693333333333333,0.2,0.1312050775123417,0.1312050775123417,0.2,0.2
0.25,0.5714285714285714,0.2,0.1312050775123417,0.1857937604629972,0.1428571428571428,0.2857142857142857
0.25,0.9444444444444444,0.5,0.6309297535714575,0.6309297535714575,1.0,1.0
0.25,0.5779569892473118,0.0625,0.0,0.0,0.0,0.0
0.25,0.1428571428571428,0.2,0.1815417925373526,0.4584607388296294,0.3333333333333333,1.0
0.25,0.4938271604938272,0.1111111111111111,0.0,0.1412669728598289,0.0,0.3333333333333333
0.25,0.9655172413793104,0.5,0.6309297535714575,0.6309297535714575,1.0,1.0
0.25,0.8999999999999999,0.25,0.2640681225725909,0.4413074093566386,0.5,1.0
0.25,0.5087719298245614,0.0344827586206896,0.0,0.0,0.0,0.0
0.25,0.9078947368421052,0.3333333333333333,0.3065735963827292,0.5109559939712153,0.5,1.0
0.25,0.3333333333333333,0.0526315789473684,0.0,0.0,0.0,0.0
0.25,0.8181818181818181,1.0,0.6131471927654584,0.6131471927654584,0.5,0.5
0.25,0.7037037037037037,0.25,0.2021073465005475,0.3501483019834802,0.3333333333333333,0.6666666666666666
0.25,0.0,0.5,0.6309297535714575,0.6309297535714575,1.0,1.0
0.25,0.698051948051948,0.0666666666666666,0.0,0.0,0.0,0.0
0.25,0.0,0.5,0.6309297535714575,0.6309297535714575,1.0,1.0
0.25,0.6666666666666666,1.0,0.7039180890341347,0.8451850618939637,0.6666666666666666,1.0
0.25,0.5714285714285714,0.25,0.430676558073393,0.430676558073393,1.0,1.0
0.25,0.3722222222222222,0.0333333333333333,0.0,0.0,0.0,0.0
0.25,0.8317972350230414,1.0,0.4703652827859579,0.4606700933772881,0.2857142857142857,0.4285714285714285
0.25,0.0851063829787234,0.0232558139534883,0.0,0.0,0.0,0.0
0.25,0.7363636363636363,0.25,0.2640681225725909,0.2640681225725909,0.5,0.5
0.25,0.4347826086956521,0.0416666666666666,0.0,0.0,0.0,0.0
0.25,0.6,0.2,0.2371977127692962,0.4144369995533439,0.5,1.0
0.25,0.1351351351351351,0.0285714285714285,0.0,0.0,0.0,0.0
0.25,0.8846153846153846,0.25,0.430676558073393,0.430676558073393,1.0,1.0
0.25,0.4256410256410257,0.0384615384615384,0.0,0.0,0.0,0.0
0.25,0.552,0.3333333333333333,0.169580102636808,0.169580102636808,0.2,0.2
0.25,0.0,0.25,0.430676558073393,0.430676558073393,1.0,1.0
0.25,0.6276595744680852,0.0769230769230769,0.0,0.0,0.0,0.0
0.25,0.3125,0.1666666666666666,0.0,0.411833840435435,0.0,1.0
0.25,0.478134110787172,0.0714285714285714,0.0,0.0,0.0,0.0
0.25,0.5294117647058824,0.1111111111111111,0.0,0.3010299956639812,0.0,1.0
0.25,0.5503759398496241,0.5,0.2139862647345275,0.1734276569882394,0.1428571428571428,0.1428571428571428
0.25,0.7085346215780998,0.5,0.2139862647345275,0.1482972305701491,0.1111111111111111,0.1111111111111111
0.25,0.7777777777777778,1.0,0.6131471927654584,0.8315546295836225,0.5,1.0
0.25,0.587012987012987,0.1666666666666666,0.0,0.0783982689786753,0.0,0.0909090909090909
0.25,0.5555555555555556,0.2,0.3868528072345416,0.3868528072345416,1.0,1.0
0.25,0.5104166666666667,0.0833333333333333,0.0,0.0,0.0,0.0
0.25,0.3055555555555555,0.0909090909090909,0.0,0.0,0.0,0.0
0.25,0.5390625,0.1,0.0,0.1772392867840477,0.0,0.5
0.25,0.8589743589743589,0.25,0.2021073465005475,0.5256940434743352,0.3333333333333333,1.0
0.25,0.0,0.1,0.0,0.2890648263178879,0.0,1.0
0.25,0.5652173913043478,0.3333333333333333,0.3633175612671683,0.3633175612671683,0.5,0.5
0.25,0.875,0.3333333333333333,0.5,0.5,1.0,1.0
0.25,0.3333333333333333,0.2,0.2371977127692962,0.4556051495874603,0.5,1.0
0.25,0.5,0.0833333333333333,0.0,0.0,0.0,0.0
0.25,0.15625,0.0357142857142857,0.0,0.0,0.0,0.0
0.25,0.3958333333333332,0.1,0.0,0.1356519734324477,0.0,0.3333333333333333
0.25,0.4791666666666666,0.2,0.2371977127692962,0.2371977127692962,0.5,0.5
0.25,0.4888888888888889,0.3333333333333333,0.169580102636808,0.169580102636808,0.2,0.2
0.25,0.6981132075471699,0.0714285714285714,0.0,0.0,0.0,0.0
0.25,0.5700000000000001,0.5,0.2139862647345275,0.3347975674340217,0.2,0.4
0.25,0.6029411764705882,0.0909090909090909,0.0,0.0,0.0,0.0
0.25,0.6818181818181818,0.25,0.2640681225725909,0.2640681225725909,0.5,0.5
0.25,0.4487179487179487,0.0909090909090909,0.0,0.0,0.0,0.0
0.25,0.381578947368421,0.3333333333333333,0.1951900249960508,0.1951900249960508,0.25,0.25
0.25,0.6491228070175439,0.1111111111111111,0.0,0.1412669728598289,0.0,0.3333333333333333
0.25,0.6647093364650616,1.0,0.5531464700081437,0.5036067026046991,0.1538461538461538,0.3076923076923077
0.25,0.503921568627451,1.0,0.6164336326286644,0.4733871704086119,0.2,0.2666666666666666
0.25,0.4425675675675675,0.2,0.1312050775123417,0.1709684330790703,0.125,0.25
0.25,0.6,0.2,0.2371977127692962,0.2371977127692962,0.5,0.5
0.25,0.6060606060606061,0.1666666666666666,0.0,0.2184074368181641,0.0,0.5
0.25,0.8515625,0.1111111111111111,0.0,0.1845756967795681,0.0,0.5
0.25,0.7560975609756098,0.3333333333333333,0.3156484524795145,0.3727173758832354,0.3333333333333333,0.5
0.25,0.1764705882352941,0.0666666666666666,0.0,0.0,0.0,0.0
0.25,0.6959459459459459,0.0909090909090909,0.0,0.0,0.0,0.0
0.25,0.5,1.0,1.0,1.0,1.0,1.0
0.25,1.0,1.0,1.0,1.0,1.0,1.0
0.25,1.0,1.0,1.0,1.0,1.0,1.0
0.25,0.2672413793103448,0.0833333333333333,0.0,0.0,0.0,0.0
0.25,1.0,1.0,1.0,1.0,1.0,1.0
0.25,0.5977011494252873,0.1666666666666666,0.0,0.30281242839865,0.0,0.6666666666666666
0.25,0.3571428571428571,0.2,0.2371977127692962,0.4415801103577823,0.5,1.0
0.25,0.4166666666666667,0.25,0.2640681225725909,0.2640681225725909,0.5,0.5
0.25,0.5526315789473685,0.25,0.2640681225725909,0.2640681225725909,0.5,0.5
0.25,1.0,1.0,1.0,1.0,1.0,1.0
0.25,0.5833333333333333,0.1666666666666666,0.0,0.3562071871080222,0.0,1.0
0.25,0.1666666666666666,0.0625,0.0,0.0,0.0,0.0
0.25,0.8138888888888889,0.5,0.5147714448836774,0.5084163508138547,0.3333333333333333,0.5555555555555556
0.25,0.7916666666666667,0.5,0.6096199500078984,0.7486761295186739,0.75,1.0
0.25,0.76,0.5,0.4414924137367808,0.4414924137367808,0.5,0.5
0.25,0.760204081632653,0.2,0.1510196182278052,0.1510196182278052,0.25,0.25
0.25,0.4186046511627906,0.0526315789473684,0.0,0.0,0.0,0.0
0.25,0.7317073170731707,0.5,0.2960819109658652,0.2960819109658652,0.3333333333333333,0.3333333333333333
0.25,0.1264367816091953,0.0129870129870129,0.0,0.0,0.0,0.0
0.25,0.7352941176470589,0.3333333333333333,0.3065735963827292,0.3065735963827292,0.5,0.5
0.25,0.0,0.25,0.430676558073393,0.430676558073393,1.0,1.0
0.25,0.7692307692307693,1.0,0.6131471927654584,0.8065735963827293,0.5,1.0
0.25,0.4727272727272728,0.3333333333333333,0.169580102636808,0.169580102636808,0.2,0.2
0.25,0.5089285714285714,0.0588235294117647,0.0,0.0,0.0,0.0
0.25,0.2128514056224899,0.0277777777777777,0.0,0.0,0.0,0.0
0.25,0.4482758620689655,0.0588235294117647,0.0,0.0,0.0,0.0
0.25,0.5125,0.0909090909090909,0.0,0.0,0.0,0.0
0.25,0.3421052631578948,0.0666666666666666,0.0,0.0,0.0,0.0
0.25,0.7857142857142857,0.5,0.6509209298071326,0.6509209298071326,1.0,1.0
0.25,0.4204545454545455,0.1111111111111111,0.0,0.1020973951229116,0.0,0.2
0.25,0.409090909090909,0.0588235294117647,0.0,0.0,0.0,0.0
0.25,0.5454545454545454,0.1666666666666666,0.0,0.3562071871080222,0.0,1.0
0.25,0.7307692307692307,0.5,0.3868528072345416,0.5802792108518124,0.5,1.0
0.25,0.5714285714285714,0.25,0.430676558073393,0.430676558073393,1.0,1.0
0.25,0.131578947368421,0.0294117647058823,0.0,0.0,0.0,0.0
0.25,0.5673758865248226,0.125,0.0,0.1480409554829326,0.0,0.3333333333333333
0.25,0.5277777777777778,0.125,0.0,0.1934264036172708,0.0,0.5
0.25,0.4193548387096774,0.0769230769230769,0.0,0.0,0.0,0.0
0.25,0.5440251572327044,0.1428571428571428,0.0,0.1008674711662711,0.0,0.1666666666666666
0.25,0.3571428571428571,0.0833333333333333,0.0,0.0,0.0,0.0
0.25,1.0,1.0,1.0,1.0,1.0,1.0
0.25,0.3214285714285714,0.0384615384615384,0.0,0.0,0.0,0.0
0.25,0.5192307692307692,0.0384615384615384,0.0,0.0,0.0,0.0
0.25,0.3333333333333333,0.2,0.3868528072345416,0.3868528072345416,1.0,1.0
0.25,0.6,0.2,0.3868528072345416,0.3868528072345416,1.0,1.0
0.25,0.9369369369369368,0.5,0.5307212739772434,0.6787622294601761,0.6666666666666666,1.0
0.25,0.4137931034482759,0.0555555555555555,0.0,0.0,0.0,0.0
0.25,0.0,0.25,0.430676558073393,0.430676558073393,1.0,1.0
0.25,0.4908814589665653,0.1,0.0,0.0794570794327674,0.0,0.1428571428571428
0.25,0.7037037037037037,0.1111111111111111,0.0,0.3010299956639812,0.0,1.0
0.25,0.8846153846153846,0.25,0.430676558073393,0.430676558073393,1.0,1.0
0.25,0.8333333333333334,0.3333333333333333,0.5,0.5,1.0,1.0
0.25,1.0,1.0,1.0,1.0,1.0,1.0
0.25,0.678030303030303,0.1666666666666666,0.0,0.2565722842672027,0.0,0.5
0.25,0.3918918918918919,0.05,0.0,0.0,0.0,0.0
0.25,0.4770114942528735,0.1,0.0,0.1356519734324477,0.0,0.3333333333333333
0.25,0.7513227513227513,0.25,0.2021073465005475,0.2021073465005475,0.3333333333333333,0.3333333333333333
0.25,0.6333333333333333,0.25,0.2021073465005475,0.5256940434743352,0.3333333333333333,1.0
0.25,0.7931034482758621,0.1428571428571428,0.0,0.3333333333333333,0.0,1.0
0.25,0.8684210526315789,0.25,0.2640681225725909,0.448643819352159,0.5,1.0
0.25,0.6863636363636364,1.0,0.5531464700081437,0.5531464700081437,0.4,0.4
0.25,0.5061728395061729,0.1,0.0,0.1356519734324477,0.0,0.3333333333333333
0.25,0.5041322314049587,0.1428571428571428,0.0,0.2090493674905263,0.0,0.2727272727272727
0.25,0.5420875420875421,0.0833333333333333,0.0,0.0,0.0,0.0
0.25,0.6604938271604939,0.125,0.0,0.123151194370365,0.0,0.25
0.25,0.32,0.25,0.1460683498427064,0.1460683498427064,0.2,0.2
0.25,0.4210526315789473,0.0434782608695652,0.0,0.0,0.0,0.0
0.25,0.5147058823529411,0.1666666666666666,0.0,0.2184074368181641,0.0,0.5
0.25,0.6818181818181819,0.125,0.0,0.3154648767857287,0.0,1.0
0.25,0.3796296296296296,0.3333333333333333,0.2346393630113782,0.2346393630113782,0.3333333333333333,0.3333333333333333
0.25,0.7954545454545454,0.3333333333333333,0.3065735963827292,0.3065735963827292,0.5,0.5
0.25,0.2860824742268041,0.008130081300813,0.0,0.0,0.0,0.0
0.25,0.4627659574468085,0.0256410256410256,0.0,0.0,0.0,0.0
0.25,0.4761904761904761,0.0833333333333333,0.0,0.0,0.0,0.0
0.25,0.625,1.0,0.8503449055347546,0.8503449055347546,1.0,1.0
0.25,0.5604395604395604,0.0909090909090909,0.0,0.0,0.0,0.0
0.25,0.880952380952381,0.3333333333333333,0.5437713091520254,0.5437713091520254,1.0,1.0
0.25,0.409090909090909,0.1111111111111111,0.0,0.1845756967795681,0.0,0.5
0.25,0.2705882352941176,0.0163934426229508,0.0,0.0,0.0,0.0
0.25,0.1666666666666666,0.024390243902439,0.0,0.0,0.0,0.0
0.25,0.4540983606557376,0.1111111111111111,0.0,0.1020973951229116,0.0,0.2
0.25,0.5904761904761905,0.0909090909090909,0.0,0.0,0.0,0.0
0.25,0.7209302325581395,0.0769230769230769,0.0,0.0,0.0,0.0
0.25,1.0,1.0,1.0,1.0,1.0,1.0
0.25,0.5932539682539684,0.0909090909090909,0.0,0.0,0.0,0.0
0.25,0.4035087719298245,0.0555555555555555,0.0,0.0,0.0,0.0
0.25,0.90625,0.3333333333333333,0.3065735963827292,0.4911492931622974,0.5,1.0
0.25,0.2629107981220657,0.0256410256410256,0.0,0.0,0.0,0.0
0.25,0.7121212121212122,1.0,0.4692787260227564,0.4692787260227564,0.3333333333333333,0.3333333333333333
0.25,0.7867647058823529,0.2,0.2371977127692962,0.2371977127692962,0.5,0.5
0.25,0.5098039215686274,0.0666666666666666,0.0,0.0,0.0,0.0
0.25,0.7203389830508474,0.0434782608695652,0.0,0.0,0.0,0.0
0.25,0.654494382022472,0.0714285714285714,0.0,0.0,0.0,0.0
0.25,0.9444444444444444,0.5,0.6309297535714575,0.6309297535714575,1.0,1.0
0.25,1.0,1.0,1.0,1.0,1.0,1.0
0.25,1.0,1.0,1.0,1.0,1.0,1.0
0.25,0.6212121212121212,0.0526315789473684,0.0,0.0,0.0,0.0
0.25,1.0,1.0,1.0,1.0,1.0,1.0
0.25,0.5833333333333334,0.3333333333333333,0.3065735963827292,0.3065735963827292,0.5,0.5
0.25,0.108695652173913,0.0238095238095238,0.0,0.0,0.0,0.0
0.25,0.7155172413793104,0.1111111111111111,0.0,0.1175161047564271,0.0,0.25
0.25,0.6363636363636364,0.2,0.3868528072345416,0.3868528072345416,1.0,1.0
0.25,0.1153846153846153,0.0833333333333333,0.0,0.0,0.0,0.0
0.25,0.6111111111111112,0.1111111111111111,0.0,0.1845756967795681,0.0,0.5
0.25,0.3113207547169811,0.0344827586206896,0.0,0.0,0.0,0.0
0.25,0.8235294117647058,0.25,0.430676558073393,0.430676558073393,1.0,1.0
0.25,0.38,0.0192307692307692,0.0,0.0,0.0,0.0
0.25,0.3738317757009346,0.0256410256410256,0.0,0.0,0.0,0.0
0.25,0.5909090909090908,0.0526315789473684,0.0,0.0,0.0,0.0
0.25,0.6206896551724137,0.5,0.3835663673713356,0.3835663673713356,0.4,0.4
0.25,0.0,0.5,0.6309297535714575,0.6309297535714575,1.0,1.0
0.25,0.4444444444444444,0.0416666666666666,0.0,0.0,0.0,0.0
0.25,0.5787545787545787,0.0909090909090909,0.0,0.0,0.0,0.0
0.25,0.8285714285714285,0.0769230769230769,0.0,0.0,0.0,0.0
0.25,0.5800000000000001,0.25,0.2640681225725909,0.2640681225725909,0.5,0.5
0.25,0.5026666666666666,0.0833333333333333,0.0,0.0,0.0,0.0
0.25,0.0,0.125,0.0,0.3154648767857287,0.0,1.0
0.25,0.6022727272727273,0.3333333333333333,0.3007851801491498,0.2735872697693364,0.2,0.3
0.25,0.6790123456790124,0.032258064516129,0.0,0.0,0.0,0.0
0.25,0.5625,0.125,0.0,0.3154648767857287,0.0,1.0
0.25,0.4471544715447154,0.1666666666666666,0.0,0.1671604549662022,0.0,0.3333333333333333
0.25,0.71875,0.2,0.2371977127692962,0.4415801103577823,0.5,1.0
0.25,0.3333333333333333,0.1428571428571428,0.0,0.3333333333333333,0.0,1.0
0.25,0.6545454545454544,0.25,0.2021073465005475,0.2021073465005475,0.3333333333333333,0.3333333333333333
0.25,0.5714285714285714,0.3333333333333333,0.2346393630113782,0.3759063358712072,0.3333333333333333,0.6666666666666666
0.25,0.3958333333333333,1.0,0.3903800499921017,0.3903800499921017,0.25,0.25
0.25,0.3,0.0344827586206896,0.0,0.0,0.0,0.0
0.25,0.037037037037037,0.037037037037037,0.0,0.0,0.0,0.0
0.25,0.5386904761904762,0.1111111111111111,0.0,0.091092403223458,0.0,0.1666666666666666
0.25,0.6875,0.1,0.0,0.1772392867840477,0.0,0.5
0.25,0.4482758620689655,0.0384615384615384,0.0,0.0,0.0,0.0
0.25,1.0,1.0,1.0,1.0,1.0,1.0
0.25,0.8721311475409835,1.0,0.3391602052736161,0.4412576003965278,0.2,0.4
0.25,0.5384615384615384,0.1428571428571428,0.0,0.3333333333333333,0.0,1.0
0.25,0.0769230769230768,0.0769230769230769,0.0,0.0,0.0,0.0
0.25,0.8916666666666666,0.2,0.1312050775123417,0.4492908974688346,0.2,0.8
0.25,0.6309523809523809,0.0909090909090909,0.0,0.0,0.0,0.0
0.25,0.367816091954023,0.3333333333333333,0.169580102636808,0.1513012067494067,0.1666666666666666,0.1666666666666666
0.25,0.5265957446808511,0.1111111111111111,0.0,0.0761433407173835,0.0,0.125
0.25,0.3999999999999999,0.1111111111111111,0.0,0.1845756967795681,0.0,0.5
0.25,0.5736842105263158,1.0,0.3391602052736161,0.3391602052736161,0.2,0.2
0.25,0.5,1.0,0.6131471927654584,0.6131471927654584,0.5,0.5
0.25,0.86,0.5,0.3868528072345416,0.5802792108518124,0.5,1.0
0.25,0.5682961897915169,1.0,0.5087403079104241,0.3301376494471202,0.0769230769230769,0.0769230769230769
0.25,0.375,0.5,0.3868528072345416,0.6052602440527057,0.5,1.0
0.25,0.5641025641025641,0.0555555555555555,0.0,0.0,0.0,0.0
0.25,0.6229166666666667,1.0,0.3391602052736161,0.4461533376408799,0.2,0.4
0.25,0.7777777777777777,0.1666666666666666,0.0,0.4029831335977323,0.0,1.0
0.25,0.7142857142857143,0.1,0.0,0.1772392867840477,0.0,0.5
0.25,0.7272727272727273,0.3333333333333333,0.3065735963827292,0.5249810332008933,0.5,1.0
0.25,1.0,1.0,1.0,1.0,1.0,1.0
0.25,0.6242138364779874,0.2,0.1312050775123417,0.2081549963614216,0.1666666666666666,0.3333333333333333
0.25,0.4285714285714285,0.25,0.2640681225725909,0.2640681225725909,0.5,0.5
0.25,0.1578947368421053,0.0588235294117647,0.0,0.0,0.0,0.0
0.25,0.5117370892018779,0.0526315789473684,0.0,0.0,0.0,0.0
0.25,1.0,1.0,1.0,1.0,1.0,1.0
0.25,0.525,0.1111111111111111,0.0,0.1785641173248662,0.0,0.3333333333333333
0.25,0.475,0.3333333333333333,0.3065735963827292,0.3065735963827292,0.5,0.5
0.25,0.6333333333333333,0.1666666666666666,0.0,0.2184074368181641,0.0,0.5
0.25,0.0,0.25,0.430676558073393,0.430676558073393,1.0,1.0
0.25,0.2631578947368421,0.0666666666666666,0.0,0.0,0.0,0.0
0.25,1.0,1.0,1.0,1.0,1.0,1.0
0.25,0.0,0.3333333333333333,0.5,0.5,1.0,1.0
0.25,0.0,0.5,0.6309297535714575,0.6309297535714575,1.0,1.0
0.25,0.4611111111111111,1.0,0.4692787260227564,0.4692787260227564,0.3333333333333333,0.3333333333333333
0.25,0.5769230769230769,0.5,0.3868528072345416,0.3868528072345416,0.5,0.5
0.25,0.5975452196382429,0.1666666666666666,0.0,0.142019057177627,0.0,0.1666666666666666
0.25,0.671875,0.1,0.0,0.1772392867840477,0.0,0.5
0.25,0.8571428571428572,0.5,0.6309297535714575,0.6309297535714575,1.0,1.0
0.25,0.5082972582972582,0.1111111111111111,0.0,0.1298750116533407,0.0,0.1428571428571428
0.25,0.578125,0.25,0.1460683498427064,0.1820533310616658,0.125,0.25
0.25,0.7833333333333333,0.0714285714285714,0.0,0.0,0.0,0.0
0.25,0.0416666666666666,0.0416666666666666,0.0,0.0,0.0,0.0
0.25,0.5232558139534884,0.0476190476190476,0.0,0.0,0.0,0.0
0.25,0.4193548387096774,0.0769230769230769,0.0,0.0,0.0,0.0
0.25,0.9090909090909092,0.5,0.6309297535714575,0.6309297535714575,1.0,1.0
0.25,1.0,1.0,1.0,1.0,1.0,1.0
0.25,0.5418719211822659,0.125,0.0,0.1661709079268871,0.0,0.2857142857142857
0.25,0.6987951807228916,0.2,0.1510196182278052,0.2685357229842324,0.25,0.5
0.25,0.5,0.0833333333333333,0.0,0.0,0.0,0.0
0.25,0.6322751322751323,0.125,0.0,0.0867138284941197,0.0,0.1428571428571428
0.25,0.4583333333333333,0.5,0.3973220069685352,0.3973220069685352,0.5,0.5
0.25,0.4978813559322034,0.1,0.0,0.0731168384439099,0.0,0.125
0.25,0.9333333333333332,0.5,0.6309297535714575,0.6309297535714575,1.0,1.0
0.25,0.671875,0.1111111111111111,0.0,0.2769189462922768,0.0,0.6666666666666666
0.25,0.5555555555555556,0.25,0.2021073465005475,0.3692678014667498,0.3333333333333333,0.6666666666666666
0.25,0.625,0.3333333333333333,0.3065735963827292,0.4911492931622974,0.5,1.0
0.25,0.6922462030375699,0.2,0.1312050775123417,0.0909280306189788,0.1111111111111111,0.1111111111111111
0.25,0.1666666666666666,0.0625,0.0,0.0,0.0,0.0
0.25,0.0,0.0833333333333333,0.0,0.0,0.0,0.0
0.25,0.3333333333333333,0.3333333333333333,0.5,0.5,1.0,1.0
0.25,0.3679245283018868,0.0181818181818181,0.0,0.0,0.0,0.0
0.25,0.65625,1.0,0.5855700749881525,0.7246262544989281,0.5,0.75
0.25,0.5714285714285714,0.1666666666666666,0.0,0.2184074368181641,0.0,0.5
0.25,0.4833984375,1.0,0.3391602052736161,0.2529427027676571,0.125,0.125
0.25,0.6222222222222222,0.5,0.2960819109658652,0.4373488838256942,0.3333333333333333,0.6666666666666666
0.25,0.75,1.0,0.6131471927654584,0.8315546295836225,0.5,1.0
0.25,0.3333333333333333,0.3333333333333333,0.5,0.5,1.0,1.0
0.25,0.4375,0.1428571428571428,0.0,0.2043823975884861,0.0,0.5
0.25,0.6243386243386243,0.0526315789473684,0.0,0.0,0.0,0.0
0.25,1.0,1.0,1.0,1.0,1.0,1.0
0.25,0.4666666666666667,0.0909090909090909,0.0,0.0,0.0,0.0
0.25,0.7756696428571429,1.0,0.6548086577531307,0.4883505467692415,0.375,0.375
0.25,0.3726415094339622,0.0344827586206896,0.0,0.0,0.0,0.0
0.25,0.5625,0.25,0.2640681225725909,0.482475559390755,0.5,1.0
0.25,0.6818181818181819,0.1666666666666666,0.0,0.0783982689786753,0.0,0.0909090909090909
0.25,0.8600000000000001,0.3333333333333333,0.3065735963827292,0.5109559939712153,0.5,1.0
0.25,0.4402173913043478,0.0909090909090909,0.0,0.0,0.0,0.0
0.25,0.8958333333333334,0.2,0.2371977127692962,0.430624116386567,0.5,1.0
0.25,0.4802919708029197,0.1111111111111111,0.0,0.1020973951229116,0.0,0.2
0.25,0.4745762711864407,0.0526315789473684,0.0,0.0,0.0,0.0
0.25,0.5297619047619047,0.0714285714285714,0.0,0.0,0.0,0.0
0.25,0.6956521739130435,1.0,0.4692787260227564,0.4692787260227564,0.3333333333333333,0.3333333333333333
0.25,0.4166666666666667,0.0769230769230769,0.0,0.0,0.0,0.0
0.25,0.578525641025641,0.0769230769230769,0.0,0.0,0.0,0.0
0.25,0.6666666666666667,0.5,0.6309297535714575,0.6309297535714575,1.0,1.0
0.25,0.5,0.0625,0.0,0.0,0.0,0.0
0.25,0.5,0.1111111111111111,0.0,0.3010299956639812,0.0,1.0
0.25,0.5416666666666667,0.3333333333333333,0.3065735963827292,0.3065735963827292,0.5,0.5
0.25,0.6,1.0,0.3391602052736161,0.3936948167222715,0.1666666666666666,0.3333333333333333
0.25,0.8181818181818181,0.3333333333333333,0.5,0.5,1.0,1.0
0.25,0.5677966101694916,0.04,0.0,0.0,0.0,0.0
0.25,0.2916666666666667,0.0172413793103448,0.0,0.0,0.0,0.0
0.25,0.1818181818181817,0.1,0.0,0.2890648263178879,0.0,1.0
0.25,0.4722222222222222,0.05,0.0,0.0,0.0,0.0
0.25,1.0,1.0,1.0,1.0,1.0,1.0
0.25,0.875,0.5,0.6309297535714575,0.6309297535714575,1.0,1.0
0.25,1.0,1.0,1.0,1.0,1.0,1.0
0.25,0.125,0.0666666666666666,0.0,0.0,0.0,0.0
0.25,0.36875,0.0476190476190476,0.0,0.0,0.0,0.0
0.25,0.5391705069124424,0.0769230769230769,0.0,0.0,0.0,0.0
0.25,0.7462121212121211,0.2,0.1510196182278052,0.1510196182278052,0.25,0.25
0.25,0.4545454545454546,0.0526315789473684,0.0,0.0,0.0,0.0
0.25,0.4983606557377049,0.2,0.1312050775123417,0.1312050775123417,0.2,0.2
0.25,0.5841924398625429,0.1666666666666666,0.0,0.2032495876139783,0.0,0.3333333333333333
0.25,0.8083333333333335,0.1428571428571428,0.0,0.1564262420075854,0.0,0.3333333333333333
0.25,1.0,1.0,1.0,1.0,1.0,1.0
0.25,0.9,0.5,0.6309297535714575,0.6309297535714575,1.0,1.0
0.25,0.4736842105263158,0.0909090909090909,0.0,0.0,0.0,0.0
0.25,0.6617647058823528,0.5,0.24630238874073,0.24630238874073,0.25,0.25
0.25,0.7777777777777778,0.3333333333333333,0.5,0.5,1.0,1.0
0.25,0.5,0.027027027027027,0.0,0.0,0.0,0.0
0.25,0.5245098039215687,0.0526315789473684,0.0,0.0,0.0,0.0
0.25,0.8,1.0,0.6131471927654584,0.8065735963827293,0.5,1.0
0.25,0.7272727272727273,0.3333333333333333,0.3065735963827292,0.3065735963827292,0.5,0.5
0.25,0.3527777777777778,0.1428571428571428,0.0,0.0783485164714951,0.0,0.1111111111111111
0.25,0.8295454545454545,0.1428571428571428,0.0,0.2043823975884861,0.0,0.5
0.25,0.7069672131147541,0.2,0.1510196182278052,0.1510196182278052,0.25,0.25
0.25,0.6363636363636364,0.2,0.3868528072345416,0.3868528072345416,1.0,1.0
0.25,0.606060606060606,1.0,0.4692787260227564,0.6257049680303419,0.3333333333333333,0.6666666666666666
0.25,0.4976415094339623,0.5,0.2139862647345275,0.2327059155688063,0.125,0.25
0.25,0.5229885057471264,0.0909090909090909,0.0,0.0,0.0,0.0
0.25,0.38,0.03125,0.0,0.0,0.0,0.0
0.25,0.5154639175257731,0.0454545454545454,0.0,0.0,0.0,0.0
0.25,0.5657894736842105,0.1,0.0,0.1128451413489352,0.0,0.25
0.25,1.0,1.0,1.0,1.0,1.0,1.0
0.25,0.6717948717948717,1.0,0.3391602052736161,0.4522136070314881,0.2,0.4
0.25,0.5664893617021276,0.0909090909090909,0.0,0.0,0.0,0.0
0.25,0.3186274509803921,0.0196078431372549,0.0,0.0,0.0,0.0
0.25,1.0,1.0,1.0,1.0,1.0,1.0
0.25,0.7727272727272727,0.125,0.0,0.3706656904013186,0.0,1.0
0.25,0.1902985074626866,0.0192307692307692,0.0,0.0,0.0,0.0
0.25,0.6208333333333332,0.1111111111111111,0.0,0.1412669728598289,0.0,0.3333333333333333
0.25,0.6666666666666666,0.0454545454545454,0.0,0.0,0.0,0.0
0.25,0.4861111111111111,0.1111111111111111,0.0,0.1412669728598289,0.0,0.3333333333333333
0.25,0.6367924528301887,0.1666666666666666,0.0,0.1390561795107756,0.0,0.25
0.25,0.4301075268817204,0.0555555555555555,0.0,0.0,0.0,0.0
0.25,0.4821428571428571,1.0,0.3903800499921017,0.3903800499921017,0.25,0.25
0.25,0.8663934426229509,0.2,0.1312050775123417,0.1635413866202963,0.1,0.2
0.25,1.0,1.0,1.0,1.0,1.0,1.0
0.25,0.8780487804878049,0.1666666666666666,0.0,0.3562071871080222,0.0,1.0
0.25,0.8888888888888888,0.3333333333333333,0.5,0.5,1.0,1.0
0.25,0.5043290043290043,0.1428571428571428,0.0,0.0783485164714951,0.0,0.1111111111111111
0.25,0.82,0.25,0.2640681225725909,0.4574945261898616,0.5,1.0
0.25,0.4479166666666666,0.0666666666666666,0.0,0.0,0.0,0.0
0.25,0.6578947368421053,1.0,0.3391602052736161,0.3628869103342174,0.0909090909090909,0.2727272727272727
0.25,0.6015748031496063,0.05,0.0,0.0,0.0,0.0
0.25,0.0208333333333333,0.0416666666666666,0.0,0.0,0.0,0.0
0.25,0.4047619047619047,0.0434782608695652,0.0,0.0,0.0,0.0
0.25,0.7777777777777778,0.25,0.1681275362711174,0.4157703243582452,0.25,0.75
0.25,0.0,0.5,0.6309297535714575,0.6309297535714575,1.0,1.0
0.25,0.561624649859944,0.1428571428571428,0.0,0.0916254443047636,0.0,0.1428571428571428
0.25,0.0,0.0769230769230769,0.0,0.0,0.0,0.0
0.25,0.6122448979591837,0.0769230769230769,0.0,0.0,0.0,0.0
0.25,0.5405405405405406,0.0625,0.0,0.0,0.0,0.0
0.25,0.7142857142857143,0.3333333333333333,0.5,0.5,1.0,1.0
0.25,0.9411764705882352,1.0,0.8772153153380493,0.8772153153380493,1.0,1.0
0.25,0.8636363636363636,0.25,0.430676558073393,0.430676558073393,1.0,1.0
0.25,0.967741935483871,0.5,0.6309297535714575,0.6309297535714575,1.0,1.0
0.25,0.9333333333333332,0.25,0.2640681225725909,0.448643819352159,0.5,1.0
0.25,0.6413043478260869,0.2,0.2371977127692962,0.2371977127692962,0.5,0.5
0.25,0.6084905660377359,0.0769230769230769,0.0,0.0,0.0,0.0
0.25,0.5,0.0588235294117647,0.0,0.0,0.0,0.0
0.25,0.5714285714285714,0.1428571428571428,0.0,0.3333333333333333,0.0,1.0
0.25,0.1929824561403508,0.0833333333333333,0.0,0.0,0.0,0.0
0.25,0.7142857142857143,0.125,0.0,0.1934264036172708,0.0,0.5
0.25,0.5689655172413793,0.0384615384615384,0.0,0.0,0.0,0.0
0.25,0.6666666666666667,0.125,0.0,0.3154648767857287,0.0,1.0
0.25,0.4925373134328358,0.0285714285714285,0.0,0.0,0.0,0.0
0.25,0.4958333333333333,0.25,0.2772734273550482,0.1799314820111717,0.074074074074074,0.074074074074074
0.25,0.8870967741935484,0.25,0.2640681225725909,0.482475559390755,0.5,1.0
0.25,0.2439024390243902,0.0344827586206896,0.0,0.0,0.0,0.0
0.25,0.4054054054054054,0.0588235294117647,0.0,0.0,0.0,0.0
0.25,0.5813953488372093,0.1111111111111111,0.0,0.1412669728598289,0.0,0.3333333333333333
0.25,0.6940035273368607,0.25,0.1460683498427064,0.2257841989998379,0.1666666666666666,0.3333333333333333
0.25,0.8306451612903226,0.0454545454545454,0.0,0.0,0.0,0.0
0.25,0.2258064516129032,0.0454545454545454,0.0,0.0,0.0,0.0
0.25,0.5882352941176471,0.0555555555555555,0.0,0.0,0.0,0.0
0.25,0.4373333333333333,0.0158730158730158,0.0,0.0,0.0,0.0
0.25,1.0,1.0,1.0,1.0,1.0,1.0
0.25,0.7777777777777777,0.0833333333333333,0.0,0.0,0.0,0.0
0.25,0.4583333333333333,0.25,0.2021073465005475,0.2021073465005475,0.3333333333333333,0.3333333333333333
0.25,0.8,0.5,0.3835663673713356,0.5043776700708298,0.4,0.6
0.25,0.7647058823529411,0.1428571428571428,0.0,0.1301266833307005,0.0,0.25
0.25,0.4240196078431372,0.0232558139534883,0.0,0.0,0.0,0.0
0.25,0.717948717948718,0.2,0.1815417925373526,0.1815417925373526,0.3333333333333333,0.3333333333333333
0.25,0.9523809523809524,1.0,0.8772153153380493,0.8772153153380493,1.0,1.0
0.25,0.984126984126984,0.5,0.6309297535714575,0.6309297535714575,1.0,1.0
0.25,0.9545454545454546,0.5,0.6309297535714575,0.6309297535714575,1.0,1.0
0.25,0.35,0.0714285714285714,0.0,0.0,0.0,0.0
0.25,0.7272727272727273,0.1428571428571428,0.0,0.3333333333333333,0.0,1.0
0.25,0.875,0.25,0.430676558073393,0.430676558073393,1.0,1.0
0.25,0.5740740740740741,0.2,0.2371977127692962,0.2371977127692962,0.5,0.5
0.25,0.0921985815602837,0.0085470085470085,0.0,0.0,0.0,0.0
0.25,0.1931818181818181,0.0181818181818181,0.0,0.0,0.0,0.0
0.25,0.5662650602409639,0.0526315789473684,0.0,0.0,0.0,0.0
0.25,0.4888888888888889,0.05,0.0,0.0,0.0,0.0
0.25,0.8738738738738738,1.0,0.4692787260227564,0.4692787260227564,0.3333333333333333,0.3333333333333333
0.25,0.6,0.3333333333333333,0.5,0.5,1.0,1.0
0.25,0.75,0.5,0.2960819109658652,0.2960819109658652,0.3333333333333333,0.3333333333333333
0.25,0.3939393939393939,0.0384615384615384,0.0,0.0,0.0,0.0
0.25,0.5,0.0666666666666666,0.0,0.0,0.0,0.0
0.25,0.783132530120482,0.5,0.2960819109658652,0.2960819109658652,0.3333333333333333,0.3333333333333333
0.25,0.35,0.0909090909090909,0.0,0.0,0.0,0.0
0.25,0.5385057471264368,0.0277777777777777,0.0,0.0,0.0,0.0
0.25,0.375,0.0625,0.0,0.0,0.0,0.0
0.25,0.52,0.1428571428571428,0.0,0.2043823975884861,0.0,0.5
0.25,0.375,0.0666666666666666,0.0,0.0,0.0,0.0
0.25,0.4285714285714286,0.2,0.3868528072345416,0.3868528072345416,1.0,1.0
0.25,0.2888888888888888,0.0147058823529411,0.0,0.0,0.0,0.0
0.25,0.3,0.0238095238095238,0.0,0.0,0.0,0.0
0.25,1.0,1.0,1.0,1.0,1.0,1.0
0.25,0.7017543859649124,0.25,0.1681275362711174,0.1681275362711174,0.25,0.25
0.25,0.9384615384615383,0.2,0.3868528072345416,0.3868528072345416,1.0,1.0
0.25,0.3874999999999999,0.5,0.2960819109658652,0.2960819109658652,0.3333333333333333,0.3333333333333333
0.25,0.6190476190476191,0.25,0.2021073465005475,0.2021073465005475,0.3333333333333333,0.3333333333333333
0.25,0.74212271973466,0.3333333333333333,0.169580102636808,0.2012476887064361,0.1111111111111111,0.2222222222222222
0.25,0.5,0.0666666666666666,0.0,0.0,0.0,0.0
0.25,0.5857142857142857,0.5,0.2139862647345275,0.2713405823382072,0.1428571428571428,0.2857142857142857
0.25,0.6666666666666667,0.5,0.6309297535714575,0.6309297535714575,1.0,1.0
0.25,0.4137931034482759,0.0555555555555555,0.0,0.0,0.0,0.0
0.25,0.3765432098765432,0.0833333333333333,0.0,0.0,0.0,0.0
0.25,0.6264367816091955,0.125,0.0,0.1934264036172708,0.0,0.5
0.25,0.7916666666666666,0.1666666666666666,0.0,0.3562071871080222,0.0,1.0
0.25,0.4187763713080168,0.0454545454545454,0.0,0.0,0.0,0.0
0.25,0.1923076923076923,0.0434782608695652,0.0,0.0,0.0,0.0
0.25,0.5,0.25,0.430676558073393,0.430676558073393,1.0,1.0
0.25,0.6481481481481481,0.5,0.3868528072345416,0.3868528072345416,0.5,0.5
0.25,0.2754820936639118,0.0126582278481012,0.0,0.0,0.0,0.0
0.25,0.5,0.2,0.1815417925373526,0.1815417925373526,0.3333333333333333,0.3333333333333333
0.25,0.6303418803418803,0.25,0.1681275362711174,0.1681275362711174,0.25,0.25
0.25,0.3775100401606426,0.024390243902439,0.0,0.0,0.0,0.0
0.25,0.4583333333333333,0.1428571428571428,0.0,0.3889580943680543,0.0,1.0
0.25,0.7678571428571429,0.25,0.2640681225725909,0.2640681225725909,0.5,0.5
0.25,1.0,1.0,1.0,1.0,1.0,1.0
0.25,0.6586538461538461,1.0,0.4703652827859579,0.4305888359652657,0.25,0.375
0.25,0.6666666666666667,0.2,0.3868528072345416,0.3868528072345416,1.0,1.0
0.25,0.9375,0.2,0.2371977127692962,0.2371977127692962,0.5,0.5
0.25,0.4565217391304348,0.25,0.1681275362711174,0.1681275362711174,0.25,0.25
0.25,0.2727272727272727,0.1428571428571428,0.0,0.2043823975884861,0.0,0.5
0.25,0.6203271028037383,0.125,0.0,0.0797945385624481,0.0,0.125
0.25,0.5094339622641509,1.0,0.3391602052736161,0.3391602052736161,0.2,0.2
0.25,0.0,0.1428571428571428,0.0,0.3333333333333333,0.0,1.0
0.25,0.3333333333333333,0.1428571428571428,0.0,0.3333333333333333,0.0,1.0
0.25,0.4019607843137255,0.0666666666666666,0.0,0.0,0.0,0.0
0.25,0.5284090909090908,0.25,0.1460683498427064,0.2663675653175515,0.125,0.375
0.25,0.6749999999999999,1.0,0.3903800499921017,0.5294362295028773,0.25,0.5
0.25,0.6470588235294117,0.0526315789473684,0.0,0.0,0.0,0.0
0.25,0.5255102040816326,0.3333333333333333,0.169580102636808,0.1374381664571454,0.1428571428571428,0.1428571428571428
0.25,0.25,0.1428571428571428,0.0,0.3333333333333333,0.0,1.0
0.25,0.6111111111111112,1.0,0.6131471927654584,0.6131471927654584,0.5,0.5
0.25,0.592,0.0769230769230769,0.0,0.0,0.0,0.0
0.25,0.6911764705882354,0.0714285714285714,0.0,0.0,0.0,0.0
0.25,0.6666666666666667,0.3333333333333333,0.5,0.5,1.0,1.0
0.25,0.922279792746114,0.0833333333333333,0.0,0.0,0.0,0.0
0.25,0.7222222222222222,0.5,0.2139862647345275,0.2190529912912297,0.1111111111111111,0.2222222222222222
0.25,0.6590909090909091,0.0833333333333333,0.0,0.0,0.0,0.0
0.25,0.0,0.1428571428571428,0.0,0.3333333333333333,0.0,1.0
0.25,0.5121951219512195,0.25,0.2640681225725909,0.2640681225725909,0.5,0.5
0.25,0.6776315789473684,1.0,0.5087403079104241,0.3937584376460719,0.1052631578947368,0.1578947368421052
0.25,0.2916666666666666,0.0263157894736842,0.0,0.0,0.0,0.0
0.25,0.9117647058823528,0.5,0.4981892574664128,0.6394562303262419,0.6666666666666666,1.0
0.25,0.5614035087719298,0.1428571428571428,0.0,0.1564262420075854,0.0,0.3333333333333333
0.25,0.8141025641025641,1.0,0.4692787260227564,0.4692787260227564,0.3333333333333333,0.3333333333333333
0.25,0.7747252747252747,0.0238095238095238,0.0,0.0,0.0,0.0
0.25,0.4989010989010988,0.0454545454545454,0.0,0.0,0.0,0.0
0.25,0.3559782608695652,0.0277777777777777,0.0,0.0,0.0,0.0
0.25,0.678125,0.2,0.1312050775123417,0.252016380211836,0.2,0.4
0.25,0.7289719626168225,0.1666666666666666,0.0,0.2565722842672027,0.0,0.5
0.25,0.2719298245614035,0.1111111111111111,0.0,0.1412669728598289,0.0,0.3333333333333333
0.25,0.8630952380952381,0.5,0.4414924137367808,0.4414924137367808,0.5,0.5
0.25,0.1630434782608695,0.0256410256410256,0.0,0.0,0.0,0.0
0.25,0.831081081081081,0.1,0.0,0.1772392867840477,0.0,0.5
0.25,0.8921568627450981,1.0,0.4692787260227564,0.7720911544214064,0.3333333333333333,1.0
0.25,0.9743589743589745,1.0,0.7653606369886217,0.932521091954824,0.6666666666666666,1.0
0.25,0.9217391304347826,0.1,0.0,0.2890648263178879,0.0,1.0
0.25,0.4269005847953216,0.0555555555555555,0.0,0.0,0.0,0.0
0.25,0.4950980392156863,0.5,0.24630238874073,0.369453583111095,0.25,0.5
0.25,0.5885496183206107,0.0588235294117647,0.0,0.0,0.0,0.0
0.25,0.125,0.125,0.0,0.3154648767857287,0.0,1.0
0.25,0.5,1.0,0.6131471927654584,0.8175295903539445,0.5,1.0
0.25,0.8783068783068783,0.2,0.1815417925373526,0.3379680345449381,0.3333333333333333,0.6666666666666666
0.25,0.6630434782608695,0.5,0.4414924137367808,0.4414924137367808,0.5,0.5
0.25,0.5,0.125,0.0,0.3154648767857287,0.0,1.0
0.25,0.4981818181818182,0.1111111111111111,0.0,0.1020973951229116,0.0,0.2
0.25,0.4156976744186046,0.0769230769230769,0.0,0.0,0.0,0.0
0.25,0.298611111111111,0.0333333333333333,0.0,0.0,0.0,0.0
0.25,0.1666666666666666,0.1666666666666666,0.0,0.3562071871080222,0.0,1.0
0.25,0.592741935483871,0.0555555555555555,0.0,0.0,0.0,0.0
0.25,0.6060606060606061,0.1666666666666666,0.0,0.2184074368181641,0.0,0.5
0.25,1.0,1.0,1.0,1.0,1.0,1.0
0.25,0.5788288288288288,0.0833333333333333,0.0,0.0,0.0,0.0
0.25,0.8148148148148149,0.5,0.6797310500037655,0.6797310500037655,1.0,1.0
0.25,0.3482587064676617,0.024390243902439,0.0,0.0,0.0,0.0
0.25,0.3809523809523809,0.0714285714285714,0.0,0.0,0.0,0.0
0.25,0.7777777777777778,0.2,0.3868528072345416,0.3868528072345416,1.0,1.0
0.25,0.6078431372549019,0.1428571428571428,0.0,0.1301266833307005,0.0,0.25
0.25,0.6875,0.1666666666666666,0.0,0.3562071871080222,0.0,1.0
0.25,0.8642857142857143,0.1428571428571428,0.0,0.1301266833307005,0.0,0.25
0.25,0.8481203007518797,1.0,0.7227265726449519,0.6684881776649958,0.4285714285714285,0.5714285714285714
0.25,0.3333333333333333,0.1428571428571428,0.0,0.3333333333333333,0.0,1.0
0.25,0.4655172413793103,0.1666666666666666,0.0,0.2184074368181641,0.0,0.5
0.25,0.9285714285714284,0.5,0.3868528072345416,0.5912352048230277,0.5,1.0
0.25,0.6324324324324324,0.5,0.2139862647345275,0.3160836598574392,0.2,0.4
0.25,0.5909090909090908,0.1,0.0,0.2890648263178879,0.0,1.0
0.25,0.1372549019607842,0.0222222222222222,0.0,0.0,0.0,0.0
0.25,0.5254901960784314,0.0357142857142857,0.0,0.0,0.0,0.0
0.25,0.6048699501936912,0.1428571428571428,0.0,0.07336392209936,0.0,0.0769230769230769
0.25,0.6027568922305765,0.1111111111111111,0.0,0.066254223454389,0.0,0.0714285714285714
0.25,0.4131944444444444,0.0476190476190476,0.0,0.0,0.0,0.0
0.25,0.9333333333333332,0.5,0.4912596920895758,0.6043130938474478,0.6,0.8
0.25,0.698019801980198,0.0769230769230769,0.0,0.0,0.0,0.0
0.25,0.5388888888888889,0.1666666666666666,0.0,0.1208113026994942,0.0,0.2
0.25,0.4864197530864197,0.0625,0.0,0.0,0.0,0.0
0.25,0.5805084745762713,0.1111111111111111,0.0,0.066254223454389,0.0,0.1
0.25,0.7,0.25,0.430676558073393,0.430676558073393,1.0,1.0
0.25,0.6511627906976745,0.3333333333333333,0.3065735963827292,0.3065735963827292,0.5,0.5
0.25,0.5625,0.25,0.2640681225725909,0.482475559390755,0.5,1.0
0.25,0.6607142857142857,0.125,0.0,0.1934264036172708,0.0,0.5
0.25,0.6666666666666667,0.3333333333333333,0.5,0.5,1.0,1.0
0.25,0.5593750000000001,0.024390243902439,0.0,0.0,0.0,0.0
0.25,0.6071428571428572,0.2,0.1815417925373526,0.1815417925373526,0.3333333333333333,0.3333333333333333
0.25,0.875,1.0,0.8772153153380493,0.8772153153380493,1.0,1.0
0.25,0.4761904761904761,0.125,0.0,0.1934264036172708,0.0,0.5
0.25,0.4,0.1,0.0,0.2890648263178879,0.0,1.0
0.25,0.323943661971831,0.1,0.0,0.1128451413489352,0.0,0.25
0.25,0.4479166666666667,0.0526315789473684,0.0,0.0,0.0,0.0
0.25,0.7051282051282052,0.1666666666666666,0.0,0.1671604549662022,0.0,0.3333333333333333
0.25,0.2619047619047618,0.0555555555555555,0.0,0.0,0.0,0.0
0.25,0.3846153846153846,0.1111111111111111,0.0,0.3010299956639812,0.0,1.0
0.25,0.75,0.1428571428571428,0.0,0.3333333333333333,0.0,1.0
0.25,0.5868544600938967,0.25,0.2021073465005475,0.2021073465005475,0.3333333333333333,0.3333333333333333
0.25,0.8833333333333333,0.25,0.3836491390379002,0.3836491390379002,0.6666666666666666,0.6666666666666666
0.25,0.4894578313253012,0.5,0.24630238874073,0.24630238874073,0.25,0.25
0.25,0.5852272727272727,0.1666666666666666,0.0,0.2691828628414762,0.0,0.5
0.25,0.6250000000000001,0.0588235294117647,0.0,0.0,0.0,0.0
0.25,0.75,0.3333333333333333,0.169580102636808,0.169580102636808,0.2,0.2
0.25,0.3275862068965517,0.0384615384615384,0.0,0.0,0.0,0.0
0.25,0.129251700680272,0.0294117647058823,0.0,0.0,0.0,0.0
0.25,0.695,0.3333333333333333,0.1951900249960508,0.3342462045068264,0.25,0.5
0.25,0.6236842105263158,0.25,0.1681275362711174,0.1681275362711174,0.25,0.25
0.25,0.6799999999999999,0.1111111111111111,0.0,0.3010299956639812,0.0,1.0
0.25,0.6442307692307693,0.2,0.1510196182278052,0.1510196182278052,0.25,0.25
0.25,0.4683544303797469,0.0232558139534883,0.0,0.0,0.0,0.0
0.25,0.7352941176470589,0.3333333333333333,0.3065735963827292,0.3065735963827292,0.5,0.5
0.25,0.04,0.0082644628099173,0.0,0.0,0.0,0.0
0.25,0.8875000000000001,1.0,0.6131471927654584,0.6131471927654584,0.5,0.5
0.25,0.7466666666666666,0.25,0.2021073465005475,0.2021073465005475,0.3333333333333333,0.3333333333333333
0.25,0.5245901639344261,1.0,0.3391602052736161,0.3391602052736161,0.2,0.2
0.25,0.5833333333333333,0.5,0.2960819109658652,0.5730008572581421,0.3333333333333333,1.0
0.25,0.5151515151515151,0.0588235294117647,0.0,0.0,0.0,0.0
0.25,0.5466666666666666,0.125,0.0,0.123151194370365,0.0,0.25
0.25,0.616326530612245,1.0,0.4703652827859579,0.4703652827859579,0.4,0.4
0.25,0.6666666666666667,0.5,0.6309297535714575,0.6309297535714575,1.0,1.0
0.25,0.2254901960784313,0.032258064516129,0.0,0.0,0.0,0.0
0.25,0.4038461538461538,0.0588235294117647,0.0,0.0,0.0,0.0
0.25,0.5,1.0,0.6131471927654584,0.6131471927654584,0.5,0.5
0.25,1.0,1.0,1.0,1.0,1.0,1.0
0.25,0.5217391304347826,0.0833333333333333,0.0,0.0,0.0,0.0
0.25,0.6666666666666667,0.5,0.6309297535714575,0.6309297535714575,1.0,1.0
0.25,0.6166666666666667,0.1,0.0,0.1772392867840477,0.0,0.5
0.25,0.4702380952380952,0.03125,0.0,0.0,0.0,0.0
0.25,0.7768595041322314,0.2,0.1815417925373526,0.1815417925373526,0.3333333333333333,0.3333333333333333
0.25,0.8,0.1666666666666666,0.0,0.3562071871080222,0.0,1.0
0.25,0.5625,0.1428571428571428,0.0,0.2043823975884861,0.0,0.5
0.25,0.6822183098591549,0.2,0.1312050775123417,0.0978515946351604,0.125,0.125
0.25,0.7066666666666667,0.0434782608695652,0.0,0.0,0.0,0.0
0.25,1.0,1.0,1.0,1.0,1.0,1.0
0.25,0.8,1.0,0.8772153153380493,0.8772153153380493,1.0,1.0
0.25,0.8732394366197184,0.1,0.0,0.2890648263178879,0.0,1.0
0.25,0.5760869565217391,0.1428571428571428,0.0,0.2043823975884861,0.0,0.5
0.25,0.9212121212121211,1.0,0.6713860725233041,0.6713860725233041,0.6666666666666666,0.6666666666666666
0.25,0.9473684210526316,0.5,0.6934264036172708,0.6934264036172708,1.0,1.0
0.25,0.5945945945945945,0.0625,0.0,0.0,0.0,0.0
0.25,0.34375,0.0909090909090909,0.0,0.0,0.0,0.0
0.25,0.5032520325203251,0.0454545454545454,0.0,0.0,0.0,0.0
0.25,1.0,1.0,1.0,1.0,1.0,1.0
0.25,0.492063492063492,0.1666666666666666,0.0,0.1671604549662022,0.0,0.3333333333333333
0.25,0.6904761904761905,0.0714285714285714,0.0,0.0,0.0,0.0
0.25,0.75,0.5,0.6934264036172708,0.6934264036172708,1.0,1.0
0.25,0.7575757575757576,0.0909090909090909,0.0,0.0,0.0,0.0
0.25,0.6052227342549923,0.0434782608695652,0.0,0.0,0.0,0.0
0.25,1.0,1.0,1.0,1.0,1.0,1.0
0.25,0.0,0.5,0.6309297535714575,0.6309297535714575,1.0,1.0
0.25,0.6428571428571428,0.1666666666666666,0.0,0.3562071871080222,0.0,1.0
0.25,0.6153846153846154,0.0833333333333333,0.0,0.0,0.0,0.0
0.25,0.40625,0.0333333333333333,0.0,0.0,0.0,0.0
0.25,0.7192982456140351,1.0,0.6713860725233041,0.6713860725233041,0.6666666666666666,0.6666666666666666
0.25,0.5150375939849624,0.1666666666666666,0.0,0.0979129253499678,0.0,0.1428571428571428
0.25,0.7934782608695652,0.1,0.0,0.1772392867840477,0.0,0.5
0.25,0.425925925925926,0.0909090909090909,0.0,0.0,0.0,0.0
0.25,0.4,0.04,0.0,0.0,0.0,0.0
0.25,1.0,1.0,1.0,1.0,1.0,1.0
0.25,1.0,1.0,1.0,1.0,1.0,1.0
0.25,0.7549019607843137,0.0909090909090909,0.0,0.0,0.0,0.0
0.25,0.4347826086956522,0.0714285714285714,0.0,0.0,0.0,0.0
0.25,0.1168831168831169,0.0144927536231884,0.0,0.0,0.0,0.0
0.25,0.4642857142857143,0.0303030303030303,0.0,0.0,0.0,0.0
0.25,0.4153846153846153,0.0384615384615384,0.0,0.0,0.0,0.0
0.25,0.7642276422764228,1.0,0.6843515475204855,0.6105858728157117,0.5,0.5
0.25,1.0,1.0,1.0,1.0,1.0,1.0
0.25,0.0,0.5,0.6309297535714575,0.6309297535714575,1.0,1.0
0.25,0.6944444444444444,0.25,0.2021073465005475,0.358533588508133,0.3333333333333333,0.6666666666666666
0.25,1.0,1.0,1.0,1.0,1.0,1.0
0.25,0.6805555555555555,0.3333333333333333,0.2346393630113782,0.3759063358712072,0.3333333333333333,0.6666666666666666
0.25,0.5606060606060606,0.5,0.4776237035032179,0.4776237035032179,0.6666666666666666,0.6666666666666666
0.25,0.064516129032258,0.037037037037037,0.0,0.0,0.0,0.0
0.25,0.589430894308943,0.04,0.0,0.0,0.0,0.0
0.25,0.8666666666666667,1.0,0.5531464700081437,0.7870111744655099,0.4,0.8
0.25,0.6463768115942029,0.1,0.0,0.098039285831357,0.0,0.2
0.25,0.586021505376344,0.2,0.1815417925373526,0.1815417925373526,0.3333333333333333,0.3333333333333333
0.25,0.8495726495726494,0.1111111111111111,0.0,0.1412669728598289,0.0,0.3333333333333333
0.25,0.3095238095238095,0.0357142857142857,0.0,0.0,0.0,0.0
0.25,0.5588235294117647,0.0625,0.0,0.0,0.0,0.0
0.25,0.696969696969697,0.3333333333333333,0.2346393630113782,0.558226059985166,0.3333333333333333,1.0
0.25,0.418348623853211,0.0833333333333333,0.0,0.0,0.0,0.0
0.25,0.5,0.3333333333333333,0.5,0.5,1.0,1.0
0.25,0.4958333333333333,0.05,0.0,0.0,0.0,0.0
0.25,0.6337209302325582,0.0769230769230769,0.0,0.0,0.0,0.0
0.25,0.5237341772151898,0.1428571428571428,0.0,0.1301266833307005,0.0,0.25
0.25,0.5285714285714286,0.0769230769230769,0.0,0.0,0.0,0.0
0.25,0.0,0.5,0.6309297535714575,0.6309297535714575,1.0,1.0
0.25,0.8122807017543859,0.1428571428571428,0.0,0.211092687589229,0.0,0.4
0.25,0.75,0.1428571428571428,0.0,0.3333333333333333,0.0,1.0
0.25,0.5864197530864197,0.0555555555555555,0.0,0.0,0.0,0.0
0.25,0.7886178861788617,0.1111111111111111,0.0,0.1412669728598289,0.0,0.3333333333333333
0.25,1.0,1.0,1.0,1.0,1.0,1.0
0.25,0.4102564102564102,0.0416666666666666,0.0,0.0,0.0,0.0
0.25,0.4455782312925169,0.0666666666666666,0.0,0.0,0.0,0.0
0.25,0.4827586206896551,0.0217391304347826,0.0,0.0,0.0,0.0
0.25,1.0,1.0,1.0,1.0,1.0,1.0
0.25,0.8181818181818181,0.3333333333333333,0.5,0.5,1.0,1.0
0.25,0.5,0.3333333333333333,0.5,0.5,1.0,1.0
0.25,0.1956521739130434,0.0125,0.0,0.0,0.0,0.0
0.25,0.5157894736842106,1.0,0.3391602052736161,0.4412576003965278,0.2,0.4
0.25,1.0,1.0,1.0,1.0,1.0,1.0
0.25,0.7582417582417583,1.0,0.4703652827859579,0.4791259392944885,0.2857142857142857,0.4285714285714285
0.25,0.5136054421768708,0.0588235294117647,0.0,0.0,0.0,0.0
0.25,0.8125,0.25,0.430676558073393,0.430676558073393,1.0,1.0
0.25,0.7358490566037736,0.1111111111111111,0.0,0.1845756967795681,0.0,0.5
0.25,0.7777777777777779,0.2,0.2371977127692962,0.2371977127692962,0.5,0.5
0.25,0.3958333333333333,0.2,0.1815417925373526,0.1815417925373526,0.3333333333333333,0.3333333333333333
0.25,0.5,0.125,0.0,0.3154648767857287,0.0,1.0
0.25,0.8617021276595744,0.2,0.2371977127692962,0.2371977127692962,0.5,0.5
0.25,0.4175824175824175,0.0185185185185185,0.0,0.0,0.0,0.0
0.25,0.6309523809523809,0.125,0.0,0.1480409554829326,0.0,0.3333333333333333
0.25,0.4901960784313725,0.0833333333333333,0.0,0.0,0.0,0.0
0.25,0.0,0.5,0.6309297535714575,0.6309297535714575,1.0,1.0
0.25,0.6162464985994398,0.0909090909090909,0.0,0.0,0.0,0.0
0.25,0.2,0.25,0.2640681225725909,0.4684505201610769,0.5,1.0
0.25,0.7135416666666666,0.1,0.0,0.1356519734324477,0.0,0.3333333333333333
0.25,0.6801643192488263,0.25,0.1460683498427064,0.1303237659103706,0.1666666666666666,0.1666666666666666
0.25,0.4155844155844156,0.0263157894736842,0.0,0.0,0.0,0.0
0.25,0.7413194444444444,1.0,0.5413996682199069,0.6804558477306826,0.5,0.75
0.25,0.631578947368421,0.2,0.2371977127692962,0.2371977127692962,0.5,0.5
0.25,0.9285714285714286,0.5,0.6309297535714575,0.6309297535714575,1.0,1.0
0.25,0.0,0.25,0.430676558073393,0.430676558073393,1.0,1.0
0.25,0.4230769230769231,0.0625,0.0,0.0,0.0,0.0
0.25,0.5233333333333333,0.125,0.0,0.0954604330894673,0.0,0.1666666666666666
0.25,0.3999999999999999,0.3333333333333333,0.3065735963827292,0.5249810332008933,0.5,1.0
0.25,0.4583333333333333,0.25,0.1460683498427064,0.2317730746678625,0.0833333333333333,0.25
0.25,0.6666666666666667,0.5,0.6309297535714575,0.6309297535714575,1.0,1.0
0.25,0.1999999999999999,0.2,0.3868528072345416,0.3868528072345416,1.0,1.0
0.25,0.5666666666666667,0.0714285714285714,0.0,0.0,0.0,0.0
0.25,0.2272727272727273,0.0555555555555555,0.0,0.0,0.0,0.0
0.25,0.0,0.0588235294117647,0.0,0.0,0.0,0.0
0.25,0.8,0.5,0.6309297535714575,0.6309297535714575,1.0,1.0
0.25,0.4193548387096774,0.027027027027027,0.0,0.0,0.0,0.0
0.25,0.5,0.1666666666666666,0.0,0.3562071871080222,0.0,1.0
0.25,0.7058823529411764,0.1666666666666666,0.0,0.3562071871080222,0.0,1.0
0.25,0.4666666666666667,0.1111111111111111,0.0,0.3618149835636159,0.0,1.0
0.25,0.6359649122807017,0.2,0.1312050775123417,0.0978515946351604,0.125,0.125
0.25,0.5,0.0666666666666666,0.0,0.0,0.0,0.0
0.25,0.6412213740458015,0.0208333333333333,0.0,0.0,0.0,0.0
0.25,0.9444444444444444,0.3333333333333333,0.5,0.5,1.0,1.0
0.25,0.7154471544715447,1.0,0.6508205185601091,0.6508205185601091,0.6666666666666666,0.6666666666666666
0.25,0.90625,0.1666666666666666,0.0,0.4029831335977323,0.0,1.0
0.25,0.5081300813008129,0.0285714285714285,0.0,0.0,0.0,0.0
0.25,0.8636363636363636,0.25,0.430676558073393,0.430676558073393,1.0,1.0
0.25,0.9047619047619048,0.3333333333333333,0.5,0.5,1.0,1.0
0.25,0.2971887550200803,0.0294117647058823,0.0,0.0,0.0,0.0
0.25,0.7586206896551724,0.05,0.0,0.0,0.0,0.0
0.25,0.5217391304347826,0.1,0.0,0.1772392867840477,0.0,0.5
0.25,0.3333333333333333,0.3333333333333333,0.5,0.5,1.0,1.0
0.25,0.0,0.0227272727272727,0.0,0.0,0.0,0.0
0.25,0.9,1.0,0.8772153153380493,0.8772153153380493,1.0,1.0
0.25,0.6351351351351352,0.0454545454545454,0.0,0.0,0.0,0.0
0.25,0.925925925925926,0.3333333333333333,0.5,0.5,1.0,1.0
0.25,0.4293478260869565,0.0217391304347826,0.0,0.0,0.0,0.0
0.25,0.4594594594594595,0.05,0.0,0.0,0.0,0.0
0.25,0.46875,0.0555555555555555,0.0,0.0,0.0,0.0
0.25,0.5,0.5,0.6309297535714575,0.6309297535714575,1.0,1.0
0.25,0.6381578947368421,0.0833333333333333,0.0,0.0,0.0,0.0
0.25,0.8,0.0454545454545454,0.0,0.0,0.0,0.0
0.25,0.4558704453441295,0.03125,0.0,0.0,0.0,0.0
0.25,0.9117647058823528,0.1,0.0,0.1772392867840477,0.0,0.5
0.25,0.1666666666666666,0.1666666666666666,0.0,0.3562071871080222,0.0,1.0
0.25,0.5241935483870968,0.037037037037037,0.0,0.0,0.0,0.0
0.25,0.2833333333333333,0.0227272727272727,0.0,0.0,0.0,0.0
0.25,0.6666666666666667,0.5,0.6309297535714575,0.6309297535714575,1.0,1.0
0.25,0.5344827586206896,0.0454545454545454,0.0,0.0,0.0,0.0
0.25,0.7282051282051281,0.1428571428571428,0.0,0.2976932148674144,0.0,0.6666666666666666
0.25,0.53125,1.0,0.6131471927654584,0.6131471927654584,0.5,0.5
0.25,0.4826666666666666,0.2,0.1312050775123417,0.1487639058405727,0.0666666666666666,0.1333333333333333
0.25,0.8095238095238095,0.2,0.3868528072345416,0.3868528072345416,1.0,1.0
0.25,0.6538461538461539,0.5,0.3868528072345416,0.3868528072345416,0.5,0.5
0.25,0.3090909090909091,0.0833333333333333,0.0,0.0,0.0,0.0
0.25,0.7037037037037037,0.1111111111111111,0.0,0.3010299956639812,0.0,1.0
0.25,0.3621323529411764,0.1666666666666666,0.0,0.0901000086523676,0.0,0.125
0.25,0.0,0.1666666666666666,0.0,0.3562071871080222,0.0,1.0
0.25,0.3720930232558139,0.0357142857142857,0.0,0.0,0.0,0.0
0.25,0.2380952380952381,0.0588235294117647,0.0,0.0,0.0,0.0
0.25,0.5588235294117647,0.0625,0.0,0.0,0.0,0.0
0.25,0.9166666666666666,0.3333333333333333,0.5,0.5,1.0,1.0
0.25,0.783625730994152,0.1666666666666666,0.0,0.1671604549662022,0.0,0.3333333333333333
0.25,0.5727272727272728,0.3333333333333333,0.169580102636808,0.169580102636808,0.2,0.2
0.25,0.5740740740740741,0.3333333333333333,0.1951900249960508,0.3342462045068264,0.25,0.5
0.25,0.7352941176470588,0.1,0.0,0.2890648263178879,0.0,1.0
0.25,0.6488970588235294,0.1666666666666666,0.0,0.2475310813521633,0.0,0.375
0.25,0.8825136612021858,0.5,0.2139862647345275,0.2820132694023927,0.1666666666666666,0.3333333333333333
0.25,0.6419753086419753,0.25,0.1460683498427064,0.1089364926177558,0.125,0.125
0.25,0.6259842519685039,0.0357142857142857,0.0,0.0,0.0,0.0
0.25,0.5637795275590551,0.3333333333333333,0.169580102636808,0.169580102636808,0.2,0.2
0.25,0.7083333333333333,0.0714285714285714,0.0,0.0,0.0,0.0
0.25,0.8333333333333334,0.2,0.3868528072345416,0.3868528072345416,1.0,1.0
0.25,0.4567307692307693,0.0192307692307692,0.0,0.0,0.0,0.0
0.25,0.8448275862068966,1.0,0.7095272044910244,0.7095272044910244,0.75,0.75
0.25,0.2954545454545454,0.0588235294117647,0.0,0.0,0.0,0.0
0.25,0.6097560975609756,0.0588235294117647,0.0,0.0,0.0,0.0
0.25,0.5680933852140078,0.0089285714285714,0.0,0.0,0.0,0.0
0.25,0.0588235294117647,0.0588235294117647,0.0,0.0,0.0,0.0
0.25,0.3999999999999999,0.2,0.2371977127692962,0.4144369995533439,0.5,1.0
0.25,0.8496732026143791,1.0,0.7653606369886217,0.7653606369886217,0.6666666666666666,0.6666666666666666
0.25,0.6666666666666667,0.5,0.6309297535714575,0.6309297535714575,1.0,1.0
0.25,0.625,0.1,0.0,0.0794570794327674,0.0,0.1428571428571428
0.25,0.2876712328767123,0.0188679245283018,0.0,0.0,0.0,0.0
0.25,0.6626506024096386,0.0526315789473684,0.0,0.0,0.0,0.0
0.25,0.3,0.3333333333333333,0.5,0.5,1.0,1.0
0.25,0.6050884955752212,0.125,0.0,0.0797945385624481,0.0,0.125
0.25,0.7446808510638299,0.1666666666666666,0.0,0.2184074368181641,0.0,0.5
0.25,0.6837606837606838,1.0,0.4703652827859579,0.5151254397262444,0.3333333333333333,0.5
0.25,0.3157894736842105,0.1,0.0,0.1772392867840477,0.0,0.5
0.25,0.5416666666666666,0.0714285714285714,0.0,0.0,0.0,0.0
0.25,0.9083333333333332,0.3333333333333333,0.4367467095119258,0.5723986829443736,0.6666666666666666,1.0
0.25,0.3245614035087719,0.0232558139534883,0.0,0.0,0.0,0.0
0.25,0.3125,0.1,0.0,0.1356519734324477,0.0,0.3333333333333333
0.25,0.25,0.1428571428571428,0.0,0.3333333333333333,0.0,1.0
0.25,0.4951219512195122,0.0714285714285714,0.0,0.0,0.0,0.0
0.25,0.7380952380952381,0.1428571428571428,0.0,0.0916254443047636,0.0,0.1428571428571428
0.25,0.3571428571428571,0.0526315789473684,0.0,0.0,0.0,0.0
0.25,0.5494186046511628,0.1111111111111111,0.0,0.1175161047564271,0.0,0.25
0.25,0.7912280701754386,0.0588235294117647,0.0,0.0,0.0,0.0
0.25,1.0,1.0,1.0,1.0,1.0,1.0
0.25,0.9090909090909092,0.5,0.6309297535714575,0.6309297535714575,1.0,1.0
0.25,0.9175257731958762,0.1111111111111111,0.0,0.3010299956639812,0.0,1.0
0.25,0.1470588235294118,0.0333333333333333,0.0,0.0,0.0,0.0
0.25,0.0999999999999999,0.1111111111111111,0.0,0.3010299956639812,0.0,1.0
0.25,0.4684873949579832,0.04,0.0,0.0,0.0,0.0
0.25,0.6031746031746033,0.0196078431372549,0.0,0.0,0.0,0.0
0.25,0.6666666666666667,0.5,0.6309297535714575,0.6309297535714575,1.0,1.0
0.25,0.5700000000000001,0.0227272727272727,0.0,0.0,0.0,0.0
0.25,0.7948717948717948,0.1111111111111111,0.0,0.3010299956639812,0.0,1.0
0.25,0.6727941176470589,0.25,0.1681275362711174,0.1681275362711174,0.25,0.25
0.25,0.5490196078431372,0.25,0.2021073465005475,0.2021073465005475,0.3333333333333333,0.3333333333333333
0.25,0.5361702127659576,0.1,0.0,0.098039285831357,0.0,0.2
0.25,0.925925925925926,0.3333333333333333,0.5,0.5,1.0,1.0
0.25,0.1025641025641025,0.0277777777777777,0.0,0.0,0.0,0.0
0.25,0.7948717948717948,0.1428571428571428,0.0,0.1564262420075854,0.0,0.3333333333333333
0.25,0.95,0.25,0.430676558073393,0.430676558073393,1.0,1.0
0.25,0.6296296296296297,0.125,0.0,0.2893079283427616,0.0,0.6666666666666666
0.25,0.6582633053221288,0.1111111111111111,0.0,0.1412669728598289,0.0,0.3333333333333333
0.25,0.9411764705882352,0.5,0.6309297535714575,0.6309297535714575,1.0,1.0
0.25,0.6567164179104478,0.0416666666666666,0.0,0.0,0.0,0.0
0.25,0.6,0.3333333333333333,0.5,0.5,1.0,1.0
0.25,0.8,0.25,0.430676558073393,0.430676558073393,1.0,1.0
0.25,0.3710691823899371,0.037037037037037,0.0,0.0,0.0,0.0
0.25,0.5853658536585367,0.3333333333333333,0.2346393630113782,0.2346393630113782,0.3333333333333333,0.3333333333333333
0.25,0.4576271186440678,0.0303030303030303,0.0,0.0,0.0,0.0
0.25,0.625,0.5,0.6509209298071326,0.6509209298071326,1.0,1.0
0.25,0.0769230769230769,0.0769230769230769,0.0,0.0,0.0,0.0
0.25,0.8160919540229885,0.3333333333333333,0.2346393630113782,0.511558309303655,0.3333333333333333,1.0
0.25,0.253731343283582,0.0227272727272727,0.0,0.0,0.0,0.0
0.25,0.7,1.0,0.8503449055347546,0.8503449055347546,1.0,1.0
0.25,0.6555555555555556,0.5,0.3868528072345416,0.3868528072345416,0.5,0.5
0.25,0.2979797979797979,0.0153846153846153,0.0,0.0,0.0,0.0
0.25,0.5172413793103448,0.0175438596491228,0.0,0.0,0.0,0.0
0.25,0.7225274725274725,0.1666666666666666,0.0,0.0901000086523676,0.0,0.125
0.25,0.2380952380952381,0.0588235294117647,0.0,0.0,0.0,0.0
0.25,0.1794871794871795,0.0303030303030303,0.0,0.0,0.0,0.0
0.25,0.5311111111111111,0.0454545454545454,0.0,0.0,0.0,0.0
0.25,0.3461538461538461,0.0833333333333333,0.0,0.0,0.0,0.0
0.25,0.12,0.05,0.0,0.0,0.0,0.0
0.25,0.6912442396313364,0.5,0.3835663673713356,0.3108658234453849,0.2857142857142857,0.2857142857142857
0.25,0.6944444444444444,0.0833333333333333,0.0,0.0,0.0,0.0
0.25,0.5555555555555556,0.1111111111111111,0.0,0.1845756967795681,0.0,0.5
0.25,0.6602316602316602,0.5,0.3835663673713356,0.3108658234453849,0.2857142857142857,0.2857142857142857
0.25,0.5151515151515151,0.0303030303030303,0.0,0.0,0.0,0.0
0.25,0.7941176470588236,0.0666666666666666,0.0,0.0,0.0,0.0
0.25,0.380952380952381,0.027027027027027,0.0,0.0,0.0,0.0
0.25,0.775,0.2,0.1510196182278052,0.407591902495008,0.25,0.75
0.25,0.8048780487804879,0.5,0.2960819109658652,0.2960819109658652,0.3333333333333333,0.3333333333333333
0.25,0.6325757575757576,0.125,0.0,0.1480409554829326,0.0,0.3333333333333333
0.25,0.2620967741935484,0.0135135135135135,0.0,0.0,0.0,0.0
0.25,0.8109756097560975,0.2,0.1510196182278052,0.2741708125981702,0.25,0.5
0.25,0.6625,0.0909090909090909,0.0,0.0,0.0,0.0
0.25,0.696236559139785,0.3333333333333333,0.3065735963827292,0.3065735963827292,0.5,0.5
0.25,0.8695652173913043,1.0,0.6131471927654584,0.8065735963827293,0.5,1.0
0.25,1.0,1.0,1.0,1.0,1.0,1.0
0.25,0.326530612244898,0.0294117647058823,0.0,0.0,0.0,0.0
0.25,0.5571428571428572,0.0833333333333333,0.0,0.0,0.0,0.0
0.25,0.8533333333333333,0.3333333333333333,0.4468535299918563,0.548950925114768,0.6,0.8
0.25,0.7634408602150538,0.25,0.1681275362711174,0.2912787306414824,0.25,0.5
0.25,0.725,0.125,0.0,0.1480409554829326,0.0,0.3333333333333333
0.25,0.8775510204081632,0.5,0.4981892574664128,0.4981892574664128,0.6666666666666666,0.6666666666666666
0.25,0.0,0.25,0.430676558073393,0.430676558073393,1.0,1.0
0.25,0.4047619047619047,0.025,0.0,0.0,0.0,0.0
0.25,0.55,0.125,0.0,0.123151194370365,0.0,0.25
0.25,0.85,0.3333333333333333,0.3007851801491498,0.4703608339511883,0.25,0.625
0.25,0.5394736842105263,0.25,0.1681275362711174,0.2912787306414824,0.25,0.5
0.25,0.0,0.0769230769230769,0.0,0.0,0.0,0.0
0.25,0.4537037037037037,0.0166666666666666,0.0,0.0,0.0,0.0
0.25,0.125,0.1,0.0,0.2890648263178879,0.0,1.0
0.25,0.75,0.0434782608695652,0.0,0.0,0.0,0.0
0.25,0.0,0.5,0.6309297535714575,0.6309297535714575,1.0,1.0
0.25,0.5,0.1428571428571428,0.0,0.3333333333333333,0.0,1.0
0.25,0.5454545454545455,0.25,0.2772734273550482,0.2772734273550482,0.4,0.4
0.25,0.6654205607476636,0.125,0.0,0.1069931323672637,0.0,0.2
0.25,0.5882352941176471,0.125,0.0,0.3154648767857287,0.0,1.0
0.25,0.689655172413793,0.1666666666666666,0.0,0.2184074368181641,0.0,0.5
0.25,0.5818181818181818,0.0416666666666666,0.0,0.0,0.0,0.0
0.25,0.6067019400352733,0.3333333333333333,0.169580102636808,0.1374381664571454,0.1428571428571428,0.1428571428571428
0.25,0.4615384615384615,0.0666666666666666,0.0,0.0,0.0,0.0
0.25,0.8221649484536083,0.5,0.3451913422468693,0.3305575102039667,0.25,0.375
0.25,0.6439645625692137,1.0,0.3391602052736161,0.2200917662980801,0.0714285714285714,0.0714285714285714
0.25,0.75,0.1666666666666666,0.0,0.3562071871080222,0.0,1.0
0.25,0.3723404255319149,0.04,0.0,0.0,0.0,0.0
0.25,0.5975308641975309,0.1666666666666666,0.0,0.1208113026994942,0.0,0.2
0.25,0.8556910569105691,0.0909090909090909,0.0,0.0,0.0,0.0
0.25,0.25,0.0454545454545454,0.0,0.0,0.0,0.0
0.25,0.5454545454545454,1.0,0.6131471927654584,0.6131471927654584,0.5,0.5
0.25,0.29375,0.1,0.0,0.1128451413489352,0.0,0.25
0.25,0.5104166666666666,0.1666666666666666,0.0,0.208656625690782,0.0,0.3333333333333333
0.25,0.7883495145631069,1.0,0.4852285551163225,0.6060398578158167,0.4,0.6
0.25,1.0,1.0,1.0,1.0,1.0,1.0
0.25,0.4166666666666666,0.2,0.1815417925373526,0.1815417925373526,0.3333333333333333,0.3333333333333333
0.25,0.8547945205479452,1.0,0.5531464700081437,0.6601396023754075,0.4,0.6
0.25,0.4499999999999999,0.25,0.1681275362711174,0.1681275362711174,0.25,0.25
0.25,1.0,1.0,1.0,1.0,1.0,1.0
0.25,0.7214397496087637,0.1666666666666666,0.0,0.154480674720274,0.0,0.2222222222222222
0.25,0.3888888888888889,0.5,0.2960819109658652,0.6045093387918965,0.3333333333333333,1.0
0.25,0.3333333333333333,0.0909090909090909,0.0,0.0,0.0,0.0
0.25,0.5525,0.1,0.0,0.1128451413489352,0.0,0.25
0.25,0.3405797101449275,0.0588235294117647,0.0,0.0,0.0,0.0
0.25,0.651360544217687,0.125,0.0,0.0954604330894673,0.0,0.1666666666666666
0.25,0.7457142857142857,1.0,0.4703652827859579,0.4703652827859579,0.4,0.4
0.25,0.8035087719298246,0.5,0.5296347172140421,0.6276740030453991,0.6,0.8
0.25,0.4,0.25,0.430676558073393,0.430676558073393,1.0,1.0
0.25,0.9333333333333332,0.5,0.6309297535714575,0.6309297535714575,1.0,1.0
0.25,0.6588235294117647,0.3333333333333333,0.3156484524795145,0.4364597551790087,0.4,0.6
0.25,0.7692307692307693,0.1666666666666666,0.0,0.4029831335977323,0.0,1.0
0.25,0.5897435897435896,1.0,0.4692787260227564,0.617319681505689,0.3333333333333333,0.6666666666666666
0.25,0.292,0.0212765957446808,0.0,0.0,0.0,0.0
0.25,0.6666666666666667,0.2,0.3868528072345416,0.3868528072345416,1.0,1.0
0.25,0.65,0.125,0.0,0.3154648767857287,0.0,1.0
0.25,0.6448979591836734,1.0,0.6992148198508501,0.5666867828578932,0.4285714285714285,0.4285714285714285
0.25,0.738095238095238,0.0625,0.0,0.0,0.0,0.0
0.25,0.625,0.1111111111111111,0.0,0.1845756967795681,0.0,0.5
0.25,0.3804347826086957,0.0625,0.0,0.0,0.0,0.0
0.25,0.5218855218855218,0.03125,0.0,0.0,0.0,0.0
0.25,0.2416666666666666,0.0416666666666666,0.0,0.0,0.0,0.0
0.25,0.8,1.0,0.3391602052736161,0.4461533376408799,0.2,0.4
0.25,0.475,0.0769230769230769,0.0,0.0,0.0,0.0
0.25,0.7647058823529412,0.3333333333333333,0.3065735963827292,0.3065735963827292,0.5,0.5
0.25,0.6849315068493151,0.1428571428571428,0.0,0.2043823975884861,0.0,0.5
0.25,0.2666666666666666,0.0909090909090909,0.0,0.0,0.0,0.0
0.25,0.5909090909090908,0.2,0.2371977127692962,0.4415801103577823,0.5,1.0
0.25,0.4583333333333333,0.0384615384615384,0.0,0.0,0.0,0.0
0.25,1.0,1.0,1.0,1.0,1.0,1.0
0.25,0.6968390804597702,0.25,0.1460683498427064,0.2311912370766417,0.1666666666666666,0.3333333333333333
0.25,0.9574468085106383,0.3333333333333333,0.5,0.5,1.0,1.0
0.25,0.3913043478260869,0.0666666666666666,0.0,0.0,0.0,0.0
0.25,0.1153846153846154,0.0416666666666666,0.0,0.0,0.0,0.0
0.25,0.6304347826086957,0.0833333333333333,0.0,0.0,0.0,0.0
0.25,0.1413043478260869,0.027027027027027,0.0,0.0,0.0,0.0
0.25,0.6641414141414141,1.0,0.5087403079104241,0.352568324121728,0.2222222222222222,0.2222222222222222
0.25,0.2083333333333333,0.0294117647058823,0.0,0.0,0.0,0.0
0.25,0.6476190476190476,0.0833333333333333,0.0,0.0,0.0,0.0
0.25,1.0,1.0,1.0,1.0,1.0,1.0
0.25,0.3111111111111111,0.1111111111111111,0.0,0.1412669728598289,0.0,0.3333333333333333
0.25,0.619047619047619,0.1428571428571428,0.0,0.2976932148674144,0.0,0.6666666666666666
0.25,0.3,0.0526315789473684,0.0,0.0,0.0,0.0
0.25,0.5653153153153152,0.0714285714285714,0.0,0.0,0.0,0.0
0.25,0.8035714285714286,0.25,0.1681275362711174,0.1681275362711174,0.25,0.25
0.25,0.7929292929292929,0.25,0.1460683498427064,0.2433206244156654,0.1111111111111111,0.3333333333333333
0.25,0.0333333333333333,0.0625,0.0,0.0,0.0,0.0
0.25,1.0,1.0,1.0,1.0,1.0,1.0
0.25,0.7516339869281046,0.125,0.0,0.1480409554829326,0.0,0.3333333333333333
0.25,0.5425219941348973,0.0625,0.0,0.0,0.0,0.0
0.25,0.6851851851851852,0.25,0.3836491390379002,0.3836491390379002,0.6666666666666666,0.6666666666666666
0.25,0.6776315789473684,0.25,0.2640681225725909,0.2640681225725909,0.5,0.5
0.25,0.7767857142857143,1.0,0.6131471927654584,0.6131471927654584,0.5,0.5
0.25,0.7978723404255319,0.1666666666666666,0.0,0.2565722842672027,0.0,0.5
0.25,0.2916666666666666,0.0555555555555555,0.0,0.0,0.0,0.0
0.25,0.6559139784946236,0.1111111111111111,0.0,0.1412669728598289,0.0,0.3333333333333333
0.25,0.9637681159420288,0.1666666666666666,0.0,0.3562071871080222,0.0,1.0
0.25,0.6866666666666666,0.0666666666666666,0.0,0.0,0.0,0.0
0.25,0.6437908496732025,0.125,0.0,0.2836929289153804,0.0,0.6666666666666666
0.25,0.8218390804597702,0.125,0.0,0.1480409554829326,0.0,0.3333333333333333
0.25,0.5306122448979591,0.3333333333333333,0.3065735963827292,0.3065735963827292,0.5,0.5
0.25,0.4752475247524752,0.03125,0.0,0.0,0.0,0.0
0.25,0.78125,0.125,0.0,0.3154648767857287,0.0,1.0
0.25,1.0,1.0,1.0,1.0,1.0,1.0
0.25,0.2941176470588235,0.0909090909090909,0.0,0.0,0.0,0.0
0.25,0.1666666666666666,0.1666666666666666,0.0,0.3562071871080222,0.0,1.0
0.25,0.5943396226415094,0.0666666666666666,0.0,0.0,0.0,0.0
0.25,0.4125,0.0666666666666666,0.0,0.0,0.0,0.0
0.25,0.4088888888888889,0.0666666666666666,0.0,0.0,0.0,0.0
0.25,0.3525641025641025,0.0769230769230769,0.0,0.0,0.0,0.0
0.25,0.6727272727272727,0.1,0.0,0.1772392867840477,0.0,0.5
0.25,0.3732193732193732,0.0151515151515151,0.0,0.0,0.0,0.0
0.25,0.25,0.25,0.430676558073393,0.430676558073393,1.0,1.0
0.25,1.0,1.0,1.0,1.0,1.0,1.0
0.25,0.5208333333333334,0.1428571428571428,0.0,0.1301266833307005,0.0,0.25
0.25,1.0,1.0,1.0,1.0,1.0,1.0
0.25,0.5862068965517242,0.0434782608695652,0.0,0.0,0.0,0.0
0.25,0.2231404958677686,0.0105263157894736,0.0,0.0,0.0,0.0
0.25,0.3549783549783549,0.0476190476190476,0.0,0.0,0.0,0.0
0.25,0.5352400408580185,1.0,0.4852285551163225,0.3932783996463063,0.1818181818181818,0.2727272727272727
0.25,0.4807692307692307,0.125,0.0,0.1934264036172708,0.0,0.5
0.25,0.4069767441860465,0.0833333333333333,0.0,0.0,0.0,0.0
0.25,0.4444444444444444,0.0909090909090909,0.0,0.0,0.0,0.0
0.25,0.6397058823529411,0.125,0.0,0.123151194370365,0.0,0.25
0.25,0.6666666666666667,0.3333333333333333,0.3065735963827292,0.4838128831667769,0.5,1.0
0.25,0.7659574468085106,0.1,0.0,0.1772392867840477,0.0,0.5
0.25,0.9139344262295084,0.1,0.0,0.098039285831357,0.0,0.2
0.25,0.0510204081632653,0.02,0.0,0.0,0.0,0.0
0.25,0.8064516129032258,0.1428571428571428,0.0,0.3333333333333333,0.0,1.0
0.25,0.55,0.1,0.0,0.1772392867840477,0.0,0.5
0.25,0.4074074074074074,0.0625,0.0,0.0,0.0,0.0
0.25,0.8761904761904761,0.5,0.2960819109658652,0.5881601264058984,0.3333333333333333,1.0
0.25,0.3333333333333333,0.0666666666666666,0.0,0.0,0.0,0.0
0.25,0.6938775510204082,0.125,0.0,0.1934264036172708,0.0,0.5
0.25,0.8220064724919094,0.0833333333333333,0.0,0.0,0.0,0.0
0.25,0.4504132231404958,0.0476190476190476,0.0,0.0,0.0,0.0
0.25,0.3537735849056603,0.02,0.0,0.0,0.0,0.0
0.25,0.3440366972477064,0.0204081632653061,0.0,0.0,0.0,0.0
0.25,0.5465116279069768,0.2,0.2371977127692962,0.2371977127692962,0.5,0.5
0.25,0.6598173515981736,0.125,0.0,0.1865528363129253,0.0,0.3333333333333333
0.25,0.6320675105485232,0.3333333333333333,0.169580102636808,0.1736666713479918,0.0666666666666666,0.1333333333333333
0.25,0.8699186991869918,1.0,0.8687949224876582,0.6020941629041773,0.4444444444444444,0.4444444444444444
0.25,0.6666666666666667,0.25,0.430676558073393,0.430676558073393,1.0,1.0
0.25,0.2372881355932203,0.0120481927710843,0.0,0.0,0.0,0.0
0.25,0.5230263157894737,1.0,0.3903800499921017,0.3903800499921017,0.25,0.25
0.25,0.8181818181818181,0.3333333333333333,0.5,0.5,1.0,1.0
0.25,0.5405405405405405,0.2,0.1312050775123417,0.1588714315372695,0.1111111111111111,0.2222222222222222
0.25,0.4350877192982456,0.0666666666666666,0.0,0.0,0.0,0.0
0.25,0.6266666666666666,0.25,0.2021073465005475,0.3692678014667498,0.3333333333333333,0.6666666666666666
0.25,0.9891304347826086,0.5,0.6309297535714575,0.6309297535714575,1.0,1.0
0.25,0.36,0.0588235294117647,0.0,0.0,0.0,0.0
0.25,0.4711538461538461,0.2,0.1510196182278052,0.4029209390875161,0.25,0.75
0.25,0.5333333333333333,0.1,0.0,0.1356519734324477,0.0,0.3333333333333333
0.25,0.8,0.0714285714285714,0.0,0.0,0.0,0.0
0.25,0.5353535353535354,0.2,0.1312050775123417,0.2179300643042346,0.1666666666666666,0.3333333333333333
0.25,0.4156462585034014,0.1,0.0,0.0636207881989517,0.0,0.0285714285714285
0.25,1.0,1.0,1.0,1.0,1.0,1.0
0.25,0.2742616033755274,0.0123456790123456,0.0,0.0,0.0,0.0
0.25,1.0,1.0,1.0,1.0,1.0,1.0
0.25,0.2365591397849462,0.025,0.0,0.0,0.0,0.0
0.25,0.7312206572769953,1.0,0.3391602052736161,0.3026024134988134,0.1666666666666666,0.1666666666666666
0.25,0.0,0.0909090909090909,0.0,0.0,0.0,0.0
0.25,0.5982905982905983,1.0,0.3903800499921017,0.3903800499921017,0.25,0.25
0.25,0.3852459016393442,0.02,0.0,0.0,0.0,0.0
0.25,1.0,1.0,1.0,1.0,1.0,1.0
0.25,0.7291666666666667,0.5,0.2139862647345275,0.2783925802803428,0.1666666666666666,0.3333333333333333
0.25,0.6,0.3333333333333333,0.5,0.5,1.0,1.0
0.25,0.6590909090909091,0.0163934426229508,0.0,0.0,0.0,0.0
0.25,0.0641025641025641,0.027027027027027,0.0,0.0,0.0,0.0
0.25,0.6174242424242424,0.3333333333333333,0.2346393630113782,0.2346393630113782,0.3333333333333333,0.3333333333333333
0.25,0.4631578947368421,0.2,0.1312050775123417,0.1312050775123417,0.2,0.2
0.25,0.9652777777777778,0.3333333333333333,0.5437713091520254,0.5437713091520254,1.0,1.0
0.25,0.566744730679157,0.5,0.2139862647345275,0.1734276569882394,0.1428571428571428,0.1428571428571428
0.25,0.6061224489795919,0.5,0.2139862647345275,0.1388624438735545,0.0714285714285714,0.0714285714285714
0.25,0.6296296296296297,0.0909090909090909,0.0,0.0,0.0,0.0
0.25,0.1999999999999999,0.0588235294117647,0.0,0.0,0.0,0.0
0.25,0.8714285714285714,0.2,0.2371977127692962,0.4415801103577823,0.5,1.0
0.25,0.7023809523809523,0.1428571428571428,0.0,0.2976932148674144,0.0,0.6666666666666666
0.25,0.4444444444444444,0.0625,0.0,0.0,0.0,0.0
0.25,0.8226744186046512,0.1,0.0,0.1128451413489352,0.0,0.25
0.25,0.625,0.5,0.3868528072345416,0.3868528072345416,0.5,0.5
0.25,0.45,0.25,0.2640681225725909,0.2640681225725909,0.5,0.5
0.25,0.6836734693877551,0.03125,0.0,0.0,0.0,0.0
0.25,0.6458752515090543,1.0,0.4852285551163225,0.3932591258696538,0.2857142857142857,0.2857142857142857
0.25,0.4743589743589743,0.024390243902439,0.0,0.0,0.0,0.0
0.25,1.0,1.0,1.0,1.0,1.0,1.0
0.25,0.8176229508196722,0.1666666666666666,0.0,0.1390561795107756,0.0,0.25
0.25,0.6635338345864661,0.5,0.2139862647345275,0.2357324178422798,0.125,0.25
0.25,0.6571428571428571,0.04,0.0,0.0,0.0,0.0
0.25,0.3484848484848485,0.0263157894736842,0.0,0.0,0.0,0.0
0.25,0.0,0.1666666666666666,0.0,0.3562071871080222,0.0,1.0
0.25,0.5833333333333333,0.1666666666666666,0.0,0.3562071871080222,0.0,1.0
0.25,0.6493506493506493,0.0357142857142857,0.0,0.0,0.0,0.0
0.25,0.65,0.1111111111111111,0.0,0.1020973951229116,0.0,0.2
0.25,0.3185185185185185,0.0147058823529411,0.0,0.0,0.0,0.0
0.25,0.7336956521739132,0.5,0.24630238874073,0.24630238874073,0.25,0.25
0.25,0.7916666666666666,0.5,0.3868528072345416,0.3868528072345416,0.5,0.5
0.25,0.8,0.25,0.3836491390379002,0.5249161118977292,0.6666666666666666,1.0
0.25,0.5505725190839694,0.0238095238095238,0.0,0.0,0.0,0.0
0.25,0.8333333333333334,0.3333333333333333,0.5,0.5,1.0,1.0
0.25,0.529192546583851,0.2,0.1312050775123417,0.1063366810302298,0.1428571428571428,0.1428571428571428
0.25,0.7391304347826086,0.0769230769230769,0.0,0.0,0.0,0.0
0.25,0.9090909090909092,0.25,0.430676558073393,0.430676558073393,1.0,1.0
0.25,0.5,0.5,0.6309297535714575,0.6309297535714575,1.0,1.0
0.25,0.7619047619047619,0.1666666666666666,0.0,0.3562071871080222,0.0,1.0
0.25,0.6510638297872341,0.3333333333333333,0.169580102636808,0.169580102636808,0.2,0.2
0.25,0.5197132616487455,0.032258064516129,0.0,0.0,0.0,0.0
0.25,0.875,1.0,0.9197207891481876,0.9197207891481876,1.0,1.0
0.25,0.8181818181818182,0.0909090909090909,0.0,0.0,0.0,0.0
0.25,0.0909090909090909,0.0909090909090909,0.0,0.0,0.0,0.0
0.25,0.595,0.3333333333333333,0.346209643223856,0.346209643223856,0.5,0.5
0.25,0.9411764705882352,0.5,0.6309297535714575,0.6309297535714575,1.0,1.0
0.25,0.0,0.1428571428571428,0.0,0.3333333333333333,0.0,1.0
0.25,0.9166666666666666,0.25,0.430676558073393,0.430676558073393,1.0,1.0
0.25,0.5420560747663552,0.1,0.0,0.0636207881989517,0.0,0.1
0.25,0.25,0.0625,0.0,0.0,0.0,0.0
0.25,0.1875,0.0714285714285714,0.0,0.0,0.0,0.0
0.25,0.5634920634920635,0.25,0.1460683498427064,0.2162957183053307,0.1428571428571428,0.2857142857142857
0.25,0.9534883720930232,0.3333333333333333,0.5,0.5,1.0,1.0
0.25,0.8271604938271605,0.5,0.5307212739772434,0.5307212739772434,0.6666666666666666,0.6666666666666666
0.25,0.7254098360655739,0.1666666666666666,0.0,0.1390561795107756,0.0,0.25
0.25,0.4452054794520548,0.0454545454545454,0.0,0.0,0.0,0.0
0.25,0.5661764705882353,0.5,0.24630238874073,0.24630238874073,0.25,0.25
0.25,0.875,0.5,0.6309297535714575,0.6309297535714575,1.0,1.0
0.25,1.0,1.0,1.0,1.0,1.0,1.0
0.25,0.75,0.1428571428571428,0.0,0.2043823975884861,0.0,0.5
0.25,0.5464480874316939,1.0,0.4692787260227564,0.4692787260227564,0.3333333333333333,0.3333333333333333
0.25,0.5994152046783626,0.5,0.2960819109658652,0.2960819109658652,0.3333333333333333,0.3333333333333333
0.25,0.4285714285714286,0.3333333333333333,0.2346393630113782,0.5430667908374095,0.3333333333333333,1.0
0.25,0.9166666666666669,0.3333333333333333,0.5437713091520254,0.5437713091520254,1.0,1.0
0.25,0.7482269503546098,0.05,0.0,0.0,0.0,0.0
0.25,1.0,1.0,1.0,1.0,1.0,1.0
0.25,0.7003546099290779,0.1428571428571428,0.0,0.1008674711662711,0.0,0.1666666666666666
0.25,0.4666666666666667,0.5,0.3868528072345416,0.3868528072345416,0.5,0.5
0.25,0.2972222222222222,0.0357142857142857,0.0,0.0,0.0,0.0
0.25,0.6418439716312057,0.5,0.2139862647345275,0.1909208661789346,0.1666666666666666,0.1666666666666666
0.25,0.4568965517241379,0.037037037037037,0.0,0.0,0.0,0.0
0.25,0.5,0.3333333333333333,0.169580102636808,0.169580102636808,0.2,0.2
0.25,0.4615384615384615,0.125,0.0,0.3154648767857287,0.0,1.0
0.25,0.5,0.125,0.0,0.3154648767857287,0.0,1.0
0.25,0.5615384615384615,0.1111111111111111,0.0,0.1845756967795681,0.0,0.5
0.25,0.8625730994152048,0.25,0.1460683498427064,0.4043483163247042,0.1666666666666666,0.6666666666666666
0.25,0.7446808510638298,0.0769230769230769,0.0,0.0,0.0,0.0
0.25,0.6162790697674418,0.3333333333333333,0.3065735963827292,0.3065735963827292,0.5,0.5
0.25,0.58,0.5,0.3868528072345416,0.3868528072345416,0.5,0.5
0.25,0.4666666666666667,0.1428571428571428,0.0,0.2043823975884861,0.0,0.5
0.25,0.6614583333333333,0.1666666666666666,0.0,0.1390561795107756,0.0,0.25
0.25,0.2727272727272727,0.1428571428571428,0.0,0.1564262420075854,0.0,0.3333333333333333
0.25,0.4702380952380952,0.0222222222222222,0.0,0.0,0.0,0.0
0.25,0.3680555555555556,0.0833333333333333,0.0,0.0,0.0,0.0
0.25,0.7807807807807807,0.0833333333333333,0.0,0.0,0.0,0.0
0.25,1.0,1.0,1.0,1.0,1.0,1.0
0.25,0.7058823529411764,0.1666666666666666,0.0,0.4227898344066503,0.0,1.0
0.25,0.6367041198501873,0.0357142857142857,0.0,0.0,0.0,0.0
0.25,0.1851851851851852,0.0222222222222222,0.0,0.0,0.0,0.0
0.25,0.625,0.25,0.430676558073393,0.430676558073393,1.0,1.0
0.25,0.45,0.125,0.0,0.1934264036172708,0.0,0.5
0.25,0.9574468085106383,0.3333333333333333,0.5,0.5,1.0,1.0
0.25,0.875,1.0,0.5413996682199069,0.5413996682199069,0.5,0.5
0.25,0.7142857142857143,0.2,0.3868528072345416,0.3868528072345416,1.0,1.0
0.25,0.9122448979591836,0.5,0.360054614577234,0.5650870327758549,0.4,0.8
0.25,0.5997638724911453,0.1111111111111111,0.0,0.1298750116533407,0.0,0.1818181818181818
0.25,0.5047619047619047,0.5,0.2139862647345275,0.1909208661789346,0.1666666666666666,0.1666666666666666
0.25,0.5374753451676528,0.0333333333333333,0.0,0.0,0.0,0.0
0.25,0.6625,0.2,0.1815417925373526,0.1815417925373526,0.3333333333333333,0.3333333333333333
0.25,0.7095959595959597,1.0,0.3391602052736161,0.3936948167222715,0.1666666666666666,0.3333333333333333
0.25,1.0,1.0,1.0,1.0,1.0,1.0
0.25,0.75,0.1111111111111111,0.0,0.3010299956639812,0.0,1.0
0.25,0.3809523809523809,0.1428571428571428,0.0,0.2043823975884861,0.0,0.5
0.25,0.5238095238095238,0.0909090909090909,0.0,0.0,0.0,0.0
0.25,0.578544061302682,1.0,0.4692787260227564,0.4692787260227564,0.3333333333333333,0.3333333333333333
0.25,0.4074074074074074,0.0769230769230769,0.0,0.0,0.0,0.0
0.25,0.8541666666666667,0.25,0.2640681225725909,0.482475559390755,0.5,1.0
0.25,0.7592592592592593,0.0909090909090909,0.0,0.0,0.0,0.0
0.25,0.3943298969072165,0.0285714285714285,0.0,0.0,0.0,0.0
0.25,0.2391304347826086,0.0434782608695652,0.0,0.0,0.0,0.0
0.25,0.6344086021505375,0.1111111111111111,0.0,0.1412669728598289,0.0,0.3333333333333333
0.25,0.4603174603174602,0.032258064516129,0.0,0.0,0.0,0.0
0.25,0.7103174603174603,1.0,0.639945385422766,0.6102766247064297,0.4285714285714285,0.5714285714285714
0.25,0.8369565217391305,0.3333333333333333,0.3065735963827292,0.3065735963827292,0.5,0.5
0.25,0.8211640211640212,0.5,0.2139862647345275,0.3270396664923995,0.2,0.4
0.25,0.8627450980392156,1.0,0.6713860725233041,0.8194270280062366,0.6666666666666666,1.0
0.25,0.55,0.5,0.3868528072345416,0.5714285040141098,0.5,1.0
0.25,0.5614035087719298,0.1428571428571428,0.0,0.1564262420075854,0.0,0.3333333333333333
0.25,0.7692307692307692,0.0769230769230769,0.0,0.0,0.0,0.0
0.25,0.5555555555555556,1.0,0.6131471927654584,0.7903864795495061,0.5,1.0
0.25,0.9833333333333334,1.0,0.9197207891481876,0.9197207891481876,1.0,1.0
0.25,0.8333333333333334,0.5,0.6309297535714575,0.6309297535714575,1.0,1.0
0.25,0.5859375,0.25,0.1681275362711174,0.4246998205383202,0.25,0.75
0.25,0.5862068965517241,0.0769230769230769,0.0,0.0,0.0,0.0
0.25,0.9929078014184396,0.5,0.6309297535714575,0.6309297535714575,1.0,1.0
0.25,0.6282051282051282,1.0,0.4692787260227564,0.4692787260227564,0.3333333333333333,0.3333333333333333
0.25,1.0,1.0,1.0,1.0,1.0,1.0
0.25,0.6650943396226415,0.125,0.0,0.123151194370365,0.0,0.25
0.25,0.9090909090909092,0.5,0.6309297535714575,0.6309297535714575,1.0,1.0
0.25,0.4392857142857143,0.0625,0.0,0.0,0.0,0.0
0.25,0.5,0.25,0.430676558073393,0.430676558073393,1.0,1.0
0.25,0.696551724137931,0.0666666666666666,0.0,0.0,0.0,0.0
0.25,0.9666666666666668,0.5,0.6934264036172708,0.6934264036172708,1.0,1.0
0.25,0.8333333333333334,0.5,0.6309297535714575,0.6309297535714575,1.0,1.0
0.25,0.5666666666666667,0.037037037037037,0.0,0.0,0.0,0.0
0.25,0.3846153846153846,0.0666666666666666,0.0,0.0,0.0,0.0
0.25,0.7575757575757576,0.3333333333333333,0.2346393630113782,0.2346393630113782,0.3333333333333333,0.3333333333333333
0.25,0.2633495145631068,0.0104166666666666,0.0,0.0,0.0,0.0
0.25,0.6666666666666666,0.1111111111111111,0.0,0.1298750116533407,0.0,0.1818181818181818
0.25,0.3199999999999999,0.0769230769230769,0.0,0.0,0.0,0.0
0.25,0.6666666666666667,1.0,0.8772153153380493,0.8772153153380493,1.0,1.0
0.25,0.537037037037037,0.0384615384615384,0.0,0.0,0.0,0.0
0.25,0.5111111111111111,0.25,0.1460683498427064,0.2381129204348815,0.1666666666666666,0.3333333333333333
0.25,0.6801075268817204,0.25,0.2021073465005475,0.2021073465005475,0.3333333333333333,0.3333333333333333
0.25,0.403061224489796,0.0769230769230769,0.0,0.0,0.0,0.0
0.25,0.5787037037037037,0.037037037037037,0.0,0.0,0.0,0.0
0.25,0.7348484848484848,1.0,0.4692787260227564,0.4692787260227564,0.3333333333333333,0.3333333333333333
0.25,0.9523809523809524,0.5,0.6309297535714575,0.6309297535714575,1.0,1.0
0.25,0.4193548387096774,0.0526315789473684,0.0,0.0,0.0,0.0
0.25,0.3888888888888889,0.1666666666666666,0.0,0.1671604549662022,0.0,0.3333333333333333
0.25,0.9094827586206896,1.0,0.6131471927654584,0.6131471927654584,0.5,0.5
0.25,0.3900343642611683,0.0526315789473684,0.0,0.0,0.0,0.0
0.25,0.2678571428571428,0.05,0.0,0.0,0.0,0.0
0.25,0.6,0.1428571428571428,0.0,0.2920782154400332,0.0,0.6666666666666666
0.25,0.5789473684210527,0.1111111111111111,0.0,0.3010299956639812,0.0,1.0
0.25,0.6296296296296297,0.0588235294117647,0.0,0.0,0.0,0.0
0.25,0.7011494252873562,1.0,0.6713860725233041,0.6713860725233041,0.6666666666666666,0.6666666666666666
0.25,0.4,0.1111111111111111,0.0,0.1845756967795681,0.0,0.5
0.25,0.5369458128078818,0.05,0.0,0.0,0.0,0.0
0.25,0.0813953488372092,0.0238095238095238,0.0,0.0,0.0,0.0
0.25,0.4807692307692308,0.0714285714285714,0.0,0.0,0.0,0.0
0.25,0.7394366197183098,0.2,0.2371977127692962,0.2371977127692962,0.5,0.5
0.25,0.475,0.2,0.2371977127692962,0.2371977127692962,0.5,0.5
0.25,0.5416666666666666,0.5,0.24630238874073,0.369453583111095,0.25,0.5
0.25,0.5,1.0,0.4852285551163225,0.4852285551163225,0.4,0.4
0.25,0.7388758782201406,0.3333333333333333,0.169580102636808,0.1374381664571454,0.1428571428571428,0.1428571428571428
0.25,0.4444444444444444,0.1666666666666666,0.0,0.3562071871080222,0.0,1.0
0.25,0.641025641025641,0.1,0.0,0.1772392867840477,0.0,0.5
0.25,0.1,0.032258064516129,0.0,0.0,0.0,0.0
0.25,0.6114890400604687,0.0357142857142857,0.0,0.0,0.0,0.0
0.25,0.4921422663358147,0.5,0.2139862647345275,0.1388624438735545,0.0769230769230769,0.0769230769230769
0.25,0.4615384615384615,0.1111111111111111,0.0,0.1175161047564271,0.0,0.25
0.25,0.888888888888889,0.3333333333333333,0.4367467095119258,0.5847876649948583,0.6666666666666666,1.0
0.25,0.796590909090909,0.1666666666666666,0.0,0.1208113026994942,0.0,0.2
0.25,0.8593548387096774,0.5,0.3835663673713356,0.3835663673713356,0.4,0.4
0.25,0.2702702702702703,0.0357142857142857,0.0,0.0,0.0,0.0
0.25,0.4194915254237288,0.037037037037037,0.0,0.0,0.0,0.0
0.25,0.5,0.125,0.0,0.0954604330894673,0.0,0.1666666666666666
0.25,0.8275862068965517,0.1666666666666666,0.0,0.3562071871080222,0.0,1.0
0.25,0.4594594594594594,0.0909090909090909,0.0,0.0,0.0,0.0
0.25,1.0,1.0,1.0,1.0,1.0,1.0
0.25,0.9315068493150686,0.0909090909090909,0.0,0.0,0.0,0.0
0.25,0.0238095238095238,0.0476190476190476,0.0,0.0,0.0,0.0
0.25,0.5660545023696681,0.3333333333333333,0.169580102636808,0.11004588314904,0.0625,0.0625
0.25,0.3427672955974843,0.0526315789473684,0.0,0.0,0.0,0.0
0.25,0.5957446808510638,0.0909090909090909,0.0,0.0,0.0,0.0
0.25,0.0,0.1,0.0,0.2890648263178879,0.0,1.0
0.25,0.7727272727272727,0.3333333333333333,0.5437713091520254,0.5437713091520254,1.0,1.0
0.25,0.4651162790697674,0.0714285714285714,0.0,0.0,0.0,0.0
0.25,0.0999999999999999,0.0588235294117647,0.0,0.0,0.0,0.0
0.25,0.6650717703349283,1.0,0.6843515475204855,0.4440973278132557,0.2727272727272727,0.2727272727272727
0.25,0.9545454545454544,1.0,0.8503449055347546,0.8503449055347546,1.0,1.0
0.25,0.2021276595744681,0.0263157894736842,0.0,0.0,0.0,0.0
0.25,0.921875,1.0,0.4692787260227564,0.6257049680303419,0.3333333333333333,0.6666666666666666
0.25,0.4073033707865168,0.1666666666666666,0.0,0.1390561795107756,0.0,0.25
0.25,0.8181818181818181,1.0,0.6131471927654584,0.8315546295836225,0.5,1.0
0.25,0.490566037735849,0.1666666666666666,0.0,0.1671604549662022,0.0,0.3333333333333333
0.25,0.5847953216374269,0.0185185185185185,0.0,0.0,0.0,0.0
0.25,0.4,0.1428571428571428,0.0,0.3333333333333333,0.0,1.0
0.25,0.25,0.0769230769230769,0.0,0.0,0.0,0.0
0.25,0.75,0.3333333333333333,0.5,0.5,1.0,1.0
0.25,0.46875,0.5,0.3868528072345416,0.3868528072345416,0.5,0.5
0.25,0.1481481481481481,0.0416666666666666,0.0,0.0,0.0,0.0
0.25,0.9714285714285714,0.25,0.430676558073393,0.430676558073393,1.0,1.0
0.25,0.625,0.2,0.2371977127692962,0.4415801103577823,0.5,1.0
0.25,0.5793103448275863,1.0,0.3391602052736161,0.3391602052736161,0.2,0.2
0.25,1.0,1.0,1.0,1.0,1.0,1.0
0.25,0.7,0.1428571428571428,0.0,0.2476427880871277,0.0,0.5
0.25,1.0,1.0,1.0,1.0,1.0,1.0
0.25,1.0,1.0,1.0,1.0,1.0,1.0
0.25,0.6000000000000001,0.0714285714285714,0.0,0.0,0.0,0.0
0.25,0.1428571428571429,0.027027027027027,0.0,0.0,0.0,0.0
0.25,0.65,0.5,0.2139862647345275,0.2139862647345275,0.2,0.2
0.25,0.3894736842105263,0.0169491525423728,0.0,0.0,0.0,0.0
0.25,0.8103448275862069,1.0,0.7039180890341347,0.7039180890341347,0.6666666666666666,0.6666666666666666
0.25,0.7,0.25,0.430676558073393,0.430676558073393,1.0,1.0
0.25,0.3397727272727272,0.0357142857142857,0.0,0.0,0.0,0.0
0.25,0.5087719298245614,0.025,0.0,0.0,0.0,0.0
0.25,0.8012820512820512,0.25,0.1681275362711174,0.1681275362711174,0.25,0.25
0.25,0.3571428571428571,0.25,0.2640681225725909,0.4574945261898616,0.5,1.0
0.25,0.7857142857142858,1.0,0.3903800499921017,0.6310473491188939,0.25,0.75
0.25,0.3931623931623932,0.2,0.1312050775123417,0.1170625931379635,0.1666666666666666,0.1666666666666666
0.25,0.7787381158167676,0.3333333333333333,0.169580102636808,0.243097893284769,0.0769230769230769,0.2307692307692307
0.25,0.4444444444444444,0.3333333333333333,0.4161811555487308,0.5642221110316635,0.6666666666666666,1.0
0.25,0.6153846153846154,0.1666666666666666,0.0,0.3562071871080222,0.0,1.0
0.25,0.8,0.0769230769230769,0.0,0.0,0.0,0.0
0.25,0.5102040816326531,0.04,0.0,0.0,0.0,0.0
0.25,0.5833333333333333,0.1666666666666666,0.0,0.3562071871080222,0.0,1.0
0.25,0.5566037735849056,0.0625,0.0,0.0,0.0,0.0
0.25,0.2105263157894736,0.0625,0.0,0.0,0.0,0.0
0.25,0.3854166666666666,0.1666666666666666,0.0,0.2032495876139783,0.0,0.3333333333333333
0.25,0.625,0.1428571428571428,0.0,0.3333333333333333,0.0,1.0
0.25,0.6827956989247311,0.25,0.1460683498427064,0.2257841989998379,0.1666666666666666,0.3333333333333333
0.25,0.8333333333333334,0.3333333333333333,0.5,0.5,1.0,1.0
0.25,0.6835443037974684,0.25,0.2640681225725909,0.2640681225725909,0.5,0.5
0.25,0.9047619047619048,0.3333333333333333,0.5,0.5,1.0,1.0
0.25,0.6867681498829039,0.1,0.0,0.0636207881989517,0.0,0.0714285714285714
0.25,0.4384057971014493,0.1666666666666666,0.0,0.1390561795107756,0.0,0.25
0.25,0.5275510204081633,0.0588235294117647,0.0,0.0,0.0,0.0
0.25,0.4696969696969696,0.1428571428571428,0.0,0.2920782154400332,0.0,0.6666666666666666
0.25,0.4782608695652174,0.04,0.0,0.0,0.0,0.0
0.25,0.481081081081081,0.25,0.1460683498427064,0.1460683498427064,0.2,0.2
0.25,0.5454545454545454,0.0909090909090909,0.0,0.0,0.0,0.0
0.25,1.0,1.0,1.0,1.0,1.0,1.0
0.25,0.1666666666666666,0.1666666666666666,0.0,0.3562071871080222,0.0,1.0
0.25,0.5545454545454546,0.0454545454545454,0.0,0.0,0.0,0.0
0.25,0.4555555555555555,0.0476190476190476,0.0,0.0,0.0,0.0
0.25,0.6666666666666666,0.125,0.0,0.3154648767857287,0.0,1.0
0.25,0.5340909090909091,0.25,0.1681275362711174,0.2809726776200527,0.25,0.5
0.25,0.8333333333333334,1.0,0.8772153153380493,0.8772153153380493,1.0,1.0
0.25,0.4476190476190476,0.1666666666666666,0.0,0.1671604549662022,0.0,0.3333333333333333
0.25,1.0,1.0,1.0,1.0,1.0,1.0
0.25,0.8623188405797102,0.3333333333333333,0.1951900249960508,0.4573973988771914,0.25,0.75
0.25,0.675,0.1666666666666666,0.0,0.3956467236022118,0.0,1.0
0.25,0.9117647058823528,1.0,0.6131471927654584,0.6131471927654584,0.5,0.5
0.25,0.5,0.3333333333333333,0.169580102636808,0.1513012067494067,0.1666666666666666,0.1666666666666666
0.25,0.2639821029082774,0.0126582278481012,0.0,0.0,0.0,0.0
0.25,0.5895061728395061,0.5,0.2139862647345275,0.2820132694023927,0.1666666666666666,0.3333333333333333
0.25,0.6428571428571428,0.0909090909090909,0.0,0.0,0.0,0.0
0.25,0.85,0.25,0.430676558073393,0.430676558073393,1.0,1.0
0.25,0.5666666666666667,0.0666666666666666,0.0,0.0,0.0,0.0
0.25,0.0625,0.0625,0.0,0.0,0.0,0.0
0.25,0.4550561797752809,0.03125,0.0,0.0,0.0,0.0
0.25,0.4883720930232558,0.0434782608695652,0.0,0.0,0.0,0.0
0.25,0.5666666666666667,0.0833333333333333,0.0,0.0,0.0,0.0
0.25,0.5454545454545454,0.1666666666666666,0.0,0.3562071871080222,0.0,1.0
0.25,0.6935483870967742,0.1428571428571428,0.0,0.2043823975884861,0.0,0.5
0.25,1.0,1.0,1.0,1.0,1.0,1.0
0.25,0.5344827586206897,0.0833333333333333,0.0,0.0,0.0,0.0
0.25,0.8550724637681159,0.5,0.4981892574664128,0.6338412308988606,0.6666666666666666,1.0
0.25,0.7931034482758621,0.1428571428571428,0.0,0.3333333333333333,0.0,1.0
0.25,0.5511363636363638,1.0,0.5585075862632192,0.5585075862632192,0.5,0.5
0.25,0.3821138211382113,0.0333333333333333,0.0,0.0,0.0,0.0
0.25,0.2575757575757575,0.0476190476190476,0.0,0.0,0.0,0.0
0.25,1.0,1.0,1.0,1.0,1.0,1.0
0.25,0.3619402985074627,0.0232558139534883,0.0,0.0,0.0,0.0
0.25,0.3513513513513513,0.0625,0.0,0.0,0.0,0.0
0.25,0.9576923076923076,0.3333333333333333,0.3065735963827292,0.3065735963827292,0.5,0.5
0.25,0.8333333333333334,0.5,0.6309297535714575,0.6309297535714575,1.0,1.0
0.25,1.0,1.0,1.0,1.0,1.0,1.0
0.25,0.5078125,0.25,0.1460683498427064,0.1303237659103706,0.1666666666666666,0.1666666666666666
0.25,0.5175438596491228,0.0333333333333333,0.0,0.0,0.0,0.0
0.25,0.1846153846153846,0.0049751243781094,0.0,0.0,0.0,0.0
0.25,0.4525862068965517,0.1428571428571428,0.0,0.2043823975884861,0.0,0.5
0.25,0.6426116838487973,0.2,0.1312050775123417,0.1170625931379635,0.1666666666666666,0.1666666666666666
0.25,0.7085953878406709,0.1,0.0,0.0874717141014082,0.0,0.1666666666666666
0.25,0.2894736842105263,0.1428571428571428,0.0,0.1564262420075854,0.0,0.3333333333333333
0.25,0.4230769230769231,0.3333333333333333,0.5,0.5,1.0,1.0
0.25,0.6357142857142857,0.3333333333333333,0.3007851801491498,0.3007851801491498,0.4,0.4
0.25,0.4838709677419355,0.0666666666666666,0.0,0.0,0.0,0.0
0.25,0.8285714285714285,0.1428571428571428,0.0,0.3333333333333333,0.0,1.0
0.25,0.6979591836734694,0.125,0.0,0.2090905274901754,0.0,0.4
0.25,0.6990049751243781,0.25,0.1460683498427064,0.2381129204348815,0.1666666666666666,0.3333333333333333
0.25,0.5625,0.125,0.0,0.3154648767857287,0.0,1.0
0.25,0.5,0.5,0.2139862647345275,0.2139862647345275,0.2,0.2
0.25,0.9444444444444444,0.3333333333333333,0.5,0.5,1.0,1.0
0.25,0.5020325203252032,0.0526315789473684,0.0,0.0,0.0,0.0
0.25,0.6282051282051282,0.1666666666666666,0.0,0.1390561795107756,0.0,0.25
0.25,0.2926829268292683,0.0434782608695652,0.0,0.0,0.0,0.0
0.25,0.6766666666666666,0.0434782608695652,0.0,0.0,0.0,0.0
0.25,0.8464052287581699,0.1,0.0,0.1356519734324477,0.0,0.3333333333333333
0.25,0.8620689655172414,0.2,0.3868528072345416,0.3868528072345416,1.0,1.0
0.25,0.2686567164179104,0.02,0.0,0.0,0.0,0.0
0.25,0.3333333333333333,0.2,0.3868528072345416,0.3868528072345416,1.0,1.0
0.25,0.4830508474576271,0.0454545454545454,0.0,0.0,0.0,0.0
0.25,0.8,1.0,0.6131471927654584,0.8315546295836225,0.5,1.0
0.25,0.5370370370370371,0.1,0.0,0.1772392867840477,0.0,0.5
0.25,0.6223684210526316,0.0588235294117647,0.0,0.0,0.0,0.0
0.25,0.7727272727272727,0.0909090909090909,0.0,0.0,0.0,0.0
0.25,0.4864864864864864,0.0588235294117647,0.0,0.0,0.0,0.0
0.25,0.4722222222222222,0.0833333333333333,0.0,0.0,0.0,0.0
0.25,0.631578947368421,0.125,0.0,0.3154648767857287,0.0,1.0
0.25,0.4743589743589743,0.1111111111111111,0.0,0.1845756967795681,0.0,0.5
0.25,0.3999999999999999,0.0555555555555555,0.0,0.0,0.0,0.0
0.25,0.0886075949367088,0.0144927536231884,0.0,0.0,0.0,0.0
0.25,1.0,1.0,1.0,1.0,1.0,1.0
0.25,0.5116279069767442,0.05,0.0,0.0,0.0,0.0
0.25,0.6666666666666666,0.1111111111111111,0.0,0.3010299956639812,0.0,1.0
0.25,0.3369565217391304,0.0476190476190476,0.0,0.0,0.0,0.0
0.25,0.7224489795918367,0.2,0.1312050775123417,0.1312050775123417,0.2,0.2
0.25,0.7327586206896551,0.25,0.1681275362711174,0.421405413972183,0.25,0.75
0.25,0.2307692307692307,0.0909090909090909,0.0,0.0,0.0,0.0
0.25,0.1666666666666666,0.0625,0.0,0.0,0.0,0.0
0.25,0.4143518518518518,0.0344827586206896,0.0,0.0,0.0,0.0
0.25,0.879746835443038,0.3333333333333333,0.3065735963827292,0.3065735963827292,0.5,0.5
0.25,0.8692307692307693,0.0555555555555555,0.0,0.0,0.0,0.0
0.25,0.4411764705882353,0.1666666666666666,0.0,0.2184074368181641,0.0,0.5
0.25,0.5384615384615384,0.1428571428571428,0.0,0.3333333333333333,0.0,1.0
0.25,0.6874074074074074,1.0,0.3391602052736161,0.305801310135566,0.1111111111111111,0.2222222222222222
0.25,0.5230769230769231,0.5,0.2139862647345275,0.4328368532653788,0.2,0.6
0.25,0.3144654088050314,0.0303030303030303,0.0,0.0,0.0,0.0
0.25,0.4847457627118644,0.1666666666666666,0.0,0.2188505885308512,0.0,0.4
0.25,0.8461538461538461,0.3333333333333333,0.5,0.5,1.0,1.0
0.25,1.0,1.0,1.0,1.0,1.0,1.0
0.25,0.6555555555555556,0.1666666666666666,0.0,0.1671604549662022,0.0,0.3333333333333333
0.25,0.5,0.25,0.430676558073393,0.430676558073393,1.0,1.0
0.25,0.793103448275862,1.0,0.6131471927654584,0.6131471927654584,0.5,0.5
0.25,1.0,1.0,1.0,1.0,1.0,1.0
0.25,0.6875,0.1666666666666666,0.0,0.3562071871080222,0.0,1.0
0.25,0.7561728395061729,0.0416666666666666,0.0,0.0,0.0,0.0
0.25,0.6,0.5,0.3868528072345416,0.3868528072345416,0.5,0.5
0.25,0.7264150943396226,0.1,0.0,0.0794570794327674,0.0,0.1428571428571428
0.25,0.8055555555555556,0.3333333333333333,0.3065735963827292,0.5109559939712153,0.5,1.0
0.25,0.4722222222222222,0.25,0.2640681225725909,0.2640681225725909,0.5,0.5
0.25,0.4848484848484848,0.1428571428571428,0.0,0.2043823975884861,0.0,0.5
0.25,0.7377049180327869,0.5,0.3868528072345416,0.3868528072345416,0.5,0.5
0.25,0.7839506172839507,0.0833333333333333,0.0,0.0,0.0,0.0
0.25,0.5217391304347826,0.0434782608695652,0.0,0.0,0.0,0.0
0.25,0.5,0.5,0.6309297535714575,0.6309297535714575,1.0,1.0
0.25,0.375,0.5,0.3868528072345416,0.6052602440527057,0.5,1.0
0.25,0.6818181818181819,0.125,0.0,0.3154648767857287,0.0,1.0
0.25,0.1818181818181817,0.1,0.0,0.2890648263178879,0.0,1.0
0.25,0.6428571428571428,0.0909090909090909,0.0,0.0,0.0,0.0
0.25,0.6,0.1111111111111111,0.0,0.3010299956639812,0.0,1.0
0.25,0.1666666666666666,0.1111111111111111,0.0,0.3010299956639812,0.0,1.0
0.25,0.5786163522012578,1.0,0.4692787260227564,0.4692787260227564,0.3333333333333333,0.3333333333333333
0.25,0.2857142857142857,0.0909090909090909,0.0,0.0,0.0,0.0
0.25,0.423170731707317,0.5,0.2139862647345275,0.1388624438735545,0.1,0.1
0.25,0.0817307692307692,0.0104166666666666,0.0,0.0,0.0,0.0
0.25,0.7083333333333334,0.5,0.3868528072345416,0.3868528072345416,0.5,0.5
0.25,0.2051282051282051,0.03125,0.0,0.0,0.0,0.0
0.25,0.375,0.0625,0.0,0.0,0.0,0.0
0.25,0.7777777777777778,0.1428571428571428,0.0,0.3333333333333333,0.0,1.0
0.25,0.1818181818181818,0.0131578947368421,0.0,0.0,0.0,0.0
0.25,1.0,1.0,1.0,1.0,1.0,1.0
0.25,0.5607638888888888,0.1666666666666666,0.0,0.0837249139991934,0.0,0.1111111111111111
0.25,0.7129750982961992,0.1666666666666666,0.0,0.0979129253499678,0.0,0.1428571428571428
0.25,0.7592592592592593,0.125,0.0,0.1934264036172708,0.0,0.5
0.25,0.9487179487179488,0.3333333333333333,0.5,0.5,1.0,1.0
0.25,0.7810945273631841,0.1428571428571428,0.0,0.1564262420075854,0.0,0.3333333333333333
0.25,1.0,1.0,1.0,1.0,1.0,1.0
0.25,0.4827586206896552,0.1666666666666666,0.0,0.1671604549662022,0.0,0.3333333333333333
0.25,0.6071428571428571,1.0,0.7095272044910244,0.7095272044910244,0.75,0.75
0.25,0.7887323943661971,0.1428571428571428,0.0,0.1564262420075854,0.0,0.3333333333333333
0.25,1.0,1.0,1.0,1.0,1.0,1.0
0.25,0.7142857142857143,0.0285714285714285,0.0,0.0,0.0,0.0
0.25,0.888888888888889,1.0,0.8529278650606567,0.8529278650606567,1.0,1.0
0.25,0.5,0.1666666666666666,0.0,0.3562071871080222,0.0,1.0
0.25,0.421875,0.5,0.24630238874073,0.24630238874073,0.25,0.25
0.25,0.6515151515151515,0.1666666666666666,0.0,0.2184074368181641,0.0,0.5
0.25,0.4285714285714286,0.0625,0.0,0.0,0.0,0.0
0.25,0.6666666666666666,0.3333333333333333,0.2346393630113782,0.5391065605018962,0.3333333333333333,1.0
0.25,0.8231404958677686,0.3333333333333333,0.3156484524795145,0.3156484524795145,0.4,0.4
0.25,0.720855614973262,0.1666666666666666,0.0,0.0783982689786753,0.0,0.0909090909090909
0.25,0.574468085106383,0.0476190476190476,0.0,0.0,0.0,0.0
0.25,0.3541666666666666,0.0555555555555555,0.0,0.0,0.0,0.0
0.25,0.8333333333333334,0.5,0.6309297535714575,0.6309297535714575,1.0,1.0
0.25,0.875,0.1666666666666666,0.0,0.411833840435435,0.0,1.0
0.25,0.3333333333333333,0.125,0.0,0.1934264036172708,0.0,0.5
0.25,0.1920289855072463,0.03125,0.0,0.0,0.0,0.0
0.25,0.7884972170686455,0.5,0.360054614577234,0.4724693965988902,0.2857142857142857,0.5714285714285714
0.25,0.6654135338345865,0.1666666666666666,0.0,0.1390561795107756,0.0,0.25
0.25,0.6839622641509434,0.125,0.0,0.123151194370365,0.0,0.25
0.25,0.5555555555555556,0.2,0.3868528072345416,0.3868528072345416,1.0,1.0
0.25,0.6363636363636364,0.2,0.3868528072345416,0.3868528072345416,1.0,1.0
0.25,0.8192090395480227,0.1111111111111111,0.0,0.1175161047564271,0.0,0.25
0.25,0.5142857142857142,0.0555555555555555,0.0,0.0,0.0,0.0
0.25,0.6388888888888888,0.0769230769230769,0.0,0.0,0.0,0.0
0.25,0.5740740740740741,0.5,0.2139862647345275,0.2917883373452057,0.1666666666666666,0.3333333333333333
0.25,0.5167464114832536,0.1111111111111111,0.0,0.066254223454389,0.0,0.0909090909090909
0.25,0.6041666666666666,0.25,0.2021073465005475,0.3377593199329953,0.3333333333333333,0.6666666666666666
0.25,0.4868131868131868,0.5,0.2139862647345275,0.2139862647345275,0.2,0.2
0.25,0.8,0.3333333333333333,0.5,0.5,1.0,1.0
0.25,0.4285714285714286,0.2,0.3868528072345416,0.3868528072345416,1.0,1.0
0.25,0.6187499999999999,0.25,0.1460683498427064,0.1850798333351394,0.125,0.25
0.25,0.75,0.1428571428571428,0.0,0.3333333333333333,0.0,1.0
0.25,0.396551724137931,0.0285714285714285,0.0,0.0,0.0,0.0
0.25,0.375,0.1666666666666666,0.0,0.2184074368181641,0.0,0.5
0.25,0.8,0.3333333333333333,0.5,0.5,1.0,1.0
0.25,0.9411764705882352,0.5,0.6309297535714575,0.6309297535714575,1.0,1.0
0.25,0.85,0.25,0.430676558073393,0.430676558073393,1.0,1.0
0.25,0.626984126984127,1.0,0.6131471927654584,0.6131471927654584,0.5,0.5
0.25,0.3984375,0.0357142857142857,0.0,0.0,0.0,0.0
0.25,0.6428571428571428,0.1666666666666666,0.0,0.3562071871080222,0.0,1.0
0.25,0.3333333333333333,0.2,0.3868528072345416,0.3868528072345416,1.0,1.0
0.25,0.3071895424836601,0.0454545454545454,0.0,0.0,0.0,0.0
0.25,0.5454545454545454,0.3333333333333333,0.3065735963827292,0.3065735963827292,0.5,0.5
0.25,0.6351351351351351,0.1428571428571428,0.0,0.2043823975884861,0.0,0.5
0.25,0.3787878787878788,0.0526315789473684,0.0,0.0,0.0,0.0
0.25,0.3496376811594203,0.0344827586206896,0.0,0.0,0.0,0.0
0.25,1.0,1.0,1.0,1.0,1.0,1.0
0.25,0.2777777777777778,0.1666666666666666,0.0,0.3562071871080222,0.0,1.0
0.25,0.4761904761904761,0.0833333333333333,0.0,0.0,0.0,0.0
0.25,0.234375,0.04,0.0,0.0,0.0,0.0
0.25,0.7277777777777777,0.0555555555555555,0.0,0.0,0.0,0.0
0.25,0.1521739130434782,0.0238095238095238,0.0,0.0,0.0,0.0
0.25,0.5833333333333334,0.05,0.0,0.0,0.0,0.0
0.25,0.3454861111111111,0.0169491525423728,0.0,0.0,0.0,0.0
0.25,0.5238095238095237,0.2,0.2371977127692962,0.2371977127692962,0.5,0.5
0.25,0.6755102040816326,0.0555555555555555,0.0,0.0,0.0,0.0
0.25,0.3026315789473685,0.1111111111111111,0.0,0.1845756967795681,0.0,0.5
0.25,0.1499999999999999,0.2,0.2371977127692962,0.4556051495874603,0.5,1.0
0.25,0.48,0.0714285714285714,0.0,0.0,0.0,0.0
0.25,0.7317073170731708,0.0909090909090909,0.0,0.0,0.0,0.0
0.25,0.4470404984423676,0.0476190476190476,0.0,0.0,0.0,0.0
0.25,0.542483660130719,0.0909090909090909,0.0,0.0,0.0,0.0
0.25,0.2619047619047618,0.03125,0.0,0.0,0.0,0.0
0.25,0.7145061728395061,0.3333333333333333,0.3156484524795145,0.2684550357175426,0.1666666666666666,0.25
0.25,0.3076923076923077,0.1,0.0,0.2890648263178879,0.0,1.0
0.25,0.8604651162790697,0.1428571428571428,0.0,0.3978088012057569,0.0,1.0
0.25,0.6883561643835616,0.0303030303030303,0.0,0.0,0.0,0.0
0.25,0.4861111111111111,0.0263157894736842,0.0,0.0,0.0,0.0
0.25,1.0,1.0,1.0,1.0,1.0,1.0
0.25,0.6944444444444445,0.25,0.1460683498427064,0.3255846345362898,0.1666666666666666,0.5
0.25,0.6066252587991718,0.5,0.2139862647345275,0.2816575879096918,0.0434782608695652,0.1304347826086956
0.25,0.4410377358490566,0.0256410256410256,0.0,0.0,0.0,0.0
0.25,0.634765625,0.1111111111111111,0.0,0.1175161047564271,0.0,0.25
0.25,0.4354166666666667,0.0476190476190476,0.0,0.0,0.0,0.0
0.25,0.1590909090909091,0.0476190476190476,0.0,0.0,0.0,0.0
0.25,0.5185185185185185,0.25,0.1460683498427064,0.1460683498427064,0.2,0.2
0.25,0.48,0.3333333333333333,0.169580102636808,0.2826335043946801,0.2,0.4
0.25,0.5,0.0588235294117647,0.0,0.0,0.0,0.0
0.25,0.631578947368421,1.0,0.6131471927654584,0.6131471927654584,0.5,0.5
0.25,0.5451476793248945,0.125,0.0,0.1069931323672637,0.0,0.2
0.25,0.25,0.0555555555555555,0.0,0.0,0.0,0.0
0.25,0.1851851851851851,0.0178571428571428,0.0,0.0,0.0,0.0
0.25,0.72,0.125,0.0,0.3154648767857287,0.0,1.0
0.25,0.5708333333333333,0.1111111111111111,0.0,0.1412669728598289,0.0,0.3333333333333333
0.25,0.5608108108108107,0.0256410256410256,0.0,0.0,0.0,0.0
0.25,0.5768645357686454,0.3333333333333333,0.3156484524795145,0.2928999982046174,0.2222222222222222,0.3333333333333333
0.25,0.5336879432624113,0.2,0.1312050775123417,0.2081549963614216,0.1666666666666666,0.3333333333333333
0.25,0.2522935779816513,0.0128205128205128,0.0,0.0,0.0,0.0
0.25,0.7333333333333334,0.2,0.3868528072345416,0.3868528072345416,1.0,1.0
0.25,0.1052631578947368,0.0555555555555555,0.0,0.0,0.0,0.0
0.25,0.5086206896551724,0.0526315789473684,0.0,0.0,0.0,0.0
0.25,0.6774193548387097,0.125,0.0,0.1934264036172708,0.0,0.5
0.25,0.5038167938931298,0.0476190476190476,0.0,0.0,0.0,0.0
0.25,0.8368421052631579,0.2,0.2371977127692962,0.2371977127692962,0.5,0.5
0.25,0.5175438596491228,0.0833333333333333,0.0,0.0,0.0,0.0
0.25,0.7066957787481805,0.1111111111111111,0.0,0.091092403223458,0.0,0.1666666666666666
0.25,0.7197986577181208,0.5,0.24630238874073,0.369453583111095,0.25,0.5
0.25,0.6263736263736263,0.0294117647058823,0.0,0.0,0.0,0.0
0.25,0.386,0.0476190476190476,0.0,0.0,0.0,0.0
0.25,0.3333333333333333,0.2,0.3868528072345416,0.3868528072345416,1.0,1.0
0.25,0.6009615384615384,0.5,0.4414924137367808,0.4414924137367808,0.5,0.5
0.25,0.7638888888888888,0.04,0.0,0.0,0.0,0.0
0.25,0.0,0.5,0.6309297535714575,0.6309297535714575,1.0,1.0
0.25,0.7,0.25,0.430676558073393,0.430676558073393,1.0,1.0
0.25,0.25,0.0357142857142857,0.0,0.0,0.0,0.0
0.25,0.0,0.1666666666666666,0.0,0.4227898344066503,0.0,1.0
0.25,0.5486725663716814,0.0588235294117647,0.0,0.0,0.0,0.0
0.25,0.5853658536585366,0.3333333333333333,0.3065735963827292,0.3065735963827292,0.5,0.5
0.25,0.46,0.3333333333333333,0.3065735963827292,0.3065735963827292,0.5,0.5
0.25,0.0,0.3333333333333333,0.5,0.5,1.0,1.0
0.25,0.8511627906976745,0.3333333333333333,0.4468535299918563,0.5676648326913505,0.6,0.8
0.25,0.0,0.2,0.3868528072345416,0.3868528072345416,1.0,1.0
0.25,0.6346153846153845,0.3333333333333333,0.3633175612671683,0.502373740777944,0.5,0.75
0.25,0.5476190476190476,0.5,0.3973220069685352,0.3973220069685352,0.5,0.5
0.25,0.1666666666666666,0.1666666666666666,0.0,0.3562071871080222,0.0,1.0
0.25,0.5986842105263157,0.0909090909090909,0.0,0.0,0.0,0.0
0.25,0.5531250000000001,0.3333333333333333,0.169580102636808,0.169580102636808,0.2,0.2
0.25,0.4705882352941176,0.1666666666666666,0.0,0.2184074368181641,0.0,0.5
0.25,0.1875,0.0103092783505154,0.0,0.0,0.0,0.0
0.25,0.4352617079889808,0.1,0.0,0.0874717141014082,0.0,0.1666666666666666
0.25,0.8385542168674698,0.25,0.1460683498427064,0.1460683498427064,0.2,0.2
0.25,0.0,0.5,0.6309297535714575,0.6309297535714575,1.0,1.0
0.25,0.7712418300653594,0.3333333333333333,0.4367467095119258,0.4367467095119258,0.6666666666666666,0.6666666666666666
0.25,0.550281954887218,0.0303030303030303,0.0,0.0,0.0,0.0
0.25,0.6104761904761906,0.1666666666666666,0.0,0.1208113026994942,0.0,0.2
0.25,0.4793650793650793,0.25,0.1460683498427064,0.1183827929553629,0.1428571428571428,0.1428571428571428
0.25,0.3043478260869565,0.0588235294117647,0.0,0.0,0.0,0.0
0.25,0.7366412213740458,0.1666666666666666,0.0,0.1390561795107756,0.0,0.25
0.25,0.3225806451612903,0.0769230769230769,0.0,0.0,0.0,0.0
0.25,0.2238805970149253,0.0188679245283018,0.0,0.0,0.0,0.0
0.25,0.32,0.0294117647058823,0.0,0.0,0.0,0.0
0.25,0.5882352941176471,0.0454545454545454,0.0,0.0,0.0,0.0
0.25,0.55,0.1428571428571428,0.0,0.2043823975884861,0.0,0.5
0.25,0.5833333333333334,0.5,0.6797310500037655,0.6797310500037655,1.0,1.0
0.25,0.4147727272727273,0.0833333333333333,0.0,0.0,0.0,0.0
0.25,0.8461538461538463,0.5,0.2960819109658652,0.431733884398313,0.3333333333333333,0.6666666666666666
0.25,0.6020408163265306,0.0588235294117647,0.0,0.0,0.0,0.0
0.25,1.0,1.0,1.0,1.0,1.0,1.0
0.25,0.25,0.0526315789473684,0.0,0.0,0.0,0.0
0.25,0.7164179104477612,0.05,0.0,0.0,0.0,0.0
0.25,0.6355685131195336,0.25,0.1460683498427064,0.1978398723881303,0.1428571428571428,0.2857142857142857
0.25,0.6666666666666667,0.3333333333333333,0.5,0.5,1.0,1.0
0.25,0.7924528301886793,0.25,0.2640681225725909,0.2640681225725909,0.5,0.5
0.25,0.4333333333333333,0.25,0.2021073465005475,0.4790262927928244,0.3333333333333333,1.0
0.25,0.9824561403508772,1.0,0.9674679834891692,0.9674679834891692,1.0,1.0
0.25,0.5588235294117647,0.125,0.0,0.3706656904013186,0.0,1.0
0.25,0.7666666666666666,0.125,0.0,0.3154648767857287,0.0,1.0
0.25,0.4032258064516129,0.0263157894736842,0.0,0.0,0.0,0.0
0.25,0.8333333333333334,0.2,0.3868528072345416,0.3868528072345416,1.0,1.0
0.25,0.6,1.0,0.6131471927654584,0.8315546295836225,0.5,1.0
0.25,0.6060606060606061,0.1666666666666666,0.0,0.1671604549662022,0.0,0.3333333333333333
0.25,0.3125,0.25,0.1681275362711174,0.1681275362711174,0.25,0.25
0.25,0.8629283489096573,0.3333333333333333,0.2346393630113782,0.2346393630113782,0.3333333333333333,0.3333333333333333
0.25,0.6628787878787878,0.5,0.360054614577234,0.3528398039985379,0.25,0.375
0.25,0.9534883720930232,0.3333333333333333,0.5,0.5,1.0,1.0
0.25,0.6666666666666667,0.3333333333333333,0.5143371794949736,0.6533933590057491,0.75,1.0
0.25,0.4210526315789473,0.0833333333333333,0.0,0.0,0.0,0.0
0.25,0.5777777777777777,0.1666666666666666,0.0,0.1671604549662022,0.0,0.3333333333333333
0.25,0.56,0.3333333333333333,0.3065735963827292,0.3065735963827292,0.5,0.5
0.25,0.4333333333333333,0.1111111111111111,0.0,0.1845756967795681,0.0,0.5
0.25,0.6940639269406392,0.5,0.5307212739772434,0.5307212739772434,0.6666666666666666,0.6666666666666666
0.25,0.5546875,0.3333333333333333,0.1951900249960508,0.1951900249960508,0.25,0.25
0.25,0.7,0.0526315789473684,0.0,0.0,0.0,0.0
0.25,0.75,0.1428571428571428,0.0,0.2043823975884861,0.0,0.5
0.25,0.8275862068965517,0.1666666666666666,0.0,0.3562071871080222,0.0,1.0
0.25,0.0878378378378378,0.0303030303030303,0.0,0.0,0.0,0.0
0.25,0.683641975308642,1.0,0.3391602052736161,0.4034698846650846,0.1666666666666666,0.3333333333333333
0.25,0.6058479532163742,0.125,0.0,0.0741486152850745,0.0,0.1111111111111111
0.25,0.7857142857142857,0.5,0.4981892574664128,0.6394562303262419,0.6666666666666666,1.0
0.25,0.6547619047619048,0.0714285714285714,0.0,0.0,0.0,0.0
0.25,0.7857142857142857,0.5,0.6509209298071326,0.6509209298071326,1.0,1.0
0.25,0.5390070921985816,0.0588235294117647,0.0,0.0,0.0,0.0
0.25,0.25,0.25,0.430676558073393,0.430676558073393,1.0,1.0
0.25,0.423728813559322,0.0833333333333333,0.0,0.0,0.0,0.0
0.25,0.5528455284552846,1.0,0.4692787260227564,0.4692787260227564,0.3333333333333333,0.3333333333333333
0.25,0.4256756756756756,0.0526315789473684,0.0,0.0,0.0,0.0
0.25,0.3898305084745762,0.0434782608695652,0.0,0.0,0.0,0.0
0.25,0.5714285714285714,0.1428571428571428,0.0,0.2043823975884861,0.0,0.5
0.25,0.325,0.0769230769230769,0.0,0.0,0.0,0.0
0.25,0.6557377049180328,0.5,0.2960819109658652,0.4632423659320675,0.3333333333333333,0.6666666666666666
0.25,0.5416666666666666,0.5,0.2960819109658652,0.6005491084563833,0.3333333333333333,1.0
0.25,0.0,0.5,0.6309297535714575,0.6309297535714575,1.0,1.0
0.25,0.2794117647058823,0.02,0.0,0.0,0.0,0.0
0.25,0.7126865671641791,0.3333333333333333,0.3065735963827292,0.3065735963827292,0.5,0.5
0.25,0.5727272727272728,1.0,0.3391602052736161,0.4412576003965278,0.2,0.4
0.25,0.875,0.3333333333333333,0.5,0.5,1.0,1.0
0.25,0.5882352941176471,0.0769230769230769,0.0,0.0,0.0,0.0
0.25,0.6014492753623188,0.5,0.2139862647345275,0.2783925802803428,0.1666666666666666,0.3333333333333333
0.25,0.7,1.0,0.6131471927654584,0.6131471927654584,0.5,0.5
0.25,0.7941176470588236,1.0,0.6131471927654584,0.7977228895450266,0.5,1.0
0.25,0.7836538461538463,0.25,0.1681275362711174,0.4110993609507533,0.25,0.75
0.25,0.8603603603603603,0.1,0.0,0.1772392867840477,0.0,0.5
0.25,0.5991379310344828,1.0,0.6131471927654584,0.6131471927654584,0.5,0.5
0.25,0.2862745098039216,0.1428571428571428,0.0,0.113053401757872,0.0,0.2
0.25,0.2222222222222222,0.0476190476190476,0.0,0.0,0.0,0.0
0.25,0.6447688564476886,0.0555555555555555,0.0,0.0,0.0,0.0
0.25,0.7807692307692308,1.0,0.4703652827859579,0.4703652827859579,0.4,0.4
0.25,0.5544354838709677,0.0625,0.0,0.0,0.0,0.0
0.25,0.6,0.3333333333333333,0.5,0.5,1.0,1.0
0.25,0.7525551371705218,1.0,0.3391602052736161,0.2837125544970318,0.0769230769230769,0.1538461538461538
0.25,0.375886524822695,0.0476190476190476,0.0,0.0,0.0,0.0
0.25,0.6965517241379311,0.0222222222222222,0.0,0.0,0.0,0.0
0.25,0.8,0.3333333333333333,0.3007851801491498,0.5285896152159077,0.4,0.8
0.25,0.7019230769230769,0.2,0.1510196182278052,0.2811463015585058,0.25,0.5
0.25,0.9852941176470588,0.5,0.6309297535714575,0.6309297535714575,1.0,1.0
0.25,0.2857142857142857,0.0909090909090909,0.0,0.0,0.0,0.0
0.25,0.65,0.1666666666666666,0.0,0.2184074368181641,0.0,0.5
0.25,0.7769423558897244,0.1,0.0,0.1356519734324477,0.0,0.3333333333333333
0.25,0.5526315789473685,0.0833333333333333,0.0,0.0,0.0,0.0
0.25,0.6947368421052632,0.5,0.2960819109658652,0.2960819109658652,0.3333333333333333,0.3333333333333333
0.25,0.5722222222222222,0.125,0.0,0.1934264036172708,0.0,0.5
0.25,0.6666666666666667,0.1111111111111111,0.0,0.3010299956639812,0.0,1.0
0.25,0.8888888888888888,0.3333333333333333,0.5,0.5,1.0,1.0
0.25,0.4025974025974026,0.0212765957446808,0.0,0.0,0.0,0.0
0.25,0.8,0.5,0.6309297535714575,0.6309297535714575,1.0,1.0
0.25,0.0,0.0588235294117647,0.0,0.0,0.0,0.0
0.25,0.4583333333333333,0.0625,0.0,0.0,0.0,0.0
0.25,1.0,1.0,1.0,1.0,1.0,1.0
0.25,0.5357142857142858,0.0666666666666666,0.0,0.0,0.0,0.0
0.25,0.8333333333333334,0.125,0.0,0.1934264036172708,0.0,0.5
0.25,0.3999999999999999,0.2,0.1815417925373526,0.3379680345449381,0.3333333333333333,0.6666666666666666
0.25,0.5828144458281445,0.25,0.1460683498427064,0.3012042966046398,0.0909090909090909,0.3636363636363636
0.25,0.7628205128205128,0.25,0.2021073465005475,0.3692678014667498,0.3333333333333333,0.6666666666666666
0.25,0.6808163265306122,0.1,0.0,0.0794570794327674,0.0,0.1428571428571428
0.25,0.15,0.0555555555555555,0.0,0.0,0.0,0.0
0.25,0.6380208333333334,0.0588235294117647,0.0,0.0,0.0,0.0
0.25,0.75,0.5,0.6309297535714575,0.6309297535714575,1.0,1.0
0.25,0.4615384615384615,0.0454545454545454,0.0,0.0,0.0,0.0
0.25,0.6698113207547169,0.0625,0.0,0.0,0.0,0.0
0.25,0.36,0.1111111111111111,0.0,0.1412669728598289,0.0,0.3333333333333333
0.25,0.510548523206751,0.1666666666666666,0.0,0.1077891545245109,0.0,0.1666666666666666
0.25,0.7894736842105263,0.5,0.24630238874073,0.4995802664417955,0.25,0.75
0.25,0.5680147058823529,0.1666666666666666,0.0,0.1390561795107756,0.0,0.25
0.25,0.6367924528301887,0.1111111111111111,0.0,0.1175161047564271,0.0,0.25
0.25,0.5104166666666667,0.025,0.0,0.0,0.0,0.0
0.25,0.928813559322034,1.0,0.3391602052736161,0.5482507327637915,0.2,0.6
0.25,0.7777777777777778,0.1428571428571428,0.0,0.3333333333333333,0.0,1.0
0.25,0.8627450980392156,0.125,0.0,0.3154648767857287,0.0,1.0
0.25,0.1114130434782608,0.025,0.0,0.0,0.0,0.0
0.25,0.6,0.1428571428571428,0.0,0.2043823975884861,0.0,0.5
0.25,0.44140625,0.0666666666666666,0.0,0.0,0.0,0.0
0.5,0.5268817204301075,0.125,0.0,0.0954604330894673,0.0,0.1666666666666666
0.5,0.5087719298245614,0.0357142857142857,0.0,0.0,0.0,0.0
0.5,0.25,0.0333333333333333,0.0,0.0,0.0,0.0
0.5,0.5665584415584416,0.1666666666666666,0.0,0.0979129253499678,0.0,0.1428571428571428
0.5,0.7046153846153846,0.3333333333333333,0.169580102636808,0.2765732350040718,0.2,0.4
0.5,0.5485232067510548,0.5,0.2960819109658652,0.2960819109658652,0.3333333333333333,0.3333333333333333
0.5,0.8846153846153846,0.5,0.6509209298071326,0.6509209298071326,1.0,1.0
0.5,0.6944444444444444,1.0,0.3903800499921017,0.3903800499921017,0.25,0.25
0.5,0.5252403846153846,0.1111111111111111,0.0,0.2303612461053624,0.0,0.5
0.5,0.7878787878787878,0.25,0.2021073465005475,0.3501483019834802,0.3333333333333333,0.6666666666666666
0.5,0.3636363636363636,0.125,0.0,0.3154648767857287,0.0,1.0
0.5,1.0,1.0,1.0,1.0,1.0,1.0
0.5,0.3818181818181818,0.0454545454545454,0.0,0.0,0.0,0.0
0.5,0.8735632183908046,0.3333333333333333,0.4161811555487308,0.4161811555487308,0.6666666666666666,0.6666666666666666
0.5,0.1999999999999999,0.2,0.3868528072345416,0.3868528072345416,1.0,1.0
0.5,0.34375,0.04,0.0,0.0,0.0,0.0
0.5,0.4583333333333333,0.25,0.2640681225725909,0.2640681225725909,0.5,0.5
0.5,0.603448275862069,0.024390243902439,0.0,0.0,0.0,0.0
0.5,0.2844827586206896,0.0142857142857142,0.0,0.0,0.0,0.0
0.5,0.35,0.0714285714285714,0.0,0.0,0.0,0.0
0.5,0.480225988700565,0.1111111111111111,0.0,0.091092403223458,0.0,0.1666666666666666
0.5,0.6830601092896176,0.1666666666666666,0.0,0.1671604549662022,0.0,0.3333333333333333
0.5,0.8,0.5,0.6309297535714575,0.6309297535714575,1.0,1.0
0.5,0.619277108433735,0.5,0.2139862647345275,0.3347975674340217,0.2,0.4
0.5,0.4534883720930233,0.0769230769230769,0.0,0.0,0.0,0.0
0.5,0.619718309859155,0.0357142857142857,0.0,0.0,0.0,0.0
0.5,0.8823529411764706,0.3333333333333333,0.5,0.5,1.0,1.0
0.5,0.51875,0.5,0.3868528072345416,0.3868528072345416,0.5,0.5
0.5,0.5125,0.5,0.3868528072345416,0.3868528072345416,0.5,0.5
0.5,0.5,0.5,0.6309297535714575,0.6309297535714575,1.0,1.0
0.5,0.7222222222222222,1.0,0.7653606369886217,0.9134015924715544,0.6666666666666666,1.0
0.5,0.3921568627450981,0.03125,0.0,0.0,0.0,0.0
0.5,0.6054054054054053,0.3333333333333333,0.169580102636808,0.2676193884681651,0.2,0.4
0.5,0.45,0.1666666666666666,0.0,0.411833840435435,0.0,1.0
0.5,0.536082474226804,0.0769230769230769,0.0,0.0,0.0,0.0
0.5,0.3636363636363636,0.125,0.0,0.3154648767857287,0.0,1.0
0.5,0.626984126984127,0.1,0.0,0.0874717141014082,0.0,0.1666666666666666
0.5,0.8974358974358975,0.2,0.3868528072345416,0.3868528072345416,1.0,1.0
0.5,0.6578947368421052,0.1666666666666666,0.0,0.1390561795107756,0.0,0.25
0.5,0.75,0.2,0.3868528072345416,0.3868528072345416,1.0,1.0
0.5,0.5128205128205128,0.05,0.0,0.0,0.0,0.0
0.5,1.0,1.0,1.0,1.0,1.0,1.0
0.5,1.0,1.0,1.0,1.0,1.0,1.0
0.5,0.5395417590539541,0.0434782608695652,0.0,0.0,0.0,0.0
0.5,0.7101449275362318,0.3333333333333333,0.1951900249960508,0.1951900249960508,0.25,0.25
0.5,0.430188679245283,0.1666666666666666,0.0,0.1208113026994942,0.0,0.2
0.5,0.4619565217391304,0.0476190476190476,0.0,0.0,0.0,0.0
0.5,0.7694610778443114,0.25,0.2640681225725909,0.2640681225725909,0.5,0.5
0.5,0.7891156462585035,0.125,0.0,0.1480409554829326,0.0,0.3333333333333333
0.5,0.44,0.1428571428571428,0.0,0.2043823975884861,0.0,0.5
0.5,0.6077777777777778,0.25,0.1460683498427064,0.164219586306328,0.1,0.2
0.5,0.5,0.25,0.430676558073393,0.430676558073393,1.0,1.0
0.5,0.2142857142857143,0.0149253731343283,0.0,0.0,0.0,0.0
0.5,0.8333333333333334,0.5,0.6309297535714575,0.6309297535714575,1.0,1.0
0.5,0.2285714285714286,0.04,0.0,0.0,0.0,0.0
0.5,0.4444444444444444,0.1666666666666666,0.0,0.4227898344066503,0.0,1.0
0.5,0.5388888888888889,1.0,0.3391602052736161,0.3391602052736161,0.2,0.2
0.5,0.7796296296296297,0.3333333333333333,0.169580102636808,0.169580102636808,0.2,0.2
0.5,1.0,1.0,1.0,1.0,1.0,1.0
0.5,0.6683453237410072,0.0769230769230769,0.0,0.0,0.0,0.0
0.5,0.5778985507246377,0.125,0.0,0.0954604330894673,0.0,0.1666666666666666
0.5,0.7695652173913045,1.0,0.3391602052736161,0.4599715079731103,0.2,0.4
0.5,0.5285714285714286,0.1428571428571428,0.0,0.1301266833307005,0.0,0.25
0.5,0.0,0.5,0.6309297535714575,0.6309297535714575,1.0,1.0
0.5,1.0,1.0,1.0,1.0,1.0,1.0
0.5,0.3636363636363636,0.1428571428571428,0.0,0.3816216843725338,0.0,1.0
0.5,0.5271739130434783,0.5,0.2139862647345275,0.243903311380782,0.125,0.25
0.5,0.0625,0.1111111111111111,0.0,0.3010299956639812,0.0,1.0
0.5,0.5077519379844961,0.0666666666666666,0.0,0.0,0.0,0.0
0.5,0.6051779935275081,0.5,0.2960819109658652,0.2960819109658652,0.3333333333333333,0.3333333333333333
0.5,0.7015503875968991,1.0,0.5087403079104241,0.561692774772731,0.3333333333333333,0.5
0.5,1.0,1.0,1.0,1.0,1.0,1.0
0.5,0.7694805194805194,1.0,0.4852285551163225,0.4416737339478611,0.25,0.375
0.5,0.6923076923076923,1.0,0.6131471927654584,0.6131471927654584,0.5,0.5
0.5,0.1052631578947368,0.0625,0.0,0.0,0.0,0.0
0.5,0.2785714285714286,0.2,0.1312050775123417,0.1312050775123417,0.2,0.2
0.5,0.5233516483516484,0.25,0.1460683498427064,0.1978398723881303,0.1428571428571428,0.2857142857142857
0.5,1.0,1.0,1.0,1.0,1.0,1.0
0.5,0.4252336448598132,0.125,0.0,0.123151194370365,0.0,0.25
0.5,0.9782608695652174,1.0,0.9197207891481876,0.9197207891481876,1.0,1.0
0.5,1.0,1.0,1.0,1.0,1.0,1.0
0.5,0.7271062271062271,1.0,0.4703652827859579,0.4606700933772881,0.2857142857142857,0.4285714285714285
0.5,1.0,1.0,1.0,1.0,1.0,1.0
0.5,1.0,1.0,1.0,1.0,1.0,1.0
0.5,0.550326797385621,1.0,0.4852285551163225,0.3362741576267855,0.2222222222222222,0.2222222222222222
0.5,1.0,1.0,1.0,1.0,1.0,1.0
0.5,0.3333333333333333,0.2,0.3868528072345416,0.3868528072345416,1.0,1.0
0.5,0.5,0.0714285714285714,0.0,0.0,0.0,0.0
0.5,0.4285714285714286,0.1111111111111111,0.0,0.3618149835636159,0.0,1.0
0.5,0.375,0.1666666666666666,0.0,0.3562071871080222,0.0,1.0
0.5,0.4523809523809524,0.032258064516129,0.0,0.0,0.0,0.0
0.5,0.4047619047619047,0.125,0.0,0.1934264036172708,0.0,0.5
0.5,0.9285714285714286,1.0,0.9197207891481876,0.9197207891481876,1.0,1.0
0.5,0.48,0.025,0.0,0.0,0.0,0.0
0.5,0.7522522522522522,0.2,0.1510196182278052,0.1510196182278052,0.25,0.25
0.5,0.9,0.5,0.6309297535714575,0.6309297535714575,1.0,1.0
0.5,0.8953271028037383,0.3333333333333333,0.169580102636808,0.3884306911676592,0.2,0.6
0.5,0.8,1.0,0.8772153153380493,0.8772153153380493,1.0,1.0
0.5,0.7666666666666666,0.5,0.3868528072345416,0.3868528072345416,0.5,0.5
0.5,0.625,0.3333333333333333,0.3065735963827292,0.3065735963827292,0.5,0.5
0.5,0.2777777777777778,0.0769230769230769,0.0,0.0,0.0,0.0
0.5,0.6065573770491803,0.0909090909090909,0.0,0.0,0.0,0.0
0.5,0.625,0.25,0.430676558073393,0.430676558073393,1.0,1.0
0.5,0.8571428571428572,0.5,0.6309297535714575,0.6309297535714575,1.0,1.0
0.5,0.5311111111111111,0.0454545454545454,0.0,0.0,0.0,0.0
0.5,0.6923076923076923,0.3333333333333333,0.3065735963827292,0.3065735963827292,0.5,0.5
0.5,0.0,0.2,0.3868528072345416,0.3868528072345416,1.0,1.0
0.5,0.75,0.0833333333333333,0.0,0.0,0.0,0.0
0.5,0.5,0.5,0.6309297535714575,0.6309297535714575,1.0,1.0
0.5,0.1904761904761904,0.0555555555555555,0.0,0.0,0.0,0.0
0.5,0.0,0.1428571428571428,0.0,0.3333333333333333,0.0,1.0
0.5,0.6666666666666667,0.1666666666666666,0.0,0.3562071871080222,0.0,1.0
0.5,0.1666666666666666,0.0625,0.0,0.0,0.0,0.0
0.5,1.0,1.0,1.0,1.0,1.0,1.0
0.5,0.7333333333333334,0.2,0.3868528072345416,0.3868528072345416,1.0,1.0
0.5,0.6888888888888889,0.5,0.4776237035032179,0.4776237035032179,0.6666666666666666,0.6666666666666666
0.5,0.4083333333333333,0.0625,0.0,0.0,0.0,0.0
0.5,0.8333333333333334,0.5,0.6309297535714575,0.6309297535714575,1.0,1.0
0.5,1.0,1.0,1.0,1.0,1.0,1.0
0.5,0.9401041666666666,0.25,0.2772734273550482,0.5515034178285835,0.3333333333333333,0.8333333333333334
0.5,0.5405405405405406,0.0666666666666666,0.0,0.0,0.0,0.0
0.5,0.6615384615384615,0.25,0.2772734273550482,0.4883661149442773,0.4,0.8
0.5,0.5416666666666667,0.5,0.24630238874073,0.24630238874073,0.25,0.25
0.5,0.3333333333333333,0.3333333333333333,0.5,0.5,1.0,1.0
0.5,0.6923076923076923,0.2,0.3868528072345416,0.3868528072345416,1.0,1.0
0.5,1.0,1.0,1.0,1.0,1.0,1.0
0.5,0.7619047619047619,1.0,0.6131471927654584,0.6131471927654584,0.5,0.5
0.5,0.6925925925925925,0.3333333333333333,0.169580102636808,0.1513012067494067,0.1666666666666666,0.1666666666666666
0.5,0.6461538461538461,1.0,0.4692787260227564,0.4692787260227564,0.3333333333333333,0.3333333333333333
0.5,0.1904761904761904,0.0285714285714285,0.0,0.0,0.0,0.0
0.5,0.64,0.125,0.0,0.1934264036172708,0.0,0.5
0.5,0.6444444444444445,0.2,0.1312050775123417,0.1312050775123417,0.2,0.2
0.5,0.6490807354116706,1.0,0.3391602052736161,0.2350455494144853,0.1111111111111111,0.1111111111111111
0.5,0.8783783783783784,1.0,0.3903800499921017,0.5078961547485289,0.25,0.5
0.5,1.0,1.0,1.0,1.0,1.0,1.0
0.5,0.9230769230769232,0.3333333333333333,0.5,0.5,1.0,1.0
0.5,0.2222222222222222,0.0526315789473684,0.0,0.0,0.0,0.0
0.5,0.808,0.25,0.1460683498427064,0.4682122790907539,0.2,0.8
0.5,0.5402298850574712,0.0714285714285714,0.0,0.0,0.0,0.0
0.5,0.2857142857142857,0.0384615384615384,0.0,0.0,0.0,0.0
0.5,0.5555555555555556,0.5,0.7122630665145961,0.7122630665145961,1.0,1.0
0.5,0.7202380952380952,0.5,0.24630238874073,0.24630238874073,0.25,0.25
0.5,0.7588235294117647,0.2,0.2371977127692962,0.2371977127692962,0.5,0.5
0.5,0.7092198581560284,0.125,0.0,0.1480409554829326,0.0,0.3333333333333333
0.5,0.5833333333333333,0.1666666666666666,0.0,0.3562071871080222,0.0,1.0
0.5,0.6725663716814159,0.0833333333333333,0.0,0.0,0.0,0.0
0.5,0.6506849315068493,0.2,0.1312050775123417,0.0909280306189788,0.1111111111111111,0.1111111111111111
0.5,0.3888888888888888,0.0833333333333333,0.0,0.0,0.0,0.0
0.5,0.9,1.0,0.8503449055347546,0.8503449055347546,1.0,1.0
0.5,0.4773722627737226,0.0294117647058823,0.0,0.0,0.0,0.0
0.5,0.6420454545454545,0.2,0.1510196182278052,0.1510196182278052,0.25,0.25
0.5,0.5692307692307692,0.0344827586206896,0.0,0.0,0.0,0.0
0.5,0.0,0.25,0.430676558073393,0.430676558073393,1.0,1.0
0.5,1.0,1.0,1.0,1.0,1.0,1.0
0.5,0.5422077922077922,0.0476190476190476,0.0,0.0,0.0,0.0
0.5,0.8260869565217391,0.2,0.3868528072345416,0.3868528072345416,1.0,1.0
0.5,0.3333333333333333,0.2,0.3868528072345416,0.3868528072345416,1.0,1.0
0.5,0.9333333333333332,1.0,0.8772153153380493,0.8772153153380493,1.0,1.0
0.5,0.7184873949579832,0.125,0.0,0.0867138284941197,0.0,0.1428571428571428
0.5,0.8925233644859812,0.1,0.0,0.1772392867840477,0.0,0.5
0.5,0.92,0.5,0.5307212739772434,0.6871475159848289,0.6666666666666666,1.0
0.5,0.5067567567567568,0.1,0.0,0.1772392867840477,0.0,0.5
0.5,0.6724137931034483,0.5,0.24630238874073,0.4982037096004408,0.25,0.75
0.5,0.8627450980392156,0.3333333333333333,0.4367467095119258,0.6039071644781281,0.6666666666666666,1.0
0.5,0.1999999999999999,0.0588235294117647,0.0,0.0,0.0,0.0
0.5,0.175,0.0333333333333333,0.0,0.0,0.0,0.0
0.5,0.5652173913043479,0.0909090909090909,0.0,0.0,0.0,0.0
0.5,0.5320512820512819,1.0,0.5531464700081437,0.4935232796777481,0.3333333333333333,0.3333333333333333
0.5,0.2333333333333333,0.05,0.0,0.0,0.0,0.0
0.5,0.4473684210526316,0.1428571428571428,0.0,0.2532778777010656,0.0,0.5
0.5,0.7555555555555555,0.3333333333333333,0.4161811555487308,0.4161811555487308,0.6666666666666666,0.6666666666666666
0.5,0.6159420289855073,0.0769230769230769,0.0,0.0,0.0,0.0
0.5,0.5122950819672132,0.3333333333333333,0.1951900249960508,0.1951900249960508,0.25,0.25
0.5,0.6025641025641026,0.0714285714285714,0.0,0.0,0.0,0.0
0.5,0.2666666666666667,0.0833333333333333,0.0,0.0,0.0,0.0
0.5,0.5930232558139535,0.25,0.1460683498427064,0.2990417396106507,0.1428571428571428,0.4285714285714285
0.5,0.5680272108843537,0.1666666666666666,0.0,0.2184074368181641,0.0,0.5
0.5,0.4852941176470588,0.25,0.1681275362711174,0.1681275362711174,0.25,0.25
0.5,0.6585365853658536,0.1666666666666666,0.0,0.1671604549662022,0.0,0.3333333333333333
0.5,0.3683127572016461,0.125,0.0,0.0741486152850745,0.0,0.1111111111111111
0.5,0.6763779527559055,1.0,0.4852285551163225,0.4852285551163225,0.4,0.4
0.5,0.7558139534883721,0.125,0.0,0.1934264036172708,0.0,0.5
0.5,0.7142857142857143,0.1111111111111111,0.0,0.3010299956639812,0.0,1.0
0.5,0.25,0.25,0.430676558073393,0.430676558073393,1.0,1.0
0.5,0.3125,0.0833333333333333,0.0,0.0,0.0,0.0
0.5,0.55,0.1,0.0,0.2890648263178879,0.0,1.0
0.5,0.4615384615384615,0.1666666666666666,0.0,0.2184074368181641,0.0,0.5
0.5,0.375,0.1,0.0,0.1772392867840477,0.0,0.5
0.5,0.6599999999999999,0.125,0.0,0.1934264036172708,0.0,0.5
0.5,0.6288156288156288,0.1666666666666666,0.0,0.0979129253499678,0.0,0.1428571428571428
0.5,0.8412698412698413,0.0909090909090909,0.0,0.0,0.0,0.0
0.5,0.6428571428571429,0.0454545454545454,0.0,0.0,0.0,0.0
0.5,0.8333333333333334,0.1666666666666666,0.0,0.3562071871080222,0.0,1.0
0.5,0.7310344827586207,0.5,0.2139862647345275,0.3160836598574392,0.2,0.4
0.5,0.7647058823529411,0.2,0.3868528072345416,0.3868528072345416,1.0,1.0
0.5,0.8666666666666667,0.2,0.3868528072345416,0.3868528072345416,1.0,1.0
0.5,0.5,0.3333333333333333,0.3065735963827292,0.3065735963827292,0.5,0.5
0.5,0.7258064516129032,0.1111111111111111,0.0,0.1845756967795681,0.0,0.5
0.5,0.1568627450980392,0.025,0.0,0.0,0.0,0.0
0.5,0.5,0.3333333333333333,0.5,0.5,1.0,1.0
0.5,0.7810810810810811,1.0,0.3391602052736161,0.4371994911049732,0.2,0.4
0.5,0.888888888888889,1.0,0.6843515475204855,0.8051628502199798,0.6,0.8
0.5,0.3910984848484848,1.0,0.3391602052736161,0.2200917662980801,0.0909090909090909,0.0909090909090909
0.5,0.6705685618729097,1.0,0.4852285551163225,0.3148801306676309,0.1538461538461538,0.1538461538461538
0.5,0.6,0.1666666666666666,0.0,0.4029831335977323,0.0,1.0
0.5,0.7288135593220338,0.0666666666666666,0.0,0.0,0.0,0.0
0.5,0.0,0.0357142857142857,0.0,0.0,0.0,0.0
0.5,0.5454545454545454,0.5,0.3868528072345416,0.3868528072345416,0.5,0.5
0.5,0.725,1.0,0.5585075862632192,0.6886342695939197,0.5,0.75
0.5,0.5,0.0277777777777777,0.0,0.0,0.0,0.0
0.5,0.575075075075075,0.0909090909090909,0.0,0.0,0.0,0.0
0.5,0.59375,0.1428571428571428,0.0,0.3889580943680543,0.0,1.0
0.5,0.9230769230769232,0.3333333333333333,0.5,0.5,1.0,1.0
0.5,0.9098360655737704,0.5,0.3868528072345416,0.3868528072345416,0.5,0.5
0.5,0.5072859744990892,0.1111111111111111,0.0,0.0707557607210806,0.0,0.1111111111111111
0.5,0.6679999999999999,1.0,0.3391602052736161,0.4599715079731103,0.2,0.4
0.5,0.7777777777777778,0.0909090909090909,0.0,0.0,0.0,0.0
0.5,0.1538461538461538,0.0833333333333333,0.0,0.0,0.0,0.0
0.5,0.56,0.0833333333333333,0.0,0.0,0.0,0.0
0.5,0.4473684210526315,0.0454545454545454,0.0,0.0,0.0,0.0
0.5,0.7419354838709676,0.1666666666666666,0.0,0.3152014104491349,0.0,0.6666666666666666
0.5,0.2941176470588235,0.0769230769230769,0.0,0.0,0.0,0.0
0.5,0.708641975308642,0.0526315789473684,0.0,0.0,0.0,0.0
0.5,0.5570987654320988,0.5,0.2139862647345275,0.1909208661789346,0.1666666666666666,0.1666666666666666
0.5,0.8125,0.3333333333333333,0.3065735963827292,0.3065735963827292,0.5,0.5
0.5,0.5652173913043479,0.0909090909090909,0.0,0.0,0.0,0.0
0.5,0.2708333333333333,0.0714285714285714,0.0,0.0,0.0,0.0
0.5,0.5,0.1428571428571428,0.0,0.2043823975884861,0.0,0.5
0.5,0.3172413793103448,0.0909090909090909,0.0,0.0,0.0,0.0
0.5,0.3049180327868852,0.0909090909090909,0.0,0.0,0.0,0.0
0.5,0.6136363636363636,1.0,0.6131471927654584,0.6131471927654584,0.5,0.5
0.5,0.6972477064220184,0.2,0.1312050775123417,0.242596345536463,0.1111111111111111,0.3333333333333333
0.5,0.5,1.0,0.9197207891481876,0.9197207891481876,1.0,1.0
0.5,0.6733333333333333,1.0,0.3903800499921017,0.3903800499921017,0.25,0.25
0.5,0.8125,0.1666666666666666,0.0,0.4029831335977323,0.0,1.0
0.5,0.7941176470588236,0.125,0.0,0.3780021003968389,0.0,1.0
0.5,0.0,0.3333333333333333,0.5,0.5,1.0,1.0
0.5,0.4722222222222221,0.1111111111111111,0.0,0.1412669728598289,0.0,0.3333333333333333
0.5,0.1818181818181817,0.1,0.0,0.2890648263178879,0.0,1.0
0.5,0.5892857142857143,1.0,0.5531464700081437,0.4935232796777481,0.3333333333333333,0.3333333333333333
0.5,0.4782608695652174,0.0769230769230769,0.0,0.0,0.0,0.0
0.5,0.5744680851063829,0.5,0.2960819109658652,0.2960819109658652,0.3333333333333333,0.3333333333333333
0.5,0.3888888888888889,0.0555555555555555,0.0,0.0,0.0,0.0
0.5,0.225,0.0666666666666666,0.0,0.0,0.0,0.0
0.5,0.4551724137931034,0.0129870129870129,0.0,0.0,0.0,0.0
0.5,0.6666666666666667,1.0,0.6131471927654584,0.6131471927654584,0.5,0.5
0.5,0.4318181818181819,1.0,0.3903800499921017,0.3903800499921017,0.25,0.25
0.5,0.6770833333333334,0.5,0.2139862647345275,0.1482972305701491,0.1111111111111111,0.1111111111111111
0.5,0.5825471698113207,0.0476190476190476,0.0,0.0,0.0,0.0
0.5,0.3045454545454545,0.0333333333333333,0.0,0.0,0.0,0.0
0.5,0.5916666666666667,0.5,0.2960819109658652,0.2960819109658652,0.3333333333333333,0.3333333333333333
0.5,0.6730769230769231,1.0,0.5855700749881525,0.7087212693585175,0.5,0.75
0.5,0.6462585034013605,0.2,0.1815417925373526,0.1815417925373526,0.3333333333333333,0.3333333333333333
0.5,0.5240524781341107,1.0,0.3391602052736161,0.2748763329142908,0.1428571428571428,0.1428571428571428
0.5,0.5866666666666667,0.0833333333333333,0.0,0.0,0.0,0.0
0.5,0.5487804878048781,0.25,0.2640681225725909,0.2640681225725909,0.5,0.5
0.5,0.5555555555555556,0.25,0.2640681225725909,0.2640681225725909,0.5,0.5
0.5,0.7444444444444446,0.5,0.3451913422468693,0.4945362956298235,0.3333333333333333,0.6666666666666666
0.5,0.632258064516129,0.0344827586206896,0.0,0.0,0.0,0.0
0.5,0.2894736842105263,0.037037037037037,0.0,0.0,0.0,0.0
0.5,0.6909090909090909,0.5,0.3835663673713356,0.3835663673713356,0.4,0.4
0.5,0.5324675324675325,0.25,0.1460683498427064,0.2426178552850034,0.0833333333333333,0.25
0.5,0.3333333333333333,0.3333333333333333,0.5,0.5,1.0,1.0
0.5,0.8090909090909091,0.5,0.3451913422468693,0.4233117951052935,0.2,0.5
0.5,0.5338114754098361,0.25,0.1681275362711174,0.1681275362711174,0.25,0.25
0.5,0.9008264462809916,0.0833333333333333,0.0,0.0,0.0,0.0
0.5,0.5720338983050848,0.0344827586206896,0.0,0.0,0.0,0.0
0.5,0.5857142857142857,0.5,0.24630238874073,0.24630238874073,0.25,0.25
0.5,0.6819923371647509,0.0588235294117647,0.0,0.0,0.0,0.0
0.5,0.1999999999999999,0.04,0.0,0.0,0.0,0.0
0.5,0.7230769230769231,0.0526315789473684,0.0,0.0,0.0,0.0
0.5,0.5420792079207921,0.0555555555555555,0.0,0.0,0.0,0.0
0.5,0.7978723404255319,0.5,0.3868528072345416,0.3868528072345416,0.5,0.5
0.5,0.5481132075471697,0.5,0.2139862647345275,0.2082936658103318,0.1,0.2
0.5,0.4305555555555555,0.0588235294117647,0.0,0.0,0.0,0.0
0.5,0.96,0.5,0.6309297535714575,0.6309297535714575,1.0,1.0
0.5,0.515625,0.2,0.1312050775123417,0.1312050775123417,0.2,0.2
0.5,0.6342329545454546,0.3333333333333333,0.3007851801491498,0.195189000790661,0.125,0.125
0.5,0.8571428571428572,0.5,0.6309297535714575,0.6309297535714575,1.0,1.0
0.5,0.6862068965517242,0.0357142857142857,0.0,0.0,0.0,0.0
0.5,0.4605042016806723,0.0526315789473684,0.0,0.0,0.0,0.0
0.5,0.8762376237623762,0.5,0.24630238874073,0.3638184934971571,0.25,0.5
0.5,0.781021897810219,0.125,0.0,0.0741486152850745,0.0,0.1111111111111111
0.5,0.5625,0.25,0.3836491390379002,0.3836491390379002,0.6666666666666666,0.6666666666666666
0.5,0.0,0.25,0.430676558073393,0.430676558073393,1.0,1.0
0.5,0.4608695652173913,0.027027027027027,0.0,0.0,0.0,0.0
0.5,0.5537037037037036,0.0454545454545454,0.0,0.0,0.0,0.0
0.5,0.5365853658536586,0.1666666666666666,0.0,0.2184074368181641,0.0,0.5
0.5,0.6539235412474849,0.5,0.2139862647345275,0.265053101293003,0.1428571428571428,0.2857142857142857
0.5,0.6666666666666667,0.0769230769230769,0.0,0.0,0.0,0.0
0.5,0.6333333333333334,1.0,0.5531464700081437,0.6601396023754075,0.4,0.6
0.5,0.55,0.3333333333333333,0.3633175612671683,0.3633175612671683,0.5,0.5
0.5,0.0833333333333333,0.0434782608695652,0.0,0.0,0.0,0.0
0.5,0.4404761904761904,0.1428571428571428,0.0,0.2043823975884861,0.0,0.5
0.5,0.6016666666666667,0.0344827586206896,0.0,0.0,0.0,0.0
0.5,1.0,1.0,1.0,1.0,1.0,1.0
0.5,0.4952380952380952,0.125,0.0,0.2090905274901754,0.0,0.4
0.5,0.9095744680851064,0.125,0.0,0.1934264036172708,0.0,0.5
0.5,0.423076923076923,0.1666666666666666,0.0,0.1671604549662022,0.0,0.3333333333333333
0.5,0.625,0.1666666666666666,0.0,0.2622073738811406,0.0,0.5
0.5,0.6920222634508348,0.2,0.1312050775123417,0.283706685812965,0.1428571428571428,0.4285714285714285
0.5,0.2777777777777778,0.0714285714285714,0.0,0.0,0.0,0.0
0.5,0.2179487179487179,0.0588235294117647,0.0,0.0,0.0,0.0
0.5,0.7573333333333333,0.2,0.1312050775123417,0.1312050775123417,0.2,0.2
0.5,0.6574074074074074,0.2,0.1510196182278052,0.393991442907441,0.25,0.75
0.5,0.5982905982905983,0.0769230769230769,0.0,0.0,0.0,0.0
0.5,0.7761904761904762,0.25,0.2640681225725909,0.2640681225725909,0.5,0.5
0.5,0.5573770491803279,0.0625,0.0,0.0,0.0,0.0
0.5,0.4772727272727273,0.125,0.0,0.1934264036172708,0.0,0.5
0.5,0.3636363636363636,0.125,0.0,0.3154648767857287,0.0,1.0
0.5,0.4,0.1428571428571428,0.0,0.3333333333333333,0.0,1.0
0.5,0.0833333333333333,0.1666666666666666,0.0,0.411833840435435,0.0,1.0
0.5,1.0,1.0,1.0,1.0,1.0,1.0
0.5,1.0,1.0,1.0,1.0,1.0,1.0
0.5,0.6568627450980392,0.5,0.5307212739772434,0.5307212739772434,0.6666666666666666,0.6666666666666666
0.5,0.4249999999999999,0.5,0.2960819109658652,0.2960819109658652,0.3333333333333333,0.3333333333333333
0.5,1.0,1.0,1.0,1.0,1.0,1.0
0.5,0.5775862068965517,0.2,0.1510196182278052,0.1510196182278052,0.25,0.25
0.5,0.875,1.0,0.7653606369886217,0.932521091954824,0.6666666666666666,1.0
0.5,0.648,0.2,0.1312050775123417,0.1312050775123417,0.2,0.2
0.5,0.5679442508710801,0.1666666666666666,0.0,0.1773700047827352,0.0,0.2857142857142857
0.5,0.9444444444444444,0.5,0.6309297535714575,0.6309297535714575,1.0,1.0
0.5,0.6129032258064515,0.0833333333333333,0.0,0.0,0.0,0.0
0.5,0.0952380952380952,0.1666666666666666,0.0,0.444079401258479,0.0,1.0
0.5,0.5185185185185186,0.1666666666666666,0.0,0.1671604549662022,0.0,0.3333333333333333
0.5,0.9655172413793104,0.5,0.6309297535714575,0.6309297535714575,1.0,1.0
0.5,0.8999999999999999,0.25,0.2640681225725909,0.4413074093566386,0.5,1.0
0.5,0.5087719298245614,0.0344827586206896,0.0,0.0,0.0,0.0
0.5,0.8947368421052632,0.3333333333333333,0.3065735963827292,0.5,0.5,1.0
0.5,0.3333333333333333,0.0526315789473684,0.0,0.0,0.0,0.0
0.5,0.8181818181818181,1.0,0.6131471927654584,0.6131471927654584,0.5,0.5
0.5,0.7407407407407407,0.3333333333333333,0.2346393630113782,0.4017998179775804,0.3333333333333333,0.6666666666666666
0.5,0.0,0.5,0.6309297535714575,0.6309297535714575,1.0,1.0
0.5,0.6915584415584415,0.0625,0.0,0.0,0.0,0.0
0.5,0.0,0.5,0.6309297535714575,0.6309297535714575,1.0,1.0
0.5,0.6666666666666666,1.0,0.7039180890341347,0.8451850618939637,0.6666666666666666,1.0
0.5,0.5714285714285714,0.25,0.430676558073393,0.430676558073393,1.0,1.0
0.5,0.3722222222222222,0.0333333333333333,0.0,0.0,0.0,0.0
0.5,0.8317972350230414,1.0,0.4703652827859579,0.4606700933772881,0.2857142857142857,0.4285714285714285
0.5,0.0851063829787234,0.0232558139534883,0.0,0.0,0.0,0.0
0.5,0.7545454545454545,0.5,0.3868528072345416,0.3868528072345416,0.5,0.5
0.5,0.4927536231884058,0.0526315789473684,0.0,0.0,0.0,0.0
0.5,0.5333333333333333,0.1428571428571428,0.0,0.3816216843725338,0.0,1.0
0.5,0.1351351351351351,0.0285714285714285,0.0,0.0,0.0,0.0
0.5,0.8846153846153846,0.25,0.430676558073393,0.430676558073393,1.0,1.0
0.5,0.4384615384615384,0.0434782608695652,0.0,0.0,0.0,0.0
0.5,0.552,0.3333333333333333,0.169580102636808,0.169580102636808,0.2,0.2
0.5,0.0,0.25,0.430676558073393,0.430676558073393,1.0,1.0
0.5,0.6294326241134752,0.0833333333333333,0.0,0.0,0.0,0.0
0.5,0.3125,0.1666666666666666,0.0,0.411833840435435,0.0,1.0
0.5,0.478134110787172,0.0714285714285714,0.0,0.0,0.0,0.0
0.5,0.4117647058823529,0.0909090909090909,0.0,0.0,0.0,0.0
0.5,0.6330827067669172,0.3333333333333333,0.169580102636808,0.229063610761909,0.1428571428571428,0.2857142857142857
0.5,0.715780998389694,0.5,0.2139862647345275,0.1482972305701491,0.1111111111111111,0.1111111111111111
0.5,0.7777777777777778,1.0,0.6131471927654584,0.8315546295836225,0.5,1.0
0.5,0.5766233766233766,0.125,0.0,0.0694312219367772,0.0,0.0909090909090909
0.5,0.6666666666666667,0.25,0.430676558073393,0.430676558073393,1.0,1.0
0.5,0.4583333333333333,0.0909090909090909,0.0,0.0,0.0,0.0
0.5,0.3055555555555555,0.0909090909090909,0.0,0.0,0.0,0.0
0.5,0.578125,0.125,0.0,0.1934264036172708,0.0,0.5
0.5,0.8589743589743589,0.25,0.2021073465005475,0.5256940434743352,0.3333333333333333,1.0
0.5,0.0,0.1,0.0,0.2890648263178879,0.0,1.0
0.5,0.5652173913043478,0.5,0.3973220069685352,0.3973220069685352,0.5,0.5
0.5,0.875,0.3333333333333333,0.5,0.5,1.0,1.0
0.5,0.5,0.25,0.5012658353418871,0.5012658353418871,1.0,1.0
0.5,0.5,0.0833333333333333,0.0,0.0,0.0,0.0
0.5,0.15625,0.0357142857142857,0.0,0.0,0.0,0.0
0.5,0.3958333333333332,0.1,0.0,0.1356519734324477,0.0,0.3333333333333333
0.5,0.5625,0.3333333333333333,0.3065735963827292,0.3065735963827292,0.5,0.5
0.5,0.5155555555555555,0.3333333333333333,0.169580102636808,0.2676193884681651,0.2,0.4
0.5,0.7924528301886793,0.1111111111111111,0.0,0.1845756967795681,0.0,0.5
0.5,0.5900000000000001,0.5,0.360054614577234,0.360054614577234,0.4,0.4
0.5,0.6029411764705882,0.0909090909090909,0.0,0.0,0.0,0.0
0.5,0.6818181818181818,0.25,0.2640681225725909,0.2640681225725909,0.5,0.5
0.5,0.4743589743589743,0.1111111111111111,0.0,0.1412669728598289,0.0,0.3333333333333333
0.5,0.381578947368421,0.3333333333333333,0.1951900249960508,0.1951900249960508,0.25,0.25
0.5,0.6491228070175439,0.1,0.0,0.1356519734324477,0.0,0.3333333333333333
0.5,0.6647093364650616,1.0,0.5531464700081437,0.5036067026046991,0.1538461538461538,0.3076923076923077
0.5,0.503921568627451,1.0,0.6164336326286644,0.4733871704086119,0.2,0.2666666666666666
0.5,0.4527027027027027,0.3333333333333333,0.169580102636808,0.202614692101212,0.125,0.25
0.5,0.6,0.2,0.2371977127692962,0.2371977127692962,0.5,0.5
0.5,0.6666666666666666,0.1428571428571428,0.0,0.2043823975884861,0.0,0.5
0.5,0.890625,0.2,0.2371977127692962,0.2371977127692962,0.5,0.5
0.5,0.7398373983739837,0.3333333333333333,0.3156484524795145,0.3824924438260484,0.3333333333333333,0.5
0.5,0.1764705882352941,0.0666666666666666,0.0,0.0,0.0,0.0
0.5,0.6891891891891891,0.0909090909090909,0.0,0.0,0.0,0.0
0.5,0.5,1.0,1.0,1.0,1.0,1.0
0.5,1.0,1.0,1.0,1.0,1.0,1.0
0.5,1.0,1.0,1.0,1.0,1.0,1.0
0.5,0.2586206896551724,0.0714285714285714,0.0,0.0,0.0,0.0
0.5,1.0,1.0,1.0,1.0,1.0,1.0
0.5,0.5977011494252873,0.1666666666666666,0.0,0.30281242839865,0.0,0.6666666666666666
0.5,0.3571428571428571,0.2,0.2371977127692962,0.4415801103577823,0.5,1.0
0.5,0.4166666666666667,0.25,0.2640681225725909,0.2640681225725909,0.5,0.5
0.5,0.5789473684210527,0.3333333333333333,0.3065735963827292,0.3065735963827292,0.5,0.5
0.5,1.0,1.0,1.0,1.0,1.0,1.0
0.5,0.6666666666666666,0.2,0.3868528072345416,0.3868528072345416,1.0,1.0
0.5,0.1666666666666666,0.0625,0.0,0.0,0.0,0.0
0.5,0.8138888888888889,0.5,0.5147714448836774,0.5084163508138547,0.3333333333333333,0.5555555555555556
0.5,0.7916666666666667,0.5,0.6096199500078984,0.7486761295186739,0.75,1.0
0.5,0.75,0.5,0.4414924137367808,0.4414924137367808,0.5,0.5
0.5,0.7959183673469388,0.25,0.1681275362711174,0.298254219601818,0.25,0.5
0.5,0.4534883720930233,0.1,0.0,0.1356519734324477,0.0,0.3333333333333333
0.5,0.7398373983739838,0.5,0.2960819109658652,0.2960819109658652,0.3333333333333333,0.3333333333333333
0.5,0.1264367816091953,0.0129870129870129,0.0,0.0,0.0,0.0
0.5,0.7352941176470589,0.3333333333333333,0.3065735963827292,0.3065735963827292,0.5,0.5
0.5,0.0,0.25,0.430676558073393,0.430676558073393,1.0,1.0
0.5,0.7692307692307693,1.0,0.6131471927654584,0.8065735963827293,0.5,1.0
0.5,0.509090909090909,0.3333333333333333,0.169580102636808,0.169580102636808,0.2,0.2
0.5,0.5178571428571429,0.0625,0.0,0.0,0.0,0.0
0.5,0.2248995983935742,0.0303030303030303,0.0,0.0,0.0,0.0
0.5,0.4137931034482759,0.0555555555555555,0.0,0.0,0.0,0.0
0.5,0.4708333333333333,0.0909090909090909,0.0,0.0,0.0,0.0
0.5,0.2631578947368421,0.0476190476190476,0.0,0.0,0.0,0.0
0.5,0.7857142857142857,0.5,0.6509209298071326,0.6509209298071326,1.0,1.0
0.5,0.4272727272727273,0.1666666666666666,0.0,0.1208113026994942,0.0,0.2
0.5,0.409090909090909,0.0588235294117647,0.0,0.0,0.0,0.0
0.5,0.5454545454545454,0.1666666666666666,0.0,0.3562071871080222,0.0,1.0
0.5,0.7307692307692307,0.5,0.3868528072345416,0.5802792108518124,0.5,1.0
0.5,0.5714285714285714,0.25,0.430676558073393,0.430676558073393,1.0,1.0
0.5,0.131578947368421,0.0294117647058823,0.0,0.0,0.0,0.0
0.5,0.5460992907801419,0.1428571428571428,0.0,0.1564262420075854,0.0,0.3333333333333333
0.5,0.4305555555555556,0.0666666666666666,0.0,0.0,0.0,0.0
0.5,0.5,0.125,0.0,0.1934264036172708,0.0,0.5
0.5,0.5031446540880503,0.125,0.0,0.0954604330894673,0.0,0.1666666666666666
0.5,0.3571428571428571,0.0833333333333333,0.0,0.0,0.0,0.0
0.5,1.0,1.0,1.0,1.0,1.0,1.0
0.5,0.3214285714285714,0.0384615384615384,0.0,0.0,0.0,0.0
0.5,0.4807692307692307,0.0357142857142857,0.0,0.0,0.0,0.0
0.5,0.5,0.25,0.430676558073393,0.430676558073393,1.0,1.0
0.5,0.7,0.25,0.430676558073393,0.430676558073393,1.0,1.0
0.5,0.936936936936937,0.5,0.4776237035032179,0.6447841584694202,0.6666666666666666,1.0
0.5,0.4482758620689655,0.0588235294117647,0.0,0.0,0.0,0.0
0.5,0.0,0.25,0.430676558073393,0.430676558073393,1.0,1.0
0.5,0.5486322188449848,0.2,0.1312050775123417,0.1857937604629972,0.1428571428571428,0.2857142857142857
0.5,0.7777777777777778,0.1428571428571428,0.0,0.3333333333333333,0.0,1.0
0.5,0.8846153846153846,0.25,0.430676558073393,0.430676558073393,1.0,1.0
0.5,1.0,1.0,1.0,1.0,1.0,1.0
0.5,1.0,1.0,1.0,1.0,1.0,1.0
0.5,0.7121212121212122,0.25,0.1681275362711174,0.298254219601818,0.25,0.5
0.5,0.5945945945945946,0.0666666666666666,0.0,0.0,0.0,0.0
0.5,0.4655172413793103,0.125,0.0,0.1480409554829326,0.0,0.3333333333333333
0.5,0.7248677248677249,0.25,0.2021073465005475,0.2021073465005475,0.3333333333333333,0.3333333333333333
0.5,0.6333333333333333,0.25,0.2021073465005475,0.5256940434743352,0.3333333333333333,1.0
0.5,0.9655172413793104,0.5,0.6309297535714575,0.6309297535714575,1.0,1.0
0.5,0.9078947368421052,0.3333333333333333,0.3065735963827292,0.5109559939712153,0.5,1.0
0.5,0.6863636363636364,1.0,0.5531464700081437,0.5531464700081437,0.4,0.4
0.5,0.5185185185185185,0.1111111111111111,0.0,0.1412669728598289,0.0,0.3333333333333333
0.5,0.5,0.2,0.1312050775123417,0.15139734109601,0.0909090909090909,0.1818181818181818
0.5,0.4983164983164982,0.0555555555555555,0.0,0.0,0.0,0.0
0.5,0.6882716049382716,0.2,0.1510196182278052,0.1510196182278052,0.25,0.25
0.5,0.32,0.1428571428571428,0.0,0.113053401757872,0.0,0.2
0.5,0.4210526315789473,0.0434782608695652,0.0,0.0,0.0,0.0
0.5,0.5147058823529411,0.1666666666666666,0.0,0.2184074368181641,0.0,0.5
0.5,0.7727272727272727,0.1666666666666666,0.0,0.3562071871080222,0.0,1.0
0.5,0.3796296296296296,0.3333333333333333,0.2346393630113782,0.2346393630113782,0.3333333333333333,0.3333333333333333
0.5,0.8409090909090909,0.3333333333333333,0.3065735963827292,0.3065735963827292,0.5,0.5
0.5,0.2860824742268041,0.008130081300813,0.0,0.0,0.0,0.0
0.5,0.4627659574468085,0.0256410256410256,0.0,0.0,0.0,0.0
0.5,0.4761904761904761,0.0833333333333333,0.0,0.0,0.0,0.0
0.5,0.625,1.0,0.8503449055347546,0.8503449055347546,1.0,1.0
0.5,0.5879120879120878,0.125,0.0,0.123151194370365,0.0,0.25
0.5,0.880952380952381,0.3333333333333333,0.5437713091520254,0.5437713091520254,1.0,1.0
0.5,0.4545454545454545,0.1666666666666666,0.0,0.2184074368181641,0.0,0.5
0.5,0.2705882352941176,0.0163934426229508,0.0,0.0,0.0,0.0
0.5,0.1666666666666666,0.024390243902439,0.0,0.0,0.0,0.0
0.5,0.4540983606557376,0.1111111111111111,0.0,0.1020973951229116,0.0,0.2
0.5,0.6285714285714286,0.0769230769230769,0.0,0.0,0.0,0.0
0.5,0.7674418604651163,0.0909090909090909,0.0,0.0,0.0,0.0
0.5,1.0,1.0,1.0,1.0,1.0,1.0
0.5,0.5634920634920635,0.0666666666666666,0.0,0.0,0.0,0.0
0.5,0.4035087719298245,0.0555555555555555,0.0,0.0,0.0,0.0
0.5,0.9166666666666666,0.3333333333333333,0.3065735963827292,0.5,0.5,1.0
0.5,0.2394366197183098,0.0212765957446808,0.0,0.0,0.0,0.0
0.5,0.7171717171717171,0.5,0.2960819109658652,0.431733884398313,0.3333333333333333,0.6666666666666666
0.5,0.8088235294117647,0.2,0.2371977127692962,0.2371977127692962,0.5,0.5
0.5,0.4558823529411764,0.0384615384615384,0.0,0.0,0.0,0.0
0.5,0.7203389830508474,0.0434782608695652,0.0,0.0,0.0,0.0
0.5,0.7865168539325843,0.0833333333333333,0.0,0.0,0.0,0.0
0.5,0.9444444444444444,0.5,0.6309297535714575,0.6309297535714575,1.0,1.0
0.5,1.0,1.0,1.0,1.0,1.0,1.0
0.5,1.0,1.0,1.0,1.0,1.0,1.0
0.5,0.6212121212121212,0.0416666666666666,0.0,0.0,0.0,0.0
0.5,1.0,1.0,1.0,1.0,1.0,1.0
0.5,0.6111111111111112,0.5,0.3868528072345416,0.3868528072345416,0.5,0.5
0.5,0.2391304347826086,0.0277777777777777,0.0,0.0,0.0,0.0
0.5,0.6875,0.0833333333333333,0.0,0.0,0.0,0.0
0.5,0.7272727272727273,0.25,0.430676558073393,0.430676558073393,1.0,1.0
0.5,0.1153846153846153,0.0833333333333333,0.0,0.0,0.0,0.0
0.5,0.6111111111111112,0.1111111111111111,0.0,0.1845756967795681,0.0,0.5
0.5,0.3113207547169811,0.0344827586206896,0.0,0.0,0.0,0.0
0.5,0.8235294117647058,0.25,0.430676558073393,0.430676558073393,1.0,1.0
0.5,0.38,0.0192307692307692,0.0,0.0,0.0,0.0
0.5,0.3691588785046729,0.024390243902439,0.0,0.0,0.0,0.0
0.5,0.6363636363636364,0.0588235294117647,0.0,0.0,0.0,0.0
0.5,0.6206896551724138,1.0,0.5087403079104241,0.5087403079104241,0.4,0.4
0.5,0.0,0.5,0.6309297535714575,0.6309297535714575,1.0,1.0
0.5,0.537037037037037,0.0588235294117647,0.0,0.0,0.0,0.0
0.5,0.6043956043956044,0.0833333333333333,0.0,0.0,0.0,0.0
0.5,0.9571428571428572,0.25,0.430676558073393,0.430676558073393,1.0,1.0
0.5,0.62,0.5,0.3868528072345416,0.3868528072345416,0.5,0.5
0.5,0.5026666666666666,0.0833333333333333,0.0,0.0,0.0,0.0
0.5,0.0,0.125,0.0,0.3154648767857287,0.0,1.0
0.5,0.6022727272727273,0.3333333333333333,0.3007851801491498,0.2735872697693364,0.2,0.3
0.5,0.6944444444444444,0.0303030303030303,0.0,0.0,0.0,0.0
0.5,0.625,0.1428571428571428,0.0,0.3333333333333333,0.0,1.0
0.5,0.4715447154471545,0.25,0.2021073465005475,0.2021073465005475,0.3333333333333333,0.3333333333333333
0.5,0.71875,0.2,0.2371977127692962,0.4415801103577823,0.5,1.0
0.5,0.4444444444444444,0.1666666666666666,0.0,0.3562071871080222,0.0,1.0
0.5,0.6484848484848484,0.2,0.1815417925373526,0.1815417925373526,0.3333333333333333,0.3333333333333333
0.5,0.5238095238095238,0.2,0.1815417925373526,0.3171937659698004,0.3333333333333333,0.6666666666666666
0.5,0.3958333333333333,1.0,0.3903800499921017,0.3903800499921017,0.25,0.25
0.5,0.3,0.0344827586206896,0.0,0.0,0.0,0.0
0.5,0.037037037037037,0.037037037037037,0.0,0.0,0.0,0.0
0.5,0.5386904761904762,0.1111111111111111,0.0,0.091092403223458,0.0,0.1666666666666666
0.5,0.6875,0.1,0.0,0.1772392867840477,0.0,0.5
0.5,0.4482758620689655,0.0344827586206896,0.0,0.0,0.0,0.0
0.5,0.9761904761904762,0.3333333333333333,0.5,0.5,1.0,1.0
0.5,0.8721311475409835,1.0,0.3391602052736161,0.4412576003965278,0.2,0.4
0.5,0.5384615384615384,0.1428571428571428,0.0,0.3333333333333333,0.0,1.0
0.5,0.0769230769230768,0.0769230769230769,0.0,0.0,0.0,0.0
0.5,0.895,0.2,0.1312050775123417,0.4570487984104567,0.2,0.8
0.5,0.5666666666666667,0.0454545454545454,0.0,0.0,0.0,0.0
0.5,0.367816091954023,0.3333333333333333,0.169580102636808,0.1513012067494067,0.1666666666666666,0.1666666666666666
0.5,0.5132978723404256,0.1,0.0,0.0731168384439099,0.0,0.125
0.5,0.35,0.0909090909090909,0.0,0.0,0.0,0.0
0.5,0.6289473684210526,1.0,0.3391602052736161,0.3391602052736161,0.2,0.2
0.5,0.4,0.3333333333333333,0.3065735963827292,0.3065735963827292,0.5,0.5
0.5,0.9,1.0,0.6131471927654584,0.8175295903539445,0.5,1.0
0.5,0.5682961897915169,1.0,0.5087403079104241,0.3301376494471202,0.0769230769230769,0.0769230769230769
0.5,0.375,0.5,0.3868528072345416,0.6052602440527057,0.5,1.0
0.5,0.641025641025641,0.0666666666666666,0.0,0.0,0.0,0.0
0.5,0.6229166666666667,1.0,0.3391602052736161,0.4461533376408799,0.2,0.4
0.5,0.7962962962962963,0.1666666666666666,0.0,0.411833840435435,0.0,1.0
0.5,0.7714285714285715,0.125,0.0,0.1934264036172708,0.0,0.5
0.5,0.7272727272727273,0.3333333333333333,0.3065735963827292,0.5249810332008933,0.5,1.0
0.5,1.0,1.0,1.0,1.0,1.0,1.0
0.5,0.6509433962264152,0.25,0.1460683498427064,0.2214161691338287,0.1666666666666666,0.3333333333333333
0.5,0.4285714285714285,0.25,0.2640681225725909,0.2640681225725909,0.5,0.5
0.5,0.1578947368421053,0.0588235294117647,0.0,0.0,0.0,0.0
0.5,0.5117370892018779,0.0526315789473684,0.0,0.0,0.0,0.0
0.5,1.0,1.0,1.0,1.0,1.0,1.0
0.5,0.525,0.1111111111111111,0.0,0.1785641173248662,0.0,0.3333333333333333
0.5,0.4916666666666667,0.5,0.3868528072345416,0.3868528072345416,0.5,0.5
0.5,0.6166666666666667,0.1428571428571428,0.0,0.2043823975884861,0.0,0.5
0.5,0.0,0.25,0.430676558073393,0.430676558073393,1.0,1.0
0.5,0.2631578947368421,0.0666666666666666,0.0,0.0,0.0,0.0
0.5,1.0,1.0,1.0,1.0,1.0,1.0
0.5,0.0,0.3333333333333333,0.5,0.5,1.0,1.0
0.5,0.0,0.5,0.6309297535714575,0.6309297535714575,1.0,1.0
0.5,0.4611111111111111,1.0,0.4692787260227564,0.4692787260227564,0.3333333333333333,0.3333333333333333
0.5,0.5769230769230769,0.5,0.3868528072345416,0.3868528072345416,0.5,0.5
0.5,0.6065891472868217,0.1428571428571428,0.0,0.07336392209936,0.0,0.0833333333333333
0.5,0.703125,0.125,0.0,0.1934264036172708,0.0,0.5
0.5,0.8571428571428572,0.5,0.6309297535714575,0.6309297535714575,1.0,1.0
0.5,0.5266955266955267,0.1111111111111111,0.0,0.1298750116533407,0.0,0.1428571428571428
0.5,0.5815972222222222,0.5,0.2139862647345275,0.1595890771248963,0.125,0.125
0.5,0.7833333333333333,0.0714285714285714,0.0,0.0,0.0,0.0
0.5,0.0416666666666666,0.0416666666666666,0.0,0.0,0.0,0.0
0.5,0.5348837209302326,0.05,0.0,0.0,0.0,0.0
0.5,0.4193548387096773,0.0833333333333333,0.0,0.0,0.0,0.0
0.5,0.9090909090909092,0.5,0.6309297535714575,0.6309297535714575,1.0,1.0
0.5,1.0,1.0,1.0,1.0,1.0,1.0
0.5,0.5418719211822659,0.125,0.0,0.1661709079268871,0.0,0.2857142857142857
0.5,0.6897590361445783,0.2,0.1510196182278052,0.2741708125981702,0.25,0.5
0.5,0.5,0.0833333333333333,0.0,0.0,0.0,0.0
0.5,0.6322751322751323,0.125,0.0,0.0867138284941197,0.0,0.1428571428571428
0.5,0.4583333333333333,0.5,0.3973220069685352,0.3973220069685352,0.5,0.5
0.5,0.4978813559322034,0.1,0.0,0.0731168384439099,0.0,0.125
0.5,0.9333333333333332,0.5,0.6309297535714575,0.6309297535714575,1.0,1.0
0.5,0.6770833333333333,0.125,0.0,0.2836929289153804,0.0,0.6666666666666666
0.5,0.5333333333333333,0.3333333333333333,0.2346393630113782,0.3826803184943108,0.3333333333333333,0.6666666666666666
0.5,0.6666666666666667,0.3333333333333333,0.3065735963827292,0.5,0.5,1.0
0.5,0.7537969624300559,0.3333333333333333,0.169580102636808,0.1175227747072426,0.1111111111111111,0.1111111111111111
0.5,0.1666666666666666,0.0625,0.0,0.0,0.0,0.0
0.5,0.0,0.0833333333333333,0.0,0.0,0.0,0.0
0.5,0.3333333333333333,0.3333333333333333,0.5,0.5,1.0,1.0
0.5,0.3805031446540881,0.0196078431372549,0.0,0.0,0.0,0.0
0.5,0.65625,1.0,0.5855700749881525,0.7246262544989281,0.5,0.75
0.5,0.5654761904761905,0.1428571428571428,0.0,0.2043823975884861,0.0,0.5
0.5,0.46875,0.5,0.2139862647345275,0.2357324178422798,0.125,0.25
0.5,0.6444444444444445,0.5,0.2960819109658652,0.4441228664487979,0.3333333333333333,0.6666666666666666
0.5,0.75,1.0,0.6131471927654584,0.8315546295836225,0.5,1.0
0.5,0.3333333333333333,0.3333333333333333,0.5,0.5,1.0,1.0
0.5,0.4375,0.1428571428571428,0.0,0.2043823975884861,0.0,0.5
0.5,0.671957671957672,0.1666666666666666,0.0,0.1671604549662022,0.0,0.3333333333333333
0.5,1.0,1.0,1.0,1.0,1.0,1.0
0.5,0.4666666666666667,0.0909090909090909,0.0,0.0,0.0,0.0
0.5,0.7756696428571429,1.0,0.6548086577531307,0.4883505467692415,0.375,0.375
0.5,0.3867924528301887,0.0344827586206896,0.0,0.0,0.0,0.0
0.5,0.8125,1.0,0.8503449055347546,0.8503449055347546,1.0,1.0
0.5,0.6888888888888889,0.1666666666666666,0.0,0.0783982689786753,0.0,0.0909090909090909
0.5,0.8600000000000001,0.3333333333333333,0.3065735963827292,0.5109559939712153,0.5,1.0
0.5,0.467391304347826,0.125,0.0,0.123151194370365,0.0,0.25
0.5,0.9166666666666669,0.25,0.2640681225725909,0.4684505201610769,0.5,1.0
0.5,0.4802919708029197,0.1111111111111111,0.0,0.1020973951229116,0.0,0.2
0.5,0.4539951573849878,0.05,0.0,0.0,0.0,0.0
0.5,0.5654761904761905,0.125,0.0,0.1480409554829326,0.0,0.3333333333333333
0.5,0.6956521739130435,1.0,0.4692787260227564,0.4692787260227564,0.3333333333333333,0.3333333333333333
0.5,0.4166666666666667,0.0769230769230769,0.0,0.0,0.0,0.0
0.5,0.5881410256410255,0.0909090909090909,0.0,0.0,0.0,0.0
0.5,0.6666666666666667,0.5,0.6309297535714575,0.6309297535714575,1.0,1.0
0.5,0.5119047619047619,0.0588235294117647,0.0,0.0,0.0,0.0
0.5,0.5,0.1111111111111111,0.0,0.3010299956639812,0.0,1.0
0.5,0.5833333333333334,0.3333333333333333,0.3065735963827292,0.4838128831667769,0.5,1.0
0.5,0.5750000000000001,1.0,0.3391602052736161,0.3980628465882808,0.1666666666666666,0.3333333333333333
0.5,0.8181818181818181,0.3333333333333333,0.5,0.5,1.0,1.0
0.5,0.7372881355932204,0.0666666666666666,0.0,0.0,0.0,0.0
0.5,0.2916666666666667,0.0172413793103448,0.0,0.0,0.0,0.0
0.5,0.1818181818181817,0.1,0.0,0.2890648263178879,0.0,1.0
0.5,0.4722222222222222,0.05,0.0,0.0,0.0,0.0
0.5,1.0,1.0,1.0,1.0,1.0,1.0
0.5,0.875,0.5,0.6309297535714575,0.6309297535714575,1.0,1.0
0.5,1.0,1.0,1.0,1.0,1.0,1.0
0.5,0.125,0.0666666666666666,0.0,0.0,0.0,0.0
0.5,0.36875,0.0476190476190476,0.0,0.0,0.0,0.0
0.5,0.5184331797235022,0.0625,0.0,0.0,0.0,0.0
0.5,0.7689393939393939,0.0909090909090909,0.0,0.0,0.0,0.0
0.5,0.3333333333333333,0.0434782608695652,0.0,0.0,0.0,0.0
0.5,0.4983606557377049,0.2,0.1312050775123417,0.1312050775123417,0.2,0.2
0.5,0.5841924398625429,0.1666666666666666,0.0,0.2032495876139783,0.0,0.3333333333333333
0.5,0.7583333333333333,0.0909090909090909,0.0,0.0,0.0,0.0
0.5,1.0,1.0,1.0,1.0,1.0,1.0
0.5,0.9,0.5,0.6309297535714575,0.6309297535714575,1.0,1.0
0.5,0.4210526315789473,0.0833333333333333,0.0,0.0,0.0,0.0
0.5,0.676470588235294,0.5,0.24630238874073,0.24630238874073,0.25,0.25
0.5,0.7777777777777778,0.3333333333333333,0.5,0.5,1.0,1.0
0.5,0.5598290598290598,0.04,0.0,0.0,0.0,0.0
0.5,0.5441176470588235,0.0588235294117647,0.0,0.0,0.0,0.0
0.5,0.8,1.0,0.6131471927654584,0.8065735963827293,0.5,1.0
0.5,0.6753246753246753,0.3333333333333333,0.3065735963827292,0.3065735963827292,0.5,0.5
0.5,0.3527777777777778,0.1428571428571428,0.0,0.0783485164714951,0.0,0.1111111111111111
0.5,0.7840909090909091,0.125,0.0,0.1934264036172708,0.0,0.5
0.5,0.7069672131147541,0.2,0.1510196182278052,0.1510196182278052,0.25,0.25
0.5,0.6363636363636364,0.2,0.3868528072345416,0.3868528072345416,1.0,1.0
0.5,0.606060606060606,1.0,0.4692787260227564,0.6257049680303419,0.3333333333333333,0.6666666666666666
0.5,0.4976415094339623,0.5,0.2139862647345275,0.2327059155688063,0.125,0.25
0.5,0.5632183908045977,0.125,0.0,0.1865528363129253,0.0,0.3333333333333333
0.5,0.42,0.0333333333333333,0.0,0.0,0.0,0.0
0.5,0.5618556701030928,0.0769230769230769,0.0,0.0,0.0,0.0
0.5,0.638157894736842,0.1111111111111111,0.0,0.1175161047564271,0.0,0.25
0.5,1.0,1.0,1.0,1.0,1.0,1.0
0.5,0.6717948717948717,1.0,0.3391602052736161,0.4522136070314881,0.2,0.4
0.5,0.5771276595744681,0.1428571428571428,0.0,0.1301266833307005,0.0,0.25
0.5,0.3284313725490195,0.0212765957446808,0.0,0.0,0.0,0.0
0.5,1.0,1.0,1.0,1.0,1.0,1.0
0.5,0.8181818181818181,0.1666666666666666,0.0,0.4029831335977323,0.0,1.0
0.5,0.1902985074626866,0.0192307692307692,0.0,0.0,0.0,0.0
0.5,0.6208333333333332,0.1111111111111111,0.0,0.1412669728598289,0.0,0.3333333333333333
0.5,0.6666666666666666,0.0454545454545454,0.0,0.0,0.0,0.0
0.5,0.4583333333333333,0.0909090909090909,0.0,0.0,0.0,0.0
0.5,0.6886792452830188,0.2,0.1510196182278052,0.1510196182278052,0.25,0.25
0.5,0.4193548387096774,0.05,0.0,0.0,0.0,0.0
0.5,0.4821428571428571,1.0,0.3903800499921017,0.3903800499921017,0.25,0.25
0.5,0.8975409836065573,0.5,0.2139862647345275,0.3479118113640809,0.1,0.4
0.5,1.0,1.0,1.0,1.0,1.0,1.0
0.5,0.902439024390244,0.2,0.3868528072345416,0.3868528072345416,1.0,1.0
0.5,0.8888888888888888,0.3333333333333333,0.5,0.5,1.0,1.0
0.5,0.5043290043290043,0.1428571428571428,0.0,0.0783485164714951,0.0,0.1111111111111111
0.5,0.7999999999999999,0.1666666666666666,0.0,0.4227898344066503,0.0,1.0
0.5,0.4513888888888889,0.0714285714285714,0.0,0.0,0.0,0.0
0.5,0.6578947368421053,1.0,0.3391602052736161,0.3628869103342174,0.0909090909090909,0.2727272727272727
0.5,0.6125984251968504,0.0555555555555555,0.0,0.0,0.0,0.0
0.5,0.0208333333333333,0.0416666666666666,0.0,0.0,0.0,0.0
0.5,0.4404761904761904,0.05,0.0,0.0,0.0,0.0
0.5,0.7752525252525252,0.25,0.1681275362711174,0.4110993609507533,0.25,0.75
0.5,0.0,0.5,0.6309297535714575,0.6309297535714575,1.0,1.0
0.5,0.5630252100840336,0.1666666666666666,0.0,0.0979129253499678,0.0,0.1428571428571428
0.5,0.0,0.0769230769230769,0.0,0.0,0.0,0.0
0.5,0.6122448979591837,0.0769230769230769,0.0,0.0,0.0,0.0
0.5,0.5405405405405406,0.0625,0.0,0.0,0.0,0.0
0.5,1.0,1.0,1.0,1.0,1.0,1.0
0.5,1.0,1.0,1.0,1.0,1.0,1.0
0.5,0.8636363636363636,0.25,0.430676558073393,0.430676558073393,1.0,1.0
0.5,0.967741935483871,0.5,0.6309297535714575,0.6309297535714575,1.0,1.0
0.5,0.96,0.25,0.5012658353418871,0.5012658353418871,1.0,1.0
0.5,0.6413043478260869,0.2,0.2371977127692962,0.2371977127692962,0.5,0.5
0.5,0.6084905660377359,0.0769230769230769,0.0,0.0,0.0,0.0
0.5,0.5,0.0588235294117647,0.0,0.0,0.0,0.0
0.5,0.5714285714285714,0.1428571428571428,0.0,0.3333333333333333,0.0,1.0
0.5,0.1929824561403508,0.0833333333333333,0.0,0.0,0.0,0.0
0.5,0.7321428571428572,0.1428571428571428,0.0,0.2043823975884861,0.0,0.5
0.5,0.6724137931034483,0.05,0.0,0.0,0.0,0.0
0.5,0.6666666666666667,0.125,0.0,0.3154648767857287,0.0,1.0
0.5,0.3582089552238806,0.0227272727272727,0.0,0.0,0.0,0.0
0.5,0.4722222222222222,0.25,0.2772734273550482,0.1799314820111717,0.074074074074074,0.074074074074074
0.5,0.967741935483871,1.0,0.8772153153380493,0.8772153153380493,1.0,1.0
0.5,0.2439024390243902,0.0344827586206896,0.0,0.0,0.0,0.0
0.5,0.5540540540540541,0.1666666666666666,0.0,0.2184074368181641,0.0,0.5
0.5,0.627906976744186,0.1,0.0,0.1356519734324477,0.0,0.3333333333333333
0.5,0.6940035273368607,0.25,0.1460683498427064,0.2257841989998379,0.1666666666666666,0.3333333333333333
0.5,0.8387096774193549,0.0476190476190476,0.0,0.0,0.0,0.0
0.5,0.2258064516129032,0.0454545454545454,0.0,0.0,0.0,0.0
0.5,0.7058823529411765,0.25,0.2640681225725909,0.2640681225725909,0.5,0.5
0.5,0.4373333333333333,0.0158730158730158,0.0,0.0,0.0,0.0
0.5,1.0,1.0,1.0,1.0,1.0,1.0
0.5,0.7530864197530863,0.0909090909090909,0.0,0.0,0.0,0.0
0.5,0.4821428571428571,0.25,0.2021073465005475,0.2021073465005475,0.3333333333333333,0.3333333333333333
0.5,0.7749999999999999,1.0,0.4852285551163225,0.5922216874835863,0.4,0.6
0.5,0.7647058823529411,0.1428571428571428,0.0,0.1301266833307005,0.0,0.25
0.5,0.4338235294117647,0.024390243902439,0.0,0.0,0.0,0.0
0.5,0.8141025641025641,0.2,0.1815417925373526,0.1815417925373526,0.3333333333333333,0.3333333333333333
0.5,0.9285714285714286,0.5,0.6509209298071326,0.6509209298071326,1.0,1.0
0.5,1.0,1.0,1.0,1.0,1.0,1.0
0.5,0.9545454545454546,0.5,0.6309297535714575,0.6309297535714575,1.0,1.0
0.5,0.35,0.0714285714285714,0.0,0.0,0.0,0.0
0.5,0.7727272727272727,0.1666666666666666,0.0,0.3562071871080222,0.0,1.0
0.5,0.875,0.25,0.430676558073393,0.430676558073393,1.0,1.0
0.5,0.5740740740740741,0.2,0.2371977127692962,0.2371977127692962,0.5,0.5
0.5,0.0921985815602837,0.0085470085470085,0.0,0.0,0.0,0.0
0.5,0.1931818181818181,0.0181818181818181,0.0,0.0,0.0,0.0
0.5,0.5662650602409639,0.0526315789473684,0.0,0.0,0.0,0.0
0.5,0.5,0.0714285714285714,0.0,0.0,0.0,0.0
0.5,0.9346846846846848,1.0,0.4692787260227564,0.617319681505689,0.3333333333333333,0.6666666666666666
0.5,0.6,0.3333333333333333,0.5,0.5,1.0,1.0
0.5,0.7222222222222222,0.5,0.2960819109658652,0.4373488838256942,0.3333333333333333,0.6666666666666666
0.5,0.3939393939393939,0.0384615384615384,0.0,0.0,0.0,0.0
0.5,0.5,0.0666666666666666,0.0,0.0,0.0,0.0
0.5,0.783132530120482,0.5,0.2960819109658652,0.2960819109658652,0.3333333333333333,0.3333333333333333
0.5,0.4333333333333333,0.1666666666666666,0.0,0.2184074368181641,0.0,0.5
0.5,0.5201149425287357,0.0222222222222222,0.0,0.0,0.0,0.0
0.5,0.375,0.0625,0.0,0.0,0.0,0.0
0.5,0.52,0.1428571428571428,0.0,0.2043823975884861,0.0,0.5
0.5,0.35,0.0625,0.0,0.0,0.0,0.0
0.5,0.5714285714285714,0.25,0.430676558073393,0.430676558073393,1.0,1.0
0.5,0.2888888888888888,0.0147058823529411,0.0,0.0,0.0,0.0
0.5,0.2857142857142857,0.025,0.0,0.0,0.0,0.0
0.5,1.0,1.0,1.0,1.0,1.0,1.0
0.5,0.7368421052631579,0.25,0.1681275362711174,0.1681275362711174,0.25,0.25
0.5,0.9384615384615383,0.2,0.3868528072345416,0.3868528072345416,1.0,1.0
0.5,0.3625,0.2,0.1815417925373526,0.1815417925373526,0.3333333333333333,0.3333333333333333
0.5,0.6428571428571428,0.3333333333333333,0.2346393630113782,0.2346393630113782,0.3333333333333333,0.3333333333333333
0.5,0.74212271973466,0.3333333333333333,0.169580102636808,0.2012476887064361,0.1111111111111111,0.2222222222222222
0.5,0.5,0.0454545454545454,0.0,0.0,0.0,0.0
0.5,0.580952380952381,0.25,0.1460683498427064,0.2957527977380981,0.1428571428571428,0.4285714285714285
0.5,0.6666666666666667,0.5,0.6309297535714575,0.6309297535714575,1.0,1.0
0.5,0.4137931034482759,0.0555555555555555,0.0,0.0,0.0,0.0
0.5,0.3765432098765432,0.0769230769230769,0.0,0.0,0.0,0.0
0.5,0.6264367816091955,0.125,0.0,0.1934264036172708,0.0,0.5
0.5,0.7916666666666666,0.1666666666666666,0.0,0.3562071871080222,0.0,1.0
0.5,0.4187763713080168,0.0454545454545454,0.0,0.0,0.0,0.0
0.5,0.2243589743589743,0.0555555555555555,0.0,0.0,0.0,0.0
0.5,0.6666666666666667,0.3333333333333333,0.5,0.5,1.0,1.0
0.5,0.6481481481481481,0.5,0.3868528072345416,0.3868528072345416,0.5,0.5
0.5,0.2837465564738292,0.0131578947368421,0.0,0.0,0.0,0.0
0.5,0.5147058823529411,0.2,0.1815417925373526,0.1815417925373526,0.3333333333333333,0.3333333333333333
0.5,0.6709401709401709,0.1111111111111111,0.0,0.1175161047564271,0.0,0.25
0.5,0.4618473895582329,0.0476190476190476,0.0,0.0,0.0,0.0
0.5,0.4583333333333333,0.1428571428571428,0.0,0.3889580943680543,0.0,1.0
0.5,0.7678571428571429,0.25,0.2640681225725909,0.2640681225725909,0.5,0.5
0.5,1.0,1.0,1.0,1.0,1.0,1.0
0.5,0.6682692307692307,1.0,0.3391602052736161,0.4273569456759105,0.125,0.375
0.5,0.6666666666666667,0.2,0.3868528072345416,0.3868528072345416,1.0,1.0
0.5,0.9419642857142856,0.1666666666666666,0.0,0.3956467236022118,0.0,1.0
0.5,0.4673913043478261,0.3333333333333333,0.1951900249960508,0.1951900249960508,0.25,0.25
0.5,0.2727272727272727,0.1428571428571428,0.0,0.2043823975884861,0.0,0.5
0.5,0.6331775700934579,0.1666666666666666,0.0,0.1632168470962776,0.0,0.25
0.5,0.5358490566037737,1.0,0.3391602052736161,0.3391602052736161,0.2,0.2
0.5,0.0,0.1428571428571428,0.0,0.3333333333333333,0.0,1.0
0.5,0.3333333333333333,0.1428571428571428,0.0,0.3333333333333333,0.0,1.0
0.5,0.4019607843137255,0.0666666666666666,0.0,0.0,0.0,0.0
0.5,0.5397727272727273,0.5,0.2139862647345275,0.3228059242211739,0.125,0.375
0.5,0.6749999999999999,1.0,0.3903800499921017,0.5294362295028773,0.25,0.5
0.5,0.6666666666666667,0.0555555555555555,0.0,0.0,0.0,0.0
0.5,0.5255102040816326,0.3333333333333333,0.169580102636808,0.1374381664571454,0.1428571428571428,0.1428571428571428
0.5,0.25,0.1428571428571428,0.0,0.3333333333333333,0.0,1.0
0.5,0.6111111111111112,1.0,0.6131471927654584,0.6131471927654584,0.5,0.5
0.5,0.5973333333333334,0.0588235294117647,0.0,0.0,0.0,0.0
0.5,0.7034313725490197,0.0666666666666666,0.0,0.0,0.0,0.0
0.5,0.6666666666666667,0.3333333333333333,0.5,0.5,1.0,1.0
0.5,0.9378238341968912,0.1,0.0,0.1772392867840477,0.0,0.5
0.5,0.7203065134099617,0.5,0.2139862647345275,0.1482972305701491,0.1111111111111111,0.1111111111111111
0.5,0.7575757575757576,0.1111111111111111,0.0,0.1412669728598289,0.0,0.3333333333333333
0.5,0.0,0.1428571428571428,0.0,0.3333333333333333,0.0,1.0
0.5,0.5121951219512195,0.25,0.2640681225725909,0.2640681225725909,0.5,0.5
0.5,0.6776315789473684,1.0,0.5087403079104241,0.3937584376460719,0.1052631578947368,0.1578947368421052
0.5,0.2916666666666666,0.0263157894736842,0.0,0.0,0.0,0.0
0.5,0.9215686274509804,0.5,0.4981892574664128,0.6462302129493456,0.6666666666666666,1.0
0.5,0.5701754385964912,0.1428571428571428,0.0,0.1564262420075854,0.0,0.3333333333333333
0.5,0.8333333333333333,1.0,0.4692787260227564,0.4692787260227564,0.3333333333333333,0.3333333333333333
0.5,0.8736263736263736,0.0416666666666666,0.0,0.0,0.0,0.0
0.5,0.5142857142857142,0.0434782608695652,0.0,0.0,0.0,0.0
0.5,0.3559782608695652,0.0277777777777777,0.0,0.0,0.0,0.0
0.5,0.7296875,0.2,0.1312050775123417,0.252016380211836,0.2,0.4
0.5,0.7429906542056075,0.1428571428571428,0.0,0.2429718246796358,0.0,0.5
0.5,0.2719298245614035,0.1111111111111111,0.0,0.1412669728598289,0.0,0.3333333333333333
0.5,0.8630952380952381,0.5,0.4414924137367808,0.4414924137367808,0.5,0.5
0.5,0.1630434782608695,0.0256410256410256,0.0,0.0,0.0,0.0
0.5,0.7972972972972974,0.0833333333333333,0.0,0.0,0.0,0.0
0.5,0.8921568627450981,1.0,0.4692787260227564,0.7720911544214064,0.3333333333333333,1.0
0.5,0.9743589743589745,1.0,0.7653606369886217,0.932521091954824,0.6666666666666666,1.0
0.5,0.9217391304347826,0.1,0.0,0.2890648263178879,0.0,1.0
0.5,0.4035087719298245,0.0416666666666666,0.0,0.0,0.0,0.0
0.5,0.4950980392156863,0.5,0.24630238874073,0.369453583111095,0.25,0.5
0.5,0.6015267175572518,0.0666666666666666,0.0,0.0,0.0,0.0
0.5,0.25,0.1428571428571428,0.0,0.3333333333333333,0.0,1.0
0.5,0.5,1.0,0.6131471927654584,0.8175295903539445,0.5,1.0
0.5,0.8783068783068783,0.2,0.1815417925373526,0.3379680345449381,0.3333333333333333,0.6666666666666666
0.5,0.6666666666666666,0.5,0.4414924137367808,0.4414924137367808,0.5,0.5
0.5,0.5,0.125,0.0,0.3154648767857287,0.0,1.0
0.5,0.4933333333333333,0.0833333333333333,0.0,0.0,0.0,0.0
0.5,0.4156976744186046,0.0769230769230769,0.0,0.0,0.0,0.0
0.5,0.298611111111111,0.0333333333333333,0.0,0.0,0.0,0.0
0.5,0.1666666666666666,0.1666666666666666,0.0,0.3562071871080222,0.0,1.0
0.5,0.6048387096774194,0.05,0.0,0.0,0.0,0.0
0.5,0.6666666666666666,0.1666666666666666,0.0,0.2184074368181641,0.0,0.5
0.5,1.0,1.0,1.0,1.0,1.0,1.0
0.5,0.5698198198198198,0.0625,0.0,0.0,0.0,0.0
0.5,0.8518518518518519,1.0,0.8529278650606567,0.8529278650606567,1.0,1.0
0.5,0.4228855721393034,0.0357142857142857,0.0,0.0,0.0,0.0
0.5,0.4523809523809523,0.1111111111111111,0.0,0.1412669728598289,0.0,0.3333333333333333
0.5,0.7222222222222222,0.1666666666666666,0.0,0.3562071871080222,0.0,1.0
0.5,0.6225490196078431,0.1428571428571428,0.0,0.1301266833307005,0.0,0.25
0.5,0.8125,0.25,0.430676558073393,0.430676558073393,1.0,1.0
0.5,0.8553571428571428,0.1666666666666666,0.0,0.2622073738811406,0.0,0.5
0.5,0.8481203007518797,1.0,0.7227265726449519,0.6684881776649958,0.4285714285714285,0.5714285714285714
0.5,0.3333333333333333,0.1428571428571428,0.0,0.3333333333333333,0.0,1.0
0.5,0.4655172413793103,0.1666666666666666,0.0,0.2184074368181641,0.0,0.5
0.5,0.9642857142857144,0.5,0.6509209298071326,0.6509209298071326,1.0,1.0
0.5,0.6432432432432433,0.5,0.2139862647345275,0.3270396664923995,0.2,0.4
0.5,0.5909090909090908,0.1,0.0,0.2890648263178879,0.0,1.0
0.5,0.1372549019607842,0.0222222222222222,0.0,0.0,0.0,0.0
0.5,0.5294117647058824,0.037037037037037,0.0,0.0,0.0,0.0
0.5,0.6131710016602103,0.1666666666666666,0.0,0.142019057177627,0.0,0.1538461538461538
0.5,0.6203007518796992,0.0909090909090909,0.0,0.0,0.0,0.0
0.5,0.4131944444444444,0.0476190476190476,0.0,0.0,0.0,0.0
0.5,0.9416666666666668,0.5,0.5296347172140421,0.6426881189719141,0.6,0.8
0.5,0.6881188118811881,0.0666666666666666,0.0,0.0,0.0,0.0
0.5,0.5222222222222223,0.125,0.0,0.1069931323672637,0.0,0.2
0.5,0.5950617283950617,0.0555555555555555,0.0,0.0,0.0,0.0
0.5,0.6042372881355933,0.1111111111111111,0.0,0.066254223454389,0.0,0.1
0.5,0.7,0.25,0.430676558073393,0.430676558073393,1.0,1.0
0.5,0.6395348837209303,0.25,0.2640681225725909,0.2640681225725909,0.5,0.5
0.5,0.6875,0.5,0.3868528072345416,0.6052602440527057,0.5,1.0
0.5,0.7321428571428572,0.2,0.2371977127692962,0.2371977127692962,0.5,0.5
0.5,0.6666666666666667,0.3333333333333333,0.5,0.5,1.0,1.0
0.5,0.5645833333333333,0.0196078431372549,0.0,0.0,0.0,0.0
0.5,0.6071428571428572,0.2,0.1815417925373526,0.1815417925373526,0.3333333333333333,0.3333333333333333
0.5,0.875,1.0,0.8772153153380493,0.8772153153380493,1.0,1.0
0.5,0.4761904761904761,0.125,0.0,0.1934264036172708,0.0,0.5
0.5,0.5333333333333333,0.125,0.0,0.3154648767857287,0.0,1.0
0.5,0.323943661971831,0.1,0.0,0.1128451413489352,0.0,0.25
0.5,0.4583333333333333,0.0526315789473684,0.0,0.0,0.0,0.0
0.5,0.7051282051282052,0.1666666666666666,0.0,0.1671604549662022,0.0,0.3333333333333333
0.5,0.2959183673469387,0.0769230769230769,0.0,0.0,0.0,0.0
0.5,0.6153846153846154,0.1666666666666666,0.0,0.3562071871080222,0.0,1.0
0.5,0.75,0.1428571428571428,0.0,0.3333333333333333,0.0,1.0
0.5,0.6338028169014085,0.3333333333333333,0.2346393630113782,0.2346393630113782,0.3333333333333333,0.3333333333333333
0.5,0.8541666666666665,0.3333333333333333,0.2346393630113782,0.4017998179775804,0.3333333333333333,0.6666666666666666
0.5,0.4894578313253012,0.5,0.24630238874073,0.24630238874073,0.25,0.25
0.5,0.5511363636363636,0.25,0.1681275362711174,0.2809726776200527,0.25,0.5
0.5,0.6250000000000001,0.0588235294117647,0.0,0.0,0.0,0.0
0.5,0.7611111111111111,0.3333333333333333,0.169580102636808,0.169580102636808,0.2,0.2
0.5,0.3275862068965517,0.0384615384615384,0.0,0.0,0.0,0.0
0.5,0.1428571428571428,0.03125,0.0,0.0,0.0,0.0
0.5,0.65,0.3333333333333333,0.3633175612671683,0.3633175612671683,0.5,0.5
0.5,0.6421052631578946,0.5,0.24630238874073,0.24630238874073,0.25,0.25
0.5,0.76,0.1428571428571428,0.0,0.3333333333333333,0.0,1.0
0.5,0.6826923076923077,0.25,0.1681275362711174,0.1681275362711174,0.25,0.25
0.5,0.4683544303797469,0.0232558139534883,0.0,0.0,0.0,0.0
0.5,0.7205882352941176,0.25,0.2640681225725909,0.2640681225725909,0.5,0.5
0.5,0.04,0.0082644628099173,0.0,0.0,0.0,0.0
0.5,0.9,1.0,0.6131471927654584,0.7903864795495061,0.5,1.0
0.5,0.8066666666666666,0.25,0.2021073465005475,0.2021073465005475,0.3333333333333333,0.3333333333333333
0.5,0.5245901639344261,1.0,0.3391602052736161,0.3391602052736161,0.2,0.2
0.5,0.5833333333333333,0.5,0.2960819109658652,0.5730008572581421,0.3333333333333333,1.0
0.5,0.5454545454545454,0.0625,0.0,0.0,0.0,0.0
0.5,0.5466666666666666,0.125,0.0,0.123151194370365,0.0,0.25
0.5,0.6122448979591837,0.5,0.3451913422468693,0.3451913422468693,0.4,0.4
0.5,0.6666666666666667,0.5,0.6309297535714575,0.6309297535714575,1.0,1.0
0.5,0.2254901960784313,0.032258064516129,0.0,0.0,0.0,0.0
0.5,0.4038461538461538,0.0588235294117647,0.0,0.0,0.0,0.0
0.5,0.5,1.0,0.6131471927654584,0.6131471927654584,0.5,0.5
0.5,1.0,1.0,1.0,1.0,1.0,1.0
0.5,0.5217391304347826,0.0833333333333333,0.0,0.0,0.0,0.0
0.5,0.6666666666666667,0.5,0.6309297535714575,0.6309297535714575,1.0,1.0
0.5,0.6333333333333333,0.1111111111111111,0.0,0.1845756967795681,0.0,0.5
0.5,0.4702380952380952,0.0263157894736842,0.0,0.0,0.0,0.0
0.5,0.7272727272727273,0.1428571428571428,0.0,0.1564262420075854,0.0,0.3333333333333333
0.5,0.8,0.1666666666666666,0.0,0.3562071871080222,0.0,1.0
0.5,0.55,0.125,0.0,0.1934264036172708,0.0,0.5
0.5,0.6813380281690141,0.1428571428571428,0.0,0.0843142342558857,0.0,0.125
0.5,0.7066666666666667,0.0434782608695652,0.0,0.0,0.0,0.0
0.5,1.0,1.0,1.0,1.0,1.0,1.0
0.5,0.8,1.0,0.8772153153380493,0.8772153153380493,1.0,1.0
0.5,0.8732394366197184,0.1,0.0,0.2890648263178879,0.0,1.0
0.5,0.6086956521739131,0.2,0.2371977127692962,0.2371977127692962,0.5,0.5
0.5,0.9333333333333332,1.0,0.7039180890341347,0.7039180890341347,0.6666666666666666,0.6666666666666666
0.5,0.9473684210526316,0.5,0.6934264036172708,0.6934264036172708,1.0,1.0
0.5,0.5945945945945945,0.0625,0.0,0.0,0.0,0.0
0.5,0.34375,0.0909090909090909,0.0,0.0,0.0,0.0
0.5,0.5032520325203251,0.0454545454545454,0.0,0.0,0.0,0.0
0.5,1.0,1.0,1.0,1.0,1.0,1.0
0.5,0.4444444444444444,0.125,0.0,0.1480409554829326,0.0,0.3333333333333333
0.5,0.8095238095238095,0.1111111111111111,0.0,0.3010299956639812,0.0,1.0
0.5,0.75,0.5,0.6934264036172708,0.6934264036172708,1.0,1.0
0.5,0.7662337662337663,0.1111111111111111,0.0,0.1412669728598289,0.0,0.3333333333333333
0.5,0.6052227342549923,0.0434782608695652,0.0,0.0,0.0,0.0
0.5,1.0,1.0,1.0,1.0,1.0,1.0
0.5,0.0,0.5,0.6309297535714575,0.6309297535714575,1.0,1.0
0.5,0.9285714285714286,0.5,0.6309297535714575,0.6309297535714575,1.0,1.0
0.5,0.6959706959706959,0.0833333333333333,0.0,0.0,0.0,0.0
0.5,0.4270833333333333,0.037037037037037,0.0,0.0,0.0,0.0
0.5,0.7192982456140351,1.0,0.6713860725233041,0.6713860725233041,0.6666666666666666,0.6666666666666666
0.5,0.4812030075187969,0.125,0.0,0.0867138284941197,0.0,0.1428571428571428
0.5,0.7934782608695652,0.1,0.0,0.1772392867840477,0.0,0.5
0.5,0.3981481481481481,0.1,0.0,0.1128451413489352,0.0,0.25
0.5,0.4,0.04,0.0,0.0,0.0,0.0
0.5,1.0,1.0,1.0,1.0,1.0,1.0
0.5,1.0,1.0,1.0,1.0,1.0,1.0
0.5,0.784313725490196,0.125,0.0,0.1934264036172708,0.0,0.5
0.5,0.4347826086956522,0.0714285714285714,0.0,0.0,0.0,0.0
0.5,0.1168831168831169,0.0144927536231884,0.0,0.0,0.0,0.0
0.5,0.4596774193548387,0.025,0.0,0.0,0.0,0.0
0.5,0.4051282051282051,0.0333333333333333,0.0,0.0,0.0,0.0
0.5,0.7642276422764228,1.0,0.6843515475204855,0.6105858728157117,0.5,0.5
0.5,1.0,1.0,1.0,1.0,1.0,1.0
0.5,0.0,0.5,0.6309297535714575,0.6309297535714575,1.0,1.0
0.5,0.6944444444444444,0.25,0.2021073465005475,0.358533588508133,0.3333333333333333,0.6666666666666666
0.5,1.0,1.0,1.0,1.0,1.0,1.0
0.5,0.6944444444444444,0.5,0.2960819109658652,0.4373488838256942,0.3333333333333333,0.6666666666666666
0.5,0.5909090909090909,1.0,0.6508205185601091,0.6508205185601091,0.6666666666666666,0.6666666666666666
0.5,0.064516129032258,0.037037037037037,0.0,0.0,0.0,0.0
0.5,0.524390243902439,0.0303030303030303,0.0,0.0,0.0,0.0
0.5,0.8666666666666667,1.0,0.5531464700081437,0.7870111744655099,0.4,0.8
0.5,0.6492753623188406,0.0909090909090909,0.0,0.0,0.0,0.0
0.5,0.586021505376344,0.2,0.1815417925373526,0.1815417925373526,0.3333333333333333,0.3333333333333333
0.5,0.864957264957265,0.1111111111111111,0.0,0.1412669728598289,0.0,0.3333333333333333
0.5,0.3095238095238095,0.0357142857142857,0.0,0.0,0.0,0.0
0.5,0.5588235294117647,0.0625,0.0,0.0,0.0,0.0
0.5,0.6666666666666665,0.3333333333333333,0.2346393630113782,0.5498407734605131,0.3333333333333333,1.0
0.5,0.3908256880733944,0.0588235294117647,0.0,0.0,0.0,0.0
0.5,0.5,0.3333333333333333,0.5,0.5,1.0,1.0
0.5,0.5008333333333334,0.0555555555555555,0.0,0.0,0.0,0.0
0.5,0.6337209302325582,0.0769230769230769,0.0,0.0,0.0,0.0
0.5,0.5079113924050633,0.1,0.0,0.1128451413489352,0.0,0.25
0.5,0.5285714285714286,0.0769230769230769,0.0,0.0,0.0,0.0
0.5,0.0,0.5,0.6309297535714575,0.6309297535714575,1.0,1.0
0.5,0.8122807017543859,0.1428571428571428,0.0,0.211092687589229,0.0,0.4
0.5,0.875,0.25,0.430676558073393,0.430676558073393,1.0,1.0
0.5,0.5925925925925926,0.0588235294117647,0.0,0.0,0.0,0.0
0.5,0.7845528455284553,0.1428571428571428,0.0,0.1564262420075854,0.0,0.3333333333333333
0.5,1.0,1.0,1.0,1.0,1.0,1.0
0.5,0.3589743589743589,0.0384615384615384,0.0,0.0,0.0,0.0
0.5,0.4183673469387755,0.0625,0.0,0.0,0.0,0.0
0.5,0.4827586206896551,0.0217391304347826,0.0,0.0,0.0,0.0
0.5,1.0,1.0,1.0,1.0,1.0,1.0
0.5,0.8181818181818181,0.3333333333333333,0.5,0.5,1.0,1.0
0.5,0.25,0.25,0.430676558073393,0.430676558073393,1.0,1.0
0.5,0.1956521739130434,0.0125,0.0,0.0,0.0,0.0
0.5,0.5894736842105264,1.0,0.3391602052736161,0.4599715079731103,0.2,0.4
0.5,1.0,1.0,1.0,1.0,1.0,1.0
0.5,0.8095238095238094,1.0,0.7227265726449519,0.7552020061591156,0.4285714285714285,0.7142857142857143
0.5,0.4999999999999999,0.0526315789473684,0.0,0.0,0.0,0.0
0.5,0.6875,0.1666666666666666,0.0,0.3562071871080222,0.0,1.0
0.5,0.8018867924528302,0.2,0.2371977127692962,0.2371977127692962,0.5,0.5
0.5,0.875,0.2,0.2371977127692962,0.4415801103577823,0.5,1.0
0.5,0.4166666666666666,0.25,0.2021073465005475,0.2021073465005475,0.3333333333333333,0.3333333333333333
0.5,0.5,0.125,0.0,0.3154648767857287,0.0,1.0
0.5,0.925531914893617,0.25,0.2640681225725909,0.482475559390755,0.5,1.0
0.5,0.3736263736263736,0.0172413793103448,0.0,0.0,0.0,0.0
0.5,0.6666666666666666,0.2,0.1815417925373526,0.1815417925373526,0.3333333333333333,0.3333333333333333
0.5,0.4607843137254901,0.0666666666666666,0.0,0.0,0.0,0.0
0.5,0.0,0.5,0.6309297535714575,0.6309297535714575,1.0,1.0
0.5,0.6596638655462185,0.0833333333333333,0.0,0.0,0.0,0.0
0.5,0.2,0.25,0.2640681225725909,0.4684505201610769,0.5,1.0
0.5,0.7083333333333334,0.125,0.0,0.1480409554829326,0.0,0.3333333333333333
0.5,0.6801643192488263,0.25,0.1460683498427064,0.1303237659103706,0.1666666666666666,0.1666666666666666
0.5,0.4155844155844156,0.0263157894736842,0.0,0.0,0.0,0.0
0.5,0.7413194444444444,1.0,0.5413996682199069,0.6804558477306826,0.5,0.75
0.5,0.631578947368421,0.2,0.2371977127692962,0.2371977127692962,0.5,0.5
0.5,0.9285714285714286,0.5,0.6309297535714575,0.6309297535714575,1.0,1.0
0.5,0.0,0.25,0.430676558073393,0.430676558073393,1.0,1.0
0.5,0.4230769230769231,0.0625,0.0,0.0,0.0,0.0
0.5,0.5166666666666666,0.125,0.0,0.0954604330894673,0.0,0.1666666666666666
0.5,0.3999999999999999,0.3333333333333333,0.3065735963827292,0.5249810332008933,0.5,1.0
0.5,0.4583333333333333,0.25,0.1460683498427064,0.2317730746678625,0.0833333333333333,0.25
0.5,0.6666666666666667,0.5,0.6309297535714575,0.6309297535714575,1.0,1.0
0.5,0.1999999999999999,0.2,0.3868528072345416,0.3868528072345416,1.0,1.0
0.5,0.6,0.0769230769230769,0.0,0.0,0.0,0.0
0.5,0.2272727272727273,0.0555555555555555,0.0,0.0,0.0,0.0
0.5,0.0,0.0588235294117647,0.0,0.0,0.0,0.0
0.5,0.8,0.5,0.6309297535714575,0.6309297535714575,1.0,1.0
0.5,0.4193548387096774,0.027027027027027,0.0,0.0,0.0,0.0
0.5,0.6,0.2,0.3868528072345416,0.3868528072345416,1.0,1.0
0.5,0.7058823529411764,0.1666666666666666,0.0,0.3562071871080222,0.0,1.0
0.5,0.4666666666666667,0.1111111111111111,0.0,0.3618149835636159,0.0,1.0
0.5,0.6637426900584795,0.25,0.1460683498427064,0.1089364926177558,0.125,0.125
0.5,0.5,0.0666666666666666,0.0,0.0,0.0,0.0
0.5,0.4961832061068703,0.0149253731343283,0.0,0.0,0.0,0.0
0.5,0.8888888888888888,0.2,0.3868528072345416,0.3868528072345416,1.0,1.0
0.5,0.7073170731707318,1.0,0.4692787260227564,0.6364391809889587,0.3333333333333333,0.6666666666666666
0.5,0.90625,0.1666666666666666,0.0,0.4029831335977323,0.0,1.0
0.5,0.6260162601626016,0.04,0.0,0.0,0.0,0.0
0.5,0.8636363636363636,0.25,0.430676558073393,0.430676558073393,1.0,1.0
0.5,0.8571428571428572,0.25,0.430676558073393,0.430676558073393,1.0,1.0
0.5,0.2971887550200803,0.0294117647058823,0.0,0.0,0.0,0.0
0.5,0.6609195402298851,0.05,0.0,0.0,0.0,0.0
0.5,0.5217391304347826,0.1,0.0,0.1772392867840477,0.0,0.5
0.5,0.3333333333333333,0.3333333333333333,0.5,0.5,1.0,1.0
0.5,0.0,0.0227272727272727,0.0,0.0,0.0,0.0
0.5,0.9,1.0,0.8772153153380493,0.8772153153380493,1.0,1.0
0.5,0.6261261261261261,0.0416666666666666,0.0,0.0,0.0,0.0
0.5,0.925925925925926,0.3333333333333333,0.5,0.5,1.0,1.0
0.5,0.4293478260869565,0.0217391304347826,0.0,0.0,0.0,0.0
0.5,0.4594594594594595,0.05,0.0,0.0,0.0,0.0
0.5,0.5,0.0588235294117647,0.0,0.0,0.0,0.0
0.5,0.5,0.5,0.6309297535714575,0.6309297535714575,1.0,1.0
0.5,0.6052631578947368,0.0714285714285714,0.0,0.0,0.0,0.0
0.5,0.8380952380952381,0.0555555555555555,0.0,0.0,0.0,0.0
0.5,0.3910931174089069,0.0303030303030303,0.0,0.0,0.0,0.0
0.5,0.8897058823529412,0.1111111111111111,0.0,0.1845756967795681,0.0,0.5
0.5,0.1666666666666666,0.1666666666666666,0.0,0.3562071871080222,0.0,1.0
0.5,0.5161290322580645,0.0333333333333333,0.0,0.0,0.0,0.0
0.5,0.2833333333333333,0.0227272727272727,0.0,0.0,0.0,0.0
0.5,0.6666666666666667,0.5,0.6309297535714575,0.6309297535714575,1.0,1.0
0.5,0.557471264367816,0.0555555555555555,0.0,0.0,0.0,0.0
0.5,0.7282051282051281,0.1428571428571428,0.0,0.2976932148674144,0.0,0.6666666666666666
0.5,0.53125,1.0,0.6131471927654584,0.6131471927654584,0.5,0.5
0.5,0.4826666666666666,0.2,0.1312050775123417,0.1487639058405727,0.0666666666666666,0.1333333333333333
0.5,0.8571428571428572,0.25,0.430676558073393,0.430676558073393,1.0,1.0
0.5,0.641025641025641,0.3333333333333333,0.3065735963827292,0.3065735963827292,0.5,0.5
0.5,0.3045454545454545,0.0714285714285714,0.0,0.0,0.0,0.0
0.5,0.5925925925925926,0.0833333333333333,0.0,0.0,0.0,0.0
0.5,0.3253676470588235,0.125,0.0,0.0797945385624481,0.0,0.125
0.5,0.0,0.1666666666666666,0.0,0.3562071871080222,0.0,1.0
0.5,0.4186046511627906,0.0384615384615384,0.0,0.0,0.0,0.0
0.5,0.2380952380952381,0.0588235294117647,0.0,0.0,0.0,0.0
0.5,0.5294117647058824,0.0588235294117647,0.0,0.0,0.0,0.0
0.5,0.875,0.25,0.430676558073393,0.430676558073393,1.0,1.0
0.5,0.8128654970760234,0.5,0.2960819109658652,0.2960819109658652,0.3333333333333333,0.3333333333333333
0.5,0.5772727272727273,0.3333333333333333,0.169580102636808,0.169580102636808,0.2,0.2
0.5,0.5648148148148149,0.25,0.1681275362711174,0.298254219601818,0.25,0.5
0.5,0.7352941176470588,0.1,0.0,0.2890648263178879,0.0,1.0
0.5,0.6819852941176471,0.1428571428571428,0.0,0.2402521135357174,0.0,0.375
0.5,0.8784153005464481,0.5,0.2139862647345275,0.286381299268402,0.1666666666666666,0.3333333333333333
0.5,0.6558641975308641,0.1666666666666666,0.0,0.0901000086523676,0.0,0.125
0.5,0.6259842519685039,0.0357142857142857,0.0,0.0,0.0,0.0
0.5,0.5685039370078739,0.5,0.2139862647345275,0.2139862647345275,0.2,0.2
0.5,0.7572463768115941,0.2,0.1510196182278052,0.1510196182278052,0.25,0.25
0.5,0.875,0.25,0.430676558073393,0.430676558073393,1.0,1.0
0.5,0.4567307692307693,0.0192307692307692,0.0,0.0,0.0,0.0
0.5,0.8103448275862069,1.0,0.6366824387328317,0.7495275800817669,0.5,0.75
0.5,0.2954545454545454,0.0588235294117647,0.0,0.0,0.0,0.0
0.5,0.6341463414634146,0.0625,0.0,0.0,0.0,0.0
0.5,0.6264591439688716,0.0103092783505154,0.0,0.0,0.0,0.0
0.5,0.0588235294117647,0.0588235294117647,0.0,0.0,0.0,0.0
0.5,0.3999999999999999,0.2,0.2371977127692962,0.4144369995533439,0.5,1.0
0.5,0.8431372549019608,1.0,0.7653606369886217,0.7653606369886217,0.6666666666666666,0.6666666666666666
0.5,1.0,1.0,1.0,1.0,1.0,1.0
0.5,0.657142857142857,0.1111111111111111,0.0,0.1622031007380874,0.0,0.2857142857142857
0.5,0.2876712328767123,0.0188679245283018,0.0,0.0,0.0,0.0
0.5,0.6626506024096386,0.0526315789473684,0.0,0.0,0.0,0.0
0.5,0.3,0.3333333333333333,0.5,0.5,1.0,1.0
0.5,0.6261061946902655,0.1666666666666666,0.0,0.0901000086523676,0.0,0.125
0.5,0.7553191489361702,0.2,0.2371977127692962,0.2371977127692962,0.5,0.5
0.5,0.6837606837606838,1.0,0.4703652827859579,0.5151254397262444,0.3333333333333333,0.5
0.5,0.3421052631578947,0.1111111111111111,0.0,0.1845756967795681,0.0,0.5
0.5,0.5416666666666666,0.0714285714285714,0.0,0.0,0.0,0.0
0.5,0.9416666666666668,0.5,0.5307212739772434,0.6787622294601761,0.6666666666666666,1.0
0.5,0.3245614035087719,0.0232558139534883,0.0,0.0,0.0,0.0
0.5,0.2916666666666666,0.0769230769230769,0.0,0.0,0.0,0.0
0.5,0.25,0.1428571428571428,0.0,0.3333333333333333,0.0,1.0
0.5,0.5731707317073171,0.1,0.0,0.098039285831357,0.0,0.2
0.5,0.7478354978354979,0.1428571428571428,0.0,0.0916254443047636,0.0,0.1428571428571428
0.5,0.5,0.0833333333333333,0.0,0.0,0.0,0.0
0.5,0.5901162790697674,0.25,0.1681275362711174,0.1681275362711174,0.25,0.25
0.5,0.8070175438596492,0.0666666666666666,0.0,0.0,0.0,0.0
0.5,1.0,1.0,1.0,1.0,1.0,1.0
0.5,0.9090909090909092,0.5,0.6309297535714575,0.6309297535714575,1.0,1.0
0.5,0.9896907216494846,0.5,0.6309297535714575,0.6309297535714575,1.0,1.0
0.5,0.1470588235294118,0.0333333333333333,0.0,0.0,0.0,0.0
0.5,0.0999999999999999,0.1111111111111111,0.0,0.3010299956639812,0.0,1.0
0.5,0.4831932773109244,0.0555555555555555,0.0,0.0,0.0,0.0
0.5,0.626984126984127,0.0208333333333333,0.0,0.0,0.0,0.0
0.5,0.6666666666666667,0.5,0.6309297535714575,0.6309297535714575,1.0,1.0
0.5,0.64,0.027027027027027,0.0,0.0,0.0,0.0
0.5,0.6923076923076923,0.0769230769230769,0.0,0.0,0.0,0.0
0.5,0.6654411764705882,0.3333333333333333,0.1951900249960508,0.1951900249960508,0.25,0.25
0.5,0.5588235294117647,0.3333333333333333,0.2346393630113782,0.2346393630113782,0.3333333333333333,0.3333333333333333
0.5,0.5872340425531914,0.1111111111111111,0.0,0.1020973951229116,0.0,0.2
0.5,0.888888888888889,0.25,0.430676558073393,0.430676558073393,1.0,1.0
0.5,0.1025641025641025,0.0277777777777777,0.0,0.0,0.0,0.0
0.5,0.7948717948717949,0.125,0.0,0.1480409554829326,0.0,0.3333333333333333
0.5,0.9333333333333332,0.2,0.3868528072345416,0.3868528072345416,1.0,1.0
0.5,0.6296296296296297,0.1428571428571428,0.0,0.2920782154400332,0.0,0.6666666666666666
0.5,0.7254901960784313,0.1111111111111111,0.0,0.1412669728598289,0.0,0.3333333333333333
0.5,0.9411764705882352,0.5,0.6309297535714575,0.6309297535714575,1.0,1.0
0.5,0.6567164179104478,0.0416666666666666,0.0,0.0,0.0,0.0
0.5,0.6,0.3333333333333333,0.5,0.5,1.0,1.0
0.5,0.8666666666666667,0.3333333333333333,0.5,0.5,1.0,1.0
0.5,0.3710691823899371,0.037037037037037,0.0,0.0,0.0,0.0
0.5,0.5365853658536586,0.25,0.2021073465005475,0.2021073465005475,0.3333333333333333,0.3333333333333333
0.5,0.4576271186440678,0.0303030303030303,0.0,0.0,0.0,0.0
0.5,0.625,0.5,0.6509209298071326,0.6509209298071326,1.0,1.0
0.5,0.0769230769230769,0.0769230769230769,0.0,0.0,0.0,0.0
0.5,0.8160919540229885,0.3333333333333333,0.2346393630113782,0.511558309303655,0.3333333333333333,1.0
0.5,0.253731343283582,0.0227272727272727,0.0,0.0,0.0,0.0
0.5,0.7,1.0,0.8503449055347546,0.8503449055347546,1.0,1.0
0.5,0.6888888888888889,0.5,0.3868528072345416,0.3868528072345416,0.5,0.5
0.5,0.308080808080808,0.015625,0.0,0.0,0.0,0.0
0.5,0.4137931034482759,0.0144927536231884,0.0,0.0,0.0,0.0
0.5,0.7458791208791209,0.1666666666666666,0.0,0.0901000086523676,0.0,0.125
0.5,0.3809523809523809,0.0714285714285714,0.0,0.0,0.0,0.0
0.5,0.1794871794871795,0.0303030303030303,0.0,0.0,0.0,0.0
0.5,0.5733333333333334,0.0434782608695652,0.0,0.0,0.0,0.0
0.5,0.3461538461538461,0.0833333333333333,0.0,0.0,0.0,0.0
0.5,0.08,0.0454545454545454,0.0,0.0,0.0,0.0
0.5,0.728110599078341,0.5,0.3835663673713356,0.3108658234453849,0.2857142857142857,0.2857142857142857
0.5,0.8333333333333334,0.1428571428571428,0.0,0.3333333333333333,0.0,1.0
0.5,0.5740740740740741,0.125,0.0,0.1934264036172708,0.0,0.5
0.5,0.6628056628056628,0.5,0.3835663673713356,0.3108658234453849,0.2857142857142857,0.2857142857142857
0.5,0.6818181818181818,0.0454545454545454,0.0,0.0,0.0,0.0
0.5,0.8382352941176471,0.0833333333333333,0.0,0.0,0.0,0.0
0.5,0.3947368421052631,0.0384615384615384,0.0,0.0,0.0,0.0
0.5,0.7333333333333334,0.25,0.1681275362711174,0.298254219601818,0.25,0.5
0.5,0.8048780487804879,0.5,0.2960819109658652,0.2960819109658652,0.3333333333333333,0.3333333333333333
0.5,0.6325757575757576,0.125,0.0,0.1480409554829326,0.0,0.3333333333333333
0.5,0.2620967741935484,0.0135135135135135,0.0,0.0,0.0,0.0
0.5,0.8140243902439024,0.2,0.1510196182278052,0.2811463015585058,0.25,0.5
0.5,0.675,0.0769230769230769,0.0,0.0,0.0,0.0
0.5,0.7580645161290323,0.5,0.3868528072345416,0.3868528072345416,0.5,0.5
0.5,0.891304347826087,1.0,0.6131471927654584,0.8175295903539445,0.5,1.0
0.5,1.0,1.0,1.0,1.0,1.0,1.0
0.5,0.326530612244898,0.0294117647058823,0.0,0.0,0.0,0.0
0.5,0.5571428571428572,0.0833333333333333,0.0,0.0,0.0,0.0
0.5,0.8488888888888888,1.0,0.4852285551163225,0.6060398578158167,0.4,0.6
0.5,0.7634408602150538,0.25,0.1681275362711174,0.2912787306414824,0.25,0.5
0.5,0.7500000000000001,0.125,0.0,0.1480409554829326,0.0,0.3333333333333333
0.5,0.8979591836734694,0.5,0.4981892574664128,0.4981892574664128,0.6666666666666666,0.6666666666666666
0.5,0.0,0.25,0.430676558073393,0.430676558073393,1.0,1.0
0.5,0.4047619047619047,0.025,0.0,0.0,0.0,0.0
0.5,0.55,0.125,0.0,0.123151194370365,0.0,0.25
0.5,0.8821428571428571,1.0,0.6548086577531307,0.6582450939840574,0.375,0.625
0.5,0.543859649122807,0.25,0.1681275362711174,0.298254219601818,0.25,0.5
0.5,0.0,0.0769230769230769,0.0,0.0,0.0,0.0
0.5,0.4166666666666666,0.015625,0.0,0.0,0.0,0.0
0.5,0.125,0.1,0.0,0.2890648263178879,0.0,1.0
0.5,0.7613636363636364,0.0454545454545454,0.0,0.0,0.0,0.0
0.5,0.0,0.5,0.6309297535714575,0.6309297535714575,1.0,1.0
0.5,0.5,0.1428571428571428,0.0,0.3333333333333333,0.0,1.0
0.5,0.5545454545454546,0.25,0.2772734273550482,0.2772734273550482,0.4,0.4
0.5,0.6691588785046729,0.2,0.1312050775123417,0.1312050775123417,0.2,0.2
0.5,0.4705882352941176,0.1,0.0,0.2890648263178879,0.0,1.0
0.5,0.7068965517241379,0.1666666666666666,0.0,0.2184074368181641,0.0,0.5
0.5,0.5999999999999999,0.0434782608695652,0.0,0.0,0.0,0.0
0.5,0.606114050558495,0.25,0.1460683498427064,0.1183827929553629,0.1428571428571428,0.1428571428571428
0.5,0.4615384615384615,0.0666666666666666,0.0,0.0,0.0,0.0
0.5,0.8247422680412371,0.1666666666666666,0.0,0.2475310813521633,0.0,0.375
0.5,0.6439645625692137,1.0,0.3391602052736161,0.2200917662980801,0.0714285714285714,0.0714285714285714
0.5,1.0,1.0,1.0,1.0,1.0,1.0
0.5,0.4255319148936171,0.05,0.0,0.0,0.0,0.0
0.5,0.6000000000000001,0.1666666666666666,0.0,0.2188505885308512,0.0,0.4
0.5,0.9065040650406504,0.0909090909090909,0.0,0.0,0.0,0.0
0.5,0.25,0.0454545454545454,0.0,0.0,0.0,0.0
0.5,0.5454545454545454,1.0,0.6131471927654584,0.6131471927654584,0.5,0.5
0.5,0.30625,0.1111111111111111,0.0,0.1175161047564271,0.0,0.25
0.5,0.5104166666666666,0.1666666666666666,0.0,0.208656625690782,0.0,0.3333333333333333
0.5,0.7902912621359224,1.0,0.6164336326286644,0.6164336326286644,0.6,0.6
0.5,1.0,1.0,1.0,1.0,1.0,1.0
0.5,0.4166666666666666,0.2,0.1815417925373526,0.1815417925373526,0.3333333333333333,0.3333333333333333
0.5,0.8767123287671234,1.0,0.5531464700081437,0.7642391575973727,0.4,0.8
0.5,0.4833333333333333,0.2,0.1510196182278052,0.1510196182278052,0.25,0.25
0.5,1.0,1.0,1.0,1.0,1.0,1.0
0.5,0.7394366197183098,0.1428571428571428,0.0,0.2204405326748604,0.0,0.3333333333333333
0.5,0.2222222222222222,0.3333333333333333,0.2346393630113782,0.5239472913541398,0.3333333333333333,1.0
0.5,0.3333333333333333,0.0909090909090909,0.0,0.0,0.0,0.0
0.5,0.5525,0.1111111111111111,0.0,0.1175161047564271,0.0,0.25
0.5,0.3478260869565217,0.0625,0.0,0.0,0.0,0.0
0.5,0.651360544217687,0.125,0.0,0.0954604330894673,0.0,0.1666666666666666
0.5,0.7457142857142857,1.0,0.4703652827859579,0.4703652827859579,0.4,0.4
0.5,0.8035087719298246,0.5,0.5296347172140421,0.6276740030453991,0.6,0.8
0.5,0.4,0.25,0.430676558073393,0.430676558073393,1.0,1.0
0.5,1.0,1.0,1.0,1.0,1.0,1.0
0.5,0.6823529411764706,0.3333333333333333,0.3156484524795145,0.5267411400687436,0.4,0.8
0.5,0.7692307692307693,0.1666666666666666,0.0,0.4029831335977323,0.0,1.0
0.5,0.5897435897435898,0.5,0.2960819109658652,0.4525081529734507,0.3333333333333333,0.6666666666666666
0.5,0.38,0.0454545454545454,0.0,0.0,0.0,0.0
0.5,0.6666666666666667,0.2,0.3868528072345416,0.3868528072345416,1.0,1.0
0.5,0.65,0.125,0.0,0.3154648767857287,0.0,1.0
0.5,0.6244897959183673,1.0,0.7227265726449519,0.5857421563596757,0.4285714285714285,0.4285714285714285
0.5,0.7738095238095238,0.1111111111111111,0.0,0.1412669728598289,0.0,0.3333333333333333
0.5,0.625,0.1111111111111111,0.0,0.1845756967795681,0.0,0.5
0.5,0.4130434782608696,0.0769230769230769,0.0,0.0,0.0,0.0
0.5,0.5218855218855218,0.03125,0.0,0.0,0.0,0.0
0.5,0.2416666666666666,0.0416666666666666,0.0,0.0,0.0,0.0
0.5,0.8427184466019417,1.0,0.4852285551163225,0.6060398578158167,0.4,0.6
0.5,0.4375,0.0625,0.0,0.0,0.0,0.0
0.5,0.8088235294117646,0.3333333333333333,0.3065735963827292,0.3065735963827292,0.5,0.5
0.5,0.6986301369863014,0.1666666666666666,0.0,0.2184074368181641,0.0,0.5
0.5,0.2666666666666666,0.0909090909090909,0.0,0.0,0.0,0.0
0.5,0.6363636363636364,0.2,0.2371977127692962,0.4556051495874603,0.5,1.0
0.5,0.4401041666666667,0.0588235294117647,0.0,0.0,0.0,0.0
0.5,1.0,1.0,1.0,1.0,1.0,1.0
0.5,0.6968390804597702,0.25,0.1460683498427064,0.2311912370766417,0.1666666666666666,0.3333333333333333
0.5,1.0,1.0,1.0,1.0,1.0,1.0
0.5,0.3913043478260869,0.0666666666666666,0.0,0.0,0.0,0.0
0.5,0.1153846153846154,0.0416666666666666,0.0,0.0,0.0,0.0
0.5,0.6434782608695652,0.0555555555555555,0.0,0.0,0.0,0.0
0.5,0.1413043478260869,0.027027027027027,0.0,0.0,0.0,0.0
0.5,0.6641414141414141,1.0,0.5087403079104241,0.352568324121728,0.2222222222222222,0.2222222222222222
0.5,0.2083333333333333,0.0294117647058823,0.0,0.0,0.0,0.0
0.5,0.6444444444444445,0.0714285714285714,0.0,0.0,0.0,0.0
0.5,1.0,1.0,1.0,1.0,1.0,1.0
0.5,0.3555555555555555,0.1111111111111111,0.0,0.2769189462922768,0.0,0.6666666666666666
0.5,0.6190476190476191,0.2,0.1815417925373526,0.1815417925373526,0.3333333333333333,0.3333333333333333
0.5,0.3,0.0526315789473684,0.0,0.0,0.0,0.0
0.5,0.5653153153153152,0.0714285714285714,0.0,0.0,0.0,0.0
0.5,0.8035714285714286,0.25,0.1681275362711174,0.1681275362711174,0.25,0.25
0.5,0.8005050505050504,0.3333333333333333,0.169580102636808,0.2720034494275167,0.1111111111111111,0.3333333333333333
0.5,0.0333333333333333,0.0625,0.0,0.0,0.0,0.0
0.5,1.0,1.0,1.0,1.0,1.0,1.0
0.5,0.7516339869281046,0.125,0.0,0.1480409554829326,0.0,0.3333333333333333
0.5,0.5425219941348973,0.0625,0.0,0.0,0.0,0.0
0.5,0.6851851851851852,0.25,0.3836491390379002,0.3836491390379002,0.6666666666666666,0.6666666666666666
0.5,0.6776315789473684,0.25,0.2640681225725909,0.2640681225725909,0.5,0.5
0.5,0.7946428571428572,1.0,0.6131471927654584,0.6131471927654584,0.5,0.5
0.5,0.824468085106383,0.2,0.1510196182278052,0.2638647595767405,0.25,0.5
0.5,0.2916666666666666,0.0555555555555555,0.0,0.0,0.0,0.0
0.5,0.6236559139784946,0.125,0.0,0.1480409554829326,0.0,0.3333333333333333
0.5,0.9565217391304348,0.1428571428571428,0.0,0.3333333333333333,0.0,1.0
0.5,0.6866666666666666,0.0666666666666666,0.0,0.0,0.0,0.0
0.5,0.630718954248366,0.1111111111111111,0.0,0.1412669728598289,0.0,0.3333333333333333
0.5,0.8304597701149425,0.1428571428571428,0.0,0.1564262420075854,0.0,0.3333333333333333
0.5,0.5306122448979591,0.3333333333333333,0.3065735963827292,0.3065735963827292,0.5,0.5
0.5,0.495049504950495,0.0357142857142857,0.0,0.0,0.0,0.0
0.5,0.78125,0.125,0.0,0.3154648767857287,0.0,1.0
0.5,1.0,1.0,1.0,1.0,1.0,1.0
0.5,0.2941176470588235,0.0909090909090909,0.0,0.0,0.0,0.0
0.5,0.1666666666666666,0.1666666666666666,0.0,0.3562071871080222,0.0,1.0
0.5,0.5943396226415094,0.0666666666666666,0.0,0.0,0.0,0.0
0.5,0.4125,0.0666666666666666,0.0,0.0,0.0,0.0
0.5,0.4177777777777778,0.0714285714285714,0.0,0.0,0.0,0.0
0.5,0.3141025641025641,0.0625,0.0,0.0,0.0,0.0
0.5,0.6727272727272727,0.1,0.0,0.1772392867840477,0.0,0.5
0.5,0.4501424501424501,0.0232558139534883,0.0,0.0,0.0,0.0
0.5,0.25,0.25,0.430676558073393,0.430676558073393,1.0,1.0
0.5,1.0,1.0,1.0,1.0,1.0,1.0
0.5,0.5729166666666667,0.1666666666666666,0.0,0.2565722842672027,0.0,0.5
0.5,1.0,1.0,1.0,1.0,1.0,1.0
0.5,0.5862068965517242,0.0434782608695652,0.0,0.0,0.0,0.0
0.5,0.2231404958677686,0.0105263157894736,0.0,0.0,0.0,0.0
0.5,0.3549783549783549,0.0476190476190476,0.0,0.0,0.0,0.0
0.5,0.5352400408580185,1.0,0.4852285551163225,0.3932783996463063,0.1818181818181818,0.2727272727272727
0.5,0.4615384615384615,0.1111111111111111,0.0,0.1845756967795681,0.0,0.5
0.5,0.4418604651162791,0.1111111111111111,0.0,0.1845756967795681,0.0,0.5
0.5,0.4444444444444444,0.0909090909090909,0.0,0.0,0.0,0.0
0.5,0.6764705882352942,0.1428571428571428,0.0,0.2476427880871277,0.0,0.5
0.5,0.6666666666666667,0.3333333333333333,0.3065735963827292,0.4838128831667769,0.5,1.0
0.5,0.723404255319149,0.1,0.0,0.1772392867840477,0.0,0.5
0.5,0.9139344262295084,0.1,0.0,0.098039285831357,0.0,0.2
0.5,0.0510204081632653,0.02,0.0,0.0,0.0,0.0
0.5,0.8064516129032258,0.1428571428571428,0.0,0.3333333333333333,0.0,1.0
0.5,0.55,0.1,0.0,0.1772392867840477,0.0,0.5
0.5,0.4074074074074074,0.0625,0.0,0.0,0.0,0.0
0.5,0.8857142857142858,0.5,0.4776237035032179,0.4776237035032179,0.6666666666666666,0.6666666666666666
0.5,0.3333333333333333,0.0666666666666666,0.0,0.0,0.0,0.0
0.5,0.7040816326530612,0.125,0.0,0.1934264036172708,0.0,0.5
0.5,0.8284789644012944,0.3333333333333333,0.2346393630113782,0.2346393630113782,0.3333333333333333,0.3333333333333333
0.5,0.4256198347107437,0.0333333333333333,0.0,0.0,0.0,0.0
0.5,0.3490566037735849,0.0196078431372549,0.0,0.0,0.0,0.0
0.5,0.3440366972477064,0.0204081632653061,0.0,0.0,0.0,0.0
0.5,0.5406976744186047,0.1666666666666666,0.0,0.2184074368181641,0.0,0.5
0.5,0.634703196347032,0.125,0.0,0.1829321471908755,0.0,0.3333333333333333
0.5,0.6320675105485232,0.3333333333333333,0.169580102636808,0.1736666713479918,0.0666666666666666,0.1333333333333333
0.5,0.8753387533875339,1.0,0.8687949224876582,0.6020941629041773,0.4444444444444444,0.4444444444444444
0.5,0.6666666666666667,0.25,0.430676558073393,0.430676558073393,1.0,1.0
0.5,0.2372881355932203,0.0120481927710843,0.0,0.0,0.0,0.0
0.5,0.5032894736842105,1.0,0.3903800499921017,0.3903800499921017,0.25,0.25
0.5,0.5454545454545454,0.1666666666666666,0.0,0.3562071871080222,0.0,1.0
0.5,0.5465465465465466,0.25,0.1460683498427064,0.1012286082123001,0.1111111111111111,0.1111111111111111
0.5,0.4350877192982456,0.0666666666666666,0.0,0.0,0.0,0.0
0.5,0.6533333333333333,0.5,0.2960819109658652,0.4632423659320675,0.3333333333333333,0.6666666666666666
0.5,0.9891304347826086,0.5,0.6309297535714575,0.6309297535714575,1.0,1.0
0.5,0.36,0.0588235294117647,0.0,0.0,0.0,0.0
0.5,0.5288461538461539,0.3333333333333333,0.346209643223856,0.4590547845727913,0.5,0.75
0.5,0.5666666666666667,0.1111111111111111,0.0,0.2769189462922768,0.0,0.6666666666666666
0.5,0.9846153846153848,0.5,0.6309297535714575,0.6309297535714575,1.0,1.0
0.5,0.5252525252525253,0.25,0.1460683498427064,0.1303237659103706,0.1666666666666666,0.1666666666666666
0.5,0.4241496598639456,0.2,0.1312050775123417,0.1487639058405727,0.0285714285714285,0.0571428571428571
0.5,0.8,0.3333333333333333,0.5,0.5,1.0,1.0
0.5,0.2468354430379746,0.0106382978723404,0.0,0.0,0.0,0.0
0.5,1.0,1.0,1.0,1.0,1.0,1.0
0.5,0.2365591397849462,0.025,0.0,0.0,0.0,0.0
0.5,0.7312206572769953,1.0,0.3391602052736161,0.3026024134988134,0.1666666666666666,0.1666666666666666
0.5,0.0,0.0909090909090909,0.0,0.0,0.0,0.0
0.5,0.6111111111111112,1.0,0.3903800499921017,0.3903800499921017,0.25,0.25
0.5,0.3852459016393442,0.02,0.0,0.0,0.0,0.0
0.5,1.0,1.0,1.0,1.0,1.0,1.0
0.5,0.7291666666666667,0.5,0.2139862647345275,0.2783925802803428,0.1666666666666666,0.3333333333333333
0.5,0.6,0.3333333333333333,0.5,0.5,1.0,1.0
0.5,0.601010101010101,0.0133333333333333,0.0,0.0,0.0,0.0
0.5,0.0641025641025641,0.027027027027027,0.0,0.0,0.0,0.0
0.5,0.6174242424242424,0.3333333333333333,0.2346393630113782,0.2346393630113782,0.3333333333333333,0.3333333333333333
0.5,0.4631578947368421,0.2,0.1312050775123417,0.1312050775123417,0.2,0.2
0.5,0.9652777777777778,0.3333333333333333,0.5437713091520254,0.5437713091520254,1.0,1.0
0.5,0.566744730679157,0.5,0.2139862647345275,0.1734276569882394,0.1428571428571428,0.1428571428571428
0.5,0.6353741496598639,1.0,0.3391602052736161,0.2200917662980801,0.0714285714285714,0.0714285714285714
0.5,0.5925925925925927,0.0833333333333333,0.0,0.0,0.0,0.0
0.5,0.1999999999999999,0.0588235294117647,0.0,0.0,0.0,0.0
0.5,0.8714285714285714,0.2,0.2371977127692962,0.4415801103577823,0.5,1.0
0.5,0.7440476190476191,0.5,0.2960819109658652,0.4525081529734507,0.3333333333333333,0.6666666666666666
0.5,0.4444444444444444,0.0625,0.0,0.0,0.0,0.0
0.5,0.805232558139535,0.1111111111111111,0.0,0.1175161047564271,0.0,0.25
0.5,0.6071428571428572,0.3333333333333333,0.3065735963827292,0.3065735963827292,0.5,0.5
0.5,0.45,0.25,0.2640681225725909,0.2640681225725909,0.5,0.5
0.5,0.6632653061224489,0.0294117647058823,0.0,0.0,0.0,0.0
0.5,0.6458752515090543,1.0,0.4852285551163225,0.3932591258696538,0.2857142857142857,0.2857142857142857
0.5,0.5299145299145299,0.0357142857142857,0.0,0.0,0.0,0.0
0.5,1.0,1.0,1.0,1.0,1.0,1.0
0.5,0.8258196721311475,0.25,0.1681275362711174,0.1681275362711174,0.25,0.25
0.5,0.7048872180451128,0.3333333333333333,0.169580102636808,0.2165713600361962,0.125,0.25
0.5,0.6571428571428571,0.04,0.0,0.0,0.0,0.0
0.5,0.3484848484848485,0.0263157894736842,0.0,0.0,0.0,0.0
0.5,0.0,0.1666666666666666,0.0,0.3562071871080222,0.0,1.0
0.5,0.4166666666666666,0.125,0.0,0.3154648767857287,0.0,1.0
0.5,0.7012987012987013,0.0416666666666666,0.0,0.0,0.0,0.0
0.5,0.65,0.1111111111111111,0.0,0.1020973951229116,0.0,0.2
0.5,0.3358024691358025,0.0163934426229508,0.0,0.0,0.0,0.0
0.5,0.7771739130434783,0.5,0.24630238874073,0.24630238874073,0.25,0.25
0.5,0.8125,1.0,0.6131471927654584,0.6131471927654584,0.5,0.5
0.5,0.8,0.25,0.3836491390379002,0.5249161118977292,0.6666666666666666,1.0
0.5,0.5505725190839694,0.0238095238095238,0.0,0.0,0.0,0.0
0.5,0.8333333333333334,0.3333333333333333,0.5,0.5,1.0,1.0
0.5,0.5440993788819876,0.2,0.1312050775123417,0.1063366810302298,0.1428571428571428,0.1428571428571428
0.5,0.8913043478260869,0.1666666666666666,0.0,0.3562071871080222,0.0,1.0
0.5,0.9090909090909092,0.25,0.430676558073393,0.430676558073393,1.0,1.0
0.5,0.5,0.5,0.6309297535714575,0.6309297535714575,1.0,1.0
0.5,0.8571428571428572,0.25,0.430676558073393,0.430676558073393,1.0,1.0
0.5,0.6531914893617021,0.3333333333333333,0.169580102636808,0.169580102636808,0.2,0.2
0.5,0.5197132616487455,0.032258064516129,0.0,0.0,0.0,0.0
0.5,0.875,1.0,0.9197207891481876,0.9197207891481876,1.0,1.0
0.5,0.8545454545454546,0.1111111111111111,0.0,0.3010299956639812,0.0,1.0
0.5,0.0909090909090909,0.0909090909090909,0.0,0.0,0.0,0.0
0.5,0.5549999999999999,1.0,0.3903800499921017,0.3903800499921017,0.25,0.25
0.5,0.9411764705882352,0.5,0.6309297535714575,0.6309297535714575,1.0,1.0
0.5,0.0,0.1428571428571428,0.0,0.3333333333333333,0.0,1.0
0.5,0.9166666666666666,0.25,0.430676558073393,0.430676558073393,1.0,1.0
0.5,0.5644859813084113,0.125,0.0,0.0694312219367772,0.0,0.1
0.5,0.275,0.0769230769230769,0.0,0.0,0.0,0.0
0.5,0.25,0.0769230769230769,0.0,0.0,0.0,0.0
0.5,0.5476190476190477,0.25,0.1460683498427064,0.2162957183053307,0.1428571428571428,0.2857142857142857
0.5,0.9767441860465116,0.5,0.6309297535714575,0.6309297535714575,1.0,1.0
0.5,0.8271604938271605,0.5,0.5307212739772434,0.5307212739772434,0.6666666666666666,0.6666666666666666
0.5,0.7131147540983607,0.1111111111111111,0.0,0.1175161047564271,0.0,0.25
0.5,0.4452054794520548,0.0454545454545454,0.0,0.0,0.0,0.0
0.5,0.5808823529411765,0.5,0.24630238874073,0.24630238874073,0.25,0.25
0.5,1.0,1.0,1.0,1.0,1.0,1.0
0.5,1.0,1.0,1.0,1.0,1.0,1.0
0.5,0.7071428571428572,0.5,0.3868528072345416,0.3868528072345416,0.5,0.5
0.5,0.5382513661202185,1.0,0.4692787260227564,0.4692787260227564,0.3333333333333333,0.3333333333333333
0.5,0.5935672514619883,0.5,0.2960819109658652,0.2960819109658652,0.3333333333333333,0.3333333333333333
0.5,0.5238095238095238,0.3333333333333333,0.4367467095119258,0.5780136823717549,0.6666666666666666,1.0
0.5,0.9,0.3333333333333333,0.3065735963827292,0.5249810332008933,0.5,1.0
0.5,0.7446808510638299,0.0526315789473684,0.0,0.0,0.0,0.0
0.5,1.0,1.0,1.0,1.0,1.0,1.0
0.5,0.7021276595744681,0.2,0.1312050775123417,0.1170625931379635,0.1666666666666666,0.1666666666666666
0.5,0.4666666666666667,0.5,0.3868528072345416,0.3868528072345416,0.5,0.5
0.5,0.2972222222222222,0.0357142857142857,0.0,0.0,0.0,0.0
0.5,0.6382978723404256,0.5,0.2139862647345275,0.1909208661789346,0.1666666666666666,0.1666666666666666
0.5,0.4741379310344827,0.04,0.0,0.0,0.0,0.0
0.5,0.4959183673469388,0.25,0.1460683498427064,0.1460683498427064,0.2,0.2
0.5,0.4615384615384615,0.125,0.0,0.3154648767857287,0.0,1.0
0.5,0.5,0.125,0.0,0.3154648767857287,0.0,1.0
0.5,0.5615384615384615,0.1111111111111111,0.0,0.1845756967795681,0.0,0.5
0.5,0.8713450292397662,0.25,0.1460683498427064,0.3389803916011527,0.1666666666666666,0.5
0.5,0.7446808510638298,0.0769230769230769,0.0,0.0,0.0,0.0
0.5,0.6395348837209303,1.0,0.6131471927654584,0.6131471927654584,0.5,0.5
0.5,0.6,0.5,0.3868528072345416,0.3868528072345416,0.5,0.5
0.5,0.4666666666666667,0.1428571428571428,0.0,0.2043823975884861,0.0,0.5
0.5,0.7343749999999999,0.2,0.1510196182278052,0.1510196182278052,0.25,0.25
0.5,0.2727272727272727,0.1428571428571428,0.0,0.1564262420075854,0.0,0.3333333333333333
0.5,0.4722222222222221,0.037037037037037,0.0,0.0,0.0,0.0
0.5,0.4236111111111111,0.125,0.0,0.1934264036172708,0.0,0.5
0.5,0.8168168168168167,0.0666666666666666,0.0,0.0,0.0,0.0
0.5,1.0,1.0,1.0,1.0,1.0,1.0
0.5,0.7058823529411764,0.1666666666666666,0.0,0.4227898344066503,0.0,1.0
0.5,0.599250936329588,0.032258064516129,0.0,0.0,0.0,0.0
0.5,0.1851851851851852,0.0222222222222222,0.0,0.0,0.0,0.0
0.5,0.625,0.25,0.430676558073393,0.430676558073393,1.0,1.0
0.5,0.45,0.125,0.0,0.1934264036172708,0.0,0.5
0.5,0.9574468085106383,0.3333333333333333,0.5,0.5,1.0,1.0
0.5,0.875,1.0,0.5413996682199069,0.5413996682199069,0.5,0.5
0.5,0.7142857142857143,0.2,0.3868528072345416,0.3868528072345416,1.0,1.0
0.5,0.8755102040816327,0.5,0.4912596920895758,0.4912596920895758,0.6,0.6
0.5,0.602125147579693,0.0833333333333333,0.0,0.0,0.0,0.0
0.5,0.5476190476190477,0.5,0.2139862647345275,0.1909208661789346,0.1666666666666666,0.1666666666666666
0.5,0.5197238658777121,0.0303030303030303,0.0,0.0,0.0,0.0
0.5,0.7000000000000001,0.2,0.1815417925373526,0.1815417925373526,0.3333333333333333,0.3333333333333333
0.5,0.7222222222222222,1.0,0.3391602052736161,0.3936948167222715,0.1666666666666666,0.3333333333333333
0.5,1.0,1.0,1.0,1.0,1.0,1.0
0.5,0.75,0.1111111111111111,0.0,0.3010299956639812,0.0,1.0
0.5,0.3571428571428571,0.125,0.0,0.1934264036172708,0.0,0.5
0.5,0.5238095238095238,0.0909090909090909,0.0,0.0,0.0,0.0
0.5,0.578544061302682,1.0,0.4692787260227564,0.4692787260227564,0.3333333333333333,0.3333333333333333
0.5,0.3333333333333333,0.0588235294117647,0.0,0.0,0.0,0.0
0.5,0.8958333333333334,0.3333333333333333,0.5437713091520254,0.5437713091520254,1.0,1.0
0.5,0.7222222222222222,0.0666666666666666,0.0,0.0,0.0,0.0
0.5,0.3943298969072165,0.0285714285714285,0.0,0.0,0.0,0.0
0.5,0.2391304347826086,0.0434782608695652,0.0,0.0,0.0,0.0
0.5,0.6344086021505375,0.1111111111111111,0.0,0.1412669728598289,0.0,0.3333333333333333
0.5,0.4603174603174602,0.032258064516129,0.0,0.0,0.0,0.0
0.5,0.7103174603174603,1.0,0.639945385422766,0.6102766247064297,0.4285714285714285,0.5714285714285714
0.5,0.8695652173913044,0.3333333333333333,0.3065735963827292,0.3065735963827292,0.5,0.5
0.5,0.8264550264550266,0.5,0.2139862647345275,0.3270396664923995,0.2,0.4
0.5,0.9215686274509804,1.0,0.8529278650606567,0.8529278650606567,1.0,1.0
0.5,0.55,0.5,0.3868528072345416,0.5714285040141098,0.5,1.0
0.5,0.5964912280701755,0.2,0.1815417925373526,0.1815417925373526,0.3333333333333333,0.3333333333333333
0.5,0.903846153846154,0.1666666666666666,0.0,0.3562071871080222,0.0,1.0
0.5,0.5555555555555556,1.0,0.6131471927654584,0.7903864795495061,0.5,1.0
0.5,0.9833333333333334,1.0,0.9197207891481876,0.9197207891481876,1.0,1.0
0.5,1.0,1.0,1.0,1.0,1.0,1.0
0.5,0.6328125,0.3333333333333333,0.3633175612671683,0.4808336660235955,0.5,0.75
0.5,0.5862068965517241,0.0769230769230769,0.0,0.0,0.0,0.0
0.5,0.9929078014184396,0.5,0.6309297535714575,0.6309297535714575,1.0,1.0
0.5,0.6282051282051282,1.0,0.4692787260227564,0.4692787260227564,0.3333333333333333,0.3333333333333333
0.5,1.0,1.0,1.0,1.0,1.0,1.0
0.5,0.6886792452830188,0.1428571428571428,0.0,0.1301266833307005,0.0,0.25
0.5,0.9090909090909092,0.5,0.6309297535714575,0.6309297535714575,1.0,1.0
0.5,0.4392857142857143,0.0625,0.0,0.0,0.0,0.0
0.5,0.5,0.25,0.430676558073393,0.430676558073393,1.0,1.0
0.5,0.7724137931034484,0.0666666666666666,0.0,0.0,0.0,0.0
0.5,0.9666666666666668,0.5,0.6934264036172708,0.6934264036172708,1.0,1.0
0.5,0.8333333333333334,0.5,0.6309297535714575,0.6309297535714575,1.0,1.0
0.5,0.65,0.0454545454545454,0.0,0.0,0.0,0.0
0.5,0.4444444444444444,0.0909090909090909,0.0,0.0,0.0,0.0
0.5,0.7878787878787878,0.5,0.2960819109658652,0.431733884398313,0.3333333333333333,0.6666666666666666
0.5,0.2888349514563106,0.0116279069767441,0.0,0.0,0.0,0.0
0.5,0.6666666666666666,0.1111111111111111,0.0,0.1298750116533407,0.0,0.1818181818181818
0.5,0.3199999999999999,0.0769230769230769,0.0,0.0,0.0,0.0
0.5,0.6666666666666667,1.0,0.8772153153380493,0.8772153153380493,1.0,1.0
0.5,0.537037037037037,0.0384615384615384,0.0,0.0,0.0,0.0
0.5,0.5111111111111111,0.25,0.1460683498427064,0.2311912370766417,0.1666666666666666,0.3333333333333333
0.5,0.6801075268817204,0.25,0.2021073465005475,0.2021073465005475,0.3333333333333333,0.3333333333333333
0.5,0.4438775510204081,0.1111111111111111,0.0,0.1845756967795681,0.0,0.5
0.5,0.6481481481481481,0.0526315789473684,0.0,0.0,0.0,0.0
0.5,0.76010101010101,1.0,0.4692787260227564,0.6364391809889587,0.3333333333333333,0.6666666666666666
0.5,0.9523809523809524,0.5,0.6309297535714575,0.6309297535714575,1.0,1.0
0.5,0.4193548387096774,0.0526315789473684,0.0,0.0,0.0,0.0
0.5,0.3888888888888889,0.1666666666666666,0.0,0.1671604549662022,0.0,0.3333333333333333
0.5,0.9094827586206896,1.0,0.6131471927654584,0.6131471927654584,0.5,0.5
0.5,0.3900343642611683,0.0526315789473684,0.0,0.0,0.0,0.0
0.5,0.2678571428571428,0.05,0.0,0.0,0.0,0.0
0.5,0.6,0.1428571428571428,0.0,0.2920782154400332,0.0,0.6666666666666666
0.5,0.5789473684210527,0.1111111111111111,0.0,0.3010299956639812,0.0,1.0
0.5,0.75,0.1111111111111111,0.0,0.1845756967795681,0.0,0.5
0.5,0.7011494252873562,1.0,0.6713860725233041,0.6713860725233041,0.6666666666666666,0.6666666666666666
0.5,0.4,0.1111111111111111,0.0,0.1845756967795681,0.0,0.5
0.5,0.5346722243273967,0.0454545454545454,0.0,0.0,0.0,0.0
0.5,0.0813953488372092,0.0238095238095238,0.0,0.0,0.0,0.0
0.5,0.5,0.0833333333333333,0.0,0.0,0.0,0.0
0.5,0.7746478873239437,0.2,0.2371977127692962,0.2371977127692962,0.5,0.5
0.5,0.4499999999999999,0.2,0.2371977127692962,0.2371977127692962,0.5,0.5
0.5,0.5555555555555556,1.0,0.3903800499921017,0.5135312443624667,0.25,0.5
0.5,0.5,1.0,0.4852285551163225,0.4852285551163225,0.4,0.4
0.5,0.7107728337236534,0.3333333333333333,0.169580102636808,0.1374381664571454,0.1428571428571428,0.1428571428571428
0.5,0.4444444444444444,0.1666666666666666,0.0,0.3562071871080222,0.0,1.0
0.5,0.6282051282051282,0.0909090909090909,0.0,0.0,0.0,0.0
0.5,0.1,0.032258064516129,0.0,0.0,0.0,0.0
0.5,0.6190476190476191,0.0454545454545454,0.0,0.0,0.0,0.0
0.5,0.4971050454921423,0.5,0.2139862647345275,0.1388624438735545,0.0769230769230769,0.0769230769230769
0.5,0.4615384615384615,0.1111111111111111,0.0,0.1175161047564271,0.0,0.25
0.5,0.888888888888889,0.3333333333333333,0.4367467095119258,0.5847876649948583,0.6666666666666666,1.0
0.5,0.8079545454545455,0.25,0.1460683498427064,0.1460683498427064,0.2,0.2
0.5,0.8774193548387096,0.5,0.3835663673713356,0.3835663673713356,0.4,0.4
0.5,0.2702702702702703,0.0357142857142857,0.0,0.0,0.0,0.0
0.5,0.4194915254237288,0.037037037037037,0.0,0.0,0.0,0.0
0.5,0.5,0.125,0.0,0.0954604330894673,0.0,0.1666666666666666
0.5,0.896551724137931,0.25,0.430676558073393,0.430676558073393,1.0,1.0
0.5,0.4864864864864864,0.0909090909090909,0.0,0.0,0.0,0.0
0.5,1.0,1.0,1.0,1.0,1.0,1.0
0.5,0.9383561643835616,0.1,0.0,0.2890648263178879,0.0,1.0
0.5,0.0238095238095238,0.0476190476190476,0.0,0.0,0.0,0.0
0.5,0.6110781990521327,0.3333333333333333,0.169580102636808,0.11004588314904,0.0625,0.0625
0.5,0.3427672955974843,0.0526315789473684,0.0,0.0,0.0,0.0
0.5,0.5851063829787234,0.0769230769230769,0.0,0.0,0.0,0.0
0.5,0.0,0.1,0.0,0.2890648263178879,0.0,1.0
0.5,0.7727272727272727,0.3333333333333333,0.5437713091520254,0.5437713091520254,1.0,1.0
0.5,0.5697674418604651,0.2,0.2371977127692962,0.2371977127692962,0.5,0.5
0.5,0.0999999999999999,0.0588235294117647,0.0,0.0,0.0,0.0
0.5,0.6889952153110047,1.0,0.6843515475204855,0.4440973278132557,0.2727272727272727,0.2727272727272727
0.5,0.9848484848484848,1.0,0.9197207891481876,0.9197207891481876,1.0,1.0
0.5,0.2021276595744681,0.0263157894736842,0.0,0.0,0.0,0.0
0.5,0.921875,1.0,0.4692787260227564,0.6257049680303419,0.3333333333333333,0.6666666666666666
0.5,0.4073033707865168,0.1666666666666666,0.0,0.1390561795107756,0.0,0.25
0.5,0.8181818181818181,1.0,0.6131471927654584,0.8315546295836225,0.5,1.0
0.5,0.490566037735849,0.2,0.1815417925373526,0.1815417925373526,0.3333333333333333,0.3333333333333333
0.5,0.6374269005847955,0.0238095238095238,0.0,0.0,0.0,0.0
0.5,0.6,0.2,0.3868528072345416,0.3868528072345416,1.0,1.0
0.5,0.25,0.0769230769230769,0.0,0.0,0.0,0.0
0.5,0.5,0.2,0.3868528072345416,0.3868528072345416,1.0,1.0
0.5,0.46875,0.5,0.3868528072345416,0.3868528072345416,0.5,0.5
0.5,0.1481481481481481,0.0416666666666666,0.0,0.0,0.0,0.0
0.5,0.9904761904761904,0.5,0.6309297535714575,0.6309297535714575,1.0,1.0
0.5,0.625,0.2,0.2371977127692962,0.4415801103577823,0.5,1.0
0.5,0.5793103448275863,1.0,0.3391602052736161,0.3391602052736161,0.2,0.2
0.5,1.0,1.0,1.0,1.0,1.0,1.0
0.5,0.6916666666666667,0.125,0.0,0.2406672991267921,0.0,0.5
0.5,1.0,1.0,1.0,1.0,1.0,1.0
0.5,1.0,1.0,1.0,1.0,1.0,1.0
0.5,0.615,0.0769230769230769,0.0,0.0,0.0,0.0
0.5,0.1428571428571429,0.027027027027027,0.0,0.0,0.0,0.0
0.5,0.65,0.5,0.2139862647345275,0.2139862647345275,0.2,0.2
0.5,0.3157894736842105,0.0151515151515151,0.0,0.0,0.0,0.0
0.5,0.8103448275862069,1.0,0.7039180890341347,0.7039180890341347,0.6666666666666666,0.6666666666666666
0.5,0.9,0.5,0.6309297535714575,0.6309297535714575,1.0,1.0
0.5,0.3397727272727272,0.0357142857142857,0.0,0.0,0.0,0.0
0.5,0.5380116959064327,0.0212765957446808,0.0,0.0,0.0,0.0
0.5,0.8141025641025641,0.25,0.1681275362711174,0.1681275362711174,0.25,0.25
0.5,0.3571428571428571,0.25,0.2640681225725909,0.4574945261898616,0.5,1.0
0.5,0.7857142857142858,1.0,0.3903800499921017,0.6310473491188939,0.25,0.75
0.5,0.3988603988603988,0.2,0.1312050775123417,0.1170625931379635,0.1666666666666666,0.1666666666666666
0.5,0.7787381158167676,0.3333333333333333,0.169580102636808,0.243097893284769,0.0769230769230769,0.2307692307692307
0.5,0.4444444444444444,0.3333333333333333,0.4161811555487308,0.5642221110316635,0.6666666666666666,1.0
0.5,0.6153846153846154,0.1666666666666666,0.0,0.3562071871080222,0.0,1.0
0.5,0.7611111111111112,0.0714285714285714,0.0,0.0,0.0,0.0
0.5,0.5102040816326531,0.04,0.0,0.0,0.0,0.0
0.5,0.5833333333333333,0.1666666666666666,0.0,0.3562071871080222,0.0,1.0
0.5,0.5636792452830188,0.0769230769230769,0.0,0.0,0.0,0.0
0.5,0.1052631578947368,0.0555555555555555,0.0,0.0,0.0,0.0
0.5,0.3854166666666666,0.1666666666666666,0.0,0.2032495876139783,0.0,0.3333333333333333
0.5,0.625,0.1428571428571428,0.0,0.3333333333333333,0.0,1.0
0.5,0.6827956989247311,0.25,0.1460683498427064,0.2257841989998379,0.1666666666666666,0.3333333333333333
0.5,0.8333333333333334,0.3333333333333333,0.5,0.5,1.0,1.0
0.5,0.6962025316455697,0.5,0.3868528072345416,0.3868528072345416,0.5,0.5
0.5,0.8571428571428572,0.25,0.430676558073393,0.430676558073393,1.0,1.0
0.5,0.7154566744730679,0.1666666666666666,0.0,0.1517621910780353,0.0,0.1428571428571428
0.5,0.4528985507246377,0.3333333333333333,0.1951900249960508,0.1951900249960508,0.25,0.25
0.5,0.5275510204081633,0.0588235294117647,0.0,0.0,0.0,0.0
0.5,0.4545454545454545,0.125,0.0,0.2836929289153804,0.0,0.6666666666666666
0.5,0.4782608695652174,0.04,0.0,0.0,0.0,0.0
0.5,0.4756756756756756,0.25,0.1460683498427064,0.1460683498427064,0.2,0.2
0.5,0.5454545454545454,0.0909090909090909,0.0,0.0,0.0,0.0
0.5,1.0,1.0,1.0,1.0,1.0,1.0
0.5,0.1666666666666666,0.1666666666666666,0.0,0.3562071871080222,0.0,1.0
0.5,0.5909090909090909,0.125,0.0,0.1934264036172708,0.0,0.5
0.5,0.4555555555555555,0.0476190476190476,0.0,0.0,0.0,0.0
0.5,0.7142857142857143,0.1428571428571428,0.0,0.3333333333333333,0.0,1.0
0.5,0.5454545454545454,0.3333333333333333,0.1951900249960508,0.3080351663449861,0.25,0.5
0.5,0.8333333333333334,1.0,0.8772153153380493,0.8772153153380493,1.0,1.0
0.5,0.4476190476190476,0.1666666666666666,0.0,0.1671604549662022,0.0,0.3333333333333333
0.5,1.0,1.0,1.0,1.0,1.0,1.0
0.5,0.8623188405797102,0.3333333333333333,0.1951900249960508,0.4573973988771914,0.25,0.75
0.5,0.675,0.1666666666666666,0.0,0.3956467236022118,0.0,1.0
0.5,0.9019607843137256,1.0,0.6131471927654584,0.6131471927654584,0.5,0.5
0.5,0.5,0.3333333333333333,0.169580102636808,0.1513012067494067,0.1666666666666666,0.1666666666666666
0.5,0.2662192393736017,0.0128205128205128,0.0,0.0,0.0,0.0
0.5,0.5895061728395061,0.5,0.2139862647345275,0.2820132694023927,0.1666666666666666,0.3333333333333333
0.5,0.6785714285714286,0.1,0.0,0.2890648263178879,0.0,1.0
0.5,0.8,0.2,0.3868528072345416,0.3868528072345416,1.0,1.0
0.5,0.5533333333333332,0.0625,0.0,0.0,0.0,0.0
0.5,0.0625,0.0625,0.0,0.0,0.0,0.0
0.5,0.4775280898876404,0.0333333333333333,0.0,0.0,0.0,0.0
0.5,0.4883720930232558,0.0434782608695652,0.0,0.0,0.0,0.0
0.5,0.5458333333333334,0.1111111111111111,0.0,0.1020973951229116,0.0,0.2
0.5,0.7272727272727273,0.25,0.430676558073393,0.430676558073393,1.0,1.0
0.5,0.7741935483870968,0.2,0.2371977127692962,0.2371977127692962,0.5,0.5
0.5,1.0,1.0,1.0,1.0,1.0,1.0
0.5,0.603448275862069,0.1,0.0,0.1772392867840477,0.0,0.5
0.5,0.9420289855072465,0.5,0.7122630665145961,0.7122630665145961,1.0,1.0
0.5,0.8275862068965517,0.1666666666666666,0.0,0.3562071871080222,0.0,1.0
0.5,0.5397727272727273,0.5,0.3973220069685352,0.3973220069685352,0.5,0.5
0.5,0.4254742547425474,0.037037037037037,0.0,0.0,0.0,0.0
0.5,0.2575757575757575,0.0476190476190476,0.0,0.0,0.0,0.0
0.5,1.0,1.0,1.0,1.0,1.0,1.0
0.5,0.4253731343283582,0.0285714285714285,0.0,0.0,0.0,0.0
0.5,0.3513513513513513,0.0625,0.0,0.0,0.0,0.0
0.5,0.953846153846154,0.3333333333333333,0.3065735963827292,0.3065735963827292,0.5,0.5
0.5,0.8333333333333334,0.5,0.6309297535714575,0.6309297535714575,1.0,1.0
0.5,1.0,1.0,1.0,1.0,1.0,1.0
0.5,0.5234375,0.1428571428571428,0.0,0.1008674711662711,0.0,0.1666666666666666
0.5,0.5460526315789473,0.125,0.0,0.1480409554829326,0.0,0.3333333333333333
0.5,0.1846153846153846,0.0049751243781094,0.0,0.0,0.0,0.0
0.5,0.4698275862068966,0.2,0.2371977127692962,0.2371977127692962,0.5,0.5
0.5,0.6804123711340206,0.1666666666666666,0.0,0.1077891545245109,0.0,0.1666666666666666
0.5,0.7851153039832286,0.125,0.0,0.0954604330894673,0.0,0.1666666666666666
0.5,0.2894736842105263,0.1428571428571428,0.0,0.1564262420075854,0.0,0.3333333333333333
0.5,0.4230769230769231,0.3333333333333333,0.5,0.5,1.0,1.0
0.5,0.6642857142857144,0.3333333333333333,0.169580102636808,0.2903914053363022,0.2,0.4
0.5,0.4354838709677419,0.0588235294117647,0.0,0.0,0.0,0.0
0.5,0.8285714285714285,0.1428571428571428,0.0,0.3333333333333333,0.0,1.0
0.5,0.726530612244898,0.1428571428571428,0.0,0.211092687589229,0.0,0.4
0.5,0.6592039800995025,0.25,0.2772734273550482,0.2473863590483341,0.3333333333333333,0.3333333333333333
0.5,0.625,0.1428571428571428,0.0,0.3333333333333333,0.0,1.0
0.5,0.5,0.5,0.2139862647345275,0.2139862647345275,0.2,0.2
0.5,0.9444444444444444,0.3333333333333333,0.5,0.5,1.0,1.0
0.5,0.4939024390243902,0.0434782608695652,0.0,0.0,0.0,0.0
0.5,0.5833333333333333,0.1428571428571428,0.0,0.1301266833307005,0.0,0.25
0.5,0.2560975609756097,0.0384615384615384,0.0,0.0,0.0,0.0
0.5,0.6966666666666667,0.05,0.0,0.0,0.0,0.0
0.5,0.8300653594771241,0.1111111111111111,0.0,0.1412669728598289,0.0,0.3333333333333333
0.5,0.8275862068965517,0.1666666666666666,0.0,0.3562071871080222,0.0,1.0
0.5,0.417910447761194,0.025,0.0,0.0,0.0,0.0
0.5,0.3333333333333333,0.2,0.3868528072345416,0.3868528072345416,1.0,1.0
0.5,0.5338983050847458,0.0555555555555555,0.0,0.0,0.0,0.0
0.5,0.8,1.0,0.6131471927654584,0.8315546295836225,0.5,1.0
0.5,0.5925925925925926,0.1428571428571428,0.0,0.2043823975884861,0.0,0.5
0.5,0.6223684210526316,0.0588235294117647,0.0,0.0,0.0,0.0
0.5,0.7727272727272727,0.0909090909090909,0.0,0.0,0.0,0.0
0.5,0.4831081081081081,0.0555555555555555,0.0,0.0,0.0,0.0
0.5,0.4814814814814814,0.0909090909090909,0.0,0.0,0.0,0.0
0.5,0.631578947368421,0.125,0.0,0.3154648767857287,0.0,1.0
0.5,0.4743589743589743,0.1111111111111111,0.0,0.1845756967795681,0.0,0.5
0.5,0.3999999999999999,0.0555555555555555,0.0,0.0,0.0,0.0
0.5,0.0886075949367088,0.0144927536231884,0.0,0.0,0.0,0.0
0.5,1.0,1.0,1.0,1.0,1.0,1.0
0.5,0.5813953488372093,0.0588235294117647,0.0,0.0,0.0,0.0
0.5,0.8333333333333334,0.2,0.3868528072345416,0.3868528072345416,1.0,1.0
0.5,0.3369565217391304,0.0476190476190476,0.0,0.0,0.0,0.0
0.5,0.7224489795918367,0.2,0.1312050775123417,0.1312050775123417,0.2,0.2
0.5,0.7844827586206897,0.5,0.3973220069685352,0.5363781864793108,0.5,0.75
0.5,0.2307692307692307,0.0909090909090909,0.0,0.0,0.0,0.0
0.5,0.1666666666666666,0.0625,0.0,0.0,0.0,0.0
0.5,0.4143518518518518,0.0344827586206896,0.0,0.0,0.0,0.0
0.5,0.8892405063291139,0.3333333333333333,0.3065735963827292,0.3065735963827292,0.5,0.5
0.5,0.8076923076923077,0.0384615384615384,0.0,0.0,0.0,0.0
0.5,0.4411764705882353,0.1666666666666666,0.0,0.2184074368181641,0.0,0.5
0.5,0.6153846153846154,0.1666666666666666,0.0,0.3562071871080222,0.0,1.0
0.5,0.6874074074074074,1.0,0.3391602052736161,0.305801310135566,0.1111111111111111,0.2222222222222222
0.5,0.5230769230769231,0.5,0.2139862647345275,0.4328368532653788,0.2,0.6
0.5,0.4088050314465409,0.037037037037037,0.0,0.0,0.0,0.0
0.5,0.4915254237288136,0.1428571428571428,0.0,0.2200465341251358,0.0,0.4
0.5,0.7692307692307692,0.25,0.430676558073393,0.430676558073393,1.0,1.0
0.5,1.0,1.0,1.0,1.0,1.0,1.0
0.5,0.6555555555555556,0.1666666666666666,0.0,0.1671604549662022,0.0,0.3333333333333333
0.5,0.5,0.25,0.430676558073393,0.430676558073393,1.0,1.0
0.5,0.793103448275862,1.0,0.6131471927654584,0.6131471927654584,0.5,0.5
0.5,1.0,1.0,1.0,1.0,1.0,1.0
0.5,0.8125,0.25,0.430676558073393,0.430676558073393,1.0,1.0
0.5,0.7469135802469137,0.0434782608695652,0.0,0.0,0.0,0.0
0.5,0.6,0.5,0.3868528072345416,0.3868528072345416,0.5,0.5
0.5,0.7169811320754716,0.1111111111111111,0.0,0.08274602130532,0.0,0.1428571428571428
0.5,0.8333333333333334,0.5,0.3868528072345416,0.5912352048230277,0.5,1.0
0.5,0.4444444444444445,0.2,0.2371977127692962,0.2371977127692962,0.5,0.5
0.5,0.5151515151515151,0.2,0.2371977127692962,0.2371977127692962,0.5,0.5
0.5,0.7377049180327869,0.5,0.3868528072345416,0.3868528072345416,0.5,0.5
0.5,0.8148148148148148,0.1111111111111111,0.0,0.1412669728598289,0.0,0.3333333333333333
0.5,0.5434782608695652,0.0454545454545454,0.0,0.0,0.0,0.0
0.5,0.5,0.5,0.6309297535714575,0.6309297535714575,1.0,1.0
0.5,0.375,0.5,0.3868528072345416,0.6052602440527057,0.5,1.0
0.5,0.7727272727272727,0.1666666666666666,0.0,0.3562071871080222,0.0,1.0
0.5,0.4545454545454546,0.1428571428571428,0.0,0.3333333333333333,0.0,1.0
0.5,0.6428571428571428,0.0909090909090909,0.0,0.0,0.0,0.0
0.5,0.6,0.1111111111111111,0.0,0.3010299956639812,0.0,1.0
0.5,0.1666666666666666,0.1111111111111111,0.0,0.3010299956639812,0.0,1.0
0.5,0.5660377358490566,1.0,0.4692787260227564,0.4692787260227564,0.3333333333333333,0.3333333333333333
0.5,0.2857142857142857,0.0909090909090909,0.0,0.0,0.0,0.0
0.5,0.423170731707317,0.5,0.2139862647345275,0.1388624438735545,0.1,0.1
0.5,0.0817307692307692,0.0104166666666666,0.0,0.0,0.0,0.0
0.5,0.6875,0.3333333333333333,0.3065735963827292,0.3065735963827292,0.5,0.5
0.5,0.2051282051282051,0.03125,0.0,0.0,0.0,0.0
0.5,0.375,0.0625,0.0,0.0,0.0,0.0
0.5,0.925925925925926,0.3333333333333333,0.5,0.5,1.0,1.0
0.5,0.1818181818181818,0.0131578947368421,0.0,0.0,0.0,0.0
0.5,1.0,1.0,1.0,1.0,1.0,1.0
0.5,0.5607638888888888,0.1666666666666666,0.0,0.0837249139991934,0.0,0.1111111111111111
0.5,0.7129750982961992,0.1666666666666666,0.0,0.0979129253499678,0.0,0.1428571428571428
0.5,0.7777777777777778,0.1428571428571428,0.0,0.2043823975884861,0.0,0.5
0.5,0.9487179487179488,0.3333333333333333,0.5,0.5,1.0,1.0
0.5,0.7860696517412935,0.1666666666666666,0.0,0.1671604549662022,0.0,0.3333333333333333
0.5,1.0,1.0,1.0,1.0,1.0,1.0
0.5,0.4827586206896552,0.1666666666666666,0.0,0.1671604549662022,0.0,0.3333333333333333
0.5,0.5714285714285714,0.5,0.5654495432396527,0.5654495432396527,0.75,0.75
0.5,0.8278560250391236,0.1428571428571428,0.0,0.1564262420075854,0.0,0.3333333333333333
0.5,1.0,1.0,1.0,1.0,1.0,1.0
0.5,0.7983193277310925,0.04,0.0,0.0,0.0,0.0
0.5,0.888888888888889,1.0,0.8529278650606567,0.8529278650606567,1.0,1.0
0.5,0.4,0.1428571428571428,0.0,0.3333333333333333,0.0,1.0
0.5,0.421875,0.5,0.24630238874073,0.24630238874073,0.25,0.25
0.5,0.6590909090909091,0.125,0.0,0.1934264036172708,0.0,0.5
0.5,0.4285714285714286,0.0625,0.0,0.0,0.0,0.0
0.5,0.6944444444444444,0.5,0.2960819109658652,0.6005491084563833,0.3333333333333333,1.0
0.5,0.8231404958677686,0.3333333333333333,0.3156484524795145,0.3156484524795145,0.4,0.4
0.5,0.7508021390374331,0.1428571428571428,0.0,0.1427951440361373,0.0,0.1818181818181818
0.5,0.7446808510638299,0.0769230769230769,0.0,0.0,0.0,0.0
0.5,0.3229166666666666,0.0476190476190476,0.0,0.0,0.0,0.0
0.5,0.8333333333333334,0.5,0.6309297535714575,0.6309297535714575,1.0,1.0
0.5,0.8636363636363636,0.1428571428571428,0.0,0.3978088012057569,0.0,1.0
0.5,0.3333333333333333,0.125,0.0,0.1934264036172708,0.0,0.5
0.5,0.1920289855072463,0.03125,0.0,0.0,0.0,0.0
0.5,0.7940630797773655,0.5,0.4912596920895758,0.4897725752785958,0.4285714285714285,0.5714285714285714
0.5,0.6616541353383458,0.1428571428571428,0.0,0.1301266833307005,0.0,0.25
0.5,0.7216981132075472,0.2,0.1510196182278052,0.1510196182278052,0.25,0.25
0.5,0.5555555555555556,0.2,0.3868528072345416,0.3868528072345416,1.0,1.0
0.5,0.6363636363636364,0.2,0.3868528072345416,0.3868528072345416,1.0,1.0
0.5,0.8728813559322033,0.1428571428571428,0.0,0.1301266833307005,0.0,0.25
0.5,0.5142857142857142,0.0555555555555555,0.0,0.0,0.0,0.0
0.5,0.6777777777777778,0.1428571428571428,0.0,0.1008674711662711,0.0,0.1666666666666666
0.5,0.5787037037037037,0.5,0.2139862647345275,0.2820132694023927,0.1666666666666666,0.3333333333333333
0.5,0.5263157894736842,0.1111111111111111,0.0,0.066254223454389,0.0,0.0909090909090909
0.5,0.6041666666666666,0.25,0.2021073465005475,0.3377593199329953,0.3333333333333333,0.6666666666666666
0.5,0.4868131868131868,1.0,0.3391602052736161,0.3391602052736161,0.2,0.2
0.5,1.0,1.0,1.0,1.0,1.0,1.0
0.5,0.4285714285714286,0.2,0.3868528072345416,0.3868528072345416,1.0,1.0
0.5,0.6125,0.1666666666666666,0.0,0.1662433493697512,0.0,0.25
0.5,0.8333333333333334,0.2,0.3868528072345416,0.3868528072345416,1.0,1.0
0.5,0.4310344827586207,0.03125,0.0,0.0,0.0,0.0
0.5,0.2916666666666667,0.1111111111111111,0.0,0.1845756967795681,0.0,0.5
0.5,0.8,0.3333333333333333,0.5,0.5,1.0,1.0
0.5,0.9411764705882352,0.5,0.6309297535714575,0.6309297535714575,1.0,1.0
0.5,0.85,0.25,0.430676558073393,0.430676558073393,1.0,1.0
0.5,0.5952380952380952,0.2,0.2371977127692962,0.2371977127692962,0.5,0.5
0.5,0.43359375,0.0384615384615384,0.0,0.0,0.0,0.0
0.5,0.7142857142857143,0.2,0.3868528072345416,0.3868528072345416,1.0,1.0
0.5,0.3333333333333333,0.2,0.3868528072345416,0.3868528072345416,1.0,1.0
0.5,0.3071895424836601,0.0454545454545454,0.0,0.0,0.0,0.0
0.5,0.5151515151515151,0.2,0.2371977127692962,0.2371977127692962,0.5,0.5
0.5,0.6756756756756757,0.25,0.2640681225725909,0.2640681225725909,0.5,0.5
0.5,0.4242424242424242,0.0625,0.0,0.0,0.0,0.0
0.5,0.3496376811594203,0.0344827586206896,0.0,0.0,0.0,0.0
0.5,1.0,1.0,1.0,1.0,1.0,1.0
0.5,0.2777777777777778,0.1666666666666666,0.0,0.3562071871080222,0.0,1.0
0.5,0.4761904761904761,0.0833333333333333,0.0,0.0,0.0,0.0
0.5,0.234375,0.04,0.0,0.0,0.0,0.0
0.5,0.7722222222222221,0.1,0.0,0.1772392867840477,0.0,0.5
0.5,0.1521739130434782,0.0238095238095238,0.0,0.0,0.0,0.0
0.5,0.8333333333333334,0.125,0.0,0.1934264036172708,0.0,0.5
0.5,0.3454861111111111,0.0169491525423728,0.0,0.0,0.0,0.0
0.5,0.5238095238095237,0.2,0.2371977127692962,0.2371977127692962,0.5,0.5
0.5,0.6795918367346939,0.0625,0.0,0.0,0.0,0.0
0.5,0.3026315789473685,0.1111111111111111,0.0,0.1845756967795681,0.0,0.5
0.5,0.1499999999999999,0.2,0.2371977127692962,0.4556051495874603,0.5,1.0
0.5,0.48,0.0714285714285714,0.0,0.0,0.0,0.0
0.5,0.7317073170731708,0.0909090909090909,0.0,0.0,0.0,0.0
0.5,0.4439252336448598,0.03125,0.0,0.0,0.0,0.0
0.5,0.5206971677559913,0.1,0.0,0.1356519734324477,0.0,0.3333333333333333
0.5,0.2619047619047618,0.03125,0.0,0.0,0.0,0.0
0.5,0.7145061728395061,0.3333333333333333,0.3156484524795145,0.2684550357175426,0.1666666666666666,0.25
0.5,0.3846153846153846,0.1111111111111111,0.0,0.3010299956639812,0.0,1.0
0.5,0.8837209302325582,0.1666666666666666,0.0,0.4227898344066503,0.0,1.0
0.5,0.7363013698630136,0.0526315789473684,0.0,0.0,0.0,0.0
0.5,0.5694444444444444,0.03125,0.0,0.0,0.0,0.0
0.5,1.0,1.0,1.0,1.0,1.0,1.0
0.5,0.6968599033816426,0.25,0.1460683498427064,0.3292053236583396,0.1666666666666666,0.5
0.5,0.6059351276742582,0.3333333333333333,0.169580102636808,0.2528410271851773,0.0434782608695652,0.1304347826086956
0.5,0.4410377358490566,0.0256410256410256,0.0,0.0,0.0,0.0
0.5,0.7265625,0.0833333333333333,0.0,0.0,0.0,0.0
0.5,0.5416666666666667,0.0476190476190476,0.0,0.0,0.0,0.0
0.5,0.1590909090909091,0.0476190476190476,0.0,0.0,0.0,0.0
0.5,0.6074074074074074,0.25,0.1460683498427064,0.2530614822099702,0.2,0.4
0.5,0.5466666666666666,0.3333333333333333,0.3156484524795145,0.3156484524795145,0.4,0.4
0.5,0.5,0.0588235294117647,0.0,0.0,0.0,0.0
0.5,0.631578947368421,1.0,0.6131471927654584,0.6131471927654584,0.5,0.5
0.5,0.6075949367088607,0.125,0.0,0.1069931323672637,0.0,0.2
0.5,0.3333333333333333,0.0666666666666666,0.0,0.0,0.0,0.0
0.5,0.1851851851851851,0.0178571428571428,0.0,0.0,0.0,0.0
0.5,0.72,0.125,0.0,0.3154648767857287,0.0,1.0
0.5,0.5708333333333333,0.1111111111111111,0.0,0.1412669728598289,0.0,0.3333333333333333
0.5,0.5793918918918919,0.032258064516129,0.0,0.0,0.0,0.0
0.5,0.563165905631659,0.3333333333333333,0.3007851801491498,0.2867993217977166,0.2222222222222222,0.3333333333333333
0.5,0.549645390070922,0.2,0.1312050775123417,0.2081549963614216,0.1666666666666666,0.3333333333333333
0.5,0.2522935779816513,0.0128205128205128,0.0,0.0,0.0,0.0
0.5,0.6666666666666667,0.1666666666666666,0.0,0.3562071871080222,0.0,1.0
0.5,0.1052631578947368,0.0555555555555555,0.0,0.0,0.0,0.0
0.5,0.5948275862068966,0.0454545454545454,0.0,0.0,0.0,0.0
0.5,0.7903225806451613,0.1428571428571428,0.0,0.3889580943680543,0.0,1.0
0.5,0.4923664122137405,0.0333333333333333,0.0,0.0,0.0,0.0
0.5,0.8368421052631579,0.2,0.2371977127692962,0.2371977127692962,0.5,0.5
0.5,0.5175438596491228,0.0833333333333333,0.0,0.0,0.0,0.0
0.5,0.7802037845705968,0.125,0.0,0.0954604330894673,0.0,0.1666666666666666
0.5,0.7197986577181208,0.5,0.24630238874073,0.369453583111095,0.25,0.5
0.5,0.6538461538461537,0.0344827586206896,0.0,0.0,0.0,0.0
0.5,0.346,0.0434782608695652,0.0,0.0,0.0,0.0
0.5,0.5,0.25,0.430676558073393,0.430676558073393,1.0,1.0
0.5,0.6009615384615384,0.5,0.4414924137367808,0.4414924137367808,0.5,0.5
0.5,0.8333333333333334,0.0555555555555555,0.0,0.0,0.0,0.0
0.5,0.0,0.5,0.6309297535714575,0.6309297535714575,1.0,1.0
0.5,0.7,0.25,0.430676558073393,0.430676558073393,1.0,1.0
0.5,0.25,0.0357142857142857,0.0,0.0,0.0,0.0
0.5,0.0,0.1666666666666666,0.0,0.4227898344066503,0.0,1.0
0.5,0.5176991150442478,0.0416666666666666,0.0,0.0,0.0,0.0
0.5,0.5853658536585366,0.3333333333333333,0.3065735963827292,0.3065735963827292,0.5,0.5
0.5,0.46,0.3333333333333333,0.3065735963827292,0.3065735963827292,0.5,0.5
0.5,0.0,0.3333333333333333,0.5,0.5,1.0,1.0
0.5,0.8511627906976745,0.3333333333333333,0.4468535299918563,0.5676648326913505,0.6,0.8
0.5,0.0,0.2,0.3868528072345416,0.3868528072345416,1.0,1.0
0.5,0.6153846153846154,0.3333333333333333,0.3633175612671683,0.4934442445978688,0.5,0.75
0.5,0.5476190476190476,0.5,0.3973220069685352,0.3973220069685352,0.5,0.5
0.5,0.1666666666666666,0.1666666666666666,0.0,0.3562071871080222,0.0,1.0
0.5,0.611842105263158,0.0909090909090909,0.0,0.0,0.0,0.0
0.5,0.553125,1.0,0.3391602052736161,0.3391602052736161,0.2,0.2
0.5,0.4705882352941176,0.1666666666666666,0.0,0.2184074368181641,0.0,0.5
0.5,0.1916666666666667,0.0104166666666666,0.0,0.0,0.0,0.0
0.5,0.4352617079889808,0.1,0.0,0.0874717141014082,0.0,0.1666666666666666
0.5,0.8385542168674698,0.25,0.1460683498427064,0.1460683498427064,0.2,0.2
0.5,0.0,0.5,0.6309297535714575,0.6309297535714575,1.0,1.0
0.5,0.7712418300653594,0.3333333333333333,0.4367467095119258,0.4367467095119258,0.6666666666666666,0.6666666666666666
0.5,0.550281954887218,0.0303030303030303,0.0,0.0,0.0,0.0
0.5,0.6104761904761906,0.1666666666666666,0.0,0.1208113026994942,0.0,0.2
0.5,0.4793650793650793,0.25,0.1460683498427064,0.1183827929553629,0.1428571428571428,0.1428571428571428
0.5,0.3478260869565217,0.0625,0.0,0.0,0.0,0.0
0.5,0.7729007633587786,0.1428571428571428,0.0,0.1301266833307005,0.0,0.25
0.5,0.3225806451612903,0.0769230769230769,0.0,0.0,0.0,0.0
0.5,0.2238805970149253,0.0188679245283018,0.0,0.0,0.0,0.0
0.5,0.36,0.03125,0.0,0.0,0.0,0.0
0.5,0.6862745098039216,0.0588235294117647,0.0,0.0,0.0,0.0
0.5,0.6,0.1666666666666666,0.0,0.2184074368181641,0.0,0.5
0.5,0.5833333333333334,0.5,0.6797310500037655,0.6797310500037655,1.0,1.0
0.5,0.4602272727272727,0.25,0.1681275362711174,0.1681275362711174,0.25,0.25
0.5,0.8717948717948717,1.0,0.4692787260227564,0.6105456988825855,0.3333333333333333,0.6666666666666666
0.5,0.5867346938775511,0.0555555555555555,0.0,0.0,0.0,0.0
0.5,1.0,1.0,1.0,1.0,1.0,1.0
0.5,0.3,0.0625,0.0,0.0,0.0,0.0
0.5,0.7313432835820896,0.0526315789473684,0.0,0.0,0.0,0.0
0.5,0.6384839650145773,0.3333333333333333,0.169580102636808,0.2168952458899128,0.1428571428571428,0.2857142857142857
0.5,0.6666666666666667,0.3333333333333333,0.5,0.5,1.0,1.0
0.5,0.7924528301886793,0.25,0.2640681225725909,0.2640681225725909,0.5,0.5
0.5,0.5,0.3333333333333333,0.2346393630113782,0.5183322919267586,0.3333333333333333,1.0
0.5,0.9824561403508772,1.0,0.9674679834891692,0.9674679834891692,1.0,1.0
0.5,0.8823529411764706,0.3333333333333333,0.5706417189553201,0.5706417189553201,1.0,1.0
0.5,0.8333333333333334,0.1666666666666666,0.0,0.3562071871080222,0.0,1.0
0.5,0.4032258064516129,0.0263157894736842,0.0,0.0,0.0,0.0
0.5,0.8333333333333334,0.2,0.3868528072345416,0.3868528072345416,1.0,1.0
0.5,0.6,1.0,0.6131471927654584,0.8315546295836225,0.5,1.0
0.5,0.6424242424242425,0.1666666666666666,0.0,0.3084274278260313,0.0,0.6666666666666666
0.5,0.3125,0.25,0.1681275362711174,0.1681275362711174,0.25,0.25
0.5,0.9034267912772586,0.3333333333333333,0.2346393630113782,0.3759063358712072,0.3333333333333333,0.6666666666666666
0.5,0.6628787878787878,0.5,0.360054614577234,0.3528398039985379,0.25,0.375
0.5,0.9767441860465116,0.5,0.6309297535714575,0.6309297535714575,1.0,1.0
0.5,0.6666666666666667,0.3333333333333333,0.5143371794949736,0.6533933590057491,0.75,1.0
0.5,0.4210526315789473,0.0833333333333333,0.0,0.0,0.0,0.0
0.5,0.5777777777777777,0.1666666666666666,0.0,0.1671604549662022,0.0,0.3333333333333333
0.5,0.5,0.1666666666666666,0.0,0.2184074368181641,0.0,0.5
0.5,0.4333333333333333,0.1111111111111111,0.0,0.1845756967795681,0.0,0.5
0.5,0.6940639269406392,0.5,0.5307212739772434,0.5307212739772434,0.6666666666666666,0.6666666666666666
0.5,0.5859375,0.3333333333333333,0.1951900249960508,0.1951900249960508,0.25,0.25
0.5,0.8,0.0769230769230769,0.0,0.0,0.0,0.0
0.5,0.75,0.1111111111111111,0.0,0.1845756967795681,0.0,0.5
0.5,0.8620689655172414,0.2,0.3868528072345416,0.3868528072345416,1.0,1.0
0.5,0.0878378378378378,0.0303030303030303,0.0,0.0,0.0,0.0
0.5,0.683641975308642,1.0,0.3391602052736161,0.4034698846650846,0.1666666666666666,0.3333333333333333
0.5,0.6105263157894737,0.125,0.0,0.0741486152850745,0.0,0.1111111111111111
0.5,0.8095238095238094,0.5,0.5307212739772434,0.6719882468370725,0.6666666666666666,1.0
0.5,0.6071428571428571,0.1428571428571428,0.0,0.2043823975884861,0.0,0.5
0.5,0.8571428571428571,1.0,0.8772153153380493,0.8772153153380493,1.0,1.0
0.5,0.553191489361702,0.0588235294117647,0.0,0.0,0.0,0.0
0.5,0.25,0.25,0.430676558073393,0.430676558073393,1.0,1.0
0.5,0.423728813559322,0.0833333333333333,0.0,0.0,0.0,0.0
0.5,0.5853658536585367,1.0,0.4692787260227564,0.4692787260227564,0.3333333333333333,0.3333333333333333
0.5,0.4256756756756756,0.0526315789473684,0.0,0.0,0.0,0.0
0.5,0.3898305084745762,0.0434782608695652,0.0,0.0,0.0,0.0
0.5,0.5952380952380952,0.1111111111111111,0.0,0.1845756967795681,0.0,0.5
0.5,0.35,0.0833333333333333,0.0,0.0,0.0,0.0
0.5,0.644808743169399,1.0,0.4692787260227564,0.6105456988825855,0.3333333333333333,0.6666666666666666
0.5,0.7083333333333333,0.5,0.4981892574664128,0.6546154994739983,0.6666666666666666,1.0
0.5,0.0,0.5,0.6309297535714575,0.6309297535714575,1.0,1.0
0.5,0.2794117647058823,0.02,0.0,0.0,0.0,0.0
0.5,0.746268656716418,0.3333333333333333,0.3065735963827292,0.3065735963827292,0.5,0.5
0.5,0.6090909090909091,1.0,0.3391602052736161,0.4599715079731103,0.2,0.4
0.5,0.875,0.3333333333333333,0.5,0.5,1.0,1.0
0.5,0.6176470588235294,0.0769230769230769,0.0,0.0,0.0,0.0
0.5,0.6014492753623188,0.5,0.2139862647345275,0.2783925802803428,0.1666666666666666,0.3333333333333333
0.5,0.7,1.0,0.6131471927654584,0.6131471927654584,0.5,0.5
0.5,0.7941176470588236,1.0,0.6131471927654584,0.7977228895450266,0.5,1.0
0.5,0.7788461538461539,0.25,0.3191471544989227,0.431992295847858,0.5,0.75
0.5,0.8378378378378378,0.1111111111111111,0.0,0.1845756967795681,0.0,0.5
0.5,0.5905172413793103,0.25,0.2640681225725909,0.2640681225725909,0.5,0.5
0.5,0.2862745098039216,0.1428571428571428,0.0,0.113053401757872,0.0,0.2
0.5,0.2222222222222222,0.0476190476190476,0.0,0.0,0.0,0.0
0.5,0.6861313868613139,0.0476190476190476,0.0,0.0,0.0,0.0
0.5,0.7807692307692308,1.0,0.4703652827859579,0.4703652827859579,0.4,0.4
0.5,0.5544354838709677,0.0625,0.0,0.0,0.0,0.0
0.5,0.6,0.3333333333333333,0.5,0.5,1.0,1.0
0.5,0.7740720817643895,1.0,0.3391602052736161,0.2200917662980801,0.0769230769230769,0.0769230769230769
0.5,0.375886524822695,0.0476190476190476,0.0,0.0,0.0,0.0
0.5,0.703448275862069,0.0227272727272727,0.0,0.0,0.0,0.0
0.5,0.8048780487804879,0.3333333333333333,0.3007851801491498,0.5346498846065161,0.4,0.8
0.5,0.721153846153846,0.25,0.1681275362711174,0.3071837157818931,0.25,0.5
0.5,0.9852941176470588,0.5,0.6309297535714575,0.6309297535714575,1.0,1.0
0.5,0.3214285714285714,0.1,0.0,0.1772392867840477,0.0,0.5
0.5,0.65,0.1666666666666666,0.0,0.2184074368181641,0.0,0.5
0.5,0.8020050125313284,0.0909090909090909,0.0,0.0,0.0,0.0
0.5,0.5263157894736843,0.0666666666666666,0.0,0.0,0.0,0.0
0.5,0.6982456140350878,0.5,0.2960819109658652,0.2960819109658652,0.3333333333333333,0.3333333333333333
0.5,0.5833333333333333,0.1666666666666666,0.0,0.2184074368181641,0.0,0.5
0.5,0.7916666666666666,0.1666666666666666,0.0,0.3562071871080222,0.0,1.0
0.5,0.8888888888888888,0.3333333333333333,0.5,0.5,1.0,1.0
0.5,0.4805194805194805,0.024390243902439,0.0,0.0,0.0,0.0
0.5,0.8,0.5,0.6309297535714575,0.6309297535714575,1.0,1.0
0.5,0.0,0.0588235294117647,0.0,0.0,0.0,0.0
0.5,0.4583333333333333,0.0625,0.0,0.0,0.0,0.0
0.5,1.0,1.0,1.0,1.0,1.0,1.0
0.5,0.5535714285714286,0.0909090909090909,0.0,0.0,0.0,0.0
0.5,0.90625,0.2,0.2371977127692962,0.4415801103577823,0.5,1.0
0.5,0.3999999999999999,0.2,0.1815417925373526,0.3379680345449381,0.3333333333333333,0.6666666666666666
0.5,0.576587795765878,0.25,0.1460683498427064,0.2317730746678625,0.0909090909090909,0.2727272727272727
0.5,0.7564102564102564,0.25,0.2021073465005475,0.358533588508133,0.3333333333333333,0.6666666666666666
0.5,0.6783673469387754,0.0909090909090909,0.0,0.0,0.0,0.0
0.5,0.15,0.0555555555555555,0.0,0.0,0.0,0.0
0.5,0.7057291666666666,0.0909090909090909,0.0,0.0,0.0,0.0
0.5,0.75,0.5,0.6309297535714575,0.6309297535714575,1.0,1.0
0.5,0.4615384615384615,0.0454545454545454,0.0,0.0,0.0,0.0
0.5,0.7358490566037736,0.0909090909090909,0.0,0.0,0.0,0.0
0.5,0.36,0.1111111111111111,0.0,0.1412669728598289,0.0,0.3333333333333333
0.5,0.510548523206751,0.1666666666666666,0.0,0.1077891545245109,0.0,0.1666666666666666
0.5,0.7763157894736842,1.0,0.3903800499921017,0.5294362295028773,0.25,0.5
0.5,0.5680147058823529,0.1666666666666666,0.0,0.1390561795107756,0.0,0.25
0.5,0.6603773584905661,0.125,0.0,0.123151194370365,0.0,0.25
0.5,0.5104166666666667,0.025,0.0,0.0,0.0,0.0
0.5,0.928813559322034,1.0,0.3391602052736161,0.5482507327637915,0.2,0.6
0.5,0.925925925925926,0.3333333333333333,0.5,0.5,1.0,1.0
0.5,0.8627450980392156,0.125,0.0,0.3154648767857287,0.0,1.0
0.5,0.1114130434782608,0.025,0.0,0.0,0.0,0.0
0.5,0.625,0.1666666666666666,0.0,0.2184074368181641,0.0,0.5
0.5,0.546875,0.3333333333333333,0.1951900249960508,0.1951900249960508,0.25,0.25
0.75,0.5268817204301075,0.125,0.0,0.0954604330894673,0.0,0.1666666666666666
0.75,0.4912280701754385,0.0526315789473684,0.0,0.0,0.0,0.0
0.75,0.25,0.0333333333333333,0.0,0.0,0.0,0.0
0.75,0.5941558441558441,0.0714285714285714,0.0,0.0,0.0,0.0
0.75,0.72,0.25,0.2772734273550482,0.2772734273550482,0.4,0.4
0.75,0.5485232067510548,0.5,0.2960819109658652,0.2960819109658652,0.3333333333333333,0.3333333333333333
0.75,0.923076923076923,0.5,0.6934264036172708,0.6934264036172708,1.0,1.0
0.75,0.7592592592592593,1.0,0.3903800499921017,0.6333518746717375,0.25,0.75
0.75,0.5372596153846154,0.1666666666666666,0.0,0.2622073738811406,0.0,0.5
0.75,0.856060606060606,0.25,0.2021073465005475,0.3501483019834802,0.3333333333333333,0.6666666666666666
0.75,0.3636363636363636,0.125,0.0,0.3154648767857287,0.0,1.0
0.75,0.6666666666666667,0.5,0.6309297535714575,0.6309297535714575,1.0,1.0
0.75,0.4,0.05,0.0,0.0,0.0,0.0
0.75,0.8735632183908046,0.3333333333333333,0.4161811555487308,0.4161811555487308,0.6666666666666666,0.6666666666666666
0.75,0.1999999999999999,0.2,0.3868528072345416,0.3868528072345416,1.0,1.0
0.75,0.375,0.0476190476190476,0.0,0.0,0.0,0.0
0.75,0.4583333333333333,0.2,0.2371977127692962,0.2371977127692962,0.5,0.5
0.75,0.603448275862069,0.024390243902439,0.0,0.0,0.0,0.0
0.75,0.2155172413793103,0.0113636363636363,0.0,0.0,0.0,0.0
0.75,0.35,0.0714285714285714,0.0,0.0,0.0,0.0
0.75,0.5,0.1428571428571428,0.0,0.1008674711662711,0.0,0.1666666666666666
0.75,0.5846994535519126,0.0714285714285714,0.0,0.0,0.0,0.0
0.75,0.8,0.5,0.6309297535714575,0.6309297535714575,1.0,1.0
0.75,0.6096385542168675,0.3333333333333333,0.169580102636808,0.2716774977597197,0.2,0.4
0.75,0.5116279069767442,0.125,0.0,0.1934264036172708,0.0,0.5
0.75,0.4788732394366197,0.0263157894736842,0.0,0.0,0.0,0.0
0.75,0.8823529411764706,0.3333333333333333,0.5,0.5,1.0,1.0
0.75,0.51875,0.5,0.3868528072345416,0.3868528072345416,0.5,0.5
0.75,0.5125,0.5,0.3868528072345416,0.3868528072345416,0.5,0.5
0.75,0.5,0.5,0.6309297535714575,0.6309297535714575,1.0,1.0
0.75,0.7222222222222222,1.0,0.7653606369886217,0.9134015924715544,0.6666666666666666,1.0
0.75,0.4509803921568627,0.0344827586206896,0.0,0.0,0.0,0.0
0.75,0.6054054054054053,0.3333333333333333,0.169580102636808,0.2676193884681651,0.2,0.4
0.75,0.5,0.1666666666666666,0.0,0.4227898344066503,0.0,1.0
0.75,0.536082474226804,0.0769230769230769,0.0,0.0,0.0,0.0
0.75,0.3636363636363636,0.125,0.0,0.3154648767857287,0.0,1.0
0.75,0.6005291005291006,0.0909090909090909,0.0,0.0,0.0,0.0
0.75,0.9230769230769232,0.25,0.430676558073393,0.430676558073393,1.0,1.0
0.75,0.6657894736842105,0.125,0.0,0.123151194370365,0.0,0.25
0.75,0.75,0.2,0.3868528072345416,0.3868528072345416,1.0,1.0
0.75,0.5128205128205128,0.05,0.0,0.0,0.0,0.0
0.75,1.0,1.0,1.0,1.0,1.0,1.0
0.75,1.0,1.0,1.0,1.0,1.0,1.0
0.75,0.5676274944567627,0.0476190476190476,0.0,0.0,0.0,0.0
0.75,0.7246376811594203,0.3333333333333333,0.1951900249960508,0.1951900249960508,0.25,0.25
0.75,0.430188679245283,0.1666666666666666,0.0,0.1208113026994942,0.0,0.2
0.75,0.3641304347826087,0.025,0.0,0.0,0.0,0.0
0.75,0.7754491017964072,0.5,0.3868528072345416,0.3868528072345416,0.5,0.5
0.75,0.8095238095238095,0.1111111111111111,0.0,0.1412669728598289,0.0,0.3333333333333333
0.75,0.54,0.5,0.3868528072345416,0.3868528072345416,0.5,0.5
0.75,0.61,0.1666666666666666,0.0,0.1517621910780353,0.0,0.2
0.75,0.1666666666666666,0.1666666666666666,0.0,0.3562071871080222,0.0,1.0
0.75,0.2380952380952381,0.0153846153846153,0.0,0.0,0.0,0.0
0.75,0.8333333333333334,0.5,0.6309297535714575,0.6309297535714575,1.0,1.0
0.75,0.3,0.05,0.0,0.0,0.0,0.0
0.75,0.3333333333333333,0.1428571428571428,0.0,0.3978088012057569,0.0,1.0
0.75,0.5555555555555556,1.0,0.3391602052736161,0.3391602052736161,0.2,0.2
0.75,0.7796296296296297,0.3333333333333333,0.169580102636808,0.169580102636808,0.2,0.2
0.75,1.0,1.0,1.0,1.0,1.0,1.0
0.75,0.6683453237410072,0.0769230769230769,0.0,0.0,0.0,0.0
0.75,0.5833333333333334,0.1428571428571428,0.0,0.1008674711662711,0.0,0.1666666666666666
0.75,0.7695652173913045,1.0,0.3391602052736161,0.4599715079731103,0.2,0.4
0.75,0.5285714285714286,0.1428571428571428,0.0,0.1301266833307005,0.0,0.25
0.75,0.0,0.5,0.6309297535714575,0.6309297535714575,1.0,1.0
0.75,1.0,1.0,1.0,1.0,1.0,1.0
0.75,0.3636363636363636,0.1428571428571428,0.0,0.3816216843725338,0.0,1.0
0.75,0.4836956521739131,0.3333333333333333,0.169580102636808,0.1995881898277385,0.125,0.25
0.75,0.0625,0.1111111111111111,0.0,0.3010299956639812,0.0,1.0
0.75,0.5085271317829457,0.0714285714285714,0.0,0.0,0.0,0.0
0.75,0.6051779935275081,0.5,0.2960819109658652,0.2960819109658652,0.3333333333333333,0.3333333333333333
0.75,0.6821705426356589,1.0,0.4852285551163225,0.4329261794091841,0.3333333333333333,0.3333333333333333
0.75,1.0,1.0,1.0,1.0,1.0,1.0
0.75,0.7694805194805194,1.0,0.4852285551163225,0.4416737339478611,0.25,0.375
0.75,0.7115384615384616,0.3333333333333333,0.3065735963827292,0.3065735963827292,0.5,0.5
0.75,0.1052631578947368,0.0625,0.0,0.0,0.0,0.0
0.75,0.3071428571428571,0.1666666666666666,0.0,0.1208113026994942,0.0,0.2
0.75,0.5370879120879121,0.25,0.1460683498427064,0.1183827929553629,0.1428571428571428,0.1428571428571428
0.75,1.0,1.0,1.0,1.0,1.0,1.0
0.75,0.4252336448598132,0.125,0.0,0.123151194370365,0.0,0.25
0.75,0.9782608695652174,1.0,0.9197207891481876,0.9197207891481876,1.0,1.0
0.75,1.0,1.0,1.0,1.0,1.0,1.0
0.75,0.7271062271062271,1.0,0.4703652827859579,0.4606700933772881,0.2857142857142857,0.4285714285714285
0.75,1.0,1.0,1.0,1.0,1.0,1.0
0.75,1.0,1.0,1.0,1.0,1.0,1.0
0.75,0.550326797385621,1.0,0.4852285551163225,0.3362741576267855,0.2222222222222222,0.2222222222222222
0.75,1.0,1.0,1.0,1.0,1.0,1.0
0.75,0.3333333333333333,0.2,0.3868528072345416,0.3868528072345416,1.0,1.0
0.75,0.7307692307692308,0.125,0.0,0.3154648767857287,0.0,1.0
0.75,0.5,0.1428571428571428,0.0,0.3816216843725338,0.0,1.0
0.75,0.5,0.2,0.3868528072345416,0.3868528072345416,1.0,1.0
0.75,0.4682539682539682,0.0344827586206896,0.0,0.0,0.0,0.0
0.75,0.5,0.25,0.2640681225725909,0.2640681225725909,0.5,0.5
0.75,0.9285714285714286,1.0,0.9197207891481876,0.9197207891481876,1.0,1.0
0.75,0.5333333333333333,0.0277777777777777,0.0,0.0,0.0,0.0
0.75,0.7522522522522522,0.2,0.1510196182278052,0.1510196182278052,0.25,0.25
0.75,0.9,0.5,0.6309297535714575,0.6309297535714575,1.0,1.0
0.75,0.9177570093457944,0.25,0.2772734273550482,0.2772734273550482,0.4,0.4
0.75,0.7,1.0,0.8503449055347546,0.8503449055347546,1.0,1.0
0.75,0.75,0.2,0.2371977127692962,0.2371977127692962,0.5,0.5
0.75,0.625,0.3333333333333333,0.3065735963827292,0.3065735963827292,0.5,0.5
0.75,0.2592592592592593,0.0714285714285714,0.0,0.0,0.0,0.0
0.75,0.639344262295082,0.1428571428571428,0.0,0.2043823975884861,0.0,0.5
0.75,0.625,0.25,0.430676558073393,0.430676558073393,1.0,1.0
0.75,0.8571428571428572,0.5,0.6309297535714575,0.6309297535714575,1.0,1.0
0.75,0.5666666666666667,0.0666666666666666,0.0,0.0,0.0,0.0
0.75,0.6794871794871795,0.5,0.3868528072345416,0.3868528072345416,0.5,0.5
0.75,0.0,0.2,0.3868528072345416,0.3868528072345416,1.0,1.0
0.75,0.661764705882353,0.1,0.0,0.1772392867840477,0.0,0.5
0.75,0.5,0.5,0.6309297535714575,0.6309297535714575,1.0,1.0
0.75,0.1428571428571429,0.0526315789473684,0.0,0.0,0.0,0.0
0.75,0.0,0.1428571428571428,0.0,0.3333333333333333,0.0,1.0
0.75,0.6666666666666667,0.1666666666666666,0.0,0.3562071871080222,0.0,1.0
0.75,0.1666666666666666,0.0625,0.0,0.0,0.0,0.0
0.75,1.0,1.0,1.0,1.0,1.0,1.0
0.75,0.6666666666666667,0.1666666666666666,0.0,0.3562071871080222,0.0,1.0
0.75,0.6444444444444444,0.2,0.1815417925373526,0.3487022475035549,0.3333333333333333,0.6666666666666666
0.75,0.45,0.0909090909090909,0.0,0.0,0.0,0.0
0.75,0.8333333333333334,0.5,0.6309297535714575,0.6309297535714575,1.0,1.0
0.75,1.0,1.0,1.0,1.0,1.0,1.0
0.75,0.9401041666666666,0.25,0.2772734273550482,0.5515034178285835,0.3333333333333333,0.8333333333333334
0.75,0.5405405405405406,0.0666666666666666,0.0,0.0,0.0,0.0
0.75,0.6615384615384615,0.25,0.2772734273550482,0.4883661149442773,0.4,0.8
0.75,0.5787037037037037,0.5,0.24630238874073,0.369453583111095,0.25,0.5
0.75,1.0,1.0,1.0,1.0,1.0,1.0
0.75,0.8461538461538461,0.3333333333333333,0.5,0.5,1.0,1.0
0.75,1.0,1.0,1.0,1.0,1.0,1.0
0.75,0.9285714285714286,0.5,0.6509209298071326,0.6509209298071326,1.0,1.0
0.75,0.7277777777777777,1.0,0.5531464700081437,0.4935232796777481,0.3333333333333333,0.3333333333333333
0.75,0.6717948717948717,1.0,0.4692787260227564,0.4692787260227564,0.3333333333333333,0.3333333333333333
0.75,0.1904761904761904,0.0285714285714285,0.0,0.0,0.0,0.0
0.75,0.56,0.0833333333333333,0.0,0.0,0.0,0.0
0.75,0.6000000000000001,0.2,0.1312050775123417,0.1312050775123417,0.2,0.2
0.75,0.6490807354116706,1.0,0.3391602052736161,0.2350455494144853,0.1111111111111111,0.1111111111111111
0.75,0.8783783783783784,1.0,0.3903800499921017,0.5078961547485289,0.25,0.5
0.75,1.0,1.0,1.0,1.0,1.0,1.0
0.75,0.8076923076923077,0.1666666666666666,0.0,0.3562071871080222,0.0,1.0
0.75,0.2499999999999999,0.0625,0.0,0.0,0.0,0.0
0.75,0.896,0.5,0.5296347172140421,0.6426881189719141,0.6,0.8
0.75,0.5402298850574712,0.0714285714285714,0.0,0.0,0.0,0.0
0.75,0.3142857142857143,0.04,0.0,0.0,0.0,0.0
0.75,0.4444444444444445,0.5,0.6797310500037655,0.6797310500037655,1.0,1.0
0.75,0.7619047619047619,0.5,0.24630238874073,0.24630238874073,0.25,0.25
0.75,0.8764705882352941,1.0,0.6131471927654584,0.6131471927654584,0.5,0.5
0.75,0.7399527186761229,0.0909090909090909,0.0,0.0,0.0,0.0
0.75,0.6666666666666667,0.2,0.3868528072345416,0.3868528072345416,1.0,1.0
0.75,0.743362831858407,0.0666666666666666,0.0,0.0,0.0,0.0
0.75,0.6445966514459665,0.1666666666666666,0.0,0.0837249139991934,0.0,0.1111111111111111
0.75,0.6111111111111112,0.125,0.0,0.3154648767857287,0.0,1.0
0.75,0.8333333333333334,0.3333333333333333,0.5437713091520254,0.5437713091520254,1.0,1.0
0.75,0.4832116788321168,0.0333333333333333,0.0,0.0,0.0,0.0
0.75,0.6420454545454545,0.2,0.1510196182278052,0.1510196182278052,0.25,0.25
0.75,0.5846153846153846,0.0357142857142857,0.0,0.0,0.0,0.0
0.75,0.0,0.25,0.430676558073393,0.430676558073393,1.0,1.0
0.75,1.0,1.0,1.0,1.0,1.0,1.0
0.75,0.5909090909090908,0.0833333333333333,0.0,0.0,0.0,0.0
0.75,0.8260869565217391,0.2,0.3868528072345416,0.3868528072345416,1.0,1.0
0.75,0.3333333333333333,0.2,0.3868528072345416,0.3868528072345416,1.0,1.0
0.75,0.9333333333333332,1.0,0.8772153153380493,0.8772153153380493,1.0,1.0
0.75,0.7184873949579832,0.125,0.0,0.0867138284941197,0.0,0.1428571428571428
0.75,0.9532710280373832,0.1666666666666666,0.0,0.4227898344066503,0.0,1.0
0.75,0.9333333333333332,0.5,0.5307212739772434,0.6978817289434457,0.6666666666666666,1.0
0.75,0.4594594594594594,0.0588235294117647,0.0,0.0,0.0,0.0
0.75,0.7413793103448276,0.5,0.592512031964586,0.592512031964586,0.75,0.75
0.75,0.8431372549019607,0.3333333333333333,0.4367467095119258,0.5931729515195112,0.6666666666666666,1.0
0.75,0.1999999999999999,0.0588235294117647,0.0,0.0,0.0,0.0
0.75,0.175,0.0333333333333333,0.0,0.0,0.0,0.0
0.75,0.6086956521739131,0.1,0.0,0.2890648263178879,0.0,1.0
0.75,0.4871794871794871,1.0,0.3391602052736161,0.3026024134988134,0.1666666666666666,0.1666666666666666
0.75,0.3,0.0833333333333333,0.0,0.0,0.0,0.0
0.75,0.3815789473684211,0.1111111111111111,0.0,0.1175161047564271,0.0,0.25
0.75,0.8222222222222222,0.5,0.4981892574664128,0.4981892574664128,0.6666666666666666,0.6666666666666666
0.75,0.6159420289855072,0.0714285714285714,0.0,0.0,0.0,0.0
0.75,0.5409836065573771,1.0,0.3903800499921017,0.5205067333228022,0.25,0.5
0.75,0.6153846153846154,0.0833333333333333,0.0,0.0,0.0,0.0
0.75,0.2666666666666667,0.0833333333333333,0.0,0.0,0.0,0.0
0.75,0.5797342192691031,0.1666666666666666,0.0,0.2689954490874988,0.0,0.4285714285714285
0.75,0.4795918367346938,0.0588235294117647,0.0,0.0,0.0,0.0
0.75,0.5,0.2,0.1510196182278052,0.1510196182278052,0.25,0.25
0.75,0.7398373983739838,0.1666666666666666,0.0,0.1671604549662022,0.0,0.3333333333333333
0.75,0.3683127572016461,0.125,0.0,0.0741486152850745,0.0,0.1111111111111111
0.75,0.6763779527559055,1.0,0.4852285551163225,0.4852285551163225,0.4,0.4
0.75,0.9069767441860463,0.5,0.3868528072345416,0.5714285040141098,0.5,1.0
0.75,0.7857142857142857,0.1428571428571428,0.0,0.3333333333333333,0.0,1.0
0.75,0.25,0.25,0.430676558073393,0.430676558073393,1.0,1.0
0.75,0.1875,0.0714285714285714,0.0,0.0,0.0,0.0
0.75,0.55,0.1,0.0,0.2890648263178879,0.0,1.0
0.75,0.423076923076923,0.1666666666666666,0.0,0.2184074368181641,0.0,0.5
0.75,0.375,0.1,0.0,0.1772392867840477,0.0,0.5
0.75,0.6599999999999999,0.125,0.0,0.1934264036172708,0.0,0.5
0.75,0.6434676434676434,0.1666666666666666,0.0,0.0979129253499678,0.0,0.1428571428571428
0.75,0.8412698412698413,0.0909090909090909,0.0,0.0,0.0,0.0
0.75,0.746031746031746,0.0666666666666666,0.0,0.0,0.0,0.0
0.75,0.8666666666666667,0.2,0.3868528072345416,0.3868528072345416,1.0,1.0
0.75,0.7655172413793104,1.0,0.3391602052736161,0.5392968862278849,0.2,0.6
0.75,0.7647058823529411,0.2,0.3868528072345416,0.3868528072345416,1.0,1.0
0.75,0.9,0.25,0.430676558073393,0.430676558073393,1.0,1.0
0.75,0.4615384615384615,0.25,0.2640681225725909,0.2640681225725909,0.5,0.5
0.75,0.6774193548387096,0.1,0.0,0.1772392867840477,0.0,0.5
0.75,0.1895424836601307,0.027027027027027,0.0,0.0,0.0,0.0
0.75,0.5,0.3333333333333333,0.5,0.5,1.0,1.0
0.75,0.7810810810810811,1.0,0.3391602052736161,0.4371994911049732,0.2,0.4
0.75,0.8555555555555556,1.0,0.6992148198508501,0.7972541056822071,0.6,0.8
0.75,0.4299242424242424,1.0,0.3391602052736161,0.2200917662980801,0.0909090909090909,0.0909090909090909
0.75,0.6705685618729097,1.0,0.4852285551163225,0.3148801306676309,0.1538461538461538,0.1538461538461538
0.75,0.6666666666666666,0.25,0.2640681225725909,0.448643819352159,0.5,1.0
0.75,0.7570621468926554,0.1428571428571428,0.0,0.1564262420075854,0.0,0.3333333333333333
0.75,0.0,0.0357142857142857,0.0,0.0,0.0,0.0
0.75,0.5454545454545454,0.5,0.3868528072345416,0.3868528072345416,0.5,0.5
0.75,0.725,1.0,0.5585075862632192,0.6886342695939197,0.5,0.75
0.75,0.6285714285714286,0.037037037037037,0.0,0.0,0.0,0.0
0.75,0.5405405405405406,0.04,0.0,0.0,0.0,0.0
0.75,0.46875,0.125,0.0,0.1934264036172708,0.0,0.5
0.75,0.9230769230769232,0.3333333333333333,0.5,0.5,1.0,1.0
0.75,0.9344262295081968,0.3333333333333333,0.3065735963827292,0.5,0.5,1.0
0.75,0.5072859744990892,0.1111111111111111,0.0,0.0707557607210806,0.0,0.1111111111111111
0.75,0.6760000000000002,1.0,0.3391602052736161,0.562068903096022,0.2,0.6
0.75,0.8558558558558558,0.0714285714285714,0.0,0.0,0.0,0.0
0.75,0.1538461538461538,0.0833333333333333,0.0,0.0,0.0,0.0
0.75,0.6,0.0909090909090909,0.0,0.0,0.0,0.0
0.75,0.4473684210526315,0.0454545454545454,0.0,0.0,0.0,0.0
0.75,0.6989247311827956,0.1666666666666666,0.0,0.1671604549662022,0.0,0.3333333333333333
0.75,0.2941176470588235,0.0769230769230769,0.0,0.0,0.0,0.0
0.75,0.6098765432098765,0.0833333333333333,0.0,0.0,0.0,0.0
0.75,0.5570987654320988,0.5,0.2139862647345275,0.1909208661789346,0.1666666666666666,0.1666666666666666
0.75,0.7723214285714285,0.25,0.2640681225725909,0.2640681225725909,0.5,0.5
0.75,0.4347826086956522,0.0714285714285714,0.0,0.0,0.0,0.0
0.75,0.3125,0.0833333333333333,0.0,0.0,0.0,0.0
0.75,0.5,0.1428571428571428,0.0,0.2043823975884861,0.0,0.5
0.75,0.2896551724137931,0.0666666666666666,0.0,0.0,0.0,0.0
0.75,0.3049180327868852,0.0909090909090909,0.0,0.0,0.0,0.0
0.75,0.6136363636363636,1.0,0.6131471927654584,0.6131471927654584,0.5,0.5
0.75,0.6748216106014271,0.25,0.1460683498427064,0.1719843689333808,0.1111111111111111,0.2222222222222222
0.75,0.5,1.0,0.9197207891481876,0.9197207891481876,1.0,1.0
0.75,0.6966666666666667,1.0,0.3903800499921017,0.5078961547485289,0.25,0.5
0.75,0.84375,0.1666666666666666,0.0,0.4227898344066503,0.0,1.0
0.75,0.7941176470588236,1.0,0.6131471927654584,0.6131471927654584,0.5,0.5
0.75,0.5,0.5,0.6309297535714575,0.6309297535714575,1.0,1.0
0.75,0.4722222222222221,0.1111111111111111,0.0,0.1412669728598289,0.0,0.3333333333333333
0.75,0.1818181818181817,0.1,0.0,0.2890648263178879,0.0,1.0
0.75,0.5892857142857143,1.0,0.5531464700081437,0.4935232796777481,0.3333333333333333,0.3333333333333333
0.75,0.217391304347826,0.0526315789473684,0.0,0.0,0.0,0.0
0.75,0.5744680851063829,0.5,0.2960819109658652,0.2960819109658652,0.3333333333333333,0.3333333333333333
0.75,0.2569444444444444,0.027027027027027,0.0,0.0,0.0,0.0
0.75,0.25,0.0714285714285714,0.0,0.0,0.0,0.0
0.75,0.493103448275862,0.0144927536231884,0.0,0.0,0.0,0.0
0.75,0.6666666666666667,1.0,0.6131471927654584,0.6131471927654584,0.5,0.5
0.75,0.4318181818181819,1.0,0.3903800499921017,0.3903800499921017,0.25,0.25
0.75,0.6605902777777777,0.1,0.0,0.0679434009182907,0.0,0.1111111111111111
0.75,0.6556603773584906,0.1428571428571428,0.0,0.1301266833307005,0.0,0.25
0.75,0.3681818181818181,0.0434782608695652,0.0,0.0,0.0,0.0
0.75,0.6,0.25,0.2021073465005475,0.3501483019834802,0.3333333333333333,0.6666666666666666
0.75,0.7115384615384616,1.0,0.5855700749881525,0.7246262544989281,0.5,0.75
0.75,0.6462585034013605,0.2,0.1815417925373526,0.1815417925373526,0.3333333333333333,0.3333333333333333
0.75,0.5080174927113703,1.0,0.3391602052736161,0.2748763329142908,0.1428571428571428,0.1428571428571428
0.75,0.6466666666666666,0.125,0.0,0.2893079283427616,0.0,0.6666666666666666
0.75,0.5487804878048781,0.25,0.2640681225725909,0.2640681225725909,0.5,0.5
0.75,0.4444444444444444,0.125,0.0,0.1934264036172708,0.0,0.5
0.75,0.7555555555555555,0.5,0.360054614577234,0.5952691825036389,0.3333333333333333,0.8333333333333334
0.75,0.682258064516129,0.1111111111111111,0.0,0.1175161047564271,0.0,0.25
0.75,0.381578947368421,0.0454545454545454,0.0,0.0,0.0,0.0
0.75,0.7696969696969698,0.5,0.3835663673713356,0.3835663673713356,0.4,0.4
0.75,0.5606060606060607,0.5,0.2139862647345275,0.2082936658103318,0.0833333333333333,0.1666666666666666
0.75,0.3333333333333333,0.3333333333333333,0.5,0.5,1.0,1.0
0.75,0.8090909090909091,0.5,0.3451913422468693,0.4233117951052935,0.2,0.5
0.75,0.5358606557377049,0.3333333333333333,0.1951900249960508,0.1951900249960508,0.25,0.25
0.75,0.9297520661157024,0.125,0.0,0.1934264036172708,0.0,0.5
0.75,0.6398305084745762,0.0555555555555555,0.0,0.0,0.0,0.0
0.75,0.5857142857142857,0.5,0.24630238874073,0.24630238874073,0.25,0.25
0.75,0.6628352490421456,0.0588235294117647,0.0,0.0,0.0,0.0
0.75,0.1999999999999999,0.04,0.0,0.0,0.0,0.0
0.75,0.7076923076923076,0.05,0.0,0.0,0.0,0.0
0.75,0.5767326732673267,0.0909090909090909,0.0,0.0,0.0,0.0
0.75,0.8297872340425532,0.5,0.3868528072345416,0.3868528072345416,0.5,0.5
0.75,0.5716981132075472,0.5,0.2139862647345275,0.2051166673279436,0.1,0.2
0.75,0.5208333333333334,0.0833333333333333,0.0,0.0,0.0,0.0
0.75,0.96,0.5,0.6309297535714575,0.6309297535714575,1.0,1.0
0.75,0.575,0.3333333333333333,0.169580102636808,0.169580102636808,0.2,0.2
0.75,0.6342329545454546,0.3333333333333333,0.3007851801491498,0.195189000790661,0.125,0.125
0.75,0.5714285714285714,0.25,0.430676558073393,0.430676558073393,1.0,1.0
0.75,0.7793103448275863,0.0769230769230769,0.0,0.0,0.0,0.0
0.75,0.5647058823529412,0.0833333333333333,0.0,0.0,0.0,0.0
0.75,0.8762376237623762,0.5,0.24630238874073,0.3638184934971571,0.25,0.5
0.75,0.754257907542579,0.25,0.1460683498427064,0.1753772234973747,0.1111111111111111,0.2222222222222222
0.75,0.5416666666666666,0.25,0.2021073465005475,0.3692678014667498,0.3333333333333333,0.6666666666666666
0.75,0.0,0.25,0.430676558073393,0.430676558073393,1.0,1.0
0.75,0.4608695652173913,0.027027027027027,0.0,0.0,0.0,0.0
0.75,0.5537037037037036,0.0454545454545454,0.0,0.0,0.0,0.0
0.75,0.5487804878048781,0.2,0.2371977127692962,0.2371977127692962,0.5,0.5
0.75,0.710261569416499,0.5,0.2139862647345275,0.1734276569882394,0.1428571428571428,0.1428571428571428
0.75,0.6388888888888888,0.0714285714285714,0.0,0.0,0.0,0.0
0.75,0.5833333333333334,1.0,0.5531464700081437,0.5531464700081437,0.4,0.4
0.75,0.575,0.5,0.4414924137367808,0.4414924137367808,0.5,0.5
0.75,0.0833333333333333,0.0434782608695652,0.0,0.0,0.0,0.0
0.75,0.4404761904761904,0.1428571428571428,0.0,0.2043823975884861,0.0,0.5
0.75,0.6583333333333333,0.0454545454545454,0.0,0.0,0.0,0.0
0.75,1.0,1.0,1.0,1.0,1.0,1.0
0.75,0.4952380952380952,0.125,0.0,0.2090905274901754,0.0,0.4
0.75,0.9414893617021276,0.1666666666666666,0.0,0.411833840435435,0.0,1.0
0.75,0.4743589743589743,0.5,0.2960819109658652,0.2960819109658652,0.3333333333333333,0.3333333333333333
0.75,0.6160714285714286,0.1428571428571428,0.0,0.2532778777010656,0.0,0.5
0.75,0.6920222634508348,0.2,0.1312050775123417,0.283706685812965,0.1428571428571428,0.4285714285714285
0.75,0.2777777777777778,0.0714285714285714,0.0,0.0,0.0,0.0
0.75,0.2179487179487179,0.0588235294117647,0.0,0.0,0.0,0.0
0.75,0.7893333333333334,0.25,0.1460683498427064,0.1460683498427064,0.2,0.2
0.75,0.6574074074074073,0.2,0.1510196182278052,0.3916869173545973,0.25,0.75
0.75,0.6333333333333334,0.1111111111111111,0.0,0.066254223454389,0.0,0.0769230769230769
0.75,0.7952380952380952,0.125,0.0,0.1934264036172708,0.0,0.5
0.75,0.5778688524590163,0.0769230769230769,0.0,0.0,0.0,0.0
0.75,0.4772727272727273,0.1428571428571428,0.0,0.2043823975884861,0.0,0.5
0.75,0.5454545454545454,0.1666666666666666,0.0,0.3562071871080222,0.0,1.0
0.75,0.0999999999999999,0.1,0.0,0.2890648263178879,0.0,1.0
0.75,0.0833333333333333,0.1666666666666666,0.0,0.411833840435435,0.0,1.0
0.75,1.0,1.0,1.0,1.0,1.0,1.0
0.75,1.0,1.0,1.0,1.0,1.0,1.0
0.75,0.6666666666666666,1.0,0.7039180890341347,0.7039180890341347,0.6666666666666666,0.6666666666666666
0.75,0.4416666666666666,0.5,0.2960819109658652,0.2960819109658652,0.3333333333333333,0.3333333333333333
0.75,1.0,1.0,1.0,1.0,1.0,1.0
0.75,0.603448275862069,0.25,0.1681275362711174,0.1681275362711174,0.25,0.25
0.75,0.9583333333333334,1.0,0.9674679834891692,0.9674679834891692,1.0,1.0
0.75,0.6213333333333333,0.1428571428571428,0.0,0.113053401757872,0.0,0.2
0.75,0.554006968641115,0.125,0.0,0.1694598497994397,0.0,0.2857142857142857
0.75,0.7222222222222222,0.1666666666666666,0.0,0.3562071871080222,0.0,1.0
0.75,0.6532258064516129,0.2,0.1510196182278052,0.1510196182278052,0.25,0.25
0.75,0.0476190476190476,0.1428571428571428,0.0,0.4333451882998622,0.0,1.0
0.75,0.5679012345679012,0.2,0.1815417925373526,0.1815417925373526,0.3333333333333333,0.3333333333333333
0.75,0.9655172413793104,0.5,0.6309297535714575,0.6309297535714575,1.0,1.0
0.75,0.8636363636363636,0.2,0.2371977127692962,0.2371977127692962,0.5,0.5
0.75,0.5614035087719298,0.0384615384615384,0.0,0.0,0.0,0.0
0.75,0.8815789473684211,0.2,0.2371977127692962,0.4415801103577823,0.5,1.0
0.75,0.3333333333333333,0.0526315789473684,0.0,0.0,0.0,0.0
0.75,0.8484848484848485,1.0,0.6131471927654584,0.6131471927654584,0.5,0.5
0.75,0.7654320987654321,0.3333333333333333,0.4367467095119258,0.4367467095119258,0.6666666666666666,0.6666666666666666
0.75,0.0,0.5,0.6309297535714575,0.6309297535714575,1.0,1.0
0.75,0.7402597402597404,0.0714285714285714,0.0,0.0,0.0,0.0
0.75,1.0,1.0,1.0,1.0,1.0,1.0
0.75,0.6666666666666666,1.0,0.7039180890341347,0.8451850618939637,0.6666666666666666,1.0
0.75,0.5714285714285714,0.25,0.430676558073393,0.430676558073393,1.0,1.0
0.75,0.3777777777777777,0.0344827586206896,0.0,0.0,0.0,0.0
0.75,0.8317972350230414,1.0,0.4703652827859579,0.4606700933772881,0.2857142857142857,0.4285714285714285
0.75,0.0851063829787234,0.0232558139534883,0.0,0.0,0.0,0.0
0.75,0.7636363636363637,1.0,0.6131471927654584,0.6131471927654584,0.5,0.5
0.75,0.5797101449275363,0.0833333333333333,0.0,0.0,0.0,0.0
0.75,0.6333333333333333,0.1666666666666666,0.0,0.411833840435435,0.0,1.0
0.75,0.1351351351351351,0.0285714285714285,0.0,0.0,0.0,0.0
0.75,0.7692307692307692,0.1428571428571428,0.0,0.3333333333333333,0.0,1.0
0.75,0.4820512820512821,0.0625,0.0,0.0,0.0,0.0
0.75,0.552,0.3333333333333333,0.169580102636808,0.169580102636808,0.2,0.2
0.75,0.0,0.25,0.430676558073393,0.430676558073393,1.0,1.0
0.75,0.6347517730496455,0.1111111111111111,0.0,0.091092403223458,0.0,0.1666666666666666
0.75,0.3125,0.1666666666666666,0.0,0.411833840435435,0.0,1.0
0.75,0.478134110787172,0.0714285714285714,0.0,0.0,0.0,0.0
0.75,0.2941176470588235,0.0769230769230769,0.0,0.0,0.0,0.0
0.75,0.7037593984962405,0.5,0.3451913422468693,0.2797643380184693,0.2857142857142857,0.2857142857142857
0.75,0.7334943639291466,0.5,0.2139862647345275,0.2162406314884398,0.1111111111111111,0.2222222222222222
0.75,0.8333333333333334,1.0,0.8503449055347546,0.8503449055347546,1.0,1.0
0.75,0.5506493506493506,0.0588235294117647,0.0,0.0,0.0,0.0
0.75,0.6666666666666667,0.25,0.430676558073393,0.430676558073393,1.0,1.0
0.75,0.4270833333333333,0.0769230769230769,0.0,0.0,0.0,0.0
0.75,0.3333333333333333,0.0909090909090909,0.0,0.0,0.0,0.0
0.75,0.609375,0.1666666666666666,0.0,0.2184074368181641,0.0,0.5
0.75,0.8846153846153846,0.25,0.3836491390379002,0.5508095940041026,0.6666666666666666,1.0
0.75,0.0,0.1,0.0,0.2890648263178879,0.0,1.0
0.75,0.5543478260869565,0.5,0.24630238874073,0.3853585682515056,0.25,0.5
0.75,0.875,0.3333333333333333,0.5,0.5,1.0,1.0
0.75,0.7500000000000001,0.5,0.6509209298071326,0.6509209298071326,1.0,1.0
0.75,0.5,0.0833333333333333,0.0,0.0,0.0,0.0
0.75,0.1875,0.037037037037037,0.0,0.0,0.0,0.0
0.75,0.3958333333333332,0.1,0.0,0.1356519734324477,0.0,0.3333333333333333
0.75,0.6458333333333333,1.0,0.6131471927654584,0.6131471927654584,0.5,0.5
0.75,0.5733333333333334,0.3333333333333333,0.169580102636808,0.3697167835910767,0.2,0.6
0.75,0.9056603773584906,0.2,0.2371977127692962,0.430624116386567,0.5,1.0
0.75,0.64,0.5,0.360054614577234,0.360054614577234,0.4,0.4
0.75,0.625,0.0769230769230769,0.0,0.0,0.0,0.0
0.75,0.7727272727272727,0.25,0.2640681225725909,0.448643819352159,0.5,1.0
0.75,0.5256410256410257,0.1666666666666666,0.0,0.1671604549662022,0.0,0.3333333333333333
0.75,0.3421052631578947,0.1666666666666666,0.0,0.1390561795107756,0.0,0.25
0.75,0.6900584795321637,0.125,0.0,0.2836929289153804,0.0,0.6666666666666666
0.75,0.6647093364650616,1.0,0.5531464700081437,0.5036067026046991,0.1538461538461538,0.3076923076923077
0.75,0.503921568627451,1.0,0.6164336326286644,0.4733871704086119,0.2,0.2666666666666666
0.75,0.4628378378378378,0.25,0.1460683498427064,0.1850798333351394,0.125,0.25
0.75,0.6,0.2,0.2371977127692962,0.2371977127692962,0.5,0.5
0.75,0.7272727272727273,0.125,0.0,0.1934264036172708,0.0,0.5
0.75,0.90625,0.25,0.2640681225725909,0.2640681225725909,0.5,0.5
0.75,0.7073170731707317,0.5,0.360054614577234,0.5132045064790345,0.3333333333333333,0.6666666666666666
0.75,0.2941176470588235,0.0769230769230769,0.0,0.0,0.0,0.0
0.75,0.668918918918919,0.0714285714285714,0.0,0.0,0.0,0.0
0.75,0.5,1.0,1.0,1.0,1.0,1.0
0.75,1.0,1.0,1.0,1.0,1.0,1.0
0.75,1.0,1.0,1.0,1.0,1.0,1.0
0.75,0.1810344827586206,0.0625,0.0,0.0,0.0,0.0
0.75,1.0,1.0,1.0,1.0,1.0,1.0
0.75,0.5977011494252873,0.1666666666666666,0.0,0.30281242839865,0.0,0.6666666666666666
0.75,0.3571428571428571,0.2,0.2371977127692962,0.4415801103577823,0.5,1.0
0.75,0.375,0.2,0.2371977127692962,0.2371977127692962,0.5,0.5
0.75,0.6578947368421053,0.3333333333333333,0.3065735963827292,0.3065735963827292,0.5,0.5
0.75,1.0,1.0,1.0,1.0,1.0,1.0
0.75,0.9166666666666666,0.5,0.6309297535714575,0.6309297535714575,1.0,1.0
0.75,0.1666666666666666,0.0625,0.0,0.0,0.0,0.0
0.75,0.8138888888888889,0.5,0.5147714448836774,0.5084163508138547,0.3333333333333333,0.5555555555555556
0.75,0.7916666666666667,0.5,0.6096199500078984,0.7486761295186739,0.75,1.0
0.75,0.75,0.5,0.4414924137367808,0.559008518493208,0.5,0.75
0.75,0.8061224489795917,0.3333333333333333,0.346209643223856,0.346209643223856,0.5,0.5
0.75,0.4922480620155038,0.25,0.2021073465005475,0.2021073465005475,0.3333333333333333,0.3333333333333333
0.75,0.7317073170731707,0.2,0.1815417925373526,0.1815417925373526,0.3333333333333333,0.3333333333333333
0.75,0.1264367816091953,0.0129870129870129,0.0,0.0,0.0,0.0
0.75,0.7647058823529411,0.5,0.3868528072345416,0.3868528072345416,0.5,0.5
0.75,0.0,0.25,0.430676558073393,0.430676558073393,1.0,1.0
0.75,0.7307692307692307,0.3333333333333333,0.3065735963827292,0.5109559939712153,0.5,1.0
0.75,0.5863636363636364,0.5,0.2139862647345275,0.3209793971017913,0.2,0.4
0.75,0.5535714285714286,0.0833333333333333,0.0,0.0,0.0,0.0
0.75,0.2610441767068273,0.0416666666666666,0.0,0.0,0.0,0.0
0.75,0.3103448275862068,0.0476190476190476,0.0,0.0,0.0,0.0
0.75,0.375,0.0625,0.0,0.0,0.0,0.0
0.75,0.2499999999999999,0.0454545454545454,0.0,0.0,0.0,0.0
0.75,0.7142857142857143,0.3333333333333333,0.5706417189553201,0.5706417189553201,1.0,1.0
0.75,0.4363636363636364,0.1666666666666666,0.0,0.1208113026994942,0.0,0.2
0.75,0.409090909090909,0.0588235294117647,0.0,0.0,0.0,0.0
0.75,0.5454545454545454,0.1666666666666666,0.0,0.3562071871080222,0.0,1.0
0.75,0.7307692307692307,0.5,0.3868528072345416,0.5802792108518124,0.5,1.0
0.75,0.1428571428571429,0.1428571428571428,0.0,0.3333333333333333,0.0,1.0
0.75,0.131578947368421,0.0294117647058823,0.0,0.0,0.0,0.0
0.75,0.5106382978723404,0.125,0.0,0.1480409554829326,0.0,0.3333333333333333
0.75,0.3472222222222222,0.0454545454545454,0.0,0.0,0.0,0.0
0.75,0.5806451612903225,0.25,0.2640681225725909,0.2640681225725909,0.5,0.5
0.75,0.4339622641509434,0.0588235294117647,0.0,0.0,0.0,0.0
0.75,0.3571428571428571,0.0833333333333333,0.0,0.0,0.0,0.0
0.75,1.0,1.0,1.0,1.0,1.0,1.0
0.75,0.3214285714285714,0.0384615384615384,0.0,0.0,0.0,0.0
0.75,0.3461538461538461,0.0285714285714285,0.0,0.0,0.0,0.0
0.75,0.6666666666666667,0.3333333333333333,0.5,0.5,1.0,1.0
0.75,1.0,1.0,1.0,1.0,1.0,1.0
0.75,0.900900900900901,0.5,0.4776237035032179,0.6132756769356656,0.6666666666666666,1.0
0.75,0.5517241379310345,0.0714285714285714,0.0,0.0,0.0,0.0
0.75,0.0,0.25,0.430676558073393,0.430676558073393,1.0,1.0
0.75,0.6155015197568389,0.5,0.3451913422468693,0.2797643380184693,0.2857142857142857,0.2857142857142857
0.75,0.962962962962963,0.5,0.6309297535714575,0.6309297535714575,1.0,1.0
0.75,0.8846153846153846,0.25,0.430676558073393,0.430676558073393,1.0,1.0
0.75,1.0,1.0,1.0,1.0,1.0,1.0
0.75,1.0,1.0,1.0,1.0,1.0,1.0
0.75,0.7765151515151515,0.25,0.1681275362711174,0.2856436410275446,0.25,0.5
0.75,0.7027027027027027,0.0833333333333333,0.0,0.0,0.0,0.0
0.75,0.4655172413793103,0.1666666666666666,0.0,0.1671604549662022,0.0,0.3333333333333333
0.75,0.6825396825396824,0.2,0.1815417925373526,0.3228087653971817,0.3333333333333333,0.6666666666666666
0.75,0.6333333333333333,0.3333333333333333,0.4161811555487308,0.55744812840856,0.6666666666666666,1.0
0.75,0.9655172413793104,0.5,0.6309297535714575,0.6309297535714575,1.0,1.0
0.75,0.9078947368421052,0.25,0.2640681225725909,0.482475559390755,0.5,1.0
0.75,0.6863636363636364,1.0,0.5531464700081437,0.5531464700081437,0.4,0.4
0.75,0.5802469135802468,0.25,0.2021073465005475,0.2021073465005475,0.3333333333333333,0.3333333333333333
0.75,0.4586776859504132,0.25,0.1460683498427064,0.2246633760228915,0.0909090909090909,0.2727272727272727
0.75,0.4747474747474747,0.04,0.0,0.0,0.0,0.0
0.75,0.7283950617283951,0.25,0.1681275362711174,0.1681275362711174,0.25,0.25
0.75,0.352,0.1111111111111111,0.0,0.2001366809542687,0.0,0.4
0.75,0.4210526315789473,0.0434782608695652,0.0,0.0,0.0,0.0
0.75,0.5147058823529411,0.1666666666666666,0.0,0.2184074368181641,0.0,0.5
0.75,0.7727272727272727,0.1666666666666666,0.0,0.3562071871080222,0.0,1.0
0.75,0.3796296296296296,0.3333333333333333,0.2346393630113782,0.2346393630113782,0.3333333333333333,0.3333333333333333
0.75,0.8977272727272727,0.5,0.3868528072345416,0.5640920940185894,0.5,1.0
0.75,0.2886597938144329,0.0081967213114754,0.0,0.0,0.0,0.0
0.75,0.4680851063829787,0.027027027027027,0.0,0.0,0.0,0.0
0.75,0.6666666666666666,0.125,0.0,0.3154648767857287,0.0,1.0
0.75,0.625,1.0,0.8503449055347546,0.8503449055347546,1.0,1.0
0.75,0.6510989010989011,0.2,0.1510196182278052,0.1510196182278052,0.25,0.25
0.75,0.880952380952381,0.3333333333333333,0.5437713091520254,0.5437713091520254,1.0,1.0
0.75,0.4696969696969696,0.2,0.2371977127692962,0.2371977127692962,0.5,0.5
0.75,0.2764705882352941,0.0166666666666666,0.0,0.0,0.0,0.0
0.75,0.1666666666666666,0.024390243902439,0.0,0.0,0.0,0.0
0.75,0.4540983606557376,0.1111111111111111,0.0,0.1020973951229116,0.0,0.2
0.75,0.6142857142857142,0.2,0.1510196182278052,0.1510196182278052,0.25,0.25
0.75,0.7674418604651163,0.0909090909090909,0.0,0.0,0.0,0.0
0.75,1.0,1.0,1.0,1.0,1.0,1.0
0.75,0.5238095238095237,0.0333333333333333,0.0,0.0,0.0,0.0
0.75,0.4035087719298245,0.0555555555555555,0.0,0.0,0.0,0.0
0.75,0.8958333333333334,0.5,0.3868528072345416,0.3868528072345416,0.5,0.5
0.75,0.2535211267605634,0.0227272727272727,0.0,0.0,0.0,0.0
0.75,0.7424242424242424,0.3333333333333333,0.2346393630113782,0.370291336443826,0.3333333333333333,0.6666666666666666
0.75,0.8823529411764706,0.25,0.2640681225725909,0.2640681225725909,0.5,0.5
0.75,0.3431372549019608,0.037037037037037,0.0,0.0,0.0,0.0
0.75,0.7203389830508474,0.0434782608695652,0.0,0.0,0.0,0.0
0.75,0.8707865168539326,0.0833333333333333,0.0,0.0,0.0,0.0
0.75,0.9444444444444444,0.5,0.6309297535714575,0.6309297535714575,1.0,1.0
0.75,1.0,1.0,1.0,1.0,1.0,1.0
0.75,1.0,1.0,1.0,1.0,1.0,1.0
0.75,0.5909090909090909,0.024390243902439,0.0,0.0,0.0,0.0
0.75,0.0,0.5,0.6309297535714575,0.6309297535714575,1.0,1.0
0.75,0.6666666666666667,1.0,0.6131471927654584,0.6131471927654584,0.5,0.5
0.75,0.217391304347826,0.027027027027027,0.0,0.0,0.0,0.0
0.75,0.6594827586206896,0.0666666666666666,0.0,0.0,0.0,0.0
0.75,0.8181818181818181,0.3333333333333333,0.5,0.5,1.0,1.0
0.75,0.1153846153846153,0.0833333333333333,0.0,0.0,0.0,0.0
0.75,0.6481481481481481,0.125,0.0,0.1934264036172708,0.0,0.5
0.75,0.320754716981132,0.0357142857142857,0.0,0.0,0.0,0.0
0.75,0.8235294117647058,0.25,0.430676558073393,0.430676558073393,1.0,1.0
0.75,0.384,0.02,0.0,0.0,0.0,0.0
0.75,0.3434579439252336,0.0192307692307692,0.0,0.0,0.0,0.0
0.75,0.6363636363636364,0.0588235294117647,0.0,0.0,0.0,0.0
0.75,0.6206896551724138,1.0,0.5087403079104241,0.5087403079104241,0.4,0.4
0.75,0.0,0.5,0.6309297535714575,0.6309297535714575,1.0,1.0
0.75,0.6759259259259259,0.0833333333333333,0.0,0.0,0.0,0.0
0.75,0.6263736263736264,0.0769230769230769,0.0,0.0,0.0,0.0
0.75,0.9857142857142858,0.5,0.6309297535714575,0.6309297535714575,1.0,1.0
0.75,0.7,0.5,0.3868528072345416,0.3868528072345416,0.5,0.5
0.75,0.5093333333333333,0.0833333333333333,0.0,0.0,0.0,0.0
0.75,0.0,0.125,0.0,0.3154648767857287,0.0,1.0
0.75,0.5931818181818183,0.3333333333333333,0.3156484524795145,0.2048342475185908,0.2,0.2
0.75,0.6604938271604938,0.0416666666666666,0.0,0.0,0.0,0.0
0.75,0.6875,0.1666666666666666,0.0,0.3562071871080222,0.0,1.0
0.75,0.5365853658536586,0.3333333333333333,0.2346393630113782,0.2346393630113782,0.3333333333333333,0.3333333333333333
0.75,0.71875,0.2,0.2371977127692962,0.4415801103577823,0.5,1.0
0.75,0.3333333333333333,0.1428571428571428,0.0,0.3333333333333333,0.0,1.0
0.75,0.5696969696969697,0.0666666666666666,0.0,0.0,0.0,0.0
0.75,0.4126984126984127,0.1428571428571428,0.0,0.1564262420075854,0.0,0.3333333333333333
0.75,0.39375,0.5,0.24630238874073,0.24630238874073,0.25,0.25
0.75,0.3,0.0344827586206896,0.0,0.0,0.0,0.0
0.75,0.037037037037037,0.037037037037037,0.0,0.0,0.0,0.0
0.75,0.5386904761904762,0.1111111111111111,0.0,0.091092403223458,0.0,0.1666666666666666
0.75,0.7125,0.125,0.0,0.1934264036172708,0.0,0.5
0.75,0.4353448275862069,0.0476190476190476,0.0,0.0,0.0,0.0
0.75,0.9761904761904762,0.3333333333333333,0.5,0.5,1.0,1.0
0.75,0.8721311475409835,1.0,0.3391602052736161,0.4412576003965278,0.2,0.4
0.75,0.6923076923076923,0.2,0.3868528072345416,0.3868528072345416,1.0,1.0
0.75,0.0769230769230768,0.0769230769230769,0.0,0.0,0.0,0.0
0.75,0.8999999999999999,0.25,0.1460683498427064,0.4820304494229843,0.2,0.8
0.75,0.4928571428571429,0.0294117647058823,0.0,0.0,0.0,0.0
0.75,0.367816091954023,0.3333333333333333,0.169580102636808,0.1513012067494067,0.1666666666666666,0.1666666666666666
0.75,0.4933510638297872,0.125,0.0,0.0797945385624481,0.0,0.125
0.75,0.275,0.0666666666666666,0.0,0.0,0.0,0.0
0.75,0.6973684210526315,1.0,0.3391602052736161,0.3391602052736161,0.2,0.2
0.75,0.4,0.3333333333333333,0.3065735963827292,0.3065735963827292,0.5,0.5
0.75,0.88,1.0,0.6131471927654584,0.8065735963827293,0.5,1.0
0.75,0.5682961897915169,1.0,0.5087403079104241,0.3301376494471202,0.0769230769230769,0.0769230769230769
0.75,0.375,0.5,0.3868528072345416,0.6052602440527057,0.5,1.0
0.75,0.7435897435897436,0.0909090909090909,0.0,0.0,0.0,0.0
0.75,0.6229166666666667,1.0,0.3391602052736161,0.4461533376408799,0.2,0.4
0.75,0.7592592592592593,0.2,0.2371977127692962,0.2371977127692962,0.5,0.5
0.75,0.8571428571428572,0.25,0.2640681225725909,0.448643819352159,0.5,1.0
0.75,0.5909090909090908,0.5,0.3868528072345416,0.5640920940185894,0.5,1.0
0.75,1.0,1.0,1.0,1.0,1.0,1.0
0.75,0.6650943396226415,0.25,0.1460683498427064,0.1303237659103706,0.1666666666666666,0.1666666666666666
0.75,0.4285714285714285,0.25,0.2640681225725909,0.2640681225725909,0.5,0.5
0.75,0.2105263157894736,0.0625,0.0,0.0,0.0,0.0
0.75,0.5117370892018779,0.0526315789473684,0.0,0.0,0.0,0.0
0.75,1.0,1.0,1.0,1.0,1.0,1.0
0.75,0.5416666666666666,0.25,0.1460683498427064,0.2177954800117788,0.1666666666666666,0.3333333333333333
0.75,0.475,0.3333333333333333,0.3065735963827292,0.3065735963827292,0.5,0.5
0.75,0.6166666666666667,0.1428571428571428,0.0,0.2043823975884861,0.0,0.5
0.75,0.0,0.25,0.430676558073393,0.430676558073393,1.0,1.0
0.75,0.2631578947368421,0.0666666666666666,0.0,0.0,0.0,0.0
0.75,0.5,0.5,0.6309297535714575,0.6309297535714575,1.0,1.0
0.75,0.0,0.3333333333333333,0.5,0.5,1.0,1.0
0.75,0.0,0.5,0.6309297535714575,0.6309297535714575,1.0,1.0
0.75,0.4611111111111111,1.0,0.4692787260227564,0.4692787260227564,0.3333333333333333,0.3333333333333333
0.75,0.5,0.25,0.2640681225725909,0.2640681225725909,0.5,0.5
0.75,0.6104651162790697,0.125,0.0,0.0694312219367772,0.0,0.0833333333333333
0.75,0.796875,0.3333333333333333,0.3065735963827292,0.3065735963827292,0.5,0.5
0.75,0.5714285714285714,0.25,0.430676558073393,0.430676558073393,1.0,1.0
0.75,0.5447330447330447,0.125,0.0,0.0694312219367772,0.0,0.0714285714285714
0.75,0.5711805555555556,1.0,0.3391602052736161,0.2529427027676571,0.125,0.125
0.75,0.8166666666666667,0.0833333333333333,0.0,0.0,0.0,0.0
0.75,0.0416666666666666,0.0416666666666666,0.0,0.0,0.0,0.0
0.75,0.6395348837209303,0.0625,0.0,0.0,0.0,0.0
0.75,0.4193548387096774,0.1,0.0,0.1356519734324477,0.0,0.3333333333333333
0.75,0.9090909090909092,0.5,0.6309297535714575,0.6309297535714575,1.0,1.0
0.75,0.9830508474576272,0.5,0.6309297535714575,0.6309297535714575,1.0,1.0
0.75,0.5418719211822659,0.125,0.0,0.1661709079268871,0.0,0.2857142857142857
0.75,0.6777108433734941,0.2,0.1510196182278052,0.2638647595767405,0.25,0.5
0.75,0.5454545454545454,0.0909090909090909,0.0,0.0,0.0,0.0
0.75,0.6322751322751323,0.125,0.0,0.0867138284941197,0.0,0.1428571428571428
0.75,0.4583333333333333,0.5,0.3973220069685352,0.3973220069685352,0.5,0.5
0.75,0.4978813559322034,0.1,0.0,0.0731168384439099,0.0,0.125
0.75,0.8666666666666667,0.3333333333333333,0.5,0.5,1.0,1.0
0.75,0.7239583333333333,0.3333333333333333,0.2346393630113782,0.4017998179775804,0.3333333333333333,0.6666666666666666
0.75,0.4444444444444444,0.25,0.2021073465005475,0.2021073465005475,0.3333333333333333,0.3333333333333333
0.75,0.625,0.2,0.2371977127692962,0.4415801103577823,0.5,1.0
0.75,0.78017585931255,0.3333333333333333,0.169580102636808,0.1175227747072426,0.1111111111111111,0.1111111111111111
0.75,0.1666666666666666,0.0625,0.0,0.0,0.0,0.0
0.75,0.0,0.0833333333333333,0.0,0.0,0.0,0.0
0.75,0.3333333333333333,0.3333333333333333,0.5,0.5,1.0,1.0
0.75,0.4119496855345912,0.0232558139534883,0.0,0.0,0.0,0.0
0.75,0.65625,1.0,0.5855700749881525,0.7246262544989281,0.5,0.75
0.75,0.5297619047619048,0.0769230769230769,0.0,0.0,0.0,0.0
0.75,0.4638671875,0.5,0.2139862647345275,0.243903311380782,0.125,0.25
0.75,0.6888888888888889,0.3333333333333333,0.4161811555487308,0.4161811555487308,0.6666666666666666,0.6666666666666666
0.75,0.75,1.0,0.6131471927654584,0.8315546295836225,0.5,1.0
0.75,0.3333333333333333,0.3333333333333333,0.5,0.5,1.0,1.0
0.75,0.4488636363636363,0.1666666666666666,0.0,0.2184074368181641,0.0,0.5
0.75,0.7195767195767195,1.0,0.4692787260227564,0.6364391809889587,0.3333333333333333,0.6666666666666666
0.75,1.0,1.0,1.0,1.0,1.0,1.0
0.75,0.4666666666666667,0.0909090909090909,0.0,0.0,0.0,0.0
0.75,0.7756696428571429,1.0,0.6548086577531307,0.4883505467692415,0.375,0.375
0.75,0.4198113207547169,0.0454545454545454,0.0,0.0,0.0,0.0
0.75,0.875,1.0,0.8772153153380493,0.8772153153380493,1.0,1.0
0.75,0.7050505050505051,0.0909090909090909,0.0,0.0,0.0,0.0
0.75,0.8200000000000001,0.2,0.2371977127692962,0.4415801103577823,0.5,1.0
0.75,0.5271739130434783,0.25,0.1681275362711174,0.298254219601818,0.25,0.5
0.75,0.9583333333333334,0.5,0.6240505200038379,0.6240505200038379,1.0,1.0
0.75,0.4802919708029197,0.1111111111111111,0.0,0.1020973951229116,0.0,0.2
0.75,0.4576271186440678,0.04,0.0,0.0,0.0,0.0
0.75,0.613095238095238,0.1666666666666666,0.0,0.1671604549662022,0.0,0.3333333333333333
0.75,0.6956521739130435,1.0,0.4692787260227564,0.4692787260227564,0.3333333333333333,0.3333333333333333
0.75,0.4166666666666667,0.0769230769230769,0.0,0.0,0.0,0.0
0.75,0.6201923076923077,0.25,0.1681275362711174,0.1681275362711174,0.25,0.25
0.75,0.6666666666666667,0.5,0.6309297535714575,0.6309297535714575,1.0,1.0
0.75,0.5595238095238095,0.0555555555555555,0.0,0.0,0.0,0.0
0.75,0.625,0.1428571428571428,0.0,0.3333333333333333,0.0,1.0
0.75,0.4583333333333333,0.1666666666666666,0.0,0.3956467236022118,0.0,1.0
0.75,0.575,1.0,0.5531464700081437,0.4935232796777481,0.3333333333333333,0.3333333333333333
0.75,0.8181818181818181,0.3333333333333333,0.5,0.5,1.0,1.0
0.75,0.7711864406779662,0.0833333333333333,0.0,0.0,0.0,0.0
0.75,0.2916666666666667,0.0172413793103448,0.0,0.0,0.0,0.0
0.75,0.1818181818181817,0.1,0.0,0.2890648263178879,0.0,1.0
0.75,0.5277777777777778,0.0555555555555555,0.0,0.0,0.0,0.0
0.75,1.0,1.0,1.0,1.0,1.0,1.0
0.75,1.0,1.0,1.0,1.0,1.0,1.0
0.75,1.0,1.0,1.0,1.0,1.0,1.0
0.75,0.125,0.0666666666666666,0.0,0.0,0.0,0.0
0.75,0.36875,0.0476190476190476,0.0,0.0,0.0,0.0
0.75,0.4723502304147465,0.0454545454545454,0.0,0.0,0.0,0.0
0.75,0.7765151515151516,0.125,0.0,0.2359963357193002,0.0,0.5
0.75,0.2424242424242424,0.0384615384615384,0.0,0.0,0.0,0.0
0.75,0.4983606557377049,0.1666666666666666,0.0,0.1208113026994942,0.0,0.2
0.75,0.5841924398625429,0.1666666666666666,0.0,0.2032495876139783,0.0,0.3333333333333333
0.75,0.6541666666666667,0.0666666666666666,0.0,0.0,0.0,0.0
0.75,1.0,1.0,1.0,1.0,1.0,1.0
0.75,0.8,0.3333333333333333,0.5,0.5,1.0,1.0
0.75,0.3157894736842105,0.0714285714285714,0.0,0.0,0.0,0.0
0.75,0.6813725490196078,0.5,0.24630238874073,0.3591475300896652,0.25,0.5
0.75,0.6666666666666667,0.25,0.430676558073393,0.430676558073393,1.0,1.0
0.75,0.6153846153846154,0.0833333333333333,0.0,0.0,0.0,0.0
0.75,0.5735294117647058,0.0833333333333333,0.0,0.0,0.0,0.0
0.75,0.8,1.0,0.6131471927654584,0.8065735963827293,0.5,1.0
0.75,0.6363636363636364,0.3333333333333333,0.3065735963827292,0.3065735963827292,0.5,0.5
0.75,0.3527777777777778,0.1428571428571428,0.0,0.0783485164714951,0.0,0.1111111111111111
0.75,0.7159090909090908,0.0909090909090909,0.0,0.0,0.0,0.0
0.75,0.7192622950819672,0.25,0.1681275362711174,0.1681275362711174,0.25,0.25
0.75,0.6363636363636364,0.2,0.3868528072345416,0.3868528072345416,1.0,1.0
0.75,0.6363636363636364,1.0,0.4692787260227564,0.6364391809889587,0.3333333333333333,0.6666666666666666
0.75,0.4976415094339623,0.5,0.2139862647345275,0.2327059155688063,0.125,0.25
0.75,0.5862068965517242,0.1428571428571428,0.0,0.1008674711662711,0.0,0.1666666666666666
0.75,0.4399999999999999,0.0344827586206896,0.0,0.0,0.0,0.0
0.75,0.6082474226804123,0.25,0.2640681225725909,0.2640681225725909,0.5,0.5
0.75,0.6776315789473685,0.1666666666666666,0.0,0.2691828628414762,0.0,0.5
0.75,1.0,1.0,1.0,1.0,1.0,1.0
0.75,0.6717948717948717,1.0,0.3391602052736161,0.4522136070314881,0.2,0.4
0.75,0.5824468085106382,0.3333333333333333,0.1951900249960508,0.1951900249960508,0.25,0.25
0.75,0.3602941176470587,0.0294117647058823,0.0,0.0,0.0,0.0
0.75,1.0,1.0,1.0,1.0,1.0,1.0
0.75,0.9393939393939394,0.3333333333333333,0.5706417189553201,0.5706417189553201,1.0,1.0
0.75,0.1902985074626866,0.0192307692307692,0.0,0.0,0.0,0.0
0.75,0.6208333333333332,0.1111111111111111,0.0,0.1412669728598289,0.0,0.3333333333333333
0.75,0.6666666666666666,0.0454545454545454,0.0,0.0,0.0,0.0
0.75,0.4027777777777777,0.0833333333333333,0.0,0.0,0.0,0.0
0.75,0.7452830188679245,0.3333333333333333,0.1951900249960508,0.1951900249960508,0.25,0.25
0.75,0.3118279569892472,0.0256410256410256,0.0,0.0,0.0,0.0
0.75,0.4821428571428571,1.0,0.3903800499921017,0.3903800499921017,0.25,0.25
0.75,0.8967213114754098,1.0,0.5531464700081437,0.5107164012496701,0.2,0.4
0.75,1.0,1.0,1.0,1.0,1.0,1.0
0.75,0.926829268292683,0.25,0.430676558073393,0.430676558073393,1.0,1.0
0.75,0.4444444444444444,0.0909090909090909,0.0,0.0,0.0,0.0
0.75,0.5043290043290043,0.1428571428571428,0.0,0.0783485164714951,0.0,0.1111111111111111
0.75,0.7,0.1666666666666666,0.0,0.2184074368181641,0.0,0.5
0.75,0.4722222222222222,0.125,0.0,0.123151194370365,0.0,0.25
0.75,0.6578947368421053,1.0,0.3391602052736161,0.3628869103342174,0.0909090909090909,0.2727272727272727
0.75,0.6173228346456694,0.0909090909090909,0.0,0.0,0.0,0.0
0.75,0.0208333333333333,0.0416666666666666,0.0,0.0,0.0,0.0
0.75,0.5357142857142857,0.0666666666666666,0.0,0.0,0.0,0.0
0.75,0.7196969696969697,0.0833333333333333,0.0,0.0,0.0,0.0
0.75,0.0,0.5,0.6309297535714575,0.6309297535714575,1.0,1.0
0.75,0.592436974789916,0.25,0.1460683498427064,0.1183827929553629,0.1428571428571428,0.1428571428571428
0.75,0.0,0.0769230769230769,0.0,0.0,0.0,0.0
0.75,0.6326530612244898,0.0909090909090909,0.0,0.0,0.0,0.0
0.75,0.5675675675675675,0.0714285714285714,0.0,0.0,0.0,0.0
0.75,1.0,1.0,1.0,1.0,1.0,1.0
0.75,1.0,1.0,1.0,1.0,1.0,1.0
0.75,0.9090909090909092,0.3333333333333333,0.5,0.5,1.0,1.0
0.75,0.7741935483870968,0.125,0.0,0.3154648767857287,0.0,1.0
0.75,0.9466666666666668,0.5,0.3868528072345416,0.5714285040141098,0.5,1.0
0.75,0.6304347826086956,0.1666666666666666,0.0,0.2184074368181641,0.0,0.5
0.75,0.6084905660377359,0.0769230769230769,0.0,0.0,0.0,0.0
0.75,0.53125,0.0625,0.0,0.0,0.0,0.0
0.75,0.5714285714285714,0.1428571428571428,0.0,0.3333333333333333,0.0,1.0
0.75,0.1929824561403508,0.0833333333333333,0.0,0.0,0.0,0.0
0.75,0.7678571428571429,0.2,0.2371977127692962,0.2371977127692962,0.5,0.5
0.75,0.8103448275862069,0.0833333333333333,0.0,0.0,0.0,0.0
0.75,0.8095238095238095,0.2,0.3868528072345416,0.3868528072345416,1.0,1.0
0.75,0.2985074626865671,0.0208333333333333,0.0,0.0,0.0,0.0
0.75,0.4444444444444444,0.125,0.0,0.1356854453911662,0.0,0.074074074074074
0.75,0.967741935483871,1.0,0.8772153153380493,0.8772153153380493,1.0,1.0
0.75,0.2439024390243902,0.0344827586206896,0.0,0.0,0.0,0.0
0.75,0.5945945945945946,0.25,0.2640681225725909,0.2640681225725909,0.5,0.5
0.75,0.7054263565891473,0.1666666666666666,0.0,0.3084274278260313,0.0,0.6666666666666666
0.75,0.6940035273368607,0.25,0.1460683498427064,0.2257841989998379,0.1666666666666666,0.3333333333333333
0.75,0.8064516129032259,0.04,0.0,0.0,0.0,0.0
0.75,0.2258064516129032,0.0454545454545454,0.0,0.0,0.0,0.0
0.75,0.7794117647058824,0.3333333333333333,0.3065735963827292,0.3065735963827292,0.5,0.5
0.75,0.4373333333333333,0.0158730158730158,0.0,0.0,0.0,0.0
0.75,1.0,1.0,1.0,1.0,1.0,1.0
0.75,0.6851851851851851,0.0714285714285714,0.0,0.0,0.0,0.0
0.75,0.4464285714285714,0.1428571428571428,0.0,0.1564262420075854,0.0,0.3333333333333333
0.75,0.75,1.0,0.4703652827859579,0.5773584151532217,0.4,0.6
0.75,0.7720588235294118,0.2,0.1510196182278052,0.1510196182278052,0.25,0.25
0.75,0.4852941176470588,0.0333333333333333,0.0,0.0,0.0,0.0
0.75,0.8525641025641025,0.2,0.1815417925373526,0.1815417925373526,0.3333333333333333,0.3333333333333333
0.75,0.8571428571428571,0.25,0.5012658353418871,0.5012658353418871,1.0,1.0
0.75,1.0,1.0,1.0,1.0,1.0,1.0
0.75,0.9545454545454546,0.5,0.6309297535714575,0.6309297535714575,1.0,1.0
0.75,0.4,0.0769230769230769,0.0,0.0,0.0,0.0
0.75,0.9090909090909092,0.3333333333333333,0.5,0.5,1.0,1.0
0.75,0.7916666666666666,0.1666666666666666,0.0,0.3562071871080222,0.0,1.0
0.75,0.6481481481481481,0.25,0.2640681225725909,0.2640681225725909,0.5,0.5
0.75,0.0957446808510638,0.0086206896551724,0.0,0.0,0.0,0.0
0.75,0.1931818181818181,0.0181818181818181,0.0,0.0,0.0,0.0
0.75,0.5710843373493976,0.0588235294117647,0.0,0.0,0.0,0.0
0.75,0.5277777777777777,0.0909090909090909,0.0,0.0,0.0,0.0
0.75,0.963963963963964,1.0,0.6713860725233041,0.6713860725233041,0.6666666666666666,0.6666666666666666
0.75,0.6,0.3333333333333333,0.5,0.5,1.0,1.0
0.75,0.6851851851851852,1.0,0.4692787260227564,0.6364391809889587,0.3333333333333333,0.6666666666666666
0.75,0.4015151515151515,0.0416666666666666,0.0,0.0,0.0,0.0
0.75,0.5222222222222223,0.0769230769230769,0.0,0.0,0.0,0.0
0.75,0.783132530120482,0.3333333333333333,0.2346393630113782,0.2346393630113782,0.3333333333333333,0.3333333333333333
0.75,0.4666666666666667,0.25,0.2640681225725909,0.2640681225725909,0.5,0.5
0.75,0.5339080459770115,0.03125,0.0,0.0,0.0,0.0
0.75,0.375,0.0625,0.0,0.0,0.0,0.0
0.75,0.56,0.2,0.2371977127692962,0.2371977127692962,0.5,0.5
0.75,0.375,0.0588235294117647,0.0,0.0,0.0,0.0
0.75,0.7142857142857143,0.3333333333333333,0.5,0.5,1.0,1.0
0.75,0.2888888888888888,0.0147058823529411,0.0,0.0,0.0,0.0
0.75,0.3114285714285714,0.0303030303030303,0.0,0.0,0.0,0.0
0.75,1.0,1.0,1.0,1.0,1.0,1.0
0.75,0.7938596491228069,0.3333333333333333,0.3633175612671683,0.3633175612671683,0.5,0.5
0.75,0.9230769230769232,0.1666666666666666,0.0,0.3562071871080222,0.0,1.0
0.75,0.3541666666666667,0.1666666666666666,0.0,0.1671604549662022,0.0,0.3333333333333333
0.75,0.6190476190476191,0.1428571428571428,0.0,0.1564262420075854,0.0,0.3333333333333333
0.75,0.74212271973466,0.3333333333333333,0.169580102636808,0.2012476887064361,0.1111111111111111,0.2222222222222222
0.75,0.4567901234567901,0.0555555555555555,0.0,0.0,0.0,0.0
0.75,0.5714285714285714,0.25,0.1460683498427064,0.2805858936934504,0.1428571428571428,0.4285714285714285
0.75,0.3333333333333333,0.3333333333333333,0.5,0.5,1.0,1.0
0.75,0.4827586206896551,0.0625,0.0,0.0,0.0,0.0
0.75,0.4012345679012346,0.1111111111111111,0.0,0.1412669728598289,0.0,0.3333333333333333
0.75,0.632183908045977,0.125,0.0,0.1934264036172708,0.0,0.5
0.75,0.8333333333333334,0.2,0.3868528072345416,0.3868528072345416,1.0,1.0
0.75,0.4187763713080168,0.0454545454545454,0.0,0.0,0.0,0.0
0.75,0.2435897435897436,0.0666666666666666,0.0,0.0,0.0,0.0
0.75,0.6666666666666667,0.3333333333333333,0.5,0.5,1.0,1.0
0.75,0.6666666666666667,1.0,0.6131471927654584,0.6131471927654584,0.5,0.5
0.75,0.3140495867768594,0.0142857142857142,0.0,0.0,0.0,0.0
0.75,0.5343137254901961,0.1,0.0,0.1356519734324477,0.0,0.3333333333333333
0.75,0.7072649572649573,0.0476190476190476,0.0,0.0,0.0,0.0
0.75,0.5582329317269076,0.1428571428571428,0.0,0.1564262420075854,0.0,0.3333333333333333
0.75,0.5833333333333334,0.2,0.2371977127692962,0.430624116386567,0.5,1.0
0.75,0.7678571428571429,0.25,0.2640681225725909,0.2640681225725909,0.5,0.5
0.75,1.0,1.0,1.0,1.0,1.0,1.0
0.75,0.6706730769230769,1.0,0.4703652827859579,0.4305888359652657,0.25,0.375
0.75,0.8333333333333334,0.3333333333333333,0.5,0.5,1.0,1.0
0.75,0.9285714285714284,0.125,0.0,0.1934264036172708,0.0,0.5
0.75,0.5,1.0,0.3903800499921017,0.5032251913410369,0.25,0.5
0.75,0.2727272727272727,0.1428571428571428,0.0,0.2043823975884861,0.0,0.5
0.75,0.6658878504672897,0.2,0.1312050775123417,0.1821658288910461,0.125,0.25
0.75,0.6226415094339622,1.0,0.3391602052736161,0.3391602052736161,0.2,0.2
0.75,0.0,0.1428571428571428,0.0,0.3333333333333333,0.0,1.0
0.75,0.3333333333333333,0.1428571428571428,0.0,0.3333333333333333,0.0,1.0
0.75,0.4019607843137255,0.0666666666666666,0.0,0.0,0.0,0.0
0.75,0.5454545454545454,0.5,0.2139862647345275,0.3170201498246919,0.125,0.375
0.75,0.6812499999999999,1.0,0.5413996682199069,0.5413996682199069,0.5,0.5
0.75,0.7450980392156863,0.0714285714285714,0.0,0.0,0.0,0.0
0.75,0.5255102040816326,0.3333333333333333,0.169580102636808,0.1374381664571454,0.1428571428571428,0.1428571428571428
0.75,0.25,0.1428571428571428,0.0,0.3333333333333333,0.0,1.0
0.75,0.6111111111111112,1.0,0.6131471927654584,0.6131471927654584,0.5,0.5
0.75,0.6,0.1428571428571428,0.0,0.113053401757872,0.0,0.2
0.75,0.7377450980392156,0.0666666666666666,0.0,0.0,0.0,0.0
0.75,0.6666666666666667,0.3333333333333333,0.5,0.5,1.0,1.0
0.75,0.9455958549222798,0.0909090909090909,0.0,0.0,0.0,0.0
0.75,0.6973180076628352,0.5,0.2139862647345275,0.1482972305701491,0.1111111111111111,0.1111111111111111
0.75,0.8333333333333333,0.2,0.1815417925373526,0.1815417925373526,0.3333333333333333,0.3333333333333333
0.75,0.0,0.1428571428571428,0.0,0.3333333333333333,0.0,1.0
0.75,0.524390243902439,0.3333333333333333,0.3065735963827292,0.3065735963827292,0.5,0.5
0.75,0.6776315789473684,1.0,0.5087403079104241,0.3937584376460719,0.1052631578947368,0.1578947368421052
0.75,0.2916666666666666,0.0263157894736842,0.0,0.0,0.0,0.0
0.75,0.9411764705882352,1.0,0.6713860725233041,0.8278123145308894,0.6666666666666666,1.0
0.75,0.4736842105263157,0.0833333333333333,0.0,0.0,0.0,0.0
0.75,0.8493589743589745,1.0,0.4692787260227564,0.6364391809889587,0.3333333333333333,0.6666666666666666
0.75,0.945054945054945,0.0909090909090909,0.0,0.0,0.0,0.0
0.75,0.5186813186813186,0.0384615384615384,0.0,0.0,0.0,0.0
0.75,0.3559782608695652,0.0277777777777777,0.0,0.0,0.0,0.0
0.75,0.7953125,0.2,0.1312050775123417,0.3650697819697079,0.2,0.6
0.75,0.7827102803738317,0.1,0.0,0.1128451413489352,0.0,0.25
0.75,0.2894736842105263,0.125,0.0,0.1480409554829326,0.0,0.3333333333333333
0.75,0.8571428571428572,0.5,0.4144299250118475,0.4144299250118475,0.5,0.5
0.75,0.1956521739130434,0.027027027027027,0.0,0.0,0.0,0.0
0.75,0.6824324324324325,0.0769230769230769,0.0,0.0,0.0,0.0
0.75,0.8921568627450981,1.0,0.4692787260227564,0.7720911544214064,0.3333333333333333,1.0
0.75,0.9743589743589745,1.0,0.7653606369886217,0.932521091954824,0.6666666666666666,1.0
0.75,0.8782608695652174,0.0666666666666666,0.0,0.0,0.0,0.0
0.75,0.3742690058479532,0.0625,0.0,0.0,0.0,0.0
0.75,0.4950980392156863,0.5,0.24630238874073,0.369453583111095,0.25,0.5
0.75,0.6458015267175573,0.1428571428571428,0.0,0.07336392209936,0.0,0.1
0.75,0.5,0.2,0.3868528072345416,0.3868528072345416,1.0,1.0
0.75,0.2,0.25,0.2640681225725909,0.4684505201610769,0.5,1.0
0.75,0.8783068783068783,0.2,0.1815417925373526,0.3379680345449381,0.3333333333333333,0.6666666666666666
0.75,0.6956521739130435,0.5,0.4414924137367808,0.4414924137367808,0.5,0.5
0.75,0.5,0.125,0.0,0.3154648767857287,0.0,1.0
0.75,0.4884848484848484,0.037037037037037,0.0,0.0,0.0,0.0
0.75,0.4156976744186046,0.0769230769230769,0.0,0.0,0.0,0.0
0.75,0.3090277777777777,0.037037037037037,0.0,0.0,0.0,0.0
0.75,0.1666666666666666,0.1666666666666666,0.0,0.3562071871080222,0.0,1.0
0.75,0.625,0.0454545454545454,0.0,0.0,0.0,0.0
0.75,0.712121212121212,0.1111111111111111,0.0,0.1845756967795681,0.0,0.5
0.75,1.0,1.0,1.0,1.0,1.0,1.0
0.75,0.5585585585585586,0.0588235294117647,0.0,0.0,0.0,0.0
0.75,0.9259259259259258,1.0,0.9060254355346824,0.9060254355346824,1.0,1.0
0.75,0.527363184079602,0.0666666666666666,0.0,0.0,0.0,0.0
0.75,0.5238095238095238,0.1428571428571428,0.0,0.1564262420075854,0.0,0.3333333333333333
0.75,0.2222222222222222,0.0666666666666666,0.0,0.0,0.0,0.0
0.75,0.6691176470588235,0.1428571428571428,0.0,0.1301266833307005,0.0,0.25
0.75,0.875,0.3333333333333333,0.5,0.5,1.0,1.0
0.75,0.8125,0.1666666666666666,0.0,0.2622073738811406,0.0,0.5
0.75,0.8481203007518797,1.0,0.7227265726449519,0.6684881776649958,0.4285714285714285,0.5714285714285714
0.75,0.3333333333333333,0.1428571428571428,0.0,0.3333333333333333,0.0,1.0
0.75,0.5172413793103448,0.3333333333333333,0.3065735963827292,0.3065735963827292,0.5,0.5
0.75,0.9523809523809524,0.3333333333333333,0.5706417189553201,0.5706417189553201,1.0,1.0
0.75,0.6702702702702702,0.5,0.3451913422468693,0.3451913422468693,0.4,0.4
0.75,0.6363636363636364,0.1111111111111111,0.0,0.3010299956639812,0.0,1.0
0.75,0.2156862745098039,0.024390243902439,0.0,0.0,0.0,0.0
0.75,0.5529411764705882,0.0434782608695652,0.0,0.0,0.0,0.0
0.75,0.6380741560597676,0.5,0.360054614577234,0.2336508082431053,0.1538461538461538,0.1538461538461538
0.75,0.6522556390977443,0.1428571428571428,0.0,0.1427951440361373,0.0,0.1428571428571428
0.75,0.4131944444444444,0.0476190476190476,0.0,0.0,0.0,0.0
0.75,0.9416666666666668,0.5,0.5147714448836774,0.7149081258379462,0.6,1.0
0.75,0.6188118811881189,0.032258064516129,0.0,0.0,0.0,0.0
0.75,0.5111111111111111,0.1666666666666666,0.0,0.1208113026994942,0.0,0.2
0.75,0.7135802469135801,0.0434782608695652,0.0,0.0,0.0,0.0
0.75,0.6296610169491527,0.2,0.1312050775123417,0.1545743395783982,0.1,0.2
0.75,0.7,0.25,0.430676558073393,0.430676558073393,1.0,1.0
0.75,0.6976744186046512,0.2,0.2371977127692962,0.2371977127692962,0.5,0.5
0.75,0.8125,1.0,0.8503449055347546,0.8503449055347546,1.0,1.0
0.75,0.8035714285714286,0.25,0.2640681225725909,0.4413074093566386,0.5,1.0
0.75,0.5,0.25,0.430676558073393,0.430676558073393,1.0,1.0
0.75,0.5854166666666667,0.0222222222222222,0.0,0.0,0.0,0.0
0.75,0.6071428571428572,0.2,0.1815417925373526,0.1815417925373526,0.3333333333333333,0.3333333333333333
0.75,0.875,1.0,0.8772153153380493,0.8772153153380493,1.0,1.0
0.75,0.4761904761904761,0.125,0.0,0.1934264036172708,0.0,0.5
0.75,0.7333333333333334,0.2,0.3868528072345416,0.3868528072345416,1.0,1.0
0.75,0.3028169014084507,0.0476190476190476,0.0,0.0,0.0,0.0
0.75,0.5208333333333334,0.0555555555555555,0.0,0.0,0.0,0.0
0.75,0.7051282051282052,0.1666666666666666,0.0,0.1671604549662022,0.0,0.3333333333333333
0.75,0.3163265306122449,0.1,0.0,0.1356519734324477,0.0,0.3333333333333333
0.75,0.6153846153846154,0.1666666666666666,0.0,0.3562071871080222,0.0,1.0
0.75,0.8333333333333334,0.2,0.3868528072345416,0.3868528072345416,1.0,1.0
0.75,0.6807511737089202,1.0,0.4692787260227564,0.6105456988825855,0.3333333333333333,0.6666666666666666
0.75,0.7416666666666666,0.3333333333333333,0.2346393630113782,0.4017998179775804,0.3333333333333333,0.6666666666666666
0.75,0.4894578313253012,0.5,0.24630238874073,0.24630238874073,0.25,0.25
0.75,0.5284090909090909,0.3333333333333333,0.1951900249960508,0.3183412193664158,0.25,0.5
0.75,0.6250000000000001,0.0588235294117647,0.0,0.0,0.0,0.0
0.75,0.764814814814815,0.3333333333333333,0.169580102636808,0.169580102636808,0.2,0.2
0.75,0.3275862068965517,0.0384615384615384,0.0,0.0,0.0,0.0
0.75,0.183673469387755,0.0384615384615384,0.0,0.0,0.0,0.0
0.75,0.56,0.3333333333333333,0.1951900249960508,0.3253167083267513,0.25,0.5
0.75,0.6078947368421053,0.5,0.24630238874073,0.24630238874073,0.25,0.25
0.75,0.84,0.2,0.3868528072345416,0.3868528072345416,1.0,1.0
0.75,0.7307692307692308,0.25,0.1681275362711174,0.1681275362711174,0.25,0.25
0.75,0.5063291139240507,0.025,0.0,0.0,0.0,0.0
0.75,0.7941176470588236,0.25,0.2640681225725909,0.2640681225725909,0.5,0.5
0.75,0.04,0.0082644628099173,0.0,0.0,0.0,0.0
0.75,0.9125,1.0,0.6131471927654584,0.7977228895450266,0.5,1.0
0.75,0.8466666666666667,0.25,0.2021073465005475,0.3377593199329953,0.3333333333333333,0.6666666666666666
0.75,0.5245901639344261,1.0,0.3391602052736161,0.3391602052736161,0.2,0.2
0.75,0.5833333333333333,0.5,0.2960819109658652,0.5730008572581421,0.3333333333333333,1.0
0.75,0.6060606060606061,0.0714285714285714,0.0,0.0,0.0,0.0
0.75,0.55,0.1428571428571428,0.0,0.1301266833307005,0.0,0.25
0.75,0.6244897959183674,0.5,0.3835663673713356,0.3835663673713356,0.4,0.4
0.75,0.6666666666666667,0.5,0.6309297535714575,0.6309297535714575,1.0,1.0
0.75,0.2254901960784313,0.032258064516129,0.0,0.0,0.0,0.0
0.75,0.4038461538461538,0.0588235294117647,0.0,0.0,0.0,0.0
0.75,0.4285714285714286,0.3333333333333333,0.3065735963827292,0.3065735963827292,0.5,0.5
0.75,1.0,1.0,1.0,1.0,1.0,1.0
0.75,0.5652173913043479,0.0909090909090909,0.0,0.0,0.0,0.0
0.75,0.6666666666666667,0.5,0.6309297535714575,0.6309297535714575,1.0,1.0
0.75,0.6833333333333333,0.1428571428571428,0.0,0.2043823975884861,0.0,0.5
0.75,0.5208333333333334,0.0476190476190476,0.0,0.0,0.0,0.0
0.75,0.6859504132231404,0.0909090909090909,0.0,0.0,0.0,0.0
0.75,0.84,0.2,0.3868528072345416,0.3868528072345416,1.0,1.0
0.75,0.5375,0.0769230769230769,0.0,0.0,0.0,0.0
0.75,0.6804577464788732,0.1111111111111111,0.0,0.1492601791612934,0.0,0.25
0.75,0.7066666666666667,0.0434782608695652,0.0,0.0,0.0,0.0
0.75,1.0,1.0,1.0,1.0,1.0,1.0
0.75,0.8,1.0,0.8772153153380493,0.8772153153380493,1.0,1.0
0.75,0.8591549295774648,0.0909090909090909,0.0,0.0,0.0,0.0
0.75,0.6413043478260869,0.3333333333333333,0.3065735963827292,0.3065735963827292,0.5,0.5
0.75,0.9272727272727274,0.5,0.4776237035032179,0.4776237035032179,0.6666666666666666,0.6666666666666666
0.75,0.7894736842105263,0.2,0.2371977127692962,0.4556051495874603,0.5,1.0
0.75,0.6756756756756757,0.0769230769230769,0.0,0.0,0.0,0.0
0.75,0.3541666666666666,0.1,0.0,0.1356519734324477,0.0,0.3333333333333333
0.75,0.5032520325203251,0.0454545454545454,0.0,0.0,0.0,0.0
0.75,1.0,1.0,1.0,1.0,1.0,1.0
0.75,0.4285714285714286,0.1111111111111111,0.0,0.1412669728598289,0.0,0.3333333333333333
0.75,0.8809523809523809,0.1666666666666666,0.0,0.3562071871080222,0.0,1.0
0.75,0.75,0.5,0.6934264036172708,0.6934264036172708,1.0,1.0
0.75,0.7835497835497836,0.1666666666666666,0.0,0.1671604549662022,0.0,0.3333333333333333
0.75,0.6052227342549923,0.0434782608695652,0.0,0.0,0.0,0.0
0.75,1.0,1.0,1.0,1.0,1.0,1.0
0.75,1.0,1.0,1.0,1.0,1.0,1.0
0.75,0.9285714285714286,0.5,0.6309297535714575,0.6309297535714575,1.0,1.0
0.75,0.7545787545787546,0.0666666666666666,0.0,0.0,0.0,0.0
0.75,0.4739583333333333,0.0454545454545454,0.0,0.0,0.0,0.0
0.75,0.7192982456140351,1.0,0.6713860725233041,0.6713860725233041,0.6666666666666666,0.6666666666666666
0.75,0.4586466165413533,0.0909090909090909,0.0,0.0,0.0,0.0
0.75,0.7934782608695652,0.1,0.0,0.1772392867840477,0.0,0.5
0.75,0.4074074074074074,0.1,0.0,0.1128451413489352,0.0,0.25
0.75,0.425,0.0416666666666666,0.0,0.0,0.0,0.0
0.75,1.0,1.0,1.0,1.0,1.0,1.0
0.75,1.0,1.0,1.0,1.0,1.0,1.0
0.75,0.8529411764705882,0.25,0.2640681225725909,0.2640681225725909,0.5,0.5
0.75,0.4347826086956522,0.0714285714285714,0.0,0.0,0.0,0.0
0.75,0.1168831168831169,0.0144927536231884,0.0,0.0,0.0,0.0
0.75,0.4205069124423963,0.0149253731343283,0.0,0.0,0.0,0.0
0.75,0.3948717948717948,0.0294117647058823,0.0,0.0,0.0,0.0
0.75,0.7642276422764228,1.0,0.6843515475204855,0.6105858728157117,0.5,0.5
0.75,1.0,1.0,1.0,1.0,1.0,1.0
0.75,0.0,0.5,0.6309297535714575,0.6309297535714575,1.0,1.0
0.75,0.6944444444444444,0.25,0.2021073465005475,0.358533588508133,0.3333333333333333,0.6666666666666666
0.75,1.0,1.0,1.0,1.0,1.0,1.0
0.75,0.6944444444444444,0.5,0.2960819109658652,0.4373488838256942,0.3333333333333333,0.6666666666666666
0.75,0.5606060606060606,1.0,0.4692787260227564,0.6364391809889587,0.3333333333333333,0.6666666666666666
0.75,0.064516129032258,0.037037037037037,0.0,0.0,0.0,0.0
0.75,0.4959349593495935,0.0285714285714285,0.0,0.0,0.0,0.0
0.75,0.8666666666666667,1.0,0.5531464700081437,0.7870111744655099,0.4,0.8
0.75,0.6318840579710145,0.0769230769230769,0.0,0.0,0.0,0.0
0.75,0.5698924731182795,0.2,0.1815417925373526,0.1815417925373526,0.3333333333333333,0.3333333333333333
0.75,0.8632478632478632,0.125,0.0,0.1480409554829326,0.0,0.3333333333333333
0.75,0.3095238095238095,0.0357142857142857,0.0,0.0,0.0,0.0
0.75,0.5588235294117647,0.0625,0.0,0.0,0.0,0.0
0.75,0.6363636363636364,0.3333333333333333,0.2346393630113782,0.5391065605018962,0.3333333333333333,1.0
0.75,0.3467889908256881,0.037037037037037,0.0,0.0,0.0,0.0
0.75,0.5,0.3333333333333333,0.5,0.5,1.0,1.0
0.75,0.5125000000000001,0.0714285714285714,0.0,0.0,0.0,0.0
0.75,0.686046511627907,0.1428571428571428,0.0,0.2043823975884861,0.0,0.5
0.75,0.4667721518987341,0.0476190476190476,0.0,0.0,0.0,0.0
0.75,0.5142857142857142,0.0714285714285714,0.0,0.0,0.0,0.0
0.75,0.0,0.5,0.6309297535714575,0.6309297535714575,1.0,1.0
0.75,0.8122807017543859,0.1428571428571428,0.0,0.211092687589229,0.0,0.4
0.75,0.9166666666666666,0.3333333333333333,0.5,0.5,1.0,1.0
0.75,0.6049382716049383,0.0588235294117647,0.0,0.0,0.0,0.0
0.75,0.7967479674796748,0.1666666666666666,0.0,0.1671604549662022,0.0,0.3333333333333333
0.75,1.0,1.0,1.0,1.0,1.0,1.0
0.75,0.3076923076923077,0.0357142857142857,0.0,0.0,0.0,0.0
0.75,0.4149659863945578,0.0476190476190476,0.0,0.0,0.0,0.0
0.75,0.5057471264367817,0.0227272727272727,0.0,0.0,0.0,0.0
0.75,1.0,1.0,1.0,1.0,1.0,1.0
0.75,0.9090909090909092,0.5,0.6309297535714575,0.6309297535714575,1.0,1.0
0.75,0.25,0.25,0.430676558073393,0.430676558073393,1.0,1.0
0.75,0.1956521739130434,0.0125,0.0,0.0,0.0,0.0
0.75,0.6526315789473685,1.0,0.5531464700081437,0.5531464700081437,0.4,0.4
0.75,1.0,1.0,1.0,1.0,1.0,1.0
0.75,0.8461538461538461,1.0,1.0,0.8104616303452685,0.7142857142857143,0.7142857142857143
0.75,0.4625850340136054,0.0434782608695652,0.0,0.0,0.0,0.0
0.75,0.625,0.1428571428571428,0.0,0.3333333333333333,0.0,1.0
0.75,0.8490566037735849,0.3333333333333333,0.3065735963827292,0.3065735963827292,0.5,0.5
0.75,0.8472222222222222,0.1666666666666666,0.0,0.411833840435435,0.0,1.0
0.75,0.4166666666666666,0.25,0.2021073465005475,0.2021073465005475,0.3333333333333333,0.3333333333333333
0.75,0.5714285714285714,0.1428571428571428,0.0,0.3333333333333333,0.0,1.0
0.75,0.9361702127659576,0.3333333333333333,0.3065735963827292,0.5249810332008933,0.5,1.0
0.75,0.3846153846153846,0.0175438596491228,0.0,0.0,0.0,0.0
0.75,0.761904761904762,1.0,0.4692787260227564,0.4692787260227564,0.3333333333333333,0.3333333333333333
0.75,0.5196078431372548,0.0769230769230769,0.0,0.0,0.0,0.0
0.75,0.0,0.5,0.6309297535714575,0.6309297535714575,1.0,1.0
0.75,0.696078431372549,0.2,0.1312050775123417,0.1063366810302298,0.1428571428571428,0.1428571428571428
0.75,0.4,0.5,0.3868528072345416,0.5912352048230277,0.5,1.0
0.75,0.6770833333333333,0.1,0.0,0.1356519734324477,0.0,0.3333333333333333
0.75,0.6801643192488263,0.25,0.1460683498427064,0.1303237659103706,0.1666666666666666,0.1666666666666666
0.75,0.4155844155844156,0.0263157894736842,0.0,0.0,0.0,0.0
0.75,0.7413194444444444,1.0,0.5413996682199069,0.6804558477306826,0.5,0.75
0.75,0.631578947368421,0.2,0.2371977127692962,0.2371977127692962,0.5,0.5
0.75,1.0,1.0,1.0,1.0,1.0,1.0
0.75,0.0,0.25,0.430676558073393,0.430676558073393,1.0,1.0
0.75,0.4615384615384615,0.0666666666666666,0.0,0.0,0.0,0.0
0.75,0.4666666666666667,0.1111111111111111,0.0,0.091092403223458,0.0,0.1666666666666666
0.75,0.5,0.5,0.3868528072345416,0.6052602440527057,0.5,1.0
0.75,0.4583333333333333,0.25,0.1460683498427064,0.2317730746678625,0.0833333333333333,0.25
0.75,0.6666666666666667,0.5,0.6309297535714575,0.6309297535714575,1.0,1.0
0.75,0.1999999999999999,0.2,0.3868528072345416,0.3868528072345416,1.0,1.0
0.75,0.6333333333333333,0.0833333333333333,0.0,0.0,0.0,0.0
0.75,0.2272727272727273,0.0555555555555555,0.0,0.0,0.0,0.0
0.75,0.0,0.0588235294117647,0.0,0.0,0.0,0.0
0.75,0.6,0.3333333333333333,0.5,0.5,1.0,1.0
0.75,0.4193548387096774,0.027027027027027,0.0,0.0,0.0,0.0
0.75,0.6,0.2,0.3868528072345416,0.3868528072345416,1.0,1.0
0.75,0.7058823529411764,0.1666666666666666,0.0,0.3562071871080222,0.0,1.0
0.75,0.4666666666666667,0.1111111111111111,0.0,0.3618149835636159,0.0,1.0
0.75,0.6805555555555555,0.2,0.1312050775123417,0.1739949353525439,0.125,0.25
0.75,0.5,0.0666666666666666,0.0,0.0,0.0,0.0
0.75,0.2671755725190839,0.0103092783505154,0.0,0.0,0.0,0.0
0.75,0.8611111111111112,0.1666666666666666,0.0,0.3562071871080222,0.0,1.0
0.75,0.7073170731707318,1.0,0.4692787260227564,0.6364391809889587,0.3333333333333333,0.6666666666666666
0.75,0.90625,0.1428571428571428,0.0,0.3978088012057569,0.0,1.0
0.75,0.7886178861788617,0.0833333333333333,0.0,0.0,0.0,0.0
0.75,1.0,1.0,1.0,1.0,1.0,1.0
0.75,0.7619047619047619,0.1666666666666666,0.0,0.3562071871080222,0.0,1.0
0.75,0.3032128514056224,0.032258064516129,0.0,0.0,0.0,0.0
0.75,0.5804597701149425,0.0555555555555555,0.0,0.0,0.0,0.0
0.75,0.6521739130434783,0.2,0.2371977127692962,0.2371977127692962,0.5,0.5
0.75,0.3333333333333333,0.3333333333333333,0.5,0.5,1.0,1.0
0.75,0.0,0.0227272727272727,0.0,0.0,0.0,0.0
0.75,0.9,1.0,0.8772153153380493,0.8772153153380493,1.0,1.0
0.75,0.6351351351351352,0.0555555555555555,0.0,0.0,0.0,0.0
0.75,0.925925925925926,0.3333333333333333,0.5,0.5,1.0,1.0
0.75,0.4809782608695652,0.0256410256410256,0.0,0.0,0.0,0.0
0.75,0.4864864864864864,0.0526315789473684,0.0,0.0,0.0,0.0
0.75,0.65625,0.0833333333333333,0.0,0.0,0.0,0.0
0.75,1.0,1.0,1.0,1.0,1.0,1.0
0.75,0.5921052631578947,0.0625,0.0,0.0,0.0,0.0
0.75,0.8952380952380953,0.0833333333333333,0.0,0.0,0.0,0.0
0.75,0.3506072874493927,0.024390243902439,0.0,0.0,0.0,0.0
0.75,0.8198529411764706,0.25,0.2640681225725909,0.2640681225725909,0.5,0.5
0.75,0.1666666666666666,0.1666666666666666,0.0,0.3562071871080222,0.0,1.0
0.75,0.5645161290322581,0.0454545454545454,0.0,0.0,0.0,0.0
0.75,0.2833333333333333,0.0227272727272727,0.0,0.0,0.0,0.0
0.75,0.6666666666666667,0.5,0.6309297535714575,0.6309297535714575,1.0,1.0
0.75,0.6436781609195402,0.1,0.0,0.1128451413489352,0.0,0.25
0.75,0.7282051282051281,0.1428571428571428,0.0,0.2976932148674144,0.0,0.6666666666666666
0.75,0.53125,1.0,0.6131471927654584,0.6131471927654584,0.5,0.5
0.75,0.4826666666666666,0.2,0.1312050775123417,0.1487639058405727,0.0666666666666666,0.1333333333333333
0.75,0.9047619047619048,0.3333333333333333,0.5,0.5,1.0,1.0
0.75,0.5897435897435898,0.1428571428571428,0.0,0.2043823975884861,0.0,0.5
0.75,0.2659090909090909,0.0263157894736842,0.0,0.0,0.0,0.0
0.75,0.4444444444444444,0.0625,0.0,0.0,0.0,0.0
0.75,0.28125,0.0476190476190476,0.0,0.0,0.0,0.0
0.75,0.0,0.1666666666666666,0.0,0.3562071871080222,0.0,1.0
0.75,0.6046511627906976,0.0555555555555555,0.0,0.0,0.0,0.0
0.75,0.2380952380952381,0.0588235294117647,0.0,0.0,0.0,0.0
0.75,0.5294117647058824,0.0588235294117647,0.0,0.0,0.0,0.0
0.75,0.7916666666666666,0.1666666666666666,0.0,0.3562071871080222,0.0,1.0
0.75,0.8654970760233919,1.0,0.6508205185601091,0.6508205185601091,0.6666666666666666,0.6666666666666666
0.75,0.6,0.5,0.2139862647345275,0.2139862647345275,0.2,0.2
0.75,0.5092592592592593,0.125,0.0,0.123151194370365,0.0,0.25
0.75,0.7058823529411765,0.0909090909090909,0.0,0.0,0.0,0.0
0.75,0.6911764705882353,0.25,0.1460683498427064,0.1820533310616658,0.125,0.25
0.75,0.889344262295082,0.3333333333333333,0.169580102636808,0.4387215142286032,0.1666666666666666,0.6666666666666666
0.75,0.6913580246913581,0.1111111111111111,0.0,0.1492601791612934,0.0,0.25
0.75,0.6338582677165354,0.0384615384615384,0.0,0.0,0.0,0.0
0.75,0.5385826771653544,0.3333333333333333,0.169580102636808,0.169580102636808,0.2,0.2
0.75,0.8097826086956522,0.25,0.3191471544989227,0.3191471544989227,0.5,0.5
0.75,0.9583333333333334,0.5,0.6309297535714575,0.6309297535714575,1.0,1.0
0.75,0.4567307692307693,0.0192307692307692,0.0,0.0,0.0,0.0
0.75,0.7931034482758621,1.0,0.6366824387328317,0.6366824387328317,0.5,0.5
0.75,0.2954545454545454,0.0588235294117647,0.0,0.0,0.0,0.0
0.75,0.7804878048780488,0.1,0.0,0.2890648263178879,0.0,1.0
0.75,0.6809338521400778,0.0120481927710843,0.0,0.0,0.0,0.0
0.75,0.0588235294117647,0.0588235294117647,0.0,0.0,0.0,0.0
0.75,0.45,0.2,0.2371977127692962,0.4217734095488644,0.5,1.0
0.75,0.8888888888888888,1.0,0.7653606369886217,0.7653606369886217,0.6666666666666666,0.6666666666666666
0.75,1.0,1.0,1.0,1.0,1.0,1.0
0.75,0.6964285714285714,0.125,0.0,0.2489169292322071,0.0,0.4285714285714285
0.75,0.3013698630136986,0.0192307692307692,0.0,0.0,0.0,0.0
0.75,0.6626506024096386,0.0526315789473684,0.0,0.0,0.0,0.0
0.75,0.3,0.3333333333333333,0.5,0.5,1.0,1.0
0.75,0.6626106194690266,0.3333333333333333,0.169580102636808,0.1264713513838285,0.125,0.125
0.75,0.7978723404255319,0.5,0.3868528072345416,0.3868528072345416,0.5,0.5
0.75,0.6837606837606838,1.0,0.4703652827859579,0.5151254397262444,0.3333333333333333,0.5
0.75,0.3421052631578947,0.1111111111111111,0.0,0.1845756967795681,0.0,0.5
0.75,0.5833333333333333,0.0909090909090909,0.0,0.0,0.0,0.0
0.75,0.9333333333333332,0.3333333333333333,0.4367467095119258,0.5931729515195112,0.6666666666666666,1.0
0.75,0.3245614035087719,0.0232558139534883,0.0,0.0,0.0,0.0
0.75,0.2013888888888889,0.037037037037037,0.0,0.0,0.0,0.0
0.75,0.25,0.1428571428571428,0.0,0.3333333333333333,0.0,1.0
0.75,0.6414634146341464,0.1111111111111111,0.0,0.1020973951229116,0.0,0.2
0.75,0.7727272727272727,0.2,0.1312050775123417,0.1063366810302298,0.1428571428571428,0.1428571428571428
0.75,0.6000000000000001,0.1111111111111111,0.0,0.1845756967795681,0.0,0.5
0.75,0.5494186046511628,0.5,0.24630238874073,0.24630238874073,0.25,0.25
0.75,0.8026315789473684,0.1111111111111111,0.0,0.1020973951229116,0.0,0.2
0.75,1.0,1.0,1.0,1.0,1.0,1.0
0.75,0.9090909090909092,0.5,0.6309297535714575,0.6309297535714575,1.0,1.0
0.75,1.0,1.0,1.0,1.0,1.0,1.0
0.75,0.2058823529411765,0.0357142857142857,0.0,0.0,0.0,0.0
0.75,0.0999999999999999,0.1111111111111111,0.0,0.3010299956639812,0.0,1.0
0.75,0.4978991596638655,0.0909090909090909,0.0,0.0,0.0,0.0
0.75,0.753968253968254,0.03125,0.0,0.0,0.0,0.0
0.75,0.6666666666666667,0.5,0.6309297535714575,0.6309297535714575,1.0,1.0
0.75,0.71,0.0333333333333333,0.0,0.0,0.0,0.0
0.75,0.6666666666666666,0.0714285714285714,0.0,0.0,0.0,0.0
0.75,0.6838235294117647,0.5,0.24630238874073,0.24630238874073,0.25,0.25
0.75,0.5980392156862745,0.5,0.2960819109658652,0.2960819109658652,0.3333333333333333,0.3333333333333333
0.75,0.6404255319148937,0.1,0.0,0.098039285831357,0.0,0.2
0.75,0.8518518518518519,0.2,0.3868528072345416,0.3868528072345416,1.0,1.0
0.75,0.1025641025641025,0.0277777777777777,0.0,0.0,0.0,0.0
0.75,0.805128205128205,0.0909090909090909,0.0,0.0,0.0,0.0
0.75,0.9166666666666666,0.1666666666666666,0.0,0.3562071871080222,0.0,1.0
0.75,0.654320987654321,0.5,0.2960819109658652,0.2960819109658652,0.3333333333333333,0.3333333333333333
0.75,0.7731092436974789,0.1,0.0,0.1356519734324477,0.0,0.3333333333333333
0.75,0.8235294117647058,0.25,0.430676558073393,0.430676558073393,1.0,1.0
0.75,0.6865671641791045,0.0454545454545454,0.0,0.0,0.0,0.0
0.75,1.0,1.0,1.0,1.0,1.0,1.0
0.75,0.8666666666666667,0.3333333333333333,0.5,0.5,1.0,1.0
0.75,0.3710691823899371,0.037037037037037,0.0,0.0,0.0,0.0
0.75,0.5284552845528454,0.25,0.2021073465005475,0.2021073465005475,0.3333333333333333,0.3333333333333333
0.75,0.5254237288135593,0.0344827586206896,0.0,0.0,0.0,0.0
0.75,0.625,0.5,0.6509209298071326,0.6509209298071326,1.0,1.0
0.75,0.0769230769230769,0.0769230769230769,0.0,0.0,0.0,0.0
0.75,0.7816091954022988,0.1666666666666666,0.0,0.444079401258479,0.0,1.0
0.75,0.2935323383084576,0.025,0.0,0.0,0.0,0.0
0.75,0.6,0.5,0.6240505200038379,0.6240505200038379,1.0,1.0
0.75,0.8111111111111111,0.3333333333333333,0.3065735963827292,0.3065735963827292,0.5,0.5
0.75,0.3333333333333333,0.0166666666666666,0.0,0.0,0.0,0.0
0.75,0.3189655172413793,0.0125,0.0,0.0,0.0,0.0
0.75,0.7912087912087912,0.2,0.1312050775123417,0.1739949353525439,0.125,0.25
0.75,0.4761904761904761,0.0833333333333333,0.0,0.0,0.0,0.0
0.75,0.1794871794871795,0.0303030303030303,0.0,0.0,0.0,0.0
0.75,0.5644444444444445,0.0833333333333333,0.0,0.0,0.0,0.0
0.75,0.35,0.0909090909090909,0.0,0.0,0.0,0.0
0.75,0.02,0.04,0.0,0.0,0.0,0.0
0.75,0.7818740399385561,0.3333333333333333,0.3156484524795145,0.2558209594125084,0.2857142857142857,0.2857142857142857
0.75,0.9166666666666666,0.25,0.430676558073393,0.430676558073393,1.0,1.0
0.75,0.6111111111111112,0.1666666666666666,0.0,0.2184074368181641,0.0,0.5
0.75,0.7078507078507078,0.5,0.3835663673713356,0.3108658234453849,0.2857142857142857,0.2857142857142857
0.75,0.7878787878787878,0.0666666666666666,0.0,0.0,0.0,0.0
0.75,0.7647058823529411,0.0588235294117647,0.0,0.0,0.0,0.0
0.75,0.4298245614035088,0.0714285714285714,0.0,0.0,0.0,0.0
0.75,0.625,0.25,0.1681275362711174,0.2856436410275446,0.25,0.5
0.75,0.7859078590785908,1.0,0.4692787260227564,0.4692787260227564,0.3333333333333333,0.3333333333333333
0.75,0.6325757575757576,0.125,0.0,0.1480409554829326,0.0,0.3333333333333333
0.75,0.2701612903225806,0.0138888888888888,0.0,0.0,0.0,0.0
0.75,0.823170731707317,0.2,0.1510196182278052,0.2900757977385808,0.25,0.5
0.75,0.7250000000000001,0.1,0.0,0.1772392867840477,0.0,0.5
0.75,0.8118279569892473,0.5,0.3868528072345416,0.3868528072345416,0.5,0.5
0.75,0.891304347826087,1.0,0.6131471927654584,0.8175295903539445,0.5,1.0
0.75,1.0,1.0,1.0,1.0,1.0,1.0
0.75,0.326530612244898,0.0294117647058823,0.0,0.0,0.0,0.0
0.75,0.5714285714285714,0.0909090909090909,0.0,0.0,0.0,0.0
0.75,0.8533333333333333,1.0,0.5087403079104241,0.7178308354005997,0.4,0.8
0.75,0.7661290322580645,0.2,0.1510196182278052,0.2741708125981702,0.25,0.5
0.75,0.7583333333333333,0.1111111111111111,0.0,0.1412669728598289,0.0,0.3333333333333333
0.75,0.9217687074829932,0.5,0.4776237035032179,0.4776237035032179,0.6666666666666666,0.6666666666666666
0.75,0.0,0.25,0.430676558073393,0.430676558073393,1.0,1.0
0.75,0.4047619047619047,0.025,0.0,0.0,0.0,0.0
0.75,0.55,0.125,0.0,0.123151194370365,0.0,0.25
0.75,0.8857142857142857,1.0,0.6548086577531307,0.662764789677495,0.375,0.625
0.75,0.5614035087719298,0.25,0.3191471544989227,0.3191471544989227,0.5,0.5
0.75,0.0,0.0769230769230769,0.0,0.0,0.0,0.0
0.75,0.4166666666666666,0.015625,0.0,0.0,0.0,0.0
0.75,0.125,0.1,0.0,0.2890648263178879,0.0,1.0
0.75,0.8295454545454546,0.0625,0.0,0.0,0.0,0.0
0.75,0.0,0.5,0.6309297535714575,0.6309297535714575,1.0,1.0
0.75,0.5,0.1428571428571428,0.0,0.3333333333333333,0.0,1.0
0.75,0.5636363636363636,0.25,0.1460683498427064,0.2441076356740635,0.2,0.4
0.75,0.6822429906542056,0.5,0.2139862647345275,0.2139862647345275,0.2,0.2
0.75,0.2941176470588235,0.0769230769230769,0.0,0.0,0.0,0.0
0.75,0.7586206896551724,0.125,0.0,0.3780021003968389,0.0,1.0
0.75,0.6727272727272726,0.0526315789473684,0.0,0.0,0.0,0.0
0.75,0.5978835978835979,0.1428571428571428,0.0,0.0916254443047636,0.0,0.1428571428571428
0.75,0.4615384615384615,0.0666666666666666,0.0,0.0,0.0,0.0
0.75,0.8260309278350515,0.1428571428571428,0.0,0.2335744134171791,0.0,0.375
0.75,0.6439645625692137,1.0,0.3391602052736161,0.2200917662980801,0.0714285714285714,0.0714285714285714
0.75,1.0,1.0,1.0,1.0,1.0,1.0
0.75,0.5531914893617021,0.0909090909090909,0.0,0.0,0.0,0.0
0.75,0.5950617283950618,0.1428571428571428,0.0,0.113053401757872,0.0,0.2
0.75,0.9227642276422764,0.1111111111111111,0.0,0.1175161047564271,0.0,0.25
0.75,0.3214285714285714,0.05,0.0,0.0,0.0,0.0
0.75,0.5454545454545454,1.0,0.6131471927654584,0.6131471927654584,0.5,0.5
0.75,0.39375,0.2,0.1510196182278052,0.1510196182278052,0.25,0.25
0.75,0.5104166666666666,0.1666666666666666,0.0,0.208656625690782,0.0,0.3333333333333333
0.75,0.7864077669902912,0.5,0.3451913422468693,0.447288737369781,0.4,0.6
0.75,1.0,1.0,1.0,1.0,1.0,1.0
0.75,0.4375,0.25,0.2021073465005475,0.2021073465005475,0.3333333333333333,0.3333333333333333
0.75,0.8904109589041096,1.0,0.5531464700081437,0.7642391575973727,0.4,0.8
0.75,0.5499999999999999,0.2,0.1510196182278052,0.2638647595767405,0.25,0.5
0.75,1.0,1.0,1.0,1.0,1.0,1.0
0.75,0.7394366197183098,0.5,0.2139862647345275,0.2190529912912297,0.1111111111111111,0.2222222222222222
0.75,0.2777777777777777,0.3333333333333333,0.2346393630113782,0.5323325778787926,0.3333333333333333,1.0
0.75,0.3333333333333333,0.0909090909090909,0.0,0.0,0.0,0.0
0.75,0.5674999999999999,0.125,0.0,0.123151194370365,0.0,0.25
0.75,0.3768115942028985,0.0769230769230769,0.0,0.0,0.0,0.0
0.75,0.651360544217687,0.125,0.0,0.0954604330894673,0.0,0.1666666666666666
0.75,0.7457142857142857,1.0,0.4703652827859579,0.4703652827859579,0.4,0.4
0.75,0.8035087719298246,0.5,0.5296347172140421,0.6276740030453991,0.6,0.8
0.75,0.4,0.25,0.430676558073393,0.430676558073393,1.0,1.0
0.75,1.0,1.0,1.0,1.0,1.0,1.0
0.75,0.7294117647058823,0.5,0.3835663673713356,0.4966197691292076,0.4,0.6
0.75,0.7884615384615385,0.2,0.2371977127692962,0.4217734095488644,0.5,1.0
0.75,0.6025641025641025,0.5,0.2960819109658652,0.4632423659320675,0.3333333333333333,0.6666666666666666
0.75,0.44,0.125,0.0,0.1069931323672637,0.0,0.2
0.75,0.5833333333333333,0.1666666666666666,0.0,0.3562071871080222,0.0,1.0
0.75,0.6,0.1111111111111111,0.0,0.3010299956639812,0.0,1.0
0.75,0.6122448979591837,1.0,0.6992148198508501,0.5666867828578932,0.4285714285714285,0.4285714285714285
0.75,0.8273809523809524,0.1111111111111111,0.0,0.1412669728598289,0.0,0.3333333333333333
0.75,0.625,0.1111111111111111,0.0,0.1845756967795681,0.0,0.5
0.75,0.4565217391304348,0.1111111111111111,0.0,0.1845756967795681,0.0,0.5
0.75,0.5218855218855218,0.03125,0.0,0.0,0.0,0.0
0.75,0.2416666666666666,0.0416666666666666,0.0,0.0,0.0,0.0
0.75,0.8640776699029126,1.0,0.5087403079104241,0.6217937096682962,0.4,0.6
0.75,0.4125,0.0555555555555555,0.0,0.0,0.0,0.0
0.75,0.8676470588235293,0.25,0.2640681225725909,0.4574945261898616,0.5,1.0
0.75,0.726027397260274,0.2,0.2371977127692962,0.2371977127692962,0.5,0.5
0.75,0.2666666666666666,0.0909090909090909,0.0,0.0,0.0,0.0
0.75,0.7272727272727273,0.25,0.5012658353418871,0.5012658353418871,1.0,1.0
0.75,0.425,0.2,0.1312050775123417,0.0851431176416209,0.05,0.05
0.75,1.0,1.0,1.0,1.0,1.0,1.0
0.75,0.6968390804597702,0.25,0.1460683498427064,0.2311912370766417,0.1666666666666666,0.3333333333333333
0.75,1.0,1.0,1.0,1.0,1.0,1.0
0.75,0.4782608695652174,0.0769230769230769,0.0,0.0,0.0,0.0
0.75,0.1153846153846154,0.0416666666666666,0.0,0.0,0.0,0.0
0.75,0.6978260869565218,0.0588235294117647,0.0,0.0,0.0,0.0
0.75,0.1521739130434782,0.0277777777777777,0.0,0.0,0.0,0.0
0.75,0.6641414141414141,1.0,0.5087403079104241,0.352568324121728,0.2222222222222222,0.2222222222222222
0.75,0.2083333333333333,0.0294117647058823,0.0,0.0,0.0,0.0
0.75,0.6126984126984127,0.0714285714285714,0.0,0.0,0.0,0.0
0.75,1.0,1.0,1.0,1.0,1.0,1.0
0.75,0.3111111111111111,0.1111111111111111,0.0,0.1412669728598289,0.0,0.3333333333333333
0.75,0.5714285714285714,0.2,0.1815417925373526,0.1815417925373526,0.3333333333333333,0.3333333333333333
0.75,0.3,0.0526315789473684,0.0,0.0,0.0,0.0
0.75,0.5923423423423423,0.1,0.0,0.1356519734324477,0.0,0.3333333333333333
0.75,0.8258928571428572,0.3333333333333333,0.1951900249960508,0.312706129752478,0.25,0.5
0.75,0.8047138047138047,0.25,0.2772734273550482,0.2758815528304725,0.2222222222222222,0.3333333333333333
0.75,0.0333333333333333,0.0625,0.0,0.0,0.0,0.0
0.75,1.0,1.0,1.0,1.0,1.0,1.0
0.75,0.7516339869281046,0.125,0.0,0.1480409554829326,0.0,0.3333333333333333
0.75,0.5425219941348973,0.0625,0.0,0.0,0.0,0.0
0.75,0.6851851851851852,0.25,0.3836491390379002,0.3836491390379002,0.6666666666666666,0.6666666666666666
0.75,0.6743421052631579,0.1666666666666666,0.0,0.2184074368181641,0.0,0.5
0.75,0.8392857142857143,1.0,0.6131471927654584,0.6131471927654584,0.5,0.5
0.75,0.8617021276595744,0.3333333333333333,0.1951900249960508,0.3183412193664158,0.25,0.5
0.75,0.375,0.0625,0.0,0.0,0.0,0.0
0.75,0.6344086021505376,0.1666666666666666,0.0,0.1671604549662022,0.0,0.3333333333333333
0.75,0.9347826086956522,0.1,0.0,0.2890648263178879,0.0,1.0
0.75,0.6866666666666666,0.0666666666666666,0.0,0.0,0.0,0.0
0.75,0.5816993464052287,0.0588235294117647,0.0,0.0,0.0,0.0
0.75,0.8793103448275862,0.125,0.0,0.1480409554829326,0.0,0.3333333333333333
0.75,0.5306122448979591,0.3333333333333333,0.3065735963827292,0.3065735963827292,0.5,0.5
0.75,0.5247524752475248,0.0454545454545454,0.0,0.0,0.0,0.0
0.75,0.84375,0.1666666666666666,0.0,0.3562071871080222,0.0,1.0
0.75,1.0,1.0,1.0,1.0,1.0,1.0
0.75,0.3235294117647059,0.1,0.0,0.1772392867840477,0.0,0.5
0.75,0.1666666666666666,0.1666666666666666,0.0,0.3562071871080222,0.0,1.0
0.75,0.6226415094339622,0.0833333333333333,0.0,0.0,0.0,0.0
0.75,0.4125,0.0666666666666666,0.0,0.0,0.0,0.0
0.75,0.4222222222222223,0.0714285714285714,0.0,0.0,0.0,0.0
0.75,0.25,0.0476190476190476,0.0,0.0,0.0,0.0
0.75,0.7,0.1111111111111111,0.0,0.1845756967795681,0.0,0.5
0.75,0.5669515669515669,0.0476190476190476,0.0,0.0,0.0,0.0
0.75,0.25,0.25,0.430676558073393,0.430676558073393,1.0,1.0
0.75,1.0,1.0,1.0,1.0,1.0,1.0
0.75,0.5625,0.2,0.1510196182278052,0.2811463015585058,0.25,0.5
0.75,1.0,1.0,1.0,1.0,1.0,1.0
0.75,0.5862068965517242,0.0434782608695652,0.0,0.0,0.0,0.0
0.75,0.256198347107438,0.0109890109890109,0.0,0.0,0.0,0.0
0.75,0.3593073593073593,0.05,0.0,0.0,0.0,0.0
0.75,0.5352400408580185,1.0,0.4852285551163225,0.3932783996463063,0.1818181818181818,0.2727272727272727
0.75,0.4807692307692308,0.1111111111111111,0.0,0.1845756967795681,0.0,0.5
0.75,0.5116279069767442,0.3333333333333333,0.3065735963827292,0.3065735963827292,0.5,0.5
0.75,0.5,0.1,0.0,0.2890648263178879,0.0,1.0
0.75,0.6544117647058824,0.2,0.1510196182278052,0.2741708125981702,0.25,0.5
0.75,0.8666666666666667,0.3333333333333333,0.5706417189553201,0.5706417189553201,1.0,1.0
0.75,0.5957446808510638,0.1,0.0,0.1772392867840477,0.0,0.5
0.75,0.9139344262295084,0.1,0.0,0.098039285831357,0.0,0.2
0.75,0.0510204081632653,0.02,0.0,0.0,0.0,0.0
0.75,0.9032258064516128,0.25,0.430676558073393,0.430676558073393,1.0,1.0
0.75,0.6,0.1111111111111111,0.0,0.3618149835636159,0.0,1.0
0.75,0.4074074074074074,0.0625,0.0,0.0,0.0,0.0
0.75,0.8285714285714286,0.5,0.4776237035032179,0.4776237035032179,0.6666666666666666,0.6666666666666666
0.75,0.3333333333333333,0.0666666666666666,0.0,0.0,0.0,0.0
0.75,0.7244897959183674,0.1666666666666666,0.0,0.2184074368181641,0.0,0.5
0.75,0.7799352750809061,0.5,0.2960819109658652,0.2960819109658652,0.3333333333333333,0.3333333333333333
0.75,0.3732782369146005,0.0344827586206896,0.0,0.0,0.0,0.0
0.75,0.3443396226415094,0.0192307692307692,0.0,0.0,0.0,0.0
0.75,0.3440366972477064,0.0204081632653061,0.0,0.0,0.0,0.0
0.75,0.5290697674418605,0.125,0.0,0.1934264036172708,0.0,0.5
0.75,0.5753424657534246,0.125,0.0,0.0954604330894673,0.0,0.1666666666666666
0.75,0.6320675105485232,0.3333333333333333,0.169580102636808,0.1736666713479918,0.0666666666666666,0.1333333333333333
0.75,0.8870822041553749,1.0,0.8687949224876582,0.6020941629041773,0.4444444444444444,0.4444444444444444
0.75,0.7777777777777778,0.3333333333333333,0.5,0.5,1.0,1.0
0.75,0.2584745762711864,0.0128205128205128,0.0,0.0,0.0,0.0
0.75,0.4769736842105263,0.5,0.24630238874073,0.24630238874073,0.25,0.25
0.75,0.4545454545454546,0.1428571428571428,0.0,0.3333333333333333,0.0,1.0
0.75,0.5555555555555555,0.3333333333333333,0.169580102636808,0.1175227747072426,0.1111111111111111,0.1111111111111111
0.75,0.4350877192982456,0.0666666666666666,0.0,0.0,0.0,0.0
0.75,0.64,1.0,0.4692787260227564,0.617319681505689,0.3333333333333333,0.6666666666666666
0.75,0.967391304347826,0.25,0.430676558073393,0.430676558073393,1.0,1.0
0.75,0.48,0.0714285714285714,0.0,0.0,0.0,0.0
0.75,0.5480769230769231,0.5,0.3973220069685352,0.5101671483174705,0.5,0.75
0.75,0.6166666666666667,0.125,0.0,0.2836929289153804,0.0,0.6666666666666666
0.75,1.0,1.0,1.0,1.0,1.0,1.0
0.75,0.5656565656565655,0.5,0.2139862647345275,0.1909208661789346,0.1666666666666666,0.1666666666666666
0.75,0.4333333333333333,0.3333333333333333,0.3156484524795145,0.2781981696179509,0.0571428571428571,0.0857142857142857
0.75,0.7,0.25,0.430676558073393,0.430676558073393,1.0,1.0
0.75,0.2489451476793248,0.0099009900990099,0.0,0.0,0.0,0.0
0.75,1.0,1.0,1.0,1.0,1.0,1.0
0.75,0.2365591397849462,0.025,0.0,0.0,0.0,0.0
0.75,0.7312206572769953,1.0,0.3391602052736161,0.3026024134988134,0.1666666666666666,0.1666666666666666
0.75,0.0,0.0909090909090909,0.0,0.0,0.0,0.0
0.75,0.6517094017094017,1.0,0.3903800499921017,0.3903800499921017,0.25,0.25
0.75,0.3852459016393442,0.02,0.0,0.0,0.0,0.0
0.75,1.0,1.0,1.0,1.0,1.0,1.0
0.75,0.7291666666666667,0.5,0.2139862647345275,0.2783925802803428,0.1666666666666666,0.3333333333333333
0.75,0.0,0.1666666666666666,0.0,0.3562071871080222,0.0,1.0
0.75,0.4949494949494949,0.010204081632653,0.0,0.0,0.0,0.0
0.75,0.0641025641025641,0.027027027027027,0.0,0.0,0.0,0.0
0.75,0.6174242424242424,0.3333333333333333,0.2346393630113782,0.2346393630113782,0.3333333333333333,0.3333333333333333
0.75,0.4631578947368421,0.2,0.1312050775123417,0.1312050775123417,0.2,0.2
0.75,0.9652777777777778,0.3333333333333333,0.5437713091520254,0.5437713091520254,1.0,1.0
0.75,0.566744730679157,0.5,0.2139862647345275,0.1734276569882394,0.1428571428571428,0.1428571428571428
0.75,0.6789115646258503,1.0,0.3391602052736161,0.2200917662980801,0.0714285714285714,0.0714285714285714
0.75,0.5185185185185186,0.0714285714285714,0.0,0.0,0.0,0.0
0.75,0.1999999999999999,0.0588235294117647,0.0,0.0,0.0,0.0
0.75,0.8714285714285713,0.25,0.2640681225725909,0.4574945261898616,0.5,1.0
0.75,0.7797619047619048,1.0,0.4692787260227564,0.6364391809889587,0.3333333333333333,0.6666666666666666
0.75,0.4444444444444444,0.0625,0.0,0.0,0.0,0.0
0.75,0.7703488372093023,0.1,0.0,0.1128451413489352,0.0,0.25
0.75,0.6071428571428572,0.3333333333333333,0.3065735963827292,0.3065735963827292,0.5,0.5
0.75,0.4,0.1666666666666666,0.0,0.2184074368181641,0.0,0.5
0.75,0.653061224489796,0.0285714285714285,0.0,0.0,0.0,0.0
0.75,0.6458752515090543,1.0,0.4852285551163225,0.3932591258696538,0.2857142857142857,0.2857142857142857
0.75,0.6025641025641026,0.0625,0.0,0.0,0.0,0.0
0.75,1.0,1.0,1.0,1.0,1.0,1.0
0.75,0.8237704918032787,0.25,0.1681275362711174,0.1681275362711174,0.25,0.25
0.75,0.7349624060150376,1.0,0.3391602052736161,0.4058540797740153,0.125,0.375
0.75,0.6714285714285714,0.0416666666666666,0.0,0.0,0.0,0.0
0.75,0.3484848484848485,0.0263157894736842,0.0,0.0,0.0,0.0
0.75,0.0,0.1666666666666666,0.0,0.3562071871080222,0.0,1.0
0.75,0.25,0.1,0.0,0.2890648263178879,0.0,1.0
0.75,0.8831168831168831,0.1,0.0,0.2890648263178879,0.0,1.0
0.75,0.6739999999999999,0.0909090909090909,0.0,0.0,0.0,0.0
0.75,0.3950617283950617,0.0227272727272727,0.0,0.0,0.0,0.0
0.75,0.8315217391304348,0.5,0.24630238874073,0.24630238874073,0.25,0.25
0.75,0.8541666666666666,1.0,0.6131471927654584,0.7977228895450266,0.5,1.0
0.75,0.8666666666666667,1.0,0.6713860725233041,0.812653045383133,0.6666666666666666,1.0
0.75,0.5505725190839694,0.0238095238095238,0.0,0.0,0.0,0.0
0.75,0.8333333333333334,0.3333333333333333,0.5,0.5,1.0,1.0
0.75,0.5614906832298137,0.2,0.1312050775123417,0.1063366810302298,0.1428571428571428,0.1428571428571428
0.75,0.9130434782608696,0.2,0.3868528072345416,0.3868528072345416,1.0,1.0
0.75,0.9090909090909092,0.25,0.430676558073393,0.430676558073393,1.0,1.0
0.75,1.0,1.0,1.0,1.0,1.0,1.0
0.75,0.9523809523809524,0.5,0.6309297535714575,0.6309297535714575,1.0,1.0
0.75,0.6659574468085105,0.25,0.1460683498427064,0.1460683498427064,0.2,0.2
0.75,0.5483870967741935,0.0384615384615384,0.0,0.0,0.0,0.0
0.75,0.875,1.0,0.9197207891481876,0.9197207891481876,1.0,1.0
0.75,0.9090909090909092,0.1666666666666666,0.0,0.3562071871080222,0.0,1.0
0.75,0.0909090909090909,0.0909090909090909,0.0,0.0,0.0,0.0
0.75,0.515,1.0,0.3903800499921017,0.3903800499921017,0.25,0.25
0.75,1.0,1.0,1.0,1.0,1.0,1.0
0.75,0.0,0.1428571428571428,0.0,0.3333333333333333,0.0,1.0
0.75,0.9444444444444444,0.3333333333333333,0.5,0.5,1.0,1.0
0.75,0.588785046728972,0.25,0.1460683498427064,0.0947883643695507,0.1,0.1
0.75,0.325,0.125,0.0,0.1934264036172708,0.0,0.5
0.75,0.5625,0.125,0.0,0.3154648767857287,0.0,1.0
0.75,0.503968253968254,0.25,0.1460683498427064,0.2011288142606829,0.1428571428571428,0.2857142857142857
0.75,0.9767441860465116,0.5,0.6309297535714575,0.6309297535714575,1.0,1.0
0.75,0.8703703703703703,1.0,0.6713860725233041,0.6713860725233041,0.6666666666666666,0.6666666666666666
0.75,0.7172131147540983,0.1,0.0,0.1128451413489352,0.0,0.25
0.75,0.4794520547945206,0.0588235294117647,0.0,0.0,0.0,0.0
0.75,0.625,0.5,0.24630238874073,0.24630238874073,0.25,0.25
0.75,1.0,1.0,1.0,1.0,1.0,1.0
0.75,1.0,1.0,1.0,1.0,1.0,1.0
0.75,0.6571428571428571,1.0,0.6131471927654584,0.6131471927654584,0.5,0.5
0.75,0.540983606557377,1.0,0.4692787260227564,0.4692787260227564,0.3333333333333333,0.3333333333333333
0.75,0.5818713450292398,0.2,0.1815417925373526,0.1815417925373526,0.3333333333333333,0.3333333333333333
0.75,0.5714285714285714,0.5,0.4981892574664128,0.6394562303262419,0.6666666666666666,1.0
0.75,0.85,0.5,0.3868528072345416,0.5640920940185894,0.5,1.0
0.75,0.74822695035461,0.0714285714285714,0.0,0.0,0.0,0.0
0.75,1.0,1.0,1.0,1.0,1.0,1.0
0.75,0.7464539007092198,0.1428571428571428,0.0,0.1008674711662711,0.0,0.1666666666666666
0.75,0.4666666666666667,0.5,0.3868528072345416,0.3868528072345416,0.5,0.5
0.75,0.2972222222222222,0.0357142857142857,0.0,0.0,0.0,0.0
0.75,0.6276595744680851,0.3333333333333333,0.169580102636808,0.1513012067494067,0.1666666666666666,0.1666666666666666
0.75,0.5172413793103449,0.0454545454545454,0.0,0.0,0.0,0.0
0.75,0.5,0.25,0.1460683498427064,0.1460683498427064,0.2,0.2
0.75,0.4615384615384615,0.125,0.0,0.3154648767857287,0.0,1.0
0.75,0.5714285714285714,0.1428571428571428,0.0,0.3333333333333333,0.0,1.0
0.75,0.5615384615384615,0.1111111111111111,0.0,0.1845756967795681,0.0,0.5
0.75,0.8596491228070176,0.3333333333333333,0.3007851801491498,0.3761529544118812,0.3333333333333333,0.5
0.75,0.8085106382978723,0.1,0.0,0.2890648263178879,0.0,1.0
0.75,0.6395348837209303,0.5,0.3868528072345416,0.3868528072345416,0.5,0.5
0.75,0.64,1.0,0.6131471927654584,0.6131471927654584,0.5,0.5
0.75,0.4666666666666667,0.1428571428571428,0.0,0.2043823975884861,0.0,0.5
0.75,0.8125,0.2,0.1510196182278052,0.2741708125981702,0.25,0.5
0.75,0.3333333333333333,0.3333333333333333,0.2346393630113782,0.2346393630113782,0.3333333333333333,0.3333333333333333
0.75,0.4305555555555555,0.0909090909090909,0.0,0.0,0.0,0.0
0.75,0.4513888888888888,0.1666666666666666,0.0,0.2184074368181641,0.0,0.5
0.75,0.8138138138138138,0.0625,0.0,0.0,0.0,0.0
0.75,1.0,1.0,1.0,1.0,1.0,1.0
0.75,0.7647058823529411,0.2,0.2371977127692962,0.4556051495874603,0.5,1.0
0.75,0.5205992509363295,0.0344827586206896,0.0,0.0,0.0,0.0
0.75,0.1851851851851852,0.0222222222222222,0.0,0.0,0.0,0.0
0.75,0.875,0.5,0.6309297535714575,0.6309297535714575,1.0,1.0
0.75,0.475,0.1428571428571428,0.0,0.2043823975884861,0.0,0.5
0.75,0.9574468085106383,0.3333333333333333,0.5,0.5,1.0,1.0
0.75,0.875,1.0,0.5413996682199069,0.5413996682199069,0.5,0.5
0.75,0.9285714285714286,0.5,0.6309297535714575,0.6309297535714575,1.0,1.0
0.75,0.7734693877551021,0.5,0.360054614577234,0.360054614577234,0.4,0.4
0.75,0.5855962219598584,0.0714285714285714,0.0,0.0,0.0,0.0
0.75,0.6095238095238095,0.25,0.1460683498427064,0.2214161691338287,0.1666666666666666,0.3333333333333333
0.75,0.4822485207100591,0.0256410256410256,0.0,0.0,0.0,0.0
0.75,0.7541666666666667,0.2,0.1815417925373526,0.1815417925373526,0.3333333333333333,0.3333333333333333
0.75,0.7373737373737373,1.0,0.3391602052736161,0.3900741276002216,0.1666666666666666,0.3333333333333333
0.75,1.0,1.0,1.0,1.0,1.0,1.0
0.75,0.84375,0.1666666666666666,0.0,0.3562071871080222,0.0,1.0
0.75,0.2857142857142857,0.0909090909090909,0.0,0.0,0.0,0.0
0.75,0.6190476190476191,0.1111111111111111,0.0,0.3010299956639812,0.0,1.0
0.75,0.578544061302682,1.0,0.4692787260227564,0.4692787260227564,0.3333333333333333,0.3333333333333333
0.75,0.2777777777777778,0.05,0.0,0.0,0.0,0.0
0.75,0.9375,1.0,0.8503449055347546,0.8503449055347546,1.0,1.0
0.75,0.7314814814814815,0.0714285714285714,0.0,0.0,0.0,0.0
0.75,0.3943298969072165,0.0285714285714285,0.0,0.0,0.0,0.0
0.75,0.2463768115942028,0.0454545454545454,0.0,0.0,0.0,0.0
0.75,0.6344086021505375,0.1111111111111111,0.0,0.1412669728598289,0.0,0.3333333333333333
0.75,0.4603174603174602,0.032258064516129,0.0,0.0,0.0,0.0
0.75,0.7103174603174603,1.0,0.639945385422766,0.6102766247064297,0.4285714285714285,0.5714285714285714
0.75,0.8804347826086957,0.25,0.2640681225725909,0.4413074093566386,0.5,1.0
0.75,0.8296296296296296,0.5,0.2139862647345275,0.3347975674340217,0.2,0.4
0.75,0.8235294117647058,1.0,0.7653606369886217,0.7653606369886217,0.6666666666666666,0.6666666666666666
0.75,0.55,0.5,0.3868528072345416,0.5714285040141098,0.5,1.0
0.75,0.6140350877192984,0.1428571428571428,0.0,0.2976932148674144,0.0,0.6666666666666666
0.75,0.9615384615384616,0.3333333333333333,0.5,0.5,1.0,1.0
0.75,0.5555555555555556,1.0,0.6131471927654584,0.7903864795495061,0.5,1.0
0.75,0.9833333333333334,1.0,0.9197207891481876,0.9197207891481876,1.0,1.0
0.75,1.0,1.0,1.0,1.0,1.0,1.0
0.75,0.6796875,0.5,0.4414924137367808,0.5646436081071458,0.5,0.75
0.75,0.7586206896551724,0.125,0.0,0.3154648767857287,0.0,1.0
0.75,0.9858156028368794,0.3333333333333333,0.5,0.5,1.0,1.0
0.75,0.6282051282051282,1.0,0.4692787260227564,0.4692787260227564,0.3333333333333333,0.3333333333333333
0.75,1.0,1.0,1.0,1.0,1.0,1.0
0.75,0.7405660377358491,0.1111111111111111,0.0,0.2303612461053624,0.0,0.5
0.75,1.0,1.0,1.0,1.0,1.0,1.0
0.75,0.4392857142857143,0.0625,0.0,0.0,0.0,0.0
0.75,0.5,0.25,0.430676558073393,0.430676558073393,1.0,1.0
0.75,0.8586206896551725,0.1111111111111111,0.0,0.1020973951229116,0.0,0.2
0.75,0.9666666666666668,0.5,0.6934264036172708,0.6934264036172708,1.0,1.0
0.75,0.8333333333333334,0.5,0.6309297535714575,0.6309297535714575,1.0,1.0
0.75,0.7333333333333333,0.0588235294117647,0.0,0.0,0.0,0.0
0.75,0.5042735042735043,0.125,0.0,0.1480409554829326,0.0,0.3333333333333333
0.75,0.8181818181818182,0.3333333333333333,0.2346393630113782,0.3759063358712072,0.3333333333333333,0.6666666666666666
0.75,0.3640776699029125,0.0151515151515151,0.0,0.0,0.0,0.0
0.75,0.6666666666666666,0.1111111111111111,0.0,0.1298750116533407,0.0,0.1818181818181818
0.75,0.3199999999999999,0.0769230769230769,0.0,0.0,0.0,0.0
0.75,0.6666666666666667,1.0,0.8772153153380493,0.8772153153380493,1.0,1.0
0.75,0.5925925925925927,0.0434782608695652,0.0,0.0,0.0,0.0
0.75,0.5,0.3333333333333333,0.169580102636808,0.2521686779156779,0.1666666666666666,0.3333333333333333
0.75,0.6801075268817204,0.25,0.2021073465005475,0.2021073465005475,0.3333333333333333,0.3333333333333333
0.75,0.4846938775510204,0.2,0.2371977127692962,0.2371977127692962,0.5,0.5
0.75,0.7407407407407407,0.0625,0.0,0.0,0.0,0.0
0.75,0.7702020202020202,1.0,0.7653606369886217,0.7653606369886217,0.6666666666666666,0.6666666666666666
0.75,0.9047619047619048,0.3333333333333333,0.5,0.5,1.0,1.0
0.75,0.4193548387096774,0.0526315789473684,0.0,0.0,0.0,0.0
0.75,0.3888888888888889,0.1666666666666666,0.0,0.1671604549662022,0.0,0.3333333333333333
0.75,0.9224137931034484,1.0,0.6131471927654584,0.6131471927654584,0.5,0.5
0.75,0.3900343642611683,0.0526315789473684,0.0,0.0,0.0,0.0
0.75,0.2678571428571428,0.05,0.0,0.0,0.0,0.0
0.75,0.6499999999999999,0.2,0.1815417925373526,0.3228087653971817,0.3333333333333333,0.6666666666666666
0.75,0.5789473684210527,0.1111111111111111,0.0,0.3010299956639812,0.0,1.0
0.75,0.861111111111111,0.2,0.2371977127692962,0.2371977127692962,0.5,0.5
0.75,0.67816091954023,1.0,0.4692787260227564,0.617319681505689,0.3333333333333333,0.6666666666666666
0.75,0.4,0.1111111111111111,0.0,0.1845756967795681,0.0,0.5
0.75,0.5134520651762031,0.0416666666666666,0.0,0.0,0.0,0.0
0.75,0.0813953488372092,0.0238095238095238,0.0,0.0,0.0,0.0
0.75,0.5384615384615385,0.1,0.0,0.1772392867840477,0.0,0.5
0.75,0.8309859154929577,0.1111111111111111,0.0,0.1845756967795681,0.0,0.5
0.75,0.45,0.1666666666666666,0.0,0.2184074368181641,0.0,0.5
0.75,0.5694444444444444,0.3333333333333333,0.346209643223856,0.346209643223856,0.5,0.5
0.75,0.5,1.0,0.4852285551163225,0.4852285551163225,0.4,0.4
0.75,0.6604215456674473,0.5,0.2139862647345275,0.1734276569882394,0.1428571428571428,0.1428571428571428
0.75,0.4444444444444444,0.1666666666666666,0.0,0.3562071871080222,0.0,1.0
0.75,0.6666666666666667,0.0909090909090909,0.0,0.0,0.0,0.0
0.75,0.1,0.032258064516129,0.0,0.0,0.0,0.0
0.75,0.6364323507180649,0.0769230769230769,0.0,0.0,0.0,0.0
0.75,0.501240694789082,0.5,0.2139862647345275,0.1388624438735545,0.0769230769230769,0.0769230769230769
0.75,0.4615384615384615,0.1111111111111111,0.0,0.1175161047564271,0.0,0.25
0.75,0.888888888888889,0.3333333333333333,0.4367467095119258,0.5847876649948583,0.6666666666666666,1.0
0.75,0.8295454545454545,0.25,0.1460683498427064,0.2530614822099702,0.2,0.4
0.75,0.9006451612903227,0.5,0.3835663673713356,0.5043776700708298,0.4,0.6
0.75,0.2972972972972972,0.037037037037037,0.0,0.0,0.0,0.0
0.75,0.4194915254237288,0.037037037037037,0.0,0.0,0.0,0.0
0.75,0.5,0.125,0.0,0.0954604330894673,0.0,0.1666666666666666
0.75,0.896551724137931,0.25,0.430676558073393,0.430676558073393,1.0,1.0
0.75,0.5225225225225224,0.1428571428571428,0.0,0.1564262420075854,0.0,0.3333333333333333
0.75,1.0,1.0,1.0,1.0,1.0,1.0
0.75,0.8972602739726028,0.0625,0.0,0.0,0.0,0.0
0.75,0.0238095238095238,0.0476190476190476,0.0,0.0,0.0,0.0
0.75,0.6561018957345971,0.3333333333333333,0.169580102636808,0.1736666713479918,0.0625,0.125
0.75,0.3427672955974843,0.0526315789473684,0.0,0.0,0.0,0.0
0.75,0.574468085106383,0.0588235294117647,0.0,0.0,0.0,0.0
0.75,0.0,0.1,0.0,0.2890648263178879,0.0,1.0
0.75,0.8636363636363635,0.5,0.6509209298071326,0.6509209298071326,1.0,1.0
0.75,0.5813953488372093,0.25,0.2640681225725909,0.2640681225725909,0.5,0.5
0.75,0.0999999999999999,0.0588235294117647,0.0,0.0,0.0,0.0
0.75,0.7177033492822966,1.0,0.5531464700081437,0.494639655562801,0.1818181818181818,0.3636363636363636
0.75,1.0,1.0,1.0,1.0,1.0,1.0
0.75,0.2340425531914893,0.0277777777777777,0.0,0.0,0.0,0.0
0.75,0.921875,1.0,0.4692787260227564,0.6257049680303419,0.3333333333333333,0.6666666666666666
0.75,0.4073033707865168,0.1666666666666666,0.0,0.1390561795107756,0.0,0.25
0.75,0.8181818181818181,1.0,0.6131471927654584,0.8315546295836225,0.5,1.0
0.75,0.5220125786163522,0.25,0.2021073465005475,0.2021073465005475,0.3333333333333333,0.3333333333333333
0.75,0.6978557504873295,0.032258064516129,0.0,0.0,0.0,0.0
0.75,0.7,0.25,0.430676558073393,0.430676558073393,1.0,1.0
0.75,0.1944444444444444,0.0714285714285714,0.0,0.0,0.0,0.0
0.75,0.5,0.2,0.3868528072345416,0.3868528072345416,1.0,1.0
0.75,0.375,0.2,0.2371977127692962,0.2371977127692962,0.5,0.5
0.75,0.1481481481481481,0.0416666666666666,0.0,0.0,0.0,0.0
0.75,0.9904761904761904,0.5,0.6309297535714575,0.6309297535714575,1.0,1.0
0.75,0.75,0.5,0.3868528072345416,0.5912352048230277,0.5,1.0
0.75,0.5793103448275863,1.0,0.3391602052736161,0.3391602052736161,0.2,0.2
0.75,1.0,1.0,1.0,1.0,1.0,1.0
0.75,0.6666666666666666,0.1666666666666666,0.0,0.1390561795107756,0.0,0.25
0.75,1.0,1.0,1.0,1.0,1.0,1.0
0.75,1.0,1.0,1.0,1.0,1.0,1.0
0.75,0.6275,0.0666666666666666,0.0,0.0,0.0,0.0
0.75,0.1666666666666666,0.0277777777777777,0.0,0.0,0.0,0.0
0.75,0.65,0.5,0.2139862647345275,0.2139862647345275,0.2,0.2
0.75,0.3052631578947368,0.0149253731343283,0.0,0.0,0.0,0.0
0.75,0.793103448275862,1.0,0.4692787260227564,0.6364391809889587,0.3333333333333333,0.6666666666666666
0.75,1.0,1.0,1.0,1.0,1.0,1.0
0.75,0.3397727272727272,0.0357142857142857,0.0,0.0,0.0,0.0
0.75,0.6228070175438597,0.0238095238095238,0.0,0.0,0.0,0.0
0.75,0.8621794871794872,0.1428571428571428,0.0,0.1301266833307005,0.0,0.25
0.75,0.3571428571428571,0.25,0.2640681225725909,0.4574945261898616,0.5,1.0
0.75,0.7857142857142858,1.0,0.3903800499921017,0.6310473491188939,0.25,0.75
0.75,0.4358974358974359,0.2,0.1312050775123417,0.1170625931379635,0.1666666666666666,0.1666666666666666
0.75,0.7787381158167676,0.3333333333333333,0.169580102636808,0.243097893284769,0.0769230769230769,0.2307692307692307
0.75,0.4444444444444444,0.3333333333333333,0.4161811555487308,0.5642221110316635,0.6666666666666666,1.0
0.75,0.6153846153846154,0.1666666666666666,0.0,0.3562071871080222,0.0,1.0
0.75,0.75,0.0769230769230769,0.0,0.0,0.0,0.0
0.75,0.4897959183673469,0.0384615384615384,0.0,0.0,0.0,0.0
0.75,0.6666666666666667,0.2,0.3868528072345416,0.3868528072345416,1.0,1.0
0.75,0.5660377358490566,0.0833333333333333,0.0,0.0,0.0,0.0
0.75,0.1052631578947368,0.0555555555555555,0.0,0.0,0.0,0.0
0.75,0.3854166666666666,0.1666666666666666,0.0,0.2032495876139783,0.0,0.3333333333333333
0.75,0.6875,0.1666666666666666,0.0,0.3562071871080222,0.0,1.0
0.75,0.6827956989247311,0.25,0.1460683498427064,0.2257841989998379,0.1666666666666666,0.3333333333333333
0.75,0.8333333333333334,0.3333333333333333,0.5,0.5,1.0,1.0
0.75,0.6962025316455697,0.5,0.3868528072345416,0.3868528072345416,0.5,0.5
0.75,0.7142857142857143,0.1428571428571428,0.0,0.3333333333333333,0.0,1.0
0.75,0.7517564402810304,0.3333333333333333,0.3007851801491498,0.2588097889896127,0.1428571428571428,0.2142857142857142
0.75,0.4601449275362319,0.25,0.1681275362711174,0.1681275362711174,0.25,0.25
0.75,0.5275510204081633,0.0588235294117647,0.0,0.0,0.0,0.0
0.75,0.3939393939393939,0.1428571428571428,0.0,0.1564262420075854,0.0,0.3333333333333333
0.75,0.5,0.0416666666666666,0.0,0.0,0.0,0.0
0.75,0.4918918918918918,0.25,0.1460683498427064,0.1460683498427064,0.2,0.2
0.75,0.5454545454545454,0.0909090909090909,0.0,0.0,0.0,0.0
0.75,1.0,1.0,1.0,1.0,1.0,1.0
0.75,0.1666666666666666,0.1666666666666666,0.0,0.3562071871080222,0.0,1.0
0.75,0.6,0.3333333333333333,0.3065735963827292,0.3065735963827292,0.5,0.5
0.75,0.4555555555555555,0.0476190476190476,0.0,0.0,0.0,0.0
0.75,0.8095238095238095,0.2,0.3868528072345416,0.3868528072345416,1.0,1.0
0.75,0.5568181818181818,0.3333333333333333,0.1951900249960508,0.312706129752478,0.25,0.5
0.75,0.8333333333333334,1.0,0.8772153153380493,0.8772153153380493,1.0,1.0
0.75,0.4571428571428571,0.2,0.1815417925373526,0.1815417925373526,0.3333333333333333,0.3333333333333333
0.75,1.0,1.0,1.0,1.0,1.0,1.0
0.75,0.8623188405797102,0.3333333333333333,0.1951900249960508,0.4573973988771914,0.25,0.75
0.75,0.75,0.3333333333333333,0.3065735963827292,0.4838128831667769,0.5,1.0
0.75,0.8823529411764706,0.3333333333333333,0.3065735963827292,0.3065735963827292,0.5,0.5
0.75,0.5,0.3333333333333333,0.169580102636808,0.1513012067494067,0.1666666666666666,0.1666666666666666
0.75,0.2841163310961968,0.0140845070422535,0.0,0.0,0.0,0.0
0.75,0.5895061728395061,0.5,0.2139862647345275,0.2820132694023927,0.1666666666666666,0.3333333333333333
0.75,0.6785714285714286,0.1,0.0,0.2890648263178879,0.0,1.0
0.75,0.75,0.1666666666666666,0.0,0.3562071871080222,0.0,1.0
0.75,0.42,0.125,0.0,0.1069931323672637,0.0,0.2
0.75,0.0625,0.0625,0.0,0.0,0.0,0.0
0.75,0.5112359550561798,0.0344827586206896,0.0,0.0,0.0,0.0
0.75,0.5813953488372093,0.0526315789473684,0.0,0.0,0.0,0.0
0.75,0.5083333333333333,0.1111111111111111,0.0,0.1020973951229116,0.0,0.2
0.75,0.8181818181818181,0.3333333333333333,0.5,0.5,1.0,1.0
0.75,0.8387096774193549,0.25,0.2640681225725909,0.448643819352159,0.5,1.0
0.75,1.0,1.0,1.0,1.0,1.0,1.0
0.75,0.6379310344827586,0.125,0.0,0.1934264036172708,0.0,0.5
0.75,0.9710144927536232,1.0,0.9060254355346824,0.9060254355346824,1.0,1.0
0.75,0.8620689655172413,0.2,0.3868528072345416,0.3868528072345416,1.0,1.0
0.75,0.5397727272727273,0.3333333333333333,0.3633175612671683,0.3633175612671683,0.5,0.5
0.75,0.481029810298103,0.0384615384615384,0.0,0.0,0.0,0.0
0.75,0.2727272727272727,0.05,0.0,0.0,0.0,0.0
0.75,1.0,1.0,1.0,1.0,1.0,1.0
0.75,0.5018656716417911,0.0454545454545454,0.0,0.0,0.0,0.0
0.75,0.3918918918918919,0.0769230769230769,0.0,0.0,0.0,0.0
0.75,0.9384615384615383,0.2,0.2371977127692962,0.2371977127692962,0.5,0.5
0.75,0.8333333333333334,0.5,0.6309297535714575,0.6309297535714575,1.0,1.0
0.75,1.0,1.0,1.0,1.0,1.0,1.0
0.75,0.5390625,0.25,0.1460683498427064,0.1303237659103706,0.1666666666666666,0.1666666666666666
0.75,0.5197368421052632,0.25,0.2021073465005475,0.2021073465005475,0.3333333333333333,0.3333333333333333
0.75,0.1846153846153846,0.0049751243781094,0.0,0.0,0.0,0.0
0.75,0.4698275862068966,0.2,0.2371977127692962,0.2371977127692962,0.5,0.5
0.75,0.7457044673539519,0.3333333333333333,0.3156484524795145,0.2816249726597774,0.3333333333333333,0.3333333333333333
0.75,0.8186582809224319,0.1428571428571428,0.0,0.1008674711662711,0.0,0.1666666666666666
0.75,0.3245614035087719,0.2,0.1815417925373526,0.1815417925373526,0.3333333333333333,0.3333333333333333
0.75,0.4230769230769231,0.3333333333333333,0.5,0.5,1.0,1.0
0.75,0.6714285714285715,0.25,0.1460683498427064,0.3462050307969752,0.2,0.6
0.75,0.5161290322580645,0.0666666666666666,0.0,0.0,0.0,0.0
0.75,0.8285714285714285,0.1428571428571428,0.0,0.3333333333333333,0.0,1.0
0.75,0.7551020408163266,0.1428571428571428,0.0,0.113053401757872,0.0,0.2
0.75,0.6218905472636816,0.3333333333333333,0.3007851801491498,0.2683637998873702,0.3333333333333333,0.3333333333333333
0.75,0.75,0.2,0.3868528072345416,0.3868528072345416,1.0,1.0
0.75,0.5,0.5,0.2139862647345275,0.2139862647345275,0.2,0.2
0.75,0.9444444444444444,0.3333333333333333,0.5,0.5,1.0,1.0
0.75,0.4654471544715446,0.0454545454545454,0.0,0.0,0.0,0.0
0.75,0.4743589743589743,0.1111111111111111,0.0,0.1175161047564271,0.0,0.25
0.75,0.2682926829268293,0.0384615384615384,0.0,0.0,0.0,0.0
0.75,0.7766666666666666,0.0909090909090909,0.0,0.0,0.0,0.0
0.75,0.7973856209150327,0.125,0.0,0.1480409554829326,0.0,0.3333333333333333
0.75,0.6551724137931034,0.0909090909090909,0.0,0.0,0.0,0.0
0.75,0.5223880597014925,0.0303030303030303,0.0,0.0,0.0,0.0
0.75,0.3333333333333333,0.2,0.3868528072345416,0.3868528072345416,1.0,1.0
0.75,0.6271186440677966,0.125,0.0,0.1934264036172708,0.0,0.5
0.75,0.85,1.0,0.8503449055347546,0.8503449055347546,1.0,1.0
0.75,0.6296296296296297,0.1666666666666666,0.0,0.2184074368181641,0.0,0.5
0.75,0.6513157894736843,0.1,0.0,0.1128451413489352,0.0,0.25
0.75,0.8636363636363636,0.1428571428571428,0.0,0.3333333333333333,0.0,1.0
0.75,0.4662162162162162,0.0434782608695652,0.0,0.0,0.0,0.0
0.75,0.5277777777777778,0.1111111111111111,0.0,0.2769189462922768,0.0,0.6666666666666666
0.75,0.631578947368421,0.125,0.0,0.3154648767857287,0.0,1.0
0.75,0.5128205128205128,0.1666666666666666,0.0,0.2184074368181641,0.0,0.5
0.75,0.3999999999999999,0.0555555555555555,0.0,0.0,0.0,0.0
0.75,0.0886075949367088,0.0144927536231884,0.0,0.0,0.0,0.0
0.75,1.0,1.0,1.0,1.0,1.0,1.0
0.75,0.7093023255813953,0.0833333333333333,0.0,0.0,0.0,0.0
0.75,0.9166666666666666,0.3333333333333333,0.5,0.5,1.0,1.0
0.75,0.3423913043478261,0.05,0.0,0.0,0.0,0.0
0.75,0.7224489795918367,0.2,0.1312050775123417,0.1312050775123417,0.2,0.2
0.75,0.7844827586206897,0.5,0.3973220069685352,0.5363781864793108,0.5,0.75
0.75,0.2307692307692307,0.0909090909090909,0.0,0.0,0.0,0.0
0.75,0.1666666666666666,0.0625,0.0,0.0,0.0,0.0
0.75,0.4143518518518518,0.0344827586206896,0.0,0.0,0.0,0.0
0.75,0.9050632911392406,0.2,0.2371977127692962,0.2371977127692962,0.5,0.5
0.75,0.7230769230769231,0.027027027027027,0.0,0.0,0.0,0.0
0.75,0.5,0.25,0.2640681225725909,0.2640681225725909,0.5,0.5
0.75,0.6153846153846154,0.1666666666666666,0.0,0.3562071871080222,0.0,1.0
0.75,0.6874074074074074,1.0,0.3391602052736161,0.305801310135566,0.1111111111111111,0.2222222222222222
0.75,0.5230769230769231,0.5,0.2139862647345275,0.4328368532653788,0.2,0.6
0.75,0.5723270440251572,0.0625,0.0,0.0,0.0,0.0
0.75,0.5322033898305085,0.1428571428571428,0.0,0.2200465341251358,0.0,0.4
0.75,0.5384615384615384,0.1428571428571428,0.0,0.3333333333333333,0.0,1.0
0.75,1.0,1.0,1.0,1.0,1.0,1.0
0.75,0.6555555555555556,0.1666666666666666,0.0,0.1671604549662022,0.0,0.3333333333333333
0.75,0.5,0.25,0.430676558073393,0.430676558073393,1.0,1.0
0.75,0.810344827586207,1.0,0.6131471927654584,0.6131471927654584,0.5,0.5
0.75,1.0,1.0,1.0,1.0,1.0,1.0
0.75,0.9375,0.5,0.6309297535714575,0.6309297535714575,1.0,1.0
0.75,0.7407407407407407,0.0526315789473684,0.0,0.0,0.0,0.0
0.75,0.56,0.2,0.2371977127692962,0.2371977127692962,0.5,0.5
0.75,0.7142857142857143,0.25,0.1460683498427064,0.1183827929553629,0.1428571428571428,0.1428571428571428
0.75,0.8611111111111112,1.0,0.6131471927654584,0.8175295903539445,0.5,1.0
0.75,0.4444444444444445,0.2,0.2371977127692962,0.2371977127692962,0.5,0.5
0.75,0.5606060606060606,0.5,0.3868528072345416,0.3868528072345416,0.5,0.5
0.75,0.7622950819672131,0.5,0.3868528072345416,0.3868528072345416,0.5,0.5
0.75,0.8703703703703705,0.1666666666666666,0.0,0.3084274278260313,0.0,0.6666666666666666
0.75,0.5434782608695652,0.0454545454545454,0.0,0.0,0.0,0.0
0.75,0.5,0.5,0.6309297535714575,0.6309297535714575,1.0,1.0
0.75,0.375,0.5,0.3868528072345416,0.6052602440527057,0.5,1.0
0.75,0.8181818181818181,0.2,0.3868528072345416,0.3868528072345416,1.0,1.0
0.75,0.5454545454545454,0.1666666666666666,0.0,0.3562071871080222,0.0,1.0
0.75,0.7142857142857143,0.1111111111111111,0.0,0.3010299956639812,0.0,1.0
0.75,0.6,0.1111111111111111,0.0,0.3010299956639812,0.0,1.0
0.75,0.1666666666666666,0.1111111111111111,0.0,0.3010299956639812,0.0,1.0
0.75,0.5283018867924528,1.0,0.4692787260227564,0.4692787260227564,0.3333333333333333,0.3333333333333333
0.75,0.2857142857142857,0.0909090909090909,0.0,0.0,0.0,0.0
0.75,0.4247967479674796,0.5,0.2139862647345275,0.1388624438735545,0.1,0.1
0.75,0.0817307692307692,0.0104166666666666,0.0,0.0,0.0,0.0
0.75,0.7083333333333334,0.3333333333333333,0.3065735963827292,0.3065735963827292,0.5,0.5
0.75,0.2051282051282051,0.03125,0.0,0.0,0.0,0.0
0.75,0.375,0.0625,0.0,0.0,0.0,0.0
0.75,1.0,1.0,1.0,1.0,1.0,1.0
0.75,0.1818181818181818,0.0131578947368421,0.0,0.0,0.0,0.0
0.75,1.0,1.0,1.0,1.0,1.0,1.0
0.75,0.5607638888888888,0.1666666666666666,0.0,0.0837249139991934,0.0,0.1111111111111111
0.75,0.7129750982961992,0.1666666666666666,0.0,0.0979129253499678,0.0,0.1428571428571428
0.75,0.7685185185185185,0.1428571428571428,0.0,0.2043823975884861,0.0,0.5
0.75,0.9743589743589745,0.5,0.6309297535714575,0.6309297535714575,1.0,1.0
0.75,0.8109452736318408,0.3333333333333333,0.2346393630113782,0.2346393630113782,0.3333333333333333,0.3333333333333333
0.75,1.0,1.0,1.0,1.0,1.0,1.0
0.75,0.4827586206896552,0.1666666666666666,0.0,0.1671604549662022,0.0,0.3333333333333333
0.75,0.4285714285714285,0.25,0.3191471544989227,0.4582033340096983,0.5,0.75
0.75,0.8716744913928012,0.5,0.2960819109658652,0.2960819109658652,0.3333333333333333,0.3333333333333333
0.75,1.0,1.0,1.0,1.0,1.0,1.0
0.75,0.8571428571428572,0.0555555555555555,0.0,0.0,0.0,0.0
0.75,0.7777777777777777,1.0,0.7039180890341347,0.8395700624665824,0.6666666666666666,1.0
0.75,0.5,0.1666666666666666,0.0,0.3562071871080222,0.0,1.0
0.75,0.421875,0.5,0.24630238874073,0.24630238874073,0.25,0.25
0.75,0.6742424242424243,0.0909090909090909,0.0,0.0,0.0,0.0
0.75,0.4821428571428571,0.0714285714285714,0.0,0.0,0.0,0.0
0.75,0.6944444444444444,0.5,0.2960819109658652,0.6005491084563833,0.3333333333333333,1.0
0.75,0.8231404958677686,0.3333333333333333,0.3156484524795145,0.3156484524795145,0.4,0.4
0.75,0.7508021390374331,0.5,0.3835663673713356,0.3183395489593718,0.1818181818181818,0.2727272727272727
0.75,0.851063829787234,0.125,0.0,0.3154648767857287,0.0,1.0
0.75,0.2395833333333333,0.0344827586206896,0.0,0.0,0.0,0.0
0.75,0.8333333333333334,0.5,0.6309297535714575,0.6309297535714575,1.0,1.0
0.75,0.8977272727272727,0.2,0.2371977127692962,0.4415801103577823,0.5,1.0
0.75,0.375,0.1428571428571428,0.0,0.2043823975884861,0.0,0.5
0.75,0.1920289855072463,0.03125,0.0,0.0,0.0,0.0
0.75,0.8070500927643784,1.0,0.639945385422766,0.616564105751634,0.4285714285714285,0.5714285714285714
0.75,0.6691729323308271,0.1428571428571428,0.0,0.1301266833307005,0.0,0.25
0.75,0.7594339622641509,0.25,0.1681275362711174,0.1681275362711174,0.25,0.25
0.75,0.6666666666666667,0.25,0.430676558073393,0.430676558073393,1.0,1.0
0.75,0.7272727272727273,0.25,0.430676558073393,0.430676558073393,1.0,1.0
0.75,0.905367231638418,0.5,0.24630238874073,0.24630238874073,0.25,0.25
0.75,0.5714285714285714,0.0714285714285714,0.0,0.0,0.0,0.0
0.75,0.7444444444444445,1.0,0.3391602052736161,0.3026024134988134,0.1666666666666666,0.1666666666666666
0.75,0.6111111111111112,0.25,0.1460683498427064,0.3088878832352369,0.1666666666666666,0.5
0.75,0.5374800637958532,0.0909090909090909,0.0,0.0,0.0,0.0
0.75,0.6041666666666666,0.25,0.2021073465005475,0.3377593199329953,0.3333333333333333,0.6666666666666666
0.75,0.4846153846153846,0.3333333333333333,0.169580102636808,0.169580102636808,0.2,0.2
0.75,1.0,1.0,1.0,1.0,1.0,1.0
0.75,0.4285714285714286,0.2,0.3868528072345416,0.3868528072345416,1.0,1.0
0.75,0.571875,0.125,0.0,0.1529113770063581,0.0,0.25
0.75,0.875,0.25,0.430676558073393,0.430676558073393,1.0,1.0
0.75,0.4827586206896552,0.0333333333333333,0.0,0.0,0.0,0.0
0.75,0.0972222222222222,0.0625,0.0,0.0,0.0,0.0
0.75,0.8,0.3333333333333333,0.5,0.5,1.0,1.0
0.75,0.9411764705882352,0.5,0.6309297535714575,0.6309297535714575,1.0,1.0
0.75,0.8,0.2,0.3868528072345416,0.3868528072345416,1.0,1.0
0.75,0.5476190476190476,0.0909090909090909,0.0,0.0,0.0,0.0
0.75,0.50390625,0.0434782608695652,0.0,0.0,0.0,0.0
0.75,0.7857142857142857,0.25,0.430676558073393,0.430676558073393,1.0,1.0
0.75,0.3333333333333333,0.2,0.3868528072345416,0.3868528072345416,1.0,1.0
0.75,0.3071895424836601,0.0454545454545454,0.0,0.0,0.0,0.0
0.75,0.4848484848484848,0.125,0.0,0.1934264036172708,0.0,0.5
0.75,0.6891891891891891,0.25,0.2640681225725909,0.2640681225725909,0.5,0.5
0.75,0.5454545454545454,0.1,0.0,0.1772392867840477,0.0,0.5
0.75,0.3496376811594203,0.0344827586206896,0.0,0.0,0.0,0.0
0.75,1.0,1.0,1.0,1.0,1.0,1.0
0.75,0.2777777777777778,0.1666666666666666,0.0,0.3562071871080222,0.0,1.0
0.75,0.4761904761904761,0.0833333333333333,0.0,0.0,0.0,0.0
0.75,0.234375,0.04,0.0,0.0,0.0,0.0
0.75,0.85,0.2,0.2371977127692962,0.2371977127692962,0.5,0.5
0.75,0.1521739130434782,0.0238095238095238,0.0,0.0,0.0,0.0
0.75,0.9375,0.25,0.5012658353418871,0.5012658353418871,1.0,1.0
0.75,0.3454861111111111,0.0169491525423728,0.0,0.0,0.0,0.0
0.75,0.5238095238095237,0.2,0.2371977127692962,0.2371977127692962,0.5,0.5
0.75,0.7285714285714286,0.1666666666666666,0.0,0.1208113026994942,0.0,0.2
0.75,0.3026315789473685,0.1111111111111111,0.0,0.1845756967795681,0.0,0.5
0.75,0.1499999999999999,0.2,0.2371977127692962,0.4556051495874603,0.5,1.0
0.75,0.48,0.0714285714285714,0.0,0.0,0.0,0.0
0.75,0.7682926829268293,0.1111111111111111,0.0,0.1845756967795681,0.0,0.5
0.75,0.4688473520249221,0.0357142857142857,0.0,0.0,0.0,0.0
0.75,0.5163398692810457,0.1111111111111111,0.0,0.1412669728598289,0.0,0.3333333333333333
0.75,0.2619047619047618,0.03125,0.0,0.0,0.0,0.0
0.75,0.7145061728395061,0.3333333333333333,0.3156484524795145,0.2684550357175426,0.1666666666666666,0.25
0.75,0.5384615384615384,0.1428571428571428,0.0,0.3333333333333333,0.0,1.0
0.75,0.9069767441860466,0.2,0.2371977127692962,0.4556051495874603,0.5,1.0
0.75,0.7945205479452055,0.1666666666666666,0.0,0.2184074368181641,0.0,0.5
0.75,0.7222222222222222,0.0476190476190476,0.0,0.0,0.0,0.0
0.75,1.0,1.0,1.0,1.0,1.0,1.0
0.75,0.6968599033816426,0.25,0.1460683498427064,0.3222836403000998,0.1666666666666666,0.5
0.75,0.6162870945479642,0.3333333333333333,0.4468535299918563,0.4256628105513781,0.1304347826086956,0.217391304347826
0.75,0.4410377358490566,0.0256410256410256,0.0,0.0,0.0,0.0
0.75,0.787109375,0.0714285714285714,0.0,0.0,0.0,0.0
0.75,0.6041666666666667,0.1666666666666666,0.0,0.1077891545245109,0.0,0.1666666666666666
0.75,0.1590909090909091,0.0476190476190476,0.0,0.0,0.0,0.0
0.75,0.7074074074074075,0.3333333333333333,0.169580102636808,0.3924888004592138,0.2,0.6
0.75,0.5866666666666667,0.5,0.2139862647345275,0.4478509691918937,0.2,0.6
0.75,0.5,0.0588235294117647,0.0,0.0,0.0,0.0
0.75,0.631578947368421,1.0,0.6131471927654584,0.6131471927654584,0.5,0.5
0.75,0.6337552742616033,0.2,0.1312050775123417,0.1312050775123417,0.2,0.2
0.75,0.4791666666666667,0.1,0.0,0.1772392867840477,0.0,0.5
0.75,0.1851851851851851,0.0178571428571428,0.0,0.0,0.0,0.0
0.75,0.7999999999999999,0.1666666666666666,0.0,0.3562071871080222,0.0,1.0
0.75,0.5708333333333333,0.1111111111111111,0.0,0.1412669728598289,0.0,0.3333333333333333
0.75,0.6368243243243243,0.0714285714285714,0.0,0.0,0.0,0.0
0.75,0.5388127853881278,0.3333333333333333,0.169580102636808,0.1882785354283233,0.1111111111111111,0.2222222222222222
0.75,0.5478723404255319,0.1666666666666666,0.0,0.1077891545245109,0.0,0.1666666666666666
0.75,0.2568807339449541,0.0129870129870129,0.0,0.0,0.0,0.0
0.75,0.4,0.1,0.0,0.2890648263178879,0.0,1.0
0.75,0.1052631578947368,0.0555555555555555,0.0,0.0,0.0,0.0
0.75,0.6206896551724138,0.0769230769230769,0.0,0.0,0.0,0.0
0.75,0.8387096774193549,0.1666666666666666,0.0,0.4227898344066503,0.0,1.0
0.75,0.4465648854961832,0.0217391304347826,0.0,0.0,0.0,0.0
0.75,0.8368421052631579,0.2,0.2371977127692962,0.2371977127692962,0.5,0.5
0.75,0.5175438596491228,0.0833333333333333,0.0,0.0,0.0,0.0
0.75,0.8413391557496361,0.1,0.0,0.0874717141014082,0.0,0.1666666666666666
0.75,0.7197986577181208,0.5,0.24630238874073,0.369453583111095,0.25,0.5
0.75,0.6703296703296703,0.0416666666666666,0.0,0.0,0.0,0.0
0.75,0.3359999999999999,0.0384615384615384,0.0,0.0,0.0,0.0
0.75,0.5,0.25,0.430676558073393,0.430676558073393,1.0,1.0
0.75,0.6009615384615384,0.5,0.4414924137367808,0.4414924137367808,0.5,0.5
0.75,0.9212962962962964,0.1111111111111111,0.0,0.1845756967795681,0.0,0.5
0.75,0.0,0.5,0.6309297535714575,0.6309297535714575,1.0,1.0
0.75,0.8,0.3333333333333333,0.5,0.5,1.0,1.0
0.75,0.25,0.0357142857142857,0.0,0.0,0.0,0.0
0.75,0.0,0.1666666666666666,0.0,0.4227898344066503,0.0,1.0
0.75,0.504424778761062,0.0333333333333333,0.0,0.0,0.0,0.0
0.75,0.646341463414634,0.5,0.3868528072345416,0.3868528072345416,0.5,0.5
0.75,0.48,0.5,0.3868528072345416,0.3868528072345416,0.5,0.5
0.75,0.5,0.5,0.6309297535714575,0.6309297535714575,1.0,1.0
0.75,0.8325581395348837,0.3333333333333333,0.3007851801491498,0.5285896152159077,0.4,0.8
0.75,0.0,0.2,0.3868528072345416,0.3868528072345416,1.0,1.0
0.75,0.5576923076923077,0.3333333333333333,0.3633175612671683,0.4761627026161036,0.5,0.75
0.75,0.5595238095238095,1.0,0.5413996682199069,0.5413996682199069,0.5,0.5
0.75,0.1666666666666666,0.1666666666666666,0.0,0.3562071871080222,0.0,1.0
0.75,0.6447368421052632,0.1,0.0,0.1128451413489352,0.0,0.25
0.75,0.546875,1.0,0.3391602052736161,0.3391602052736161,0.2,0.2
0.75,0.4705882352941176,0.1666666666666666,0.0,0.2184074368181641,0.0,0.5
0.75,0.2041666666666666,0.0105263157894736,0.0,0.0,0.0,0.0
0.75,0.4352617079889808,0.1,0.0,0.0874717141014082,0.0,0.1666666666666666
0.75,0.8385542168674698,0.25,0.1460683498427064,0.1460683498427064,0.2,0.2
0.75,0.0,0.5,0.6309297535714575,0.6309297535714575,1.0,1.0
0.75,0.7810457516339869,0.3333333333333333,0.4367467095119258,0.4367467095119258,0.6666666666666666,0.6666666666666666
0.75,0.550281954887218,0.0303030303030303,0.0,0.0,0.0,0.0
0.75,0.6104761904761906,0.1666666666666666,0.0,0.1208113026994942,0.0,0.2
0.75,0.4698412698412698,0.1428571428571428,0.0,0.0916254443047636,0.0,0.1428571428571428
0.75,0.5217391304347826,0.0833333333333333,0.0,0.0,0.0,0.0
0.75,0.816793893129771,0.1428571428571428,0.0,0.1301266833307005,0.0,0.25
0.75,0.3225806451612903,0.0769230769230769,0.0,0.0,0.0,0.0
0.75,0.253731343283582,0.0196078431372549,0.0,0.0,0.0,0.0
0.75,0.38,0.032258064516129,0.0,0.0,0.0,0.0
0.75,0.7254901960784313,0.0666666666666666,0.0,0.0,0.0,0.0
0.75,0.7,0.2,0.2371977127692962,0.4144369995533439,0.5,1.0
0.75,0.5833333333333334,0.5,0.6797310500037655,0.6797310500037655,1.0,1.0
0.75,0.4659090909090909,0.3333333333333333,0.1951900249960508,0.1951900249960508,0.25,0.25
0.75,0.8888888888888888,1.0,0.4692787260227564,0.7529716549381369,0.3333333333333333,1.0
0.75,0.4974489795918367,0.0344827586206896,0.0,0.0,0.0,0.0
0.75,1.0,1.0,1.0,1.0,1.0,1.0
0.75,0.35,0.0769230769230769,0.0,0.0,0.0,0.0
0.75,0.746268656716418,0.0555555555555555,0.0,0.0,0.0,0.0
0.75,0.6559766763848396,0.5,0.2139862647345275,0.2713405823382072,0.1428571428571428,0.2857142857142857
0.75,0.6666666666666667,0.3333333333333333,0.5,0.5,1.0,1.0
0.75,0.8207547169811321,0.25,0.2640681225725909,0.2640681225725909,0.5,0.5
0.75,0.5333333333333333,0.3333333333333333,0.2346393630113782,0.4017998179775804,0.3333333333333333,0.6666666666666666
0.75,0.9824561403508772,1.0,0.9674679834891692,0.9674679834891692,1.0,1.0
0.75,0.9411764705882352,0.5,0.6934264036172708,0.6934264036172708,1.0,1.0
0.75,0.8333333333333334,0.1666666666666666,0.0,0.3562071871080222,0.0,1.0
0.75,0.532258064516129,0.0333333333333333,0.0,0.0,0.0,0.0
0.75,0.9166666666666666,0.3333333333333333,0.5,0.5,1.0,1.0
0.75,0.6,1.0,0.6131471927654584,0.8315546295836225,0.5,1.0
0.75,0.6727272727272727,0.3333333333333333,0.2346393630113782,0.3910656050189636,0.3333333333333333,0.6666666666666666
0.75,0.2986111111111111,0.1428571428571428,0.0,0.1301266833307005,0.0,0.25
0.75,0.9439252336448598,0.25,0.2021073465005475,0.3692678014667498,0.3333333333333333,0.6666666666666666
0.75,0.6628787878787878,0.5,0.360054614577234,0.3528398039985379,0.25,0.375
0.75,0.9767441860465116,0.5,0.6309297535714575,0.6309297535714575,1.0,1.0
0.75,0.6666666666666667,0.3333333333333333,0.5143371794949736,0.6533933590057491,0.75,1.0
0.75,0.4210526315789473,0.0833333333333333,0.0,0.0,0.0,0.0
0.75,0.5777777777777777,0.1666666666666666,0.0,0.1671604549662022,0.0,0.3333333333333333
0.75,0.38,0.0833333333333333,0.0,0.0,0.0,0.0
0.75,0.4333333333333333,0.1111111111111111,0.0,0.1845756967795681,0.0,0.5
0.75,0.6757990867579908,0.5,0.2960819109658652,0.4525081529734507,0.3333333333333333,0.6666666666666666
0.75,0.6015625,0.3333333333333333,0.1951900249960508,0.3253167083267513,0.25,0.5
0.75,0.9,0.1428571428571428,0.0,0.3333333333333333,0.0,1.0
0.75,0.7619047619047619,0.1,0.0,0.1772392867840477,0.0,0.5
0.75,0.8275862068965517,0.1666666666666666,0.0,0.3562071871080222,0.0,1.0
0.75,0.0878378378378378,0.0303030303030303,0.0,0.0,0.0,0.0
0.75,0.683641975308642,1.0,0.3391602052736161,0.4034698846650846,0.1666666666666666,0.3333333333333333
0.75,0.6187134502923977,0.125,0.0,0.1449043760061551,0.0,0.2222222222222222
0.75,0.7857142857142857,0.5,0.4981892574664128,0.6394562303262419,0.6666666666666666,1.0
0.75,0.6190476190476191,0.25,0.2640681225725909,0.2640681225725909,0.5,0.5
0.75,0.8571428571428571,1.0,0.8772153153380493,0.8772153153380493,1.0,1.0
0.75,0.5957446808510638,0.0714285714285714,0.0,0.0,0.0,0.0
0.75,0.25,0.25,0.430676558073393,0.430676558073393,1.0,1.0
0.75,0.423728813559322,0.0833333333333333,0.0,0.0,0.0,0.0
0.75,0.6097560975609756,1.0,0.4692787260227564,0.4692787260227564,0.3333333333333333,0.3333333333333333
0.75,0.4256756756756756,0.0526315789473684,0.0,0.0,0.0,0.0
0.75,0.3954802259887005,0.0454545454545454,0.0,0.0,0.0,0.0
0.75,0.5714285714285714,0.125,0.0,0.1934264036172708,0.0,0.5
0.75,0.4,0.1,0.0,0.1772392867840477,0.0,0.5
0.75,0.6010928961748634,1.0,0.4692787260227564,0.4692787260227564,0.3333333333333333,0.3333333333333333
0.75,0.7916666666666666,1.0,0.6713860725233041,0.8385465274895063,0.6666666666666666,1.0
0.75,0.0,0.5,0.6309297535714575,0.6309297535714575,1.0,1.0
0.75,0.3088235294117647,0.0208333333333333,0.0,0.0,0.0,0.0
0.75,0.8171641791044776,0.3333333333333333,0.3065735963827292,0.3065735963827292,0.5,0.5
0.75,0.6818181818181818,1.0,0.5087403079104241,0.6295516106099184,0.4,0.6
0.75,0.9375,0.5,0.6309297535714575,0.6309297535714575,1.0,1.0
0.75,0.6176470588235294,0.0714285714285714,0.0,0.0,0.0,0.0
0.75,0.6014492753623188,0.5,0.2139862647345275,0.2783925802803428,0.1666666666666666,0.3333333333333333
0.75,0.725,1.0,0.6131471927654584,0.6131471927654584,0.5,0.5
0.75,0.8235294117647058,1.0,0.6131471927654584,0.8065735963827293,0.5,1.0
0.75,0.7740384615384615,0.3333333333333333,0.346209643223856,0.4637257479802832,0.5,0.75
0.75,0.8198198198198198,0.125,0.0,0.1934264036172708,0.0,0.5
0.75,0.5502873563218391,0.0555555555555555,0.0,0.0,0.0,0.0
0.75,0.2862745098039216,0.1428571428571428,0.0,0.113053401757872,0.0,0.2
0.75,0.2307692307692307,0.05,0.0,0.0,0.0,0.0
0.75,0.7153284671532848,0.0454545454545454,0.0,0.0,0.0,0.0
0.75,0.7807692307692308,1.0,0.4703652827859579,0.4703652827859579,0.4,0.4
0.75,0.592741935483871,0.2,0.1312050775123417,0.0978515946351604,0.125,0.125
0.75,0.6,0.3333333333333333,0.5,0.5,1.0,1.0
0.75,0.7735341581495427,1.0,0.3391602052736161,0.3570764765963919,0.0769230769230769,0.2307692307692307
0.75,0.375886524822695,0.0476190476190476,0.0,0.0,0.0,0.0
0.75,0.7379310344827585,0.0256410256410256,0.0,0.0,0.0,0.0
0.75,0.8048780487804879,0.3333333333333333,0.3156484524795145,0.5434528875462725,0.4,0.8
0.75,0.7115384615384616,0.25,0.1681275362711174,0.3071837157818931,0.25,0.5
0.75,0.9852941176470588,0.5,0.6309297535714575,0.6309297535714575,1.0,1.0
0.75,0.3571428571428571,0.1111111111111111,0.0,0.1845756967795681,0.0,0.5
0.75,0.65,0.1666666666666666,0.0,0.2184074368181641,0.0,0.5
0.75,0.8421052631578947,0.0714285714285714,0.0,0.0,0.0,0.0
0.75,0.5,0.0555555555555555,0.0,0.0,0.0,0.0
0.75,0.7298245614035087,0.5,0.2960819109658652,0.2960819109658652,0.3333333333333333,0.3333333333333333
0.75,0.6000000000000001,0.2,0.2371977127692962,0.2371977127692962,0.5,0.5
0.75,0.9583333333333334,0.5,0.6309297535714575,0.6309297535714575,1.0,1.0
0.75,0.8333333333333334,0.25,0.430676558073393,0.430676558073393,1.0,1.0
0.75,0.5844155844155844,0.0303030303030303,0.0,0.0,0.0,0.0
0.75,0.8,0.5,0.6309297535714575,0.6309297535714575,1.0,1.0
0.75,0.0,0.0588235294117647,0.0,0.0,0.0,0.0
0.75,0.4583333333333333,0.0625,0.0,0.0,0.0,0.0
0.75,0.6666666666666667,0.3333333333333333,0.5,0.5,1.0,1.0
0.75,0.5892857142857143,0.1428571428571428,0.0,0.1301266833307005,0.0,0.25
0.75,0.9375,1.0,0.6131471927654584,0.8065735963827293,0.5,1.0
0.75,0.5,0.5,0.2960819109658652,0.4525081529734507,0.3333333333333333,0.6666666666666666
0.75,0.5417185554171856,0.3333333333333333,0.169580102636808,0.1763001066034291,0.0909090909090909,0.1818181818181818
0.75,0.7628205128205129,0.3333333333333333,0.2346393630113782,0.3759063358712072,0.3333333333333333,0.6666666666666666
0.75,0.660408163265306,0.0909090909090909,0.0,0.0,0.0,0.0
0.75,0.15,0.0555555555555555,0.0,0.0,0.0,0.0
0.75,0.7604166666666666,0.2,0.1510196182278052,0.1510196182278052,0.25,0.25
0.75,0.75,0.5,0.6309297535714575,0.6309297535714575,1.0,1.0
0.75,0.4871794871794872,0.0476190476190476,0.0,0.0,0.0,0.0
0.75,0.8490566037735849,0.3333333333333333,0.3065735963827292,0.3065735963827292,0.5,0.5
0.75,0.36,0.1111111111111111,0.0,0.1412669728598289,0.0,0.3333333333333333
0.75,0.510548523206751,0.1666666666666666,0.0,0.1077891545245109,0.0,0.1666666666666666
0.75,0.7105263157894737,1.0,0.6366824387328317,0.6366824387328317,0.5,0.5
0.75,0.5680147058823529,0.1666666666666666,0.0,0.1390561795107756,0.0,0.25
0.75,0.7169811320754718,0.1428571428571428,0.0,0.2429718246796358,0.0,0.5
0.75,0.53125,0.027027027027027,0.0,0.0,0.0,0.0
0.75,0.928813559322034,1.0,0.3391602052736161,0.5482507327637915,0.2,0.6
0.75,0.962962962962963,0.5,0.6309297535714575,0.6309297535714575,1.0,1.0
0.75,0.8235294117647058,0.1,0.0,0.2890648263178879,0.0,1.0
0.75,0.1114130434782608,0.025,0.0,0.0,0.0,0.0
0.75,0.7,0.2,0.2371977127692962,0.4144369995533439,0.5,1.0
0.75,0.625,0.5,0.24630238874073,0.24630238874073,0.25,0.25
1.0,0.5268817204301075,0.125,0.0,0.0954604330894673,0.0,0.1666666666666666
1.0,0.587719298245614,0.1666666666666666,0.0,0.1671604549662022,0.0,0.3333333333333333
1.0,0.25,0.0333333333333333,0.0,0.0,0.0,0.0
1.0,0.6396103896103895,0.0666666666666666,0.0,0.0,0.0,0.0
1.0,0.7415384615384615,0.5,0.2139862647345275,0.2139862647345275,0.2,0.2
1.0,0.5485232067510548,0.5,0.2960819109658652,0.2960819109658652,0.3333333333333333,0.3333333333333333
1.0,0.9615384615384616,1.0,0.9197207891481876,0.9197207891481876,1.0,1.0
1.0,0.6574074074074074,0.5,0.4144299250118475,0.4144299250118475,0.5,0.5
1.0,0.5865384615384616,0.3333333333333333,0.3633175612671683,0.3633175612671683,0.5,0.5
1.0,0.9318181818181818,0.5,0.2960819109658652,0.619668607939653,0.3333333333333333,1.0
1.0,0.3636363636363636,0.125,0.0,0.3154648767857287,0.0,1.0
1.0,0.3333333333333333,0.3333333333333333,0.5,0.5,1.0,1.0
1.0,0.4727272727272727,0.0666666666666666,0.0,0.0,0.0,0.0
1.0,0.6168582375478926,0.5,0.2960819109658652,0.2960819109658652,0.3333333333333333,0.3333333333333333
1.0,0.1999999999999999,0.2,0.3868528072345416,0.3868528072345416,1.0,1.0
1.0,0.484375,0.125,0.0,0.1934264036172708,0.0,0.5
1.0,0.4166666666666666,0.1666666666666666,0.0,0.2184074368181641,0.0,0.5
1.0,0.6853448275862069,0.0434782608695652,0.0,0.0,0.0,0.0
1.0,0.2068965517241379,0.0109890109890109,0.0,0.0,0.0,0.0
1.0,0.6,0.1111111111111111,0.0,0.3010299956639812,0.0,1.0
1.0,0.5254237288135593,0.25,0.1460683498427064,0.1303237659103706,0.1666666666666666,0.1666666666666666
1.0,0.4043715846994535,0.0333333333333333,0.0,0.0,0.0,0.0
1.0,1.0,1.0,1.0,1.0,1.0,1.0
1.0,0.4698795180722891,0.5,0.2139862647345275,0.2139862647345275,0.2,0.2
1.0,0.6046511627906976,0.5,0.3868528072345416,0.3868528072345416,0.5,0.5
1.0,0.3802816901408451,0.0222222222222222,0.0,0.0,0.0,0.0
1.0,1.0,1.0,1.0,1.0,1.0,1.0
1.0,0.5,0.25,0.2640681225725909,0.2640681225725909,0.5,0.5
1.0,0.2125,0.0384615384615384,0.0,0.0,0.0,0.0
1.0,0.5,0.5,0.6309297535714575,0.6309297535714575,1.0,1.0
1.0,0.4444444444444444,1.0,0.4692787260227564,0.7737459235132744,0.3333333333333333,1.0
1.0,0.5098039215686274,0.0384615384615384,0.0,0.0,0.0,0.0
1.0,0.6054054054054053,0.3333333333333333,0.169580102636808,0.2676193884681651,0.2,0.4
1.0,0.7,0.25,0.5012658353418871,0.5012658353418871,1.0,1.0
1.0,0.536082474226804,0.0769230769230769,0.0,0.0,0.0,0.0
1.0,0.4545454545454546,0.1428571428571428,0.0,0.3333333333333333,0.0,1.0
1.0,0.6031746031746031,0.125,0.0,0.0954604330894673,0.0,0.1666666666666666
1.0,0.9487179487179488,0.3333333333333333,0.5,0.5,1.0,1.0
1.0,0.6578947368421052,0.25,0.1681275362711174,0.1681275362711174,0.25,0.25
1.0,0.625,0.1428571428571428,0.0,0.3333333333333333,0.0,1.0
1.0,0.5641025641025641,0.0555555555555555,0.0,0.0,0.0,0.0
1.0,0.1555555555555555,0.0256410256410256,0.0,0.0,0.0,0.0
1.0,0.0,0.5,0.6309297535714575,0.6309297535714575,1.0,1.0
1.0,0.6378418329637842,0.25,0.1460683498427064,0.0947883643695507,0.0909090909090909,0.0909090909090909
1.0,0.8007246376811594,0.5,0.24630238874073,0.24630238874073,0.25,0.25
1.0,0.430188679245283,0.1666666666666666,0.0,0.1208113026994942,0.0,0.2
1.0,0.2282608695652174,0.0149253731343283,0.0,0.0,0.0,0.0
1.0,0.8203592814371257,1.0,0.6131471927654584,0.6131471927654584,0.5,0.5
1.0,0.8367346938775511,0.125,0.0,0.2893079283427616,0.0,0.6666666666666666
1.0,0.5800000000000001,1.0,0.6131471927654584,0.6131471927654584,0.5,0.5
1.0,0.5344444444444444,0.5,0.2139862647345275,0.1388624438735545,0.1,0.1
1.0,0.1666666666666666,0.1666666666666666,0.0,0.3562071871080222,0.0,1.0
1.0,0.3571428571428571,0.0181818181818181,0.0,0.0,0.0,0.0
1.0,0.6666666666666667,0.3333333333333333,0.5,0.5,1.0,1.0
1.0,0.3999999999999999,0.0714285714285714,0.0,0.0,0.0,0.0
1.0,0.0555555555555555,0.1,0.0,0.1772392867840477,0.0,0.5
1.0,0.5944444444444444,0.2,0.1312050775123417,0.2333024726352534,0.2,0.4
1.0,0.7796296296296297,0.3333333333333333,0.169580102636808,0.169580102636808,0.2,0.2
1.0,1.0,1.0,1.0,1.0,1.0,1.0
1.0,0.6683453237410072,0.0769230769230769,0.0,0.0,0.0,0.0
1.0,0.588768115942029,0.1666666666666666,0.0,0.1077891545245109,0.0,0.1666666666666666
1.0,0.7695652173913045,1.0,0.3391602052736161,0.4599715079731103,0.2,0.4
1.0,0.5285714285714286,0.1428571428571428,0.0,0.1301266833307005,0.0,0.25
1.0,0.0,0.5,0.6309297535714575,0.6309297535714575,1.0,1.0
1.0,0.6666666666666667,0.5,0.6309297535714575,0.6309297535714575,1.0,1.0
1.0,0.3636363636363636,0.1428571428571428,0.0,0.3816216843725338,0.0,1.0
1.0,0.4809782608695652,0.0769230769230769,0.0,0.0,0.0,0.0
1.0,0.0625,0.1111111111111111,0.0,0.3010299956639812,0.0,1.0
1.0,0.5868217054263566,0.1666666666666666,0.0,0.2153829792769871,0.0,0.2
1.0,0.6051779935275081,0.5,0.2960819109658652,0.2960819109658652,0.3333333333333333,0.3333333333333333
1.0,0.6356589147286822,1.0,0.3391602052736161,0.3900741276002216,0.1666666666666666,0.3333333333333333
1.0,1.0,1.0,1.0,1.0,1.0,1.0
1.0,0.7694805194805194,1.0,0.4852285551163225,0.4416737339478611,0.25,0.375
1.0,0.6153846153846153,0.1,0.0,0.1772392867840477,0.0,0.5
1.0,0.1578947368421052,0.0714285714285714,0.0,0.0,0.0,0.0
1.0,0.3571428571428572,0.1111111111111111,0.0,0.1020973951229116,0.0,0.2
1.0,0.5975274725274725,0.5,0.2139862647345275,0.1734276569882394,0.1428571428571428,0.1428571428571428
1.0,0.0,0.5,0.6309297535714575,0.6309297535714575,1.0,1.0
1.0,0.4252336448598132,0.125,0.0,0.123151194370365,0.0,0.25
1.0,0.9565217391304348,0.5,0.6934264036172708,0.6934264036172708,1.0,1.0
1.0,1.0,1.0,1.0,1.0,1.0,1.0
1.0,0.7271062271062271,1.0,0.4703652827859579,0.4606700933772881,0.2857142857142857,0.4285714285714285
1.0,0.0,0.5,0.6309297535714575,0.6309297535714575,1.0,1.0
1.0,1.0,1.0,1.0,1.0,1.0,1.0
1.0,0.550326797385621,1.0,0.4852285551163225,0.3362741576267855,0.2222222222222222,0.2222222222222222
1.0,0.4615384615384615,0.125,0.0,0.3154648767857287,0.0,1.0
1.0,0.3333333333333333,0.2,0.3868528072345416,0.3868528072345416,1.0,1.0
1.0,0.9230769230769232,0.3333333333333333,0.5,0.5,1.0,1.0
1.0,0.8214285714285714,0.5,0.3868528072345416,0.6052602440527057,0.5,1.0
1.0,0.75,0.3333333333333333,0.5,0.5,1.0,1.0
1.0,0.5238095238095238,0.04,0.0,0.0,0.0,0.0
1.0,0.5238095238095238,0.3333333333333333,0.3065735963827292,0.3065735963827292,0.5,0.5
1.0,0.8571428571428572,1.0,0.8772153153380493,0.8772153153380493,1.0,1.0
1.0,0.6,0.032258064516129,0.0,0.0,0.0,0.0
1.0,0.7522522522522522,0.2,0.1510196182278052,0.1510196182278052,0.25,0.25
1.0,0.3,0.125,0.0,0.3154648767857287,0.0,1.0
1.0,0.9233644859813084,0.3333333333333333,0.3156484524795145,0.4177458476024261,0.4,0.6
1.0,0.6,0.3333333333333333,0.5706417189553201,0.5706417189553201,1.0,1.0
1.0,0.7666666666666667,0.1428571428571428,0.0,0.3816216843725338,0.0,1.0
1.0,0.575,0.3333333333333333,0.3065735963827292,0.3065735963827292,0.5,0.5
1.0,0.2592592592592593,0.0714285714285714,0.0,0.0,0.0,0.0
1.0,0.680327868852459,0.25,0.2640681225725909,0.2640681225725909,0.5,0.5
1.0,0.625,0.25,0.430676558073393,0.430676558073393,1.0,1.0
1.0,0.8571428571428572,0.5,0.6309297535714575,0.6309297535714575,1.0,1.0
1.0,0.5933333333333334,0.0769230769230769,0.0,0.0,0.0,0.0
1.0,0.6538461538461539,0.1666666666666666,0.0,0.2184074368181641,0.0,0.5
1.0,0.0,0.2,0.3868528072345416,0.3868528072345416,1.0,1.0
1.0,0.5147058823529411,0.1,0.0,0.1772392867840477,0.0,0.5
1.0,0.0,0.3333333333333333,0.5,0.5,1.0,1.0
1.0,0.1428571428571429,0.0526315789473684,0.0,0.0,0.0,0.0
1.0,0.0,0.1428571428571428,0.0,0.3333333333333333,0.0,1.0
1.0,0.8666666666666667,0.3333333333333333,0.5,0.5,1.0,1.0
1.0,0.2222222222222222,0.0666666666666666,0.0,0.0,0.0,0.0
1.0,0.3333333333333333,0.3333333333333333,0.5,0.5,1.0,1.0
1.0,0.7333333333333334,0.2,0.3868528072345416,0.3868528072345416,1.0,1.0
1.0,0.6666666666666666,0.3333333333333333,0.2346393630113782,0.370291336443826,0.3333333333333333,0.6666666666666666
1.0,0.5166666666666666,0.25,0.2640681225725909,0.2640681225725909,0.5,0.5
1.0,0.8333333333333334,0.5,0.6309297535714575,0.6309297535714575,1.0,1.0
1.0,1.0,1.0,1.0,1.0,1.0,1.0
1.0,0.9401041666666666,0.25,0.2772734273550482,0.5515034178285835,0.3333333333333333,0.8333333333333334
1.0,0.6081081081081081,0.0833333333333333,0.0,0.0,0.0,0.0
1.0,0.6615384615384615,0.25,0.2772734273550482,0.4883661149442773,0.4,0.8
1.0,0.3888888888888889,0.25,0.1681275362711174,0.1681275362711174,0.25,0.25
1.0,1.0,1.0,1.0,1.0,1.0,1.0
1.0,0.9230769230769232,0.5,0.6309297535714575,0.6309297535714575,1.0,1.0
1.0,1.0,1.0,1.0,1.0,1.0,1.0
1.0,0.7857142857142858,0.3333333333333333,0.3065735963827292,0.4911492931622974,0.5,1.0
1.0,0.7999999999999999,1.0,0.5531464700081437,0.4935232796777481,0.3333333333333333,0.3333333333333333
1.0,0.5692307692307692,0.1,0.0,0.1356519734324477,0.0,0.3333333333333333
1.0,0.1904761904761904,0.0285714285714285,0.0,0.0,0.0,0.0
1.0,0.56,0.125,0.0,0.1934264036172708,0.0,0.5
1.0,0.545679012345679,0.25,0.1460683498427064,0.1460683498427064,0.2,0.2
1.0,0.6490807354116706,1.0,0.3391602052736161,0.2350455494144853,0.1111111111111111,0.1111111111111111
1.0,0.8783783783783784,1.0,0.3903800499921017,0.5078961547485289,0.25,0.5
1.0,0.3846153846153846,0.1111111111111111,0.0,0.3010299956639812,0.0,1.0
1.0,0.6923076923076923,0.1111111111111111,0.0,0.3010299956639812,0.0,1.0
1.0,0.3148148148148147,0.0909090909090909,0.0,0.0,0.0,0.0
1.0,0.904,0.5,0.5296347172140421,0.6504460199135362,0.6,0.8
1.0,0.5402298850574712,0.0714285714285714,0.0,0.0,0.0,0.0
1.0,0.5428571428571429,0.0588235294117647,0.0,0.0,0.0,0.0
1.0,0.5555555555555556,1.0,0.8529278650606567,0.8529278650606567,1.0,1.0
1.0,0.75,0.1666666666666666,0.0,0.1390561795107756,0.0,0.25
1.0,0.9,1.0,0.6131471927654584,0.6131471927654584,0.5,0.5
1.0,0.5768321513002364,0.1111111111111111,0.0,0.1412669728598289,0.0,0.3333333333333333
1.0,0.5833333333333333,0.1666666666666666,0.0,0.3562071871080222,0.0,1.0
1.0,0.7699115044247787,0.2,0.1815417925373526,0.1815417925373526,0.3333333333333333,0.3333333333333333
1.0,0.6453576864535768,0.1,0.0,0.0679434009182907,0.0,0.1111111111111111
1.0,0.7777777777777778,0.2,0.3868528072345416,0.3868528072345416,1.0,1.0
1.0,0.8,0.25,0.5012658353418871,0.5012658353418871,1.0,1.0
1.0,0.5576642335766423,0.0769230769230769,0.0,0.0,0.0,0.0
1.0,0.6439393939393939,0.1111111111111111,0.0,0.1175161047564271,0.0,0.25
1.0,0.7076923076923077,0.05,0.0,0.0,0.0,0.0
1.0,0.0,0.25,0.430676558073393,0.430676558073393,1.0,1.0
1.0,0.8888888888888888,0.5,0.6309297535714575,0.6309297535714575,1.0,1.0
1.0,0.6688311688311688,0.2,0.1510196182278052,0.1510196182278052,0.25,0.25
1.0,0.7391304347826088,0.1428571428571428,0.0,0.3333333333333333,0.0,1.0
1.0,0.3333333333333333,0.2,0.3868528072345416,0.3868528072345416,1.0,1.0
1.0,0.9333333333333332,0.5,0.6934264036172708,0.6934264036172708,1.0,1.0
1.0,0.7184873949579832,0.125,0.0,0.0867138284941197,0.0,0.1428571428571428
1.0,1.0,1.0,1.0,1.0,1.0,1.0
1.0,0.9733333333333332,1.0,0.9060254355346824,0.9060254355346824,1.0,1.0
1.0,0.2972972972972973,0.0238095238095238,0.0,0.0,0.0,0.0
1.0,0.7758620689655173,1.0,0.8048099750039491,0.8048099750039491,0.75,0.75
1.0,0.8235294117647058,0.3333333333333333,0.4367467095119258,0.5847876649948583,0.6666666666666666,1.0
1.0,0.4,0.0769230769230769,0.0,0.0,0.0,0.0
1.0,0.2,0.0344827586206896,0.0,0.0,0.0,0.0
1.0,0.6086956521739131,0.1,0.0,0.2890648263178879,0.0,1.0
1.0,0.3782051282051282,1.0,0.3391602052736161,0.3026024134988134,0.1666666666666666,0.1666666666666666
1.0,0.4222222222222222,0.3333333333333333,0.2346393630113782,0.2346393630113782,0.3333333333333333,0.3333333333333333
1.0,0.2631578947368421,0.1428571428571428,0.0,0.1301266833307005,0.0,0.25
1.0,0.8888888888888888,0.5,0.4981892574664128,0.6338412308988606,0.6666666666666666,1.0
1.0,0.6739130434782609,0.0909090909090909,0.0,0.0,0.0,0.0
1.0,0.5819672131147541,1.0,0.5413996682199069,0.5413996682199069,0.5,0.5
1.0,0.6538461538461539,0.125,0.0,0.1934264036172708,0.0,0.5
1.0,0.2666666666666667,0.0833333333333333,0.0,0.0,0.0,0.0
1.0,0.5946843853820598,0.25,0.1460683498427064,0.2162957183053307,0.1428571428571428,0.2857142857142857
1.0,0.1207482993197278,0.0084745762711864,0.0,0.0,0.0,0.0
1.0,0.5833333333333333,0.1666666666666666,0.0,0.1390561795107756,0.0,0.25
1.0,0.7642276422764229,0.25,0.2021073465005475,0.2021073465005475,0.3333333333333333,0.3333333333333333
1.0,0.3683127572016461,0.125,0.0,0.0741486152850745,0.0,0.1111111111111111
1.0,0.6763779527559055,1.0,0.4852285551163225,0.4852285551163225,0.4,0.4
1.0,0.9418604651162792,0.5,0.3868528072345416,0.6052602440527057,0.5,1.0
1.0,0.8571428571428572,0.2,0.3868528072345416,0.3868528072345416,1.0,1.0
1.0,0.25,0.25,0.430676558073393,0.430676558073393,1.0,1.0
1.0,0.125,0.0666666666666666,0.0,0.0,0.0,0.0
1.0,0.6,0.1111111111111111,0.0,0.3010299956639812,0.0,1.0
1.0,0.5,0.25,0.2640681225725909,0.2640681225725909,0.5,0.5
1.0,0.375,0.1,0.0,0.1772392867840477,0.0,0.5
1.0,0.6599999999999999,0.125,0.0,0.1934264036172708,0.0,0.5
1.0,0.6691086691086691,0.125,0.0,0.1694598497994397,0.0,0.2857142857142857
1.0,0.8412698412698413,0.0909090909090909,0.0,0.0,0.0,0.0
1.0,0.753968253968254,0.0666666666666666,0.0,0.0,0.0,0.0
1.0,0.9,0.25,0.430676558073393,0.430676558073393,1.0,1.0
1.0,0.8758620689655172,0.5,0.3835663673713356,0.5987171642521193,0.4,0.8
1.0,0.6470588235294117,0.1428571428571428,0.0,0.3333333333333333,0.0,1.0
1.0,0.9666666666666668,0.5,0.6309297535714575,0.6309297535714575,1.0,1.0
1.0,0.5384615384615384,0.5,0.3868528072345416,0.3868528072345416,0.5,0.5
1.0,0.7096774193548387,0.1111111111111111,0.0,0.1845756967795681,0.0,0.5
1.0,0.2549019607843137,0.032258064516129,0.0,0.0,0.0,0.0
1.0,0.75,0.5,0.6309297535714575,0.6309297535714575,1.0,1.0
1.0,0.7810810810810811,1.0,0.3391602052736161,0.4371994911049732,0.2,0.4
1.0,0.7777777777777778,1.0,0.5531464700081437,0.7719970585389948,0.4,0.8
1.0,0.509469696969697,0.5,0.2139862647345275,0.1388624438735545,0.0909090909090909,0.0909090909090909
1.0,0.6705685618729097,1.0,0.4852285551163225,0.3148801306676309,0.1538461538461538,0.1538461538461538
1.0,0.7,0.25,0.2640681225725909,0.4574945261898616,0.5,1.0
1.0,0.7231638418079096,0.3333333333333333,0.2346393630113782,0.2346393630113782,0.3333333333333333,0.3333333333333333
1.0,0.037037037037037,0.0384615384615384,0.0,0.0,0.0,0.0
1.0,0.5,0.25,0.2640681225725909,0.2640681225725909,0.5,0.5
1.0,0.725,1.0,0.5585075862632192,0.6886342695939197,0.5,0.75
1.0,0.6714285714285715,0.0416666666666666,0.0,0.0,0.0,0.0
1.0,0.4564564564564564,0.0454545454545454,0.0,0.0,0.0,0.0
1.0,0.625,0.2,0.2371977127692962,0.4144369995533439,0.5,1.0
1.0,1.0,1.0,1.0,1.0,1.0,1.0
1.0,0.959016393442623,0.5,0.3868528072345416,0.6052602440527057,0.5,1.0
1.0,0.5072859744990892,0.1111111111111111,0.0,0.0707557607210806,0.0,0.1111111111111111
1.0,0.66,1.0,0.3391602052736161,0.5730249097309823,0.2,0.6
1.0,0.9069069069069068,0.1428571428571428,0.0,0.2920782154400332,0.0,0.6666666666666666
1.0,0.3076923076923077,0.1,0.0,0.2890648263178879,0.0,1.0
1.0,0.52,0.0769230769230769,0.0,0.0,0.0,0.0
1.0,0.5789473684210527,0.0588235294117647,0.0,0.0,0.0,0.0
1.0,0.6129032258064516,0.3333333333333333,0.2346393630113782,0.2346393630113782,0.3333333333333333,0.3333333333333333
1.0,0.5882352941176471,0.125,0.0,0.3154648767857287,0.0,1.0
1.0,0.545679012345679,0.125,0.0,0.1480409554829326,0.0,0.3333333333333333
1.0,0.5570987654320988,0.5,0.2139862647345275,0.1909208661789346,0.1666666666666666,0.1666666666666666
1.0,0.6875,0.2,0.2371977127692962,0.2371977127692962,0.5,0.5
1.0,0.4347826086956522,0.0714285714285714,0.0,0.0,0.0,0.0
1.0,0.3958333333333333,0.1111111111111111,0.0,0.1845756967795681,0.0,0.5
1.0,0.6111111111111112,0.25,0.2640681225725909,0.2640681225725909,0.5,0.5
1.0,0.3586206896551724,0.0666666666666666,0.0,0.0,0.0,0.0
1.0,0.3049180327868852,0.0909090909090909,0.0,0.0,0.0,0.0
1.0,0.4318181818181818,0.0588235294117647,0.0,0.0,0.0,0.0
1.0,0.6243628950050968,0.5,0.2139862647345275,0.1482972305701491,0.1111111111111111,0.1111111111111111
1.0,0.5,1.0,0.9197207891481876,0.9197207891481876,1.0,1.0
1.0,0.73,1.0,0.5413996682199069,0.6804558477306826,0.5,0.75
1.0,0.765625,0.25,0.2640681225725909,0.2640681225725909,0.5,0.5
1.0,0.6617647058823529,1.0,0.6131471927654584,0.6131471927654584,0.5,0.5
1.0,1.0,1.0,1.0,1.0,1.0,1.0
1.0,0.4944444444444444,0.1428571428571428,0.0,0.1564262420075854,0.0,0.3333333333333333
1.0,0.6363636363636364,0.2,0.3868528072345416,0.3868528072345416,1.0,1.0
1.0,0.5892857142857143,1.0,0.5531464700081437,0.4935232796777481,0.3333333333333333,0.3333333333333333
1.0,0.0869565217391304,0.0454545454545454,0.0,0.0,0.0,0.0
1.0,0.5673758865248227,0.1428571428571428,0.0,0.1564262420075854,0.0,0.3333333333333333
1.0,0.0277777777777777,0.0142857142857142,0.0,0.0,0.0,0.0
1.0,0.45,0.125,0.0,0.1934264036172708,0.0,0.5
1.0,0.5793103448275863,0.0178571428571428,0.0,0.0,0.0,0.0
1.0,0.6212121212121212,0.25,0.2640681225725909,0.2640681225725909,0.5,0.5
1.0,0.4318181818181819,1.0,0.3903800499921017,0.3903800499921017,0.25,0.25
1.0,0.5720486111111112,0.0666666666666666,0.0,0.0,0.0,0.0
1.0,0.7193396226415095,0.1666666666666666,0.0,0.1390561795107756,0.0,0.25
1.0,0.4363636363636364,0.0526315789473684,0.0,0.0,0.0,0.0
1.0,0.4749999999999999,0.25,0.2021073465005475,0.2021073465005475,0.3333333333333333,0.3333333333333333
1.0,0.6538461538461539,1.0,0.5585075862632192,0.6816587806335841,0.5,0.75
1.0,0.6836734693877551,0.1666666666666666,0.0,0.1671604549662022,0.0,0.3333333333333333
1.0,0.3972303206997084,0.0555555555555555,0.0,0.0,0.0,0.0
1.0,0.74,0.3333333333333333,0.4367467095119258,0.4367467095119258,0.6666666666666666,0.6666666666666666
1.0,0.5487804878048781,0.2,0.2371977127692962,0.2371977127692962,0.5,0.5
1.0,0.5555555555555556,0.1428571428571428,0.0,0.2043823975884861,0.0,0.5
1.0,0.5666666666666667,1.0,0.5087403079104241,0.4539036202482202,0.3333333333333333,0.3333333333333333
1.0,0.7999999999999999,0.3333333333333333,0.1951900249960508,0.1951900249960508,0.25,0.25
1.0,0.513157894736842,0.0588235294117647,0.0,0.0,0.0,0.0
1.0,0.8484848484848484,1.0,0.5531464700081437,0.7622369974983191,0.4,0.8
1.0,0.6082251082251082,1.0,0.3391602052736161,0.2863459897524692,0.0833333333333333,0.1666666666666666
1.0,0.6666666666666667,0.5,0.6309297535714575,0.6309297535714575,1.0,1.0
1.0,0.8090909090909091,0.5,0.3451913422468693,0.4233117951052935,0.2,0.5
1.0,0.5379098360655737,0.1666666666666666,0.0,0.1390561795107756,0.0,0.25
1.0,0.8636363636363636,0.0666666666666666,0.0,0.0,0.0,0.0
1.0,0.7118644067796609,0.0833333333333333,0.0,0.0,0.0,0.0
1.0,0.5857142857142857,0.5,0.24630238874073,0.24630238874073,0.25,0.25
1.0,0.6130268199233716,0.125,0.0,0.1480409554829326,0.0,0.3333333333333333
1.0,0.1999999999999999,0.04,0.0,0.0,0.0,0.0
1.0,0.7384615384615385,0.0555555555555555,0.0,0.0,0.0,0.0
1.0,0.613861386138614,0.125,0.0,0.123151194370365,0.0,0.25
1.0,0.8776595744680852,0.25,0.2640681225725909,0.2640681225725909,0.5,0.5
1.0,0.590566037735849,1.0,0.5531464700081437,0.4283854321084119,0.2,0.3
1.0,0.6041666666666666,0.2,0.1815417925373526,0.3295827480202853,0.3333333333333333,0.6666666666666666
1.0,0.92,0.3333333333333333,0.5,0.5,1.0,1.0
1.0,0.6828125,1.0,0.3391602052736161,0.3391602052736161,0.2,0.2
1.0,0.6342329545454546,0.3333333333333333,0.3007851801491498,0.195189000790661,0.125,0.125
1.0,0.4285714285714286,0.2,0.3868528072345416,0.3868528072345416,1.0,1.0
1.0,0.8379310344827586,0.1111111111111111,0.0,0.1845756967795681,0.0,0.5
1.0,0.7428571428571429,0.3333333333333333,0.169580102636808,0.1374381664571454,0.1428571428571428,0.1428571428571428
1.0,0.8762376237623762,0.5,0.24630238874073,0.3638184934971571,0.25,0.5
1.0,0.6634225466342255,0.3333333333333333,0.169580102636808,0.1958712911787377,0.1111111111111111,0.2222222222222222
1.0,0.5208333333333334,0.3333333333333333,0.2346393630113782,0.3826803184943108,0.3333333333333333,0.6666666666666666
1.0,0.0,0.25,0.430676558073393,0.430676558073393,1.0,1.0
1.0,0.5239130434782608,0.0357142857142857,0.0,0.0,0.0,0.0
1.0,0.5537037037037036,0.0454545454545454,0.0,0.0,0.0,0.0
1.0,0.5975609756097561,1.0,0.6131471927654584,0.6131471927654584,0.5,0.5
1.0,0.7766599597585513,1.0,0.3391602052736161,0.3665017772190544,0.1428571428571428,0.2857142857142857
1.0,0.6944444444444444,0.0833333333333333,0.0,0.0,0.0,0.0
1.0,0.4583333333333333,0.3333333333333333,0.3007851801491498,0.3007851801491498,0.4,0.4
1.0,0.625,1.0,0.6366824387328317,0.6366824387328317,0.5,0.5
1.0,0.1041666666666666,0.0434782608695652,0.0,0.0,0.0,0.0
1.0,0.4404761904761904,0.1428571428571428,0.0,0.2043823975884861,0.0,0.5
1.0,0.745,0.0555555555555555,0.0,0.0,0.0,0.0
1.0,0.75,0.3333333333333333,0.5,0.5,1.0,1.0
1.0,0.4952380952380952,0.125,0.0,0.2090905274901754,0.0,0.4
1.0,0.925531914893617,0.2,0.2371977127692962,0.2371977127692962,0.5,0.5
1.0,0.5,1.0,0.4692787260227564,0.4692787260227564,0.3333333333333333,0.3333333333333333
1.0,0.5,0.5,0.24630238874073,0.24630238874073,0.25,0.25
1.0,0.6920222634508348,0.2,0.1312050775123417,0.283706685812965,0.1428571428571428,0.4285714285714285
1.0,0.3333333333333333,0.0769230769230769,0.0,0.0,0.0,0.0
1.0,0.2179487179487179,0.0588235294117647,0.0,0.0,0.0,0.0
1.0,0.8639999999999999,0.5,0.360054614577234,0.360054614577234,0.4,0.4
1.0,0.7222222222222223,1.0,0.3903800499921017,0.6436579276931672,0.25,0.75
1.0,0.6948717948717948,0.1666666666666666,0.0,0.1446524924330643,0.0,0.1538461538461538
1.0,0.6619047619047619,0.04,0.0,0.0,0.0,0.0
1.0,0.6721311475409837,0.25,0.1681275362711174,0.1681275362711174,0.25,0.25
1.0,0.5,0.125,0.0,0.1934264036172708,0.0,0.5
1.0,0.6363636363636364,0.2,0.3868528072345416,0.3868528072345416,1.0,1.0
1.0,0.0,0.0909090909090909,0.0,0.0,0.0,0.0
1.0,0.25,0.2,0.2371977127692962,0.4415801103577823,0.5,1.0
1.0,1.0,1.0,1.0,1.0,1.0,1.0
1.0,1.0,1.0,1.0,1.0,1.0,1.0
1.0,0.6666666666666666,1.0,0.7039180890341347,0.7039180890341347,0.6666666666666666,0.6666666666666666
1.0,0.5166666666666666,1.0,0.4692787260227564,0.4692787260227564,0.3333333333333333,0.3333333333333333
1.0,0.5714285714285714,0.25,0.430676558073393,0.430676558073393,1.0,1.0
1.0,0.6637931034482759,0.3333333333333333,0.1951900249960508,0.312706129752478,0.25,0.5
1.0,0.8333333333333333,1.0,0.7653606369886217,0.9217868789962071,0.6666666666666666,1.0
1.0,0.5066666666666666,0.1111111111111111,0.0,0.1020973951229116,0.0,0.2
1.0,0.519163763066202,0.1666666666666666,0.0,0.1895383696547314,0.0,0.2857142857142857
1.0,0.5,0.1,0.0,0.2890648263178879,0.0,1.0
1.0,0.7016129032258064,0.5,0.24630238874073,0.24630238874073,0.25,0.25
1.0,0.0,0.125,0.0,0.4249599017752093,0.0,1.0
1.0,0.5802469135802469,0.5,0.2960819109658652,0.2960819109658652,0.3333333333333333,0.3333333333333333
1.0,0.6206896551724138,0.0833333333333333,0.0,0.0,0.0,0.0
1.0,0.8363636363636364,0.1666666666666666,0.0,0.2184074368181641,0.0,0.5
1.0,0.7192982456140351,0.0588235294117647,0.0,0.0,0.0,0.0
1.0,0.6710526315789473,0.2,0.2371977127692962,0.2371977127692962,0.5,0.5
1.0,0.3333333333333333,0.0526315789473684,0.0,0.0,0.0,0.0
1.0,0.7121212121212122,0.125,0.0,0.1934264036172708,0.0,0.5
1.0,0.7901234567901234,0.5,0.4981892574664128,0.4981892574664128,0.6666666666666666,0.6666666666666666
1.0,0.0,0.5,0.6309297535714575,0.6309297535714575,1.0,1.0
1.0,0.7727272727272727,0.1666666666666666,0.0,0.1390561795107756,0.0,0.25
1.0,1.0,1.0,1.0,1.0,1.0,1.0
1.0,0.6666666666666666,1.0,0.7039180890341347,0.8451850618939637,0.6666666666666666,1.0
1.0,0.5714285714285714,0.25,0.430676558073393,0.430676558073393,1.0,1.0
1.0,0.5333333333333333,0.0666666666666666,0.0,0.0,0.0,0.0
1.0,0.8317972350230414,1.0,0.4703652827859579,0.4606700933772881,0.2857142857142857,0.4285714285714285
1.0,0.0851063829787234,0.0232558139534883,0.0,0.0,0.0,0.0
1.0,0.7818181818181819,1.0,0.6131471927654584,0.6131471927654584,0.5,0.5
1.0,0.6884057971014492,0.1111111111111111,0.0,0.1412669728598289,0.0,0.3333333333333333
1.0,0.7000000000000001,0.2,0.2371977127692962,0.4415801103577823,0.5,1.0
1.0,0.2027027027027027,0.03125,0.0,0.0,0.0,0.0
1.0,0.2692307692307693,0.05,0.0,0.0,0.0,0.0
1.0,0.5346153846153846,0.0909090909090909,0.0,0.0,0.0,0.0
1.0,0.552,0.3333333333333333,0.169580102636808,0.169580102636808,0.2,0.2
1.0,0.0,0.25,0.430676558073393,0.430676558073393,1.0,1.0
1.0,0.7322695035460993,0.1428571428571428,0.0,0.1883391852676793,0.0,0.3333333333333333
1.0,0.3125,0.1666666666666666,0.0,0.411833840435435,0.0,1.0
1.0,0.478134110787172,0.0714285714285714,0.0,0.0,0.0,0.0
1.0,0.2941176470588235,0.0769230769230769,0.0,0.0,0.0,0.0
1.0,0.7578947368421053,0.5,0.360054614577234,0.3712675293763698,0.2857142857142857,0.4285714285714285
1.0,0.7721417069243156,0.2,0.1312050775123417,0.1588714315372695,0.1111111111111111,0.2222222222222222
1.0,0.8333333333333334,1.0,0.8503449055347546,0.8503449055347546,1.0,1.0
1.0,0.5298701298701298,0.125,0.0,0.1330520101357289,0.0,0.1818181818181818
1.0,0.6666666666666667,0.25,0.430676558073393,0.430676558073393,1.0,1.0
1.0,0.4375,0.0833333333333333,0.0,0.0,0.0,0.0
1.0,0.4166666666666667,0.1111111111111111,0.0,0.1845756967795681,0.0,0.5
1.0,0.6875,0.3333333333333333,0.3065735963827292,0.3065735963827292,0.5,0.5
1.0,0.8974358974358974,0.5,0.5307212739772434,0.6719882468370725,0.6666666666666666,1.0
1.0,0.1111111111111111,0.1111111111111111,0.0,0.3010299956639812,0.0,1.0
1.0,0.5869565217391305,1.0,0.5413996682199069,0.5413996682199069,0.5,0.5
1.0,0.625,0.1428571428571428,0.0,0.3333333333333333,0.0,1.0
1.0,0.9166666666666669,1.0,0.9197207891481876,0.9197207891481876,1.0,1.0
1.0,0.5,0.0833333333333333,0.0,0.0,0.0,0.0
1.0,0.28125,0.0416666666666666,0.0,0.0,0.0,0.0
1.0,0.3958333333333332,0.1,0.0,0.1356519734324477,0.0,0.3333333333333333
1.0,0.6666666666666666,1.0,0.6131471927654584,0.6131471927654584,0.5,0.5
1.0,0.6177777777777778,0.25,0.1460683498427064,0.2668796525422006,0.2,0.4
1.0,0.9622641509433962,0.3333333333333333,0.5706417189553201,0.5706417189553201,1.0,1.0
1.0,0.67,0.5,0.2139862647345275,0.4250789523237566,0.2,0.6
1.0,0.6764705882352942,0.0769230769230769,0.0,0.0,0.0,0.0
1.0,0.7954545454545455,0.25,0.2640681225725909,0.4574945261898616,0.5,1.0
1.0,0.6153846153846154,0.2,0.1815417925373526,0.3171937659698004,0.3333333333333333,0.6666666666666666
1.0,0.1710526315789473,0.0909090909090909,0.0,0.0,0.0,0.0
1.0,0.7368421052631579,0.1666666666666666,0.0,0.3235866969737877,0.0,0.6666666666666666
1.0,0.6647093364650616,1.0,0.5531464700081437,0.5036067026046991,0.1538461538461538,0.3076923076923077
1.0,0.503921568627451,1.0,0.6164336326286644,0.4733871704086119,0.2,0.2666666666666666
1.0,0.5101351351351351,0.3333333333333333,0.169580102636808,0.1995881898277385,0.125,0.25
1.0,0.6,0.1428571428571428,0.0,0.2043823975884861,0.0,0.5
1.0,0.7272727272727273,0.125,0.0,0.1934264036172708,0.0,0.5
1.0,0.9296875,0.5,0.3868528072345416,0.5640920940185894,0.5,1.0
1.0,0.693089430894309,1.0,0.4852285551163225,0.6281870480351033,0.3333333333333333,0.6666666666666666
1.0,0.5882352941176471,0.125,0.0,0.3154648767857287,0.0,1.0
1.0,0.6621621621621622,0.0588235294117647,0.0,0.0,0.0,0.0
1.0,0.5,1.0,1.0,1.0,1.0,1.0
1.0,0.9642857142857144,0.5,0.6309297535714575,0.6309297535714575,1.0,1.0
1.0,1.0,1.0,1.0,1.0,1.0,1.0
1.0,0.1508620689655172,0.0714285714285714,0.0,0.0,0.0,0.0
1.0,1.0,1.0,1.0,1.0,1.0,1.0
1.0,0.5977011494252873,0.1666666666666666,0.0,0.30281242839865,0.0,0.6666666666666666
1.0,0.3571428571428571,0.2,0.2371977127692962,0.4415801103577823,0.5,1.0
1.0,0.3333333333333333,0.1666666666666666,0.0,0.2184074368181641,0.0,0.5
1.0,0.7368421052631579,0.3333333333333333,0.3065735963827292,0.4838128831667769,0.5,1.0
1.0,1.0,1.0,1.0,1.0,1.0,1.0
1.0,1.0,1.0,1.0,1.0,1.0,1.0
1.0,0.1666666666666666,0.0625,0.0,0.0,0.0,0.0
1.0,0.7805555555555556,1.0,0.6548086577531307,0.5279455476191027,0.3333333333333333,0.4444444444444444
1.0,0.7916666666666667,0.5,0.6096199500078984,0.7486761295186739,0.75,1.0
1.0,0.77,0.5,0.4414924137367808,0.5716190970674814,0.5,0.75
1.0,0.7653061224489797,0.5,0.4144299250118475,0.4144299250118475,0.5,0.5
1.0,0.5348837209302325,0.3333333333333333,0.2346393630113782,0.2346393630113782,0.3333333333333333,0.3333333333333333
1.0,0.6991869918699186,0.0833333333333333,0.0,0.0,0.0,0.0
1.0,0.1494252873563218,0.0133333333333333,0.0,0.0,0.0,0.0
1.0,0.8088235294117647,1.0,0.6131471927654584,0.6131471927654584,0.5,0.5
1.0,0.0,0.25,0.430676558073393,0.430676558073393,1.0,1.0
1.0,0.3846153846153846,0.2,0.2371977127692962,0.2371977127692962,0.5,0.5
1.0,0.6318181818181818,0.5,0.2139862647345275,0.3209793971017913,0.2,0.4
1.0,0.6785714285714286,0.3333333333333333,0.3065735963827292,0.3065735963827292,0.5,0.5
1.0,0.3092369477911646,0.0769230769230769,0.0,0.0,0.0,0.0
1.0,0.3448275862068966,0.05,0.0,0.0,0.0,0.0
1.0,0.3291666666666666,0.0384615384615384,0.0,0.0,0.0,0.0
1.0,0.256578947368421,0.0454545454545454,0.0,0.0,0.0,0.0
1.0,0.8571428571428571,1.0,0.8772153153380493,0.8772153153380493,1.0,1.0
1.0,0.4897727272727273,0.1666666666666666,0.0,0.1208113026994942,0.0,0.2
1.0,0.4204545454545454,0.0625,0.0,0.0,0.0,0.0
1.0,0.5454545454545454,0.1666666666666666,0.0,0.3562071871080222,0.0,1.0
1.0,0.7307692307692307,0.5,0.3868528072345416,0.5802792108518124,0.5,1.0
1.0,0.0,0.125,0.0,0.3154648767857287,0.0,1.0
1.0,0.131578947368421,0.0294117647058823,0.0,0.0,0.0,0.0
1.0,0.5460992907801419,0.0833333333333333,0.0,0.0,0.0,0.0
1.0,0.3194444444444444,0.0454545454545454,0.0,0.0,0.0,0.0
1.0,0.5967741935483871,0.3333333333333333,0.3065735963827292,0.3065735963827292,0.5,0.5
1.0,0.3238993710691824,0.0625,0.0,0.0,0.0,0.0
1.0,0.4285714285714285,0.125,0.0,0.1934264036172708,0.0,0.5
1.0,1.0,1.0,1.0,1.0,1.0,1.0
1.0,0.3214285714285714,0.0384615384615384,0.0,0.0,0.0,0.0
1.0,0.4038461538461538,0.03125,0.0,0.0,0.0,0.0
1.0,0.8333333333333334,0.5,0.6309297535714575,0.6309297535714575,1.0,1.0
1.0,1.0,1.0,1.0,1.0,1.0,1.0
1.0,0.6936936936936937,0.5,0.2960819109658652,0.4632423659320675,0.3333333333333333,0.6666666666666666
1.0,0.689655172413793,0.1,0.0,0.2890648263178879,0.0,1.0
1.0,0.0,0.25,0.430676558073393,0.430676558073393,1.0,1.0
1.0,0.6610942249240122,0.5,0.360054614577234,0.3745564712489224,0.2857142857142857,0.4285714285714285
1.0,1.0,1.0,1.0,1.0,1.0,1.0
1.0,0.9615384615384616,0.5,0.6309297535714575,0.6309297535714575,1.0,1.0
1.0,1.0,1.0,1.0,1.0,1.0,1.0
1.0,0.0,0.5,0.6309297535714575,0.6309297535714575,1.0,1.0
1.0,0.8636363636363636,0.5,0.24630238874073,0.3591475300896652,0.25,0.5
1.0,0.8918918918918919,0.2,0.2371977127692962,0.4556051495874603,0.5,1.0
1.0,0.5402298850574712,0.25,0.2021073465005475,0.2021073465005475,0.3333333333333333,0.3333333333333333
1.0,0.7037037037037037,0.5,0.2960819109658652,0.4632423659320675,0.3333333333333333,0.6666666666666666
1.0,0.7,1.0,0.6713860725233041,0.8070380459557518,0.6666666666666666,1.0
1.0,1.0,1.0,1.0,1.0,1.0,1.0
1.0,0.8947368421052632,0.3333333333333333,0.3065735963827292,0.5,0.5,1.0
1.0,0.6863636363636364,1.0,0.5531464700081437,0.5531464700081437,0.4,0.4
1.0,0.6666666666666667,1.0,0.4692787260227564,0.4692787260227564,0.3333333333333333,0.3333333333333333
1.0,0.4876033057851239,0.5,0.3451913422468693,0.3596910069063418,0.1818181818181818,0.3636363636363636
1.0,0.468013468013468,0.0357142857142857,0.0,0.0,0.0,0.0
1.0,0.7777777777777778,1.0,0.3903800499921017,0.3903800499921017,0.25,0.25
1.0,0.424,0.1666666666666666,0.0,0.1208113026994942,0.0,0.2
1.0,0.4210526315789473,0.0434782608695652,0.0,0.0,0.0,0.0
1.0,0.5,0.125,0.0,0.1934264036172708,0.0,0.5
1.0,0.8181818181818181,0.2,0.3868528072345416,0.3868528072345416,1.0,1.0
1.0,0.2685185185185185,0.1111111111111111,0.0,0.1412669728598289,0.0,0.3333333333333333
1.0,0.9659090909090908,1.0,0.8503449055347546,0.8503449055347546,1.0,1.0
1.0,0.3247422680412371,0.0089285714285714,0.0,0.0,0.0,0.0
1.0,0.523936170212766,0.032258064516129,0.0,0.0,0.0,0.0
1.0,0.7142857142857143,0.1428571428571428,0.0,0.3333333333333333,0.0,1.0
1.0,0.375,0.3333333333333333,0.5437713091520254,0.5437713091520254,1.0,1.0
1.0,0.7197802197802198,0.5,0.24630238874073,0.24630238874073,0.25,0.25
1.0,0.9047619047619048,0.5,0.6240505200038379,0.6240505200038379,1.0,1.0
1.0,0.5303030303030303,0.25,0.2640681225725909,0.2640681225725909,0.5,0.5
1.0,0.3294117647058823,0.0181818181818181,0.0,0.0,0.0,0.0
1.0,0.2083333333333333,0.0256410256410256,0.0,0.0,0.0,0.0
1.0,0.4540983606557376,0.1111111111111111,0.0,0.1020973951229116,0.0,0.2
1.0,0.5369047619047619,0.3333333333333333,0.1951900249960508,0.1951900249960508,0.25,0.25
1.0,0.8837209302325582,0.1666666666666666,0.0,0.3562071871080222,0.0,1.0
1.0,0.9583333333333334,0.5,0.6309297535714575,0.6309297535714575,1.0,1.0
1.0,0.4543650793650794,0.0333333333333333,0.0,0.0,0.0,0.0
1.0,0.4444444444444444,0.0769230769230769,0.0,0.0,0.0,0.0
1.0,0.9375,1.0,0.6131471927654584,0.8065735963827293,0.5,1.0
1.0,0.3098591549295775,0.0294117647058823,0.0,0.0,0.0,0.0
1.0,0.7424242424242424,0.0909090909090909,0.0,0.0,0.0,0.0
1.0,0.9117647058823528,0.2,0.2371977127692962,0.4144369995533439,0.5,1.0
1.0,0.3529411764705882,0.05,0.0,0.0,0.0,0.0
1.0,0.7203389830508474,0.0434782608695652,0.0,0.0,0.0,0.0
1.0,0.8932584269662921,0.1111111111111111,0.0,0.2303612461053624,0.0,0.5
1.0,0.3888888888888888,0.0833333333333333,0.0,0.0,0.0,0.0
1.0,1.0,1.0,1.0,1.0,1.0,1.0
1.0,1.0,1.0,1.0,1.0,1.0,1.0
1.0,0.4494949494949495,0.0357142857142857,0.0,0.0,0.0,0.0
1.0,0.0,0.5,0.6309297535714575,0.6309297535714575,1.0,1.0
1.0,0.6944444444444444,1.0,0.6131471927654584,0.6131471927654584,0.5,0.5
1.0,0.3695652173913043,0.0333333333333333,0.0,0.0,0.0,0.0
1.0,0.5086206896551724,0.0588235294117647,0.0,0.0,0.0,0.0
1.0,1.0,1.0,1.0,1.0,1.0,1.0
1.0,0.2307692307692307,0.1,0.0,0.1772392867840477,0.0,0.5
1.0,0.7407407407407407,0.25,0.2640681225725909,0.2640681225725909,0.5,0.5
1.0,0.3867924528301886,0.0434782608695652,0.0,0.0,0.0,0.0
1.0,0.8823529411764706,0.3333333333333333,0.5,0.5,1.0,1.0
1.0,0.4519999999999999,0.027027027027027,0.0,0.0,0.0,0.0
1.0,0.4018691588785047,0.0188679245283018,0.0,0.0,0.0,0.0
1.0,0.5909090909090908,0.0526315789473684,0.0,0.0,0.0,0.0
1.0,0.6482758620689655,1.0,0.3391602052736161,0.4522136070314881,0.2,0.4
1.0,0.0,0.5,0.6309297535714575,0.6309297535714575,1.0,1.0
1.0,0.7962962962962963,0.1666666666666666,0.0,0.2184074368181641,0.0,0.5
1.0,0.6007326007326006,0.05,0.0,0.0,0.0,0.0
1.0,1.0,1.0,1.0,1.0,1.0,1.0
1.0,0.8200000000000001,1.0,0.6131471927654584,0.6131471927654584,0.5,0.5
1.0,0.5333333333333333,0.027027027027027,0.0,0.0,0.0,0.0
1.0,0.0,0.125,0.0,0.3154648767857287,0.0,1.0
1.0,0.5613636363636364,1.0,0.5531464700081437,0.3589542101716347,0.2,0.2
1.0,0.6790123456790123,0.0769230769230769,0.0,0.0,0.0,0.0
1.0,0.6875,0.1666666666666666,0.0,0.3562071871080222,0.0,1.0
1.0,0.6260162601626016,0.3333333333333333,0.2346393630113782,0.2346393630113782,0.3333333333333333,0.3333333333333333
1.0,0.71875,0.2,0.2371977127692962,0.4415801103577823,0.5,1.0
1.0,0.3333333333333333,0.1428571428571428,0.0,0.3333333333333333,0.0,1.0
1.0,0.4424242424242424,0.0909090909090909,0.0,0.0,0.0,0.0
1.0,0.2222222222222222,0.0714285714285714,0.0,0.0,0.0,0.0
1.0,0.3791666666666666,0.0555555555555555,0.0,0.0,0.0,0.0
1.0,0.3249999999999999,0.0357142857142857,0.0,0.0,0.0,0.0
1.0,0.074074074074074,0.0384615384615384,0.0,0.0,0.0,0.0
1.0,0.5386904761904762,0.1111111111111111,0.0,0.091092403223458,0.0,0.1666666666666666
1.0,0.825,0.25,0.2640681225725909,0.2640681225725909,0.5,0.5
1.0,0.5560344827586207,0.125,0.0,0.123151194370365,0.0,0.25
1.0,0.9761904761904762,0.3333333333333333,0.5,0.5,1.0,1.0
1.0,0.8721311475409835,1.0,0.3391602052736161,0.4412576003965278,0.2,0.4
1.0,0.8461538461538461,0.3333333333333333,0.5,0.5,1.0,1.0
1.0,0.0769230769230768,0.0769230769230769,0.0,0.0,0.0,0.0
1.0,0.9066666666666668,0.5,0.4912596920895758,0.6043130938474478,0.6,0.8
1.0,0.3285714285714285,0.0208333333333333,0.0,0.0,0.0,0.0
1.0,0.367816091954023,0.3333333333333333,0.169580102636808,0.1513012067494067,0.1666666666666666,0.1666666666666666
1.0,0.4734042553191488,0.0909090909090909,0.0,0.0,0.0,0.0
1.0,0.5,0.1,0.0,0.1772392867840477,0.0,0.5
1.0,0.5368421052631579,0.0588235294117647,0.0,0.0,0.0,0.0
1.0,0.0,0.0909090909090909,0.0,0.0,0.0,0.0
1.0,0.88,0.5,0.3868528072345416,0.5912352048230277,0.5,1.0
1.0,0.5682961897915169,1.0,0.5087403079104241,0.3301376494471202,0.0769230769230769,0.0769230769230769
1.0,0.5,1.0,0.6131471927654584,0.8315546295836225,0.5,1.0
1.0,0.8461538461538461,0.1428571428571428,0.0,0.3333333333333333,0.0,1.0
1.0,0.6229166666666667,1.0,0.3391602052736161,0.4461533376408799,0.2,0.4
1.0,0.6296296296296297,0.3333333333333333,0.3065735963827292,0.3065735963827292,0.5,0.5
1.0,0.9428571428571428,0.3333333333333333,0.5706417189553201,0.5706417189553201,1.0,1.0
1.0,0.5454545454545454,1.0,0.6131471927654584,0.6131471927654584,0.5,0.5
1.0,1.0,1.0,1.0,1.0,1.0,1.0
1.0,0.6981132075471699,1.0,0.3391602052736161,0.3026024134988134,0.1666666666666666,0.1666666666666666
1.0,0.5,0.5,0.3868528072345416,0.3868528072345416,0.5,0.5
1.0,0.368421052631579,0.0769230769230769,0.0,0.0,0.0,0.0
1.0,0.5164319248826291,0.0555555555555555,0.0,0.0,0.0,0.0
1.0,1.0,1.0,1.0,1.0,1.0,1.0
1.0,0.6583333333333333,0.5,0.3451913422468693,0.4999433337066274,0.3333333333333333,0.6666666666666666
1.0,0.3583333333333334,0.1,0.0,0.1772392867840477,0.0,0.5
1.0,0.6666666666666666,0.1428571428571428,0.0,0.2043823975884861,0.0,0.5
1.0,0.0,0.25,0.430676558073393,0.430676558073393,1.0,1.0
1.0,0.3157894736842105,0.0714285714285714,0.0,0.0,0.0,0.0
1.0,0.5,0.5,0.6309297535714575,0.6309297535714575,1.0,1.0
1.0,0.0,0.3333333333333333,0.5,0.5,1.0,1.0
1.0,0.0,0.5,0.6309297535714575,0.6309297535714575,1.0,1.0
1.0,0.4611111111111111,1.0,0.4692787260227564,0.4692787260227564,0.3333333333333333,0.3333333333333333
1.0,0.3076923076923077,0.1,0.0,0.1772392867840477,0.0,0.5
1.0,0.6337209302325582,0.0909090909090909,0.0,0.0,0.0,0.0
1.0,0.890625,0.5,0.3868528072345416,0.5802792108518124,0.5,1.0
1.0,0.7142857142857143,0.3333333333333333,0.5,0.5,1.0,1.0
1.0,0.5923520923520923,0.125,0.0,0.0694312219367772,0.0,0.0714285714285714
1.0,0.5980902777777778,1.0,0.3391602052736161,0.2529427027676571,0.125,0.125
1.0,0.85,0.1,0.0,0.2890648263178879,0.0,1.0
1.0,0.0416666666666666,0.0416666666666666,0.0,0.0,0.0,0.0
1.0,0.7558139534883721,0.0909090909090909,0.0,0.0,0.0,0.0
1.0,0.3763440860215054,0.0909090909090909,0.0,0.0,0.0,0.0
1.0,0.4545454545454546,0.1428571428571428,0.0,0.3333333333333333,0.0,1.0
1.0,0.8813559322033898,0.125,0.0,0.3154648767857287,0.0,1.0
1.0,0.5418719211822659,0.125,0.0,0.1661709079268871,0.0,0.2857142857142857
1.0,0.6325301204819277,0.0909090909090909,0.0,0.0,0.0,0.0
1.0,0.7727272727272727,0.1666666666666666,0.0,0.3562071871080222,0.0,1.0
1.0,0.6322751322751323,0.125,0.0,0.0867138284941197,0.0,0.1428571428571428
1.0,0.5,1.0,0.5585075862632192,0.5585075862632192,0.5,0.5
1.0,0.4978813559322034,0.1,0.0,0.0731168384439099,0.0,0.125
1.0,0.8,0.25,0.430676558073393,0.430676558073393,1.0,1.0
1.0,0.7369791666666666,0.5,0.2960819109658652,0.4632423659320675,0.3333333333333333,0.6666666666666666
1.0,0.4222222222222221,0.25,0.2021073465005475,0.2021073465005475,0.3333333333333333,0.3333333333333333
1.0,0.5,0.2,0.2371977127692962,0.4144369995533439,0.5,1.0
1.0,0.8081534772182254,0.125,0.0,0.0741486152850745,0.0,0.1111111111111111
1.0,0.1904761904761905,0.0666666666666666,0.0,0.0,0.0,0.0
1.0,0.0,0.0833333333333333,0.0,0.0,0.0,0.0
1.0,0.6666666666666667,0.5,0.6309297535714575,0.6309297535714575,1.0,1.0
1.0,0.4874213836477987,0.0333333333333333,0.0,0.0,0.0,0.0
1.0,0.65625,1.0,0.5855700749881525,0.7246262544989281,0.5,0.75
1.0,0.5773809523809523,0.0714285714285714,0.0,0.0,0.0,0.0
1.0,0.4736328125,0.1428571428571428,0.0,0.1641087728183339,0.0,0.25
1.0,0.6444444444444445,0.5,0.2960819109658652,0.4525081529734507,0.3333333333333333,0.6666666666666666
1.0,0.75,1.0,0.6131471927654584,0.8315546295836225,0.5,1.0
1.0,0.6666666666666667,0.5,0.6309297535714575,0.6309297535714575,1.0,1.0
1.0,0.4943181818181818,0.5,0.3868528072345416,0.3868528072345416,0.5,0.5
1.0,0.7407407407407407,1.0,0.6713860725233041,0.6713860725233041,0.6666666666666666,0.6666666666666666
1.0,1.0,1.0,1.0,1.0,1.0,1.0
1.0,0.4666666666666667,0.0909090909090909,0.0,0.0,0.0,0.0
1.0,0.7756696428571429,1.0,0.6548086577531307,0.4883505467692415,0.375,0.375
1.0,0.5518867924528301,0.125,0.0,0.123151194370365,0.0,0.25
1.0,0.875,1.0,0.8772153153380493,0.8772153153380493,1.0,1.0
1.0,0.6868686868686869,0.1428571428571428,0.0,0.139618145553749,0.0,0.1818181818181818
1.0,0.8400000000000001,0.25,0.2640681225725909,0.4684505201610769,0.5,1.0
1.0,0.5570652173913043,1.0,0.3903800499921017,0.5205067333228022,0.25,0.5
1.0,0.9166666666666666,0.5,0.3868528072345416,0.5714285040141098,0.5,1.0
1.0,0.4802919708029197,0.1111111111111111,0.0,0.1020973951229116,0.0,0.2
1.0,0.5278450363196125,0.0769230769230769,0.0,0.0,0.0,0.0
1.0,0.6607142857142856,0.2,0.1815417925373526,0.1815417925373526,0.3333333333333333,0.3333333333333333
1.0,0.6956521739130435,1.0,0.4692787260227564,0.4692787260227564,0.3333333333333333,0.3333333333333333
1.0,0.4166666666666667,0.0769230769230769,0.0,0.0,0.0,0.0
1.0,0.6794871794871795,1.0,0.3903800499921017,0.3903800499921017,0.25,0.25
1.0,0.6666666666666667,0.5,0.6309297535714575,0.6309297535714575,1.0,1.0
1.0,0.5357142857142857,0.0714285714285714,0.0,0.0,0.0,0.0
1.0,0.875,0.3333333333333333,0.5,0.5,1.0,1.0
1.0,0.1666666666666666,0.1111111111111111,0.0,0.1845756967795681,0.0,0.5
1.0,0.5625,1.0,0.3391602052736161,0.4103915680233244,0.1666666666666666,0.3333333333333333
1.0,0.7272727272727273,0.25,0.430676558073393,0.430676558073393,1.0,1.0
1.0,0.8050847457627118,0.1,0.0,0.1772392867840477,0.0,0.5
1.0,0.3229166666666667,0.0188679245283018,0.0,0.0,0.0,0.0
1.0,0.2727272727272727,0.1111111111111111,0.0,0.3010299956639812,0.0,1.0
1.0,0.6388888888888888,0.0714285714285714,0.0,0.0,0.0,0.0
1.0,0.6666666666666667,0.5,0.6309297535714575,0.6309297535714575,1.0,1.0
1.0,1.0,1.0,1.0,1.0,1.0,1.0
1.0,0.75,0.2,0.3868528072345416,0.3868528072345416,1.0,1.0
1.0,0.25,0.0769230769230769,0.0,0.0,0.0,0.0
1.0,0.36875,0.0476190476190476,0.0,0.0,0.0,0.0
1.0,0.4193548387096774,0.05,0.0,0.0,0.0,0.0
1.0,0.696969696969697,0.2,0.1510196182278052,0.2811463015585058,0.25,0.5
1.0,0.106060606060606,0.0303030303030303,0.0,0.0,0.0,0.0
1.0,0.4885245901639344,0.0769230769230769,0.0,0.0,0.0,0.0
1.0,0.5962199312714777,0.25,0.1460683498427064,0.2381129204348815,0.1666666666666666,0.3333333333333333
1.0,0.4249999999999999,0.0833333333333333,0.0,0.0,0.0,0.0
1.0,1.0,1.0,1.0,1.0,1.0,1.0
1.0,0.8,0.3333333333333333,0.5,0.5,1.0,1.0
1.0,0.2631578947368421,0.0666666666666666,0.0,0.0,0.0,0.0
1.0,0.6813725490196079,0.5,0.24630238874073,0.24630238874073,0.25,0.25
1.0,0.6666666666666667,0.25,0.430676558073393,0.430676558073393,1.0,1.0
1.0,0.688034188034188,0.2,0.2371977127692962,0.2371977127692962,0.5,0.5
1.0,0.6274509803921569,0.1,0.0,0.1356519734324477,0.0,0.3333333333333333
1.0,0.8,0.25,0.5012658353418871,0.5012658353418871,1.0,1.0
1.0,0.6233766233766234,0.2,0.2371977127692962,0.2371977127692962,0.5,0.5
1.0,0.3527777777777778,0.1428571428571428,0.0,0.0783485164714951,0.0,0.1111111111111111
1.0,0.5909090909090908,0.1,0.0,0.1772392867840477,0.0,0.5
1.0,0.7397540983606558,0.0833333333333333,0.0,0.0,0.0,0.0
1.0,0.7272727272727273,0.25,0.430676558073393,0.430676558073393,1.0,1.0
1.0,0.696969696969697,1.0,0.6508205185601091,0.7864724919925569,0.6666666666666666,1.0
1.0,0.4976415094339623,0.5,0.2139862647345275,0.2327059155688063,0.125,0.25
1.0,0.6235632183908045,0.2,0.1312050775123417,0.1170625931379635,0.1666666666666666,0.1666666666666666
1.0,0.5,0.0384615384615384,0.0,0.0,0.0,0.0
1.0,0.6288659793814434,0.5,0.3868528072345416,0.3868528072345416,0.5,0.5
1.0,0.7105263157894737,0.3333333333333333,0.346209643223856,0.346209643223856,0.5,0.5
1.0,1.0,1.0,1.0,1.0,1.0,1.0
1.0,0.5641025641025641,0.3333333333333333,0.169580102636808,0.169580102636808,0.2,0.2
1.0,0.5984042553191489,1.0,0.3903800499921017,0.5032251913410369,0.25,0.5
1.0,0.4142156862745098,0.0476190476190476,0.0,0.0,0.0,0.0
1.0,0.574468085106383,0.0476190476190476,0.0,0.0,0.0,0.0
1.0,1.0,1.0,1.0,1.0,1.0,1.0
1.0,0.2425373134328358,0.0208333333333333,0.0,0.0,0.0,0.0
1.0,0.6208333333333332,0.1111111111111111,0.0,0.1412669728598289,0.0,0.3333333333333333
1.0,0.6666666666666666,0.0454545454545454,0.0,0.0,0.0,0.0
1.0,0.4722222222222222,0.1,0.0,0.1356519734324477,0.0,0.3333333333333333
1.0,0.7924528301886793,0.3333333333333333,0.1951900249960508,0.3183412193664158,0.25,0.5
1.0,0.3225806451612903,0.0344827586206896,0.0,0.0,0.0,0.0
1.0,0.4821428571428571,1.0,0.3903800499921017,0.3903800499921017,0.25,0.25
1.0,0.8614754098360655,1.0,0.8539316501572937,0.5541432109622958,0.4,0.4
1.0,0.0,0.5,0.6309297535714575,0.6309297535714575,1.0,1.0
1.0,0.902439024390244,0.2,0.3868528072345416,0.3868528072345416,1.0,1.0
1.0,0.0,0.0526315789473684,0.0,0.0,0.0,0.0
1.0,0.5043290043290043,0.1428571428571428,0.0,0.0783485164714951,0.0,0.1111111111111111
1.0,0.42,0.1428571428571428,0.0,0.2043823975884861,0.0,0.5
1.0,0.517361111111111,0.3333333333333333,0.1951900249960508,0.1951900249960508,0.25,0.25
1.0,0.6578947368421053,1.0,0.3391602052736161,0.3628869103342174,0.0909090909090909,0.2727272727272727
1.0,0.5456692913385827,0.125,0.0,0.1069931323672637,0.0,0.2
1.0,0.0208333333333333,0.0416666666666666,0.0,0.0,0.0,0.0
1.0,0.6190476190476191,0.1,0.0,0.1772392867840477,0.0,0.5
1.0,0.452020202020202,0.04,0.0,0.0,0.0,0.0
1.0,0.0,0.5,0.6309297535714575,0.6309297535714575,1.0,1.0
1.0,0.6484593837535014,1.0,0.3391602052736161,0.2748763329142908,0.1428571428571428,0.1428571428571428
1.0,0.0833333333333333,0.0833333333333333,0.0,0.0,0.0,0.0
1.0,0.653061224489796,0.0909090909090909,0.0,0.0,0.0,0.0
1.0,0.6351351351351351,0.0909090909090909,0.0,0.0,0.0,0.0
1.0,0.8571428571428572,0.5,0.6309297535714575,0.6309297535714575,1.0,1.0
1.0,1.0,1.0,1.0,1.0,1.0,1.0
1.0,1.0,1.0,1.0,1.0,1.0,1.0
1.0,0.2903225806451612,0.0434782608695652,0.0,0.0,0.0,0.0
1.0,0.8533333333333333,1.0,0.6131471927654584,0.6131471927654584,0.5,0.5
1.0,0.5434782608695652,0.0666666666666666,0.0,0.0,0.0,0.0
1.0,0.6650943396226415,0.1111111111111111,0.0,0.1175161047564271,0.0,0.25
1.0,0.5625,0.0666666666666666,0.0,0.0,0.0,0.0
1.0,0.7142857142857143,0.2,0.3868528072345416,0.3868528072345416,1.0,1.0
1.0,0.1929824561403508,0.0833333333333333,0.0,0.0,0.0,0.0
1.0,0.875,0.3333333333333333,0.3065735963827292,0.5109559939712153,0.5,1.0
1.0,0.8793103448275862,0.125,0.0,0.3154648767857287,0.0,1.0
1.0,0.8095238095238095,0.2,0.3868528072345416,0.3868528072345416,1.0,1.0
1.0,0.1716417910447761,0.0181818181818181,0.0,0.0,0.0,0.0
1.0,0.4099537037037036,0.0666666666666666,0.0,0.0,0.0,0.0
1.0,0.9677419354838708,1.0,0.8772153153380493,0.8772153153380493,1.0,1.0
1.0,0.2682926829268292,0.0357142857142857,0.0,0.0,0.0,0.0
1.0,0.6621621621621622,0.5,0.3868528072345416,0.3868528072345416,0.5,0.5
1.0,0.7364341085271318,0.2,0.1815417925373526,0.1815417925373526,0.3333333333333333,0.3333333333333333
1.0,0.6940035273368607,0.25,0.1460683498427064,0.2257841989998379,0.1666666666666666,0.3333333333333333
1.0,0.8064516129032258,0.04,0.0,0.0,0.0,0.0
1.0,0.3306451612903225,0.0625,0.0,0.0,0.0,0.0
1.0,0.8602941176470588,1.0,0.6131471927654584,0.6131471927654584,0.5,0.5
1.0,0.4666666666666666,0.0172413793103448,0.0,0.0,0.0,0.0
1.0,1.0,1.0,1.0,1.0,1.0,1.0
1.0,0.6172839506172839,0.0833333333333333,0.0,0.0,0.0,0.0
1.0,0.4107142857142857,0.1111111111111111,0.0,0.1412669728598289,0.0,0.3333333333333333
1.0,0.6687500000000001,0.5,0.2139862647345275,0.3120255505658846,0.2,0.4
1.0,0.8235294117647058,0.5,0.24630238874073,0.24630238874073,0.25,0.25
1.0,0.5588235294117647,0.0588235294117647,0.0,0.0,0.0,0.0
1.0,0.935897435897436,0.5,0.2960819109658652,0.6112833214150002,0.3333333333333333,1.0
1.0,0.6428571428571429,0.1666666666666666,0.0,0.2184074368181641,0.0,0.5
1.0,1.0,1.0,1.0,1.0,1.0,1.0
1.0,0.9545454545454546,0.5,0.6309297535714575,0.6309297535714575,1.0,1.0
1.0,0.4499999999999999,0.0833333333333333,0.0,0.0,0.0,0.0
1.0,0.9545454545454546,0.5,0.6309297535714575,0.6309297535714575,1.0,1.0
1.0,0.75,0.1428571428571428,0.0,0.3333333333333333,0.0,1.0
1.0,0.7407407407407408,0.5,0.3868528072345416,0.3868528072345416,0.5,0.5
1.0,0.1382978723404255,0.0096153846153846,0.0,0.0,0.0,0.0
1.0,0.2215909090909091,0.0196078431372549,0.0,0.0,0.0,0.0
1.0,0.6144578313253012,0.0714285714285714,0.0,0.0,0.0,0.0
1.0,0.55,0.125,0.0,0.123151194370365,0.0,0.25
1.0,0.9346846846846846,0.5,0.2960819109658652,0.2960819109658652,0.3333333333333333,0.3333333333333333
1.0,0.8,0.5,0.6309297535714575,0.6309297535714575,1.0,1.0
1.0,0.6296296296296295,0.3333333333333333,0.2346393630113782,0.4017998179775804,0.3333333333333333,0.6666666666666666
1.0,0.4147727272727273,0.0454545454545454,0.0,0.0,0.0,0.0
1.0,0.6333333333333333,0.125,0.0,0.1934264036172708,0.0,0.5
1.0,0.8152610441767068,0.1666666666666666,0.0,0.1671604549662022,0.0,0.3333333333333333
1.0,0.5,0.5,0.3868528072345416,0.3868528072345416,0.5,0.5
1.0,0.5413793103448277,0.0476190476190476,0.0,0.0,0.0,0.0
1.0,0.4166666666666666,0.0666666666666666,0.0,0.0,0.0,0.0
1.0,0.58,0.2,0.2371977127692962,0.2371977127692962,0.5,0.5
1.0,0.5166666666666666,0.1,0.0,0.1128451413489352,0.0,0.25
1.0,0.7142857142857143,0.3333333333333333,0.5,0.5,1.0,1.0
1.0,0.2888888888888888,0.0147058823529411,0.0,0.0,0.0,0.0
1.0,0.3942857142857143,0.0434782608695652,0.0,0.0,0.0,0.0
1.0,1.0,1.0,1.0,1.0,1.0,1.0
1.0,0.8333333333333334,0.5,0.4144299250118475,0.4144299250118475,0.5,0.5
1.0,0.8923076923076922,0.125,0.0,0.3154648767857287,0.0,1.0
1.0,0.1374999999999999,0.03125,0.0,0.0,0.0,0.0
1.0,0.626984126984127,0.1111111111111111,0.0,0.1412669728598289,0.0,0.3333333333333333
1.0,0.74212271973466,0.3333333333333333,0.169580102636808,0.2012476887064361,0.1111111111111111,0.2222222222222222
1.0,0.4475308641975308,0.125,0.0,0.123151194370365,0.0,0.25
1.0,0.5595238095238094,0.25,0.1460683498427064,0.2011288142606829,0.1428571428571428,0.2857142857142857
1.0,0.0,0.25,0.430676558073393,0.430676558073393,1.0,1.0
1.0,0.6896551724137931,0.1,0.0,0.2890648263178879,0.0,1.0
1.0,0.4629629629629629,0.1666666666666666,0.0,0.1671604549662022,0.0,0.3333333333333333
1.0,0.6781609195402298,0.1428571428571428,0.0,0.2043823975884861,0.0,0.5
1.0,0.875,0.25,0.430676558073393,0.430676558073393,1.0,1.0
1.0,0.45042194092827,0.0625,0.0,0.0,0.0,0.0
1.0,0.2884615384615384,0.125,0.0,0.1480409554829326,0.0,0.3333333333333333
1.0,1.0,1.0,1.0,1.0,1.0,1.0
1.0,0.712962962962963,1.0,0.6131471927654584,0.6131471927654584,0.5,0.5
1.0,0.4077134986225895,0.0192307692307692,0.0,0.0,0.0,0.0
1.0,0.5588235294117647,0.0357142857142857,0.0,0.0,0.0,0.0
1.0,0.6346153846153847,0.0434782608695652,0.0,0.0,0.0,0.0
1.0,0.7068273092369477,0.25,0.2021073465005475,0.2021073465005475,0.3333333333333333,0.3333333333333333
1.0,0.625,0.2,0.2371977127692962,0.4415801103577823,0.5,1.0
1.0,0.8214285714285714,0.5,0.3868528072345416,0.3868528072345416,0.5,0.5
1.0,1.0,1.0,1.0,1.0,1.0,1.0
1.0,0.6129807692307693,0.3333333333333333,0.169580102636808,0.1995881898277385,0.125,0.25
1.0,0.8333333333333334,0.3333333333333333,0.5,0.5,1.0,1.0
1.0,0.7321428571428571,0.0769230769230769,0.0,0.0,0.0,0.0
1.0,0.5326086956521738,1.0,0.3903800499921017,0.5135312443624667,0.25,0.5
1.0,0.2727272727272727,0.1428571428571428,0.0,0.2043823975884861,0.0,0.5
1.0,0.7453271028037384,0.5,0.3835663673713356,0.2860604285087249,0.25,0.25
1.0,0.7207547169811321,0.1666666666666666,0.0,0.34085783682463,0.0,0.6
1.0,0.0,0.1428571428571428,0.0,0.3333333333333333,0.0,1.0
1.0,0.3333333333333333,0.1428571428571428,0.0,0.3333333333333333,0.0,1.0
1.0,0.4019607843137255,0.0666666666666666,0.0,0.0,0.0,0.0
1.0,0.5511363636363636,0.5,0.2139862647345275,0.3088492562861898,0.125,0.375
1.0,0.5437500000000001,0.125,0.0,0.2406672991267921,0.0,0.5
1.0,0.8431372549019608,0.1111111111111111,0.0,0.3010299956639812,0.0,1.0
1.0,0.5255102040816326,0.3333333333333333,0.169580102636808,0.1374381664571454,0.1428571428571428,0.1428571428571428
1.0,0.25,0.1428571428571428,0.0,0.3333333333333333,0.0,1.0
1.0,0.6111111111111112,1.0,0.6131471927654584,0.6131471927654584,0.5,0.5
1.0,0.608,0.25,0.1460683498427064,0.2530614822099702,0.2,0.4
1.0,0.7720588235294118,0.125,0.0,0.0954604330894673,0.0,0.1666666666666666
1.0,0.6666666666666667,0.3333333333333333,0.5,0.5,1.0,1.0
1.0,0.9740932642487048,0.1666666666666666,0.0,0.4227898344066503,0.0,1.0
1.0,0.5799808429118773,0.0555555555555555,0.0,0.0,0.0,0.0
1.0,0.8939393939393939,0.3333333333333333,0.2346393630113782,0.5239472913541398,0.3333333333333333,1.0
1.0,0.0,0.1428571428571428,0.0,0.3333333333333333,0.0,1.0
1.0,0.524390243902439,0.25,0.2640681225725909,0.2640681225725909,0.5,0.5
1.0,0.6776315789473684,1.0,0.5087403079104241,0.3937584376460719,0.1052631578947368,0.1578947368421052
1.0,0.2916666666666666,0.0263157894736842,0.0,0.0,0.0,0.0
1.0,0.9705882352941176,1.0,0.8854598815714874,0.8854598815714874,1.0,1.0
1.0,0.2807017543859649,0.0555555555555555,0.0,0.0,0.0,0.0
1.0,0.875,1.0,0.6508205185601091,0.6508205185601091,0.6666666666666666,0.6666666666666666
1.0,0.9945054945054944,0.5,0.6309297535714575,0.6309297535714575,1.0,1.0
1.0,0.5791208791208791,0.0833333333333333,0.0,0.0,0.0,0.0
1.0,0.375,0.0303030303030303,0.0,0.0,0.0,0.0
1.0,0.8609375,1.0,0.4703652827859579,0.591176585485452,0.4,0.6
1.0,0.5490654205607477,0.1428571428571428,0.0,0.1301266833307005,0.0,0.25
1.0,0.3421052631578947,0.2,0.1815417925373526,0.1815417925373526,0.3333333333333333,0.3333333333333333
1.0,0.755952380952381,0.25,0.3191471544989227,0.3191471544989227,0.5,0.5
1.0,0.358695652173913,0.0344827586206896,0.0,0.0,0.0,0.0
1.0,0.4324324324324324,0.032258064516129,0.0,0.0,0.0,0.0
1.0,0.8921568627450981,1.0,0.4692787260227564,0.7720911544214064,0.3333333333333333,1.0
1.0,0.9743589743589745,1.0,0.7653606369886217,0.932521091954824,0.6666666666666666,1.0
1.0,0.808695652173913,0.0434782608695652,0.0,0.0,0.0,0.0
1.0,0.3567251461988304,0.1111111111111111,0.0,0.1412669728598289,0.0,0.3333333333333333
1.0,0.4950980392156863,0.5,0.24630238874073,0.369453583111095,0.25,0.5
1.0,0.7190839694656489,0.3333333333333333,0.169580102636808,0.11004588314904,0.1,0.1
1.0,0.625,0.25,0.430676558073393,0.430676558073393,1.0,1.0
1.0,0.0999999999999999,0.2,0.2371977127692962,0.4415801103577823,0.5,1.0
1.0,0.8783068783068783,0.2,0.1815417925373526,0.3379680345449381,0.3333333333333333,0.6666666666666666
1.0,0.7065217391304347,0.2,0.1510196182278052,0.2638647595767405,0.25,0.5
1.0,0.5,0.125,0.0,0.3154648767857287,0.0,1.0
1.0,0.4896969696969697,0.0217391304347826,0.0,0.0,0.0,0.0
1.0,0.4156976744186046,0.0769230769230769,0.0,0.0,0.0,0.0
1.0,0.3368055555555555,0.0526315789473684,0.0,0.0,0.0,0.0
1.0,0.1666666666666666,0.1666666666666666,0.0,0.3562071871080222,0.0,1.0
1.0,0.6633064516129032,0.0454545454545454,0.0,0.0,0.0,0.0
1.0,0.7575757575757576,0.1666666666666666,0.0,0.2184074368181641,0.0,0.5
1.0,1.0,1.0,1.0,1.0,1.0,1.0
1.0,0.5045045045045045,0.1,0.0,0.1128451413489352,0.0,0.25
1.0,0.9259259259259258,1.0,0.9060254355346824,0.9060254355346824,1.0,1.0
1.0,0.6417910447761194,0.125,0.0,0.1480409554829326,0.0,0.3333333333333333
1.0,0.5952380952380952,0.2,0.1815417925373526,0.3228087653971817,0.3333333333333333,0.6666666666666666
1.0,0.0555555555555555,0.0555555555555555,0.0,0.0,0.0,0.0
1.0,0.6691176470588235,0.1666666666666666,0.0,0.1390561795107756,0.0,0.25
1.0,0.9375,0.5,0.6309297535714575,0.6309297535714575,1.0,1.0
1.0,0.7785714285714286,0.5,0.4414924137367808,0.4414924137367808,0.5,0.5
1.0,0.8481203007518797,1.0,0.7227265726449519,0.6684881776649958,0.4285714285714285,0.5714285714285714
1.0,0.3333333333333333,0.1428571428571428,0.0,0.3333333333333333,0.0,1.0
1.0,0.5344827586206897,0.5,0.3868528072345416,0.3868528072345416,0.5,0.5
1.0,0.9404761904761904,0.3333333333333333,0.5437713091520254,0.5437713091520254,1.0,1.0
1.0,0.6972972972972973,0.5,0.2139862647345275,0.4291370616153112,0.2,0.6
1.0,0.7272727272727273,0.1428571428571428,0.0,0.3333333333333333,0.0,1.0
1.0,0.2745098039215686,0.0263157894736842,0.0,0.0,0.0,0.0
1.0,0.6274509803921569,0.0588235294117647,0.0,0.0,0.0,0.0
1.0,0.6873270614277809,1.0,0.5531464700081437,0.4252084336260237,0.1538461538461538,0.2307692307692307
1.0,0.706766917293233,1.0,0.5087403079104241,0.4747901418801845,0.1428571428571428,0.2857142857142857
1.0,0.4131944444444444,0.0476190476190476,0.0,0.0,0.0,0.0
1.0,0.8291666666666667,0.5,0.360054614577234,0.360054614577234,0.4,0.4
1.0,0.4702970297029702,0.0256410256410256,0.0,0.0,0.0,0.0
1.0,0.4416666666666666,1.0,0.3391602052736161,0.3391602052736161,0.2,0.2
1.0,0.817283950617284,0.0434782608695652,0.0,0.0,0.0,0.0
1.0,0.6711864406779662,1.0,0.5531464700081437,0.3589542101716347,0.2,0.2
1.0,0.8,0.3333333333333333,0.5,0.5,1.0,1.0
1.0,0.7906976744186047,0.1666666666666666,0.0,0.2184074368181641,0.0,0.5
1.0,0.875,1.0,0.8772153153380493,0.8772153153380493,1.0,1.0
1.0,0.8392857142857143,0.25,0.2640681225725909,0.4574945261898616,0.5,1.0
1.0,0.5,0.25,0.430676558073393,0.430676558073393,1.0,1.0
1.0,0.6239583333333333,0.0303030303030303,0.0,0.0,0.0,0.0
1.0,0.6071428571428572,0.2,0.1815417925373526,0.1815417925373526,0.3333333333333333,0.3333333333333333
1.0,0.8125,1.0,0.8503449055347546,0.8503449055347546,1.0,1.0
1.0,0.5476190476190477,0.1666666666666666,0.0,0.2184074368181641,0.0,0.5
1.0,0.9333333333333332,0.5,0.6309297535714575,0.6309297535714575,1.0,1.0
1.0,0.2077464788732394,0.024390243902439,0.0,0.0,0.0,0.0
1.0,0.5729166666666666,0.0555555555555555,0.0,0.0,0.0,0.0
1.0,0.7051282051282052,0.1666666666666666,0.0,0.1671604549662022,0.0,0.3333333333333333
1.0,0.3503401360544217,0.1428571428571428,0.0,0.1564262420075854,0.0,0.3333333333333333
1.0,0.8461538461538461,0.3333333333333333,0.5,0.5,1.0,1.0
1.0,0.9166666666666666,0.3333333333333333,0.5,0.5,1.0,1.0
1.0,0.6995305164319249,0.2,0.1815417925373526,0.3487022475035549,0.3333333333333333,0.6666666666666666
1.0,0.6791666666666667,1.0,0.4692787260227564,0.6364391809889587,0.3333333333333333,0.6666666666666666
1.0,0.4894578313253012,0.5,0.24630238874073,0.24630238874073,0.25,0.25
1.0,0.5227272727272727,0.5,0.24630238874073,0.3764290720714305,0.25,0.5
1.0,0.6250000000000001,0.0588235294117647,0.0,0.0,0.0,0.0
1.0,0.7962962962962963,1.0,0.3391602052736161,0.3391602052736161,0.2,0.2
1.0,0.3275862068965517,0.0384615384615384,0.0,0.0,0.0,0.0
1.0,0.3197278911564625,0.0714285714285714,0.0,0.0,0.0,0.0
1.0,0.51,0.5,0.24630238874073,0.24630238874073,0.25,0.25
1.0,0.5815789473684211,1.0,0.3903800499921017,0.5032251913410369,0.25,0.5
1.0,0.88,0.25,0.430676558073393,0.430676558073393,1.0,1.0
1.0,0.7916666666666666,1.0,0.3903800499921017,0.3903800499921017,0.25,0.25
1.0,0.6075949367088608,0.03125,0.0,0.0,0.0,0.0
1.0,0.8088235294117646,0.1666666666666666,0.0,0.3956467236022118,0.0,1.0
1.0,0.0719999999999999,0.0085470085470085,0.0,0.0,0.0,0.0
1.0,0.8625,0.3333333333333333,0.3065735963827292,0.3065735963827292,0.5,0.5
1.0,0.92,0.3333333333333333,0.2346393630113782,0.5430667908374095,0.3333333333333333,1.0
1.0,0.5245901639344261,1.0,0.3391602052736161,0.3391602052736161,0.2,0.2
1.0,0.5833333333333333,0.5,0.2960819109658652,0.5730008572581421,0.3333333333333333,1.0
1.0,0.7575757575757576,0.1111111111111111,0.0,0.3010299956639812,0.0,1.0
1.0,0.56,0.25,0.1681275362711174,0.1681275362711174,0.25,0.25
1.0,0.6285714285714286,1.0,0.3391602052736161,0.4412576003965278,0.2,0.4
1.0,1.0,1.0,1.0,1.0,1.0,1.0
1.0,0.2352941176470588,0.032258064516129,0.0,0.0,0.0,0.0
1.0,0.4038461538461538,0.0588235294117647,0.0,0.0,0.0,0.0
1.0,0.2142857142857143,0.1111111111111111,0.0,0.1845756967795681,0.0,0.5
1.0,1.0,1.0,1.0,1.0,1.0,1.0
1.0,0.6956521739130435,0.125,0.0,0.3154648767857287,0.0,1.0
1.0,1.0,1.0,1.0,1.0,1.0,1.0
1.0,0.7416666666666667,0.1111111111111111,0.0,0.1845756967795681,0.0,0.5
1.0,0.5625,0.0714285714285714,0.0,0.0,0.0,0.0
1.0,0.581267217630854,0.0263157894736842,0.0,0.0,0.0,0.0
1.0,0.84,0.2,0.3868528072345416,0.3868528072345416,1.0,1.0
1.0,0.35,0.0454545454545454,0.0,0.0,0.0,0.0
1.0,0.5492957746478873,0.1428571428571428,0.0,0.1574310726997956,0.0,0.25
1.0,0.7999999999999999,0.0625,0.0,0.0,0.0,0.0
1.0,1.0,1.0,1.0,1.0,1.0,1.0
1.0,0.7,0.5,0.6509209298071326,0.6509209298071326,1.0,1.0
1.0,0.8309859154929577,0.0769230769230769,0.0,0.0,0.0,0.0
1.0,0.8152173913043479,1.0,0.6131471927654584,0.6131471927654584,0.5,0.5
1.0,0.806060606060606,0.5,0.2960819109658652,0.2960819109658652,0.3333333333333333,0.3333333333333333
1.0,0.8157894736842105,0.25,0.2640681225725909,0.482475559390755,0.5,1.0
1.0,0.7567567567567568,0.1,0.0,0.2890648263178879,0.0,1.0
1.0,0.3645833333333333,0.1,0.0,0.1356519734324477,0.0,0.3333333333333333
1.0,0.5032520325203251,0.0454545454545454,0.0,0.0,0.0,0.0
1.0,1.0,1.0,1.0,1.0,1.0,1.0
1.0,0.4603174603174603,0.1111111111111111,0.0,0.1412669728598289,0.0,0.3333333333333333
1.0,1.0,1.0,1.0,1.0,1.0,1.0
1.0,0.75,0.5,0.6934264036172708,0.6934264036172708,1.0,1.0
1.0,0.7792207792207791,0.3333333333333333,0.2346393630113782,0.2346393630113782,0.3333333333333333,0.3333333333333333
1.0,0.6052227342549923,0.0434782608695652,0.0,0.0,0.0,0.0
1.0,1.0,1.0,1.0,1.0,1.0,1.0
1.0,1.0,1.0,1.0,1.0,1.0,1.0
1.0,1.0,1.0,1.0,1.0,1.0,1.0
1.0,0.8241758241758242,0.0909090909090909,0.0,0.0,0.0,0.0
1.0,0.546875,0.0714285714285714,0.0,0.0,0.0,0.0
1.0,0.5263157894736842,1.0,0.4692787260227564,0.4692787260227564,0.3333333333333333,0.3333333333333333
1.0,0.3984962406015037,0.1666666666666666,0.0,0.0979129253499678,0.0,0.1428571428571428
1.0,0.923913043478261,0.25,0.2640681225725909,0.482475559390755,0.5,1.0
1.0,0.5555555555555556,0.2,0.1510196182278052,0.1510196182278052,0.25,0.25
1.0,0.4499999999999999,0.0434782608695652,0.0,0.0,0.0,0.0
1.0,0.0,0.5,0.6309297535714575,0.6309297535714575,1.0,1.0
1.0,1.0,1.0,1.0,1.0,1.0,1.0
1.0,0.931372549019608,0.5,0.3868528072345416,0.5802792108518124,0.5,1.0
1.0,0.6086956521739131,0.1,0.0,0.2890648263178879,0.0,1.0
1.0,0.1428571428571429,0.0149253731343283,0.0,0.0,0.0,0.0
1.0,0.3605990783410138,0.0277777777777777,0.0,0.0,0.0,0.0
1.0,0.3871794871794871,0.02,0.0,0.0,0.0,0.0
1.0,0.7642276422764228,1.0,0.6843515475204855,0.6105858728157117,0.5,0.5
1.0,1.0,1.0,1.0,1.0,1.0,1.0
1.0,0.0,0.5,0.6309297535714575,0.6309297535714575,1.0,1.0
1.0,0.736111111111111,0.5,0.2960819109658652,0.4632423659320675,0.3333333333333333,0.6666666666666666
1.0,1.0,1.0,1.0,1.0,1.0,1.0
1.0,0.7222222222222222,0.5,0.2960819109658652,0.4441228664487979,0.3333333333333333,0.6666666666666666
1.0,0.4696969696969697,0.5,0.2960819109658652,0.4441228664487979,0.3333333333333333,0.6666666666666666
1.0,0.064516129032258,0.037037037037037,0.0,0.0,0.0,0.0
1.0,0.524390243902439,0.0357142857142857,0.0,0.0,0.0,0.0
1.0,0.8666666666666667,1.0,0.5531464700081437,0.7870111744655099,0.4,0.8
1.0,0.5652173913043478,0.25,0.1460683498427064,0.1460683498427064,0.2,0.2
1.0,0.5268817204301075,0.25,0.2021073465005475,0.2021073465005475,0.3333333333333333,0.3333333333333333
1.0,0.8598290598290598,0.1428571428571428,0.0,0.2920782154400332,0.0,0.6666666666666666
1.0,0.4166666666666666,0.0434782608695652,0.0,0.0,0.0,0.0
1.0,0.6176470588235294,0.0714285714285714,0.0,0.0,0.0,0.0
1.0,0.7575757575757576,0.5,0.4776237035032179,0.6340499455108034,0.6666666666666666,1.0
1.0,0.3064220183486238,0.02,0.0,0.0,0.0,0.0
1.0,0.25,0.25,0.430676558073393,0.430676558073393,1.0,1.0
1.0,0.5525000000000001,0.0625,0.0,0.0,0.0,0.0
1.0,0.7616279069767442,0.25,0.2640681225725909,0.2640681225725909,0.5,0.5
1.0,0.3908227848101265,0.0416666666666666,0.0,0.0,0.0,0.0
1.0,0.5571428571428572,0.0769230769230769,0.0,0.0,0.0,0.0
1.0,0.0,0.5,0.6309297535714575,0.6309297535714575,1.0,1.0
1.0,0.8122807017543859,0.1428571428571428,0.0,0.211092687589229,0.0,0.4
1.0,0.9583333333333334,0.5,0.6309297535714575,0.6309297535714575,1.0,1.0
1.0,0.6234567901234569,0.0666666666666666,0.0,0.0,0.0,0.0
1.0,0.6951219512195121,0.125,0.0,0.1480409554829326,0.0,0.3333333333333333
1.0,1.0,1.0,1.0,1.0,1.0,1.0
1.0,0.3589743589743589,0.0384615384615384,0.0,0.0,0.0,0.0
1.0,0.4387755102040815,0.04,0.0,0.0,0.0,0.0
1.0,0.5977011494252874,0.0277777777777777,0.0,0.0,0.0,0.0
1.0,0.6666666666666667,0.3333333333333333,0.5,0.5,1.0,1.0
1.0,1.0,1.0,1.0,1.0,1.0,1.0
1.0,0.25,0.25,0.430676558073393,0.430676558073393,1.0,1.0
1.0,0.2260869565217391,0.0136986301369863,0.0,0.0,0.0,0.0
1.0,0.7263157894736842,1.0,0.5531464700081437,0.5531464700081437,0.4,0.4
1.0,1.0,1.0,1.0,1.0,1.0,1.0
1.0,0.8534798534798534,1.0,0.8687949224876582,0.8887517031591262,0.5714285714285714,0.8571428571428571
1.0,0.4693877551020408,0.027027027027027,0.0,0.0,0.0,0.0
1.0,0.5625,0.125,0.0,0.3154648767857287,0.0,1.0
1.0,0.9245283018867924,1.0,0.6131471927654584,0.7903864795495061,0.5,1.0
1.0,0.875,0.25,0.2640681225725909,0.4574945261898616,0.5,1.0
1.0,0.4583333333333332,0.3333333333333333,0.2346393630113782,0.2346393630113782,0.3333333333333333,0.3333333333333333
1.0,0.9285714285714286,0.5,0.6309297535714575,0.6309297535714575,1.0,1.0
1.0,1.0,1.0,1.0,1.0,1.0,1.0
1.0,0.4615384615384615,0.02,0.0,0.0,0.0,0.0
1.0,0.8571428571428571,1.0,0.4692787260227564,0.7585866543655181,0.3333333333333333,1.0
1.0,0.5784313725490196,0.1,0.0,0.1356519734324477,0.0,0.3333333333333333
1.0,0.0,0.5,0.6309297535714575,0.6309297535714575,1.0,1.0
1.0,0.7254901960784313,1.0,0.3391602052736161,0.3543334123470583,0.1428571428571428,0.2857142857142857
1.0,0.6,1.0,0.6131471927654584,0.8315546295836225,0.5,1.0
1.0,0.6875,0.0833333333333333,0.0,0.0,0.0,0.0
1.0,0.6801643192488263,0.25,0.1460683498427064,0.1303237659103706,0.1666666666666666,0.1666666666666666
1.0,0.4155844155844156,0.0263157894736842,0.0,0.0,0.0,0.0
1.0,0.7413194444444444,1.0,0.5413996682199069,0.6804558477306826,0.5,0.75
1.0,0.7368421052631579,0.25,0.2640681225725909,0.448643819352159,0.5,1.0
1.0,1.0,1.0,1.0,1.0,1.0,1.0
1.0,0.0,0.25,0.430676558073393,0.430676558073393,1.0,1.0
1.0,0.5,0.0714285714285714,0.0,0.0,0.0,0.0
1.0,0.3966666666666666,0.0526315789473684,0.0,0.0,0.0,0.0
1.0,0.7,0.5,0.6509209298071326,0.6509209298071326,1.0,1.0
1.0,0.4583333333333333,0.25,0.1460683498427064,0.2317730746678625,0.0833333333333333,0.25
1.0,0.3333333333333333,0.3333333333333333,0.5,0.5,1.0,1.0
1.0,0.1999999999999999,0.2,0.3868528072345416,0.3868528072345416,1.0,1.0
1.0,0.6666666666666667,0.0909090909090909,0.0,0.0,0.0,0.0
1.0,0.3636363636363636,0.0666666666666666,0.0,0.0,0.0,0.0
1.0,0.0,0.0588235294117647,0.0,0.0,0.0,0.0
1.0,0.6,0.3333333333333333,0.5,0.5,1.0,1.0
1.0,0.532258064516129,0.0333333333333333,0.0,0.0,0.0,0.0
1.0,0.5,0.1666666666666666,0.0,0.3562071871080222,0.0,1.0
1.0,0.8235294117647058,0.25,0.430676558073393,0.430676558073393,1.0,1.0
1.0,0.5333333333333333,0.125,0.0,0.3780021003968389,0.0,1.0
1.0,0.6966374269005847,0.1111111111111111,0.0,0.0761433407173835,0.0,0.125
1.0,0.5357142857142857,0.0714285714285714,0.0,0.0,0.0,0.0
1.0,0.1145038167938931,0.0085470085470085,0.0,0.0,0.0,0.0
1.0,0.7777777777777778,0.1111111111111111,0.0,0.3010299956639812,0.0,1.0
1.0,0.4959349593495935,0.0909090909090909,0.0,0.0,0.0,0.0
1.0,0.8125,0.125,0.0,0.1934264036172708,0.0,0.5
1.0,0.8780487804878049,0.1666666666666666,0.0,0.1671604549662022,0.0,0.3333333333333333
1.0,1.0,1.0,1.0,1.0,1.0,1.0
1.0,0.5714285714285714,0.1,0.0,0.2890648263178879,0.0,1.0
1.0,0.3514056224899598,0.0526315789473684,0.0,0.0,0.0,0.0
1.0,0.5229885057471264,0.0555555555555555,0.0,0.0,0.0,0.0
1.0,0.8043478260869565,0.2,0.2371977127692962,0.4415801103577823,0.5,1.0
1.0,0.3333333333333333,0.3333333333333333,0.5,0.5,1.0,1.0
1.0,0.0,0.0227272727272727,0.0,0.0,0.0,0.0
1.0,0.95,1.0,0.9197207891481876,0.9197207891481876,1.0,1.0
1.0,0.7252252252252251,0.0909090909090909,0.0,0.0,0.0,0.0
1.0,1.0,1.0,1.0,1.0,1.0,1.0
1.0,0.5407608695652174,0.032258064516129,0.0,0.0,0.0,0.0
1.0,0.6486486486486486,0.0769230769230769,0.0,0.0,0.0,0.0
1.0,0.875,0.2,0.3868528072345416,0.3868528072345416,1.0,1.0
1.0,1.0,1.0,1.0,1.0,1.0,1.0
1.0,0.5789473684210527,0.0714285714285714,0.0,0.0,0.0,0.0
1.0,0.9142857142857144,0.1,0.0,0.2890648263178879,0.0,1.0
1.0,0.394331983805668,0.0277777777777777,0.0,0.0,0.0,0.0
1.0,0.5845588235294117,1.0,0.6131471927654584,0.6131471927654584,0.5,0.5
1.0,0.1666666666666666,0.1666666666666666,0.0,0.3562071871080222,0.0,1.0
1.0,0.6451612903225806,0.0666666666666666,0.0,0.0,0.0,0.0
1.0,0.3,0.0232558139534883,0.0,0.0,0.0,0.0
1.0,0.6666666666666667,0.5,0.6309297535714575,0.6309297535714575,1.0,1.0
1.0,0.764367816091954,0.5,0.24630238874073,0.24630238874073,0.25,0.25
1.0,0.7282051282051281,0.1428571428571428,0.0,0.2976932148674144,0.0,0.6666666666666666
1.0,0.53125,1.0,0.6131471927654584,0.6131471927654584,0.5,0.5
1.0,0.4826666666666666,0.2,0.1312050775123417,0.1487639058405727,0.0666666666666666,0.1333333333333333
1.0,1.0,1.0,1.0,1.0,1.0,1.0
1.0,0.5256410256410257,0.0666666666666666,0.0,0.0,0.0,0.0
1.0,0.2227272727272727,0.0169491525423728,0.0,0.0,0.0,0.0
1.0,0.5185185185185186,0.0714285714285714,0.0,0.0,0.0,0.0
1.0,0.3014705882352941,0.0256410256410256,0.0,0.0,0.0,0.0
1.0,0.0,0.1666666666666666,0.0,0.3562071871080222,0.0,1.0
1.0,0.7209302325581396,0.0769230769230769,0.0,0.0,0.0,0.0
1.0,0.2857142857142857,0.0625,0.0,0.0,0.0,0.0
1.0,0.3676470588235294,0.0625,0.0,0.0,0.0,0.0
1.0,0.0416666666666666,0.0416666666666666,0.0,0.0,0.0,0.0
1.0,0.9415204678362572,1.0,0.7653606369886217,0.7653606369886217,0.6666666666666666,0.6666666666666666
1.0,0.6333333333333333,1.0,0.3391602052736161,0.3391602052736161,0.2,0.2
1.0,0.2777777777777778,0.0333333333333333,0.0,0.0,0.0,0.0
1.0,0.6176470588235294,0.0714285714285714,0.0,0.0,0.0,0.0
1.0,0.6433823529411765,0.25,0.1460683498427064,0.1990365012701235,0.125,0.25
1.0,0.8702185792349727,0.5,0.2139862647345275,0.37747370249186,0.1666666666666666,0.5
1.0,0.691358024691358,0.1666666666666666,0.0,0.2430113856587258,0.0,0.375
1.0,0.7007874015748031,0.0625,0.0,0.0,0.0,0.0
1.0,0.5118110236220472,0.5,0.2139862647345275,0.2139862647345275,0.2,0.2
1.0,0.8840579710144928,0.25,0.1681275362711174,0.3071837157818931,0.25,0.5
1.0,0.9583333333333334,0.5,0.6309297535714575,0.6309297535714575,1.0,1.0
1.0,0.5240384615384616,0.0227272727272727,0.0,0.0,0.0,0.0
1.0,0.6724137931034483,1.0,0.6366824387328317,0.6366824387328317,0.5,0.5
1.0,0.3863636363636363,0.0625,0.0,0.0,0.0,0.0
1.0,0.8292682926829268,0.125,0.0,0.3154648767857287,0.0,1.0
1.0,0.7470817120622568,0.0151515151515151,0.0,0.0,0.0,0.0
1.0,0.0588235294117647,0.0588235294117647,0.0,0.0,0.0,0.0
1.0,0.5,0.25,0.2640681225725909,0.448643819352159,0.5,1.0
1.0,0.9281045751633986,1.0,0.7653606369886217,0.7653606369886217,0.6666666666666666,0.6666666666666666
1.0,1.0,1.0,1.0,1.0,1.0,1.0
1.0,0.7464285714285713,0.1666666666666666,0.0,0.1846267538440875,0.0,0.2857142857142857
1.0,0.3972602739726028,0.0222222222222222,0.0,0.0,0.0,0.0
1.0,0.716867469879518,0.0769230769230769,0.0,0.0,0.0,0.0
1.0,0.3,0.3333333333333333,0.5,0.5,1.0,1.0
1.0,0.7101769911504425,1.0,0.3391602052736161,0.3290860434850406,0.125,0.25
1.0,0.8191489361702127,1.0,0.6131471927654584,0.6131471927654584,0.5,0.5
1.0,0.6837606837606838,1.0,0.4703652827859579,0.5151254397262444,0.3333333333333333,0.5
1.0,0.368421052631579,0.125,0.0,0.1934264036172708,0.0,0.5
1.0,0.6666666666666667,0.1111111111111111,0.0,0.1845756967795681,0.0,0.5
1.0,0.9416666666666668,0.3333333333333333,0.4367467095119258,0.6039071644781281,0.6666666666666666,1.0
1.0,0.3245614035087719,0.0232558139534883,0.0,0.0,0.0,0.0
1.0,0.2152777777777778,0.0303030303030303,0.0,0.0,0.0,0.0
1.0,0.375,0.1666666666666666,0.0,0.3562071871080222,0.0,1.0
1.0,0.7536585365853659,0.1,0.0,0.098039285831357,0.0,0.2
1.0,0.8008658008658007,0.25,0.1460683498427064,0.1183827929553629,0.1428571428571428,0.1428571428571428
1.0,0.7,0.25,0.2640681225725909,0.2640681225725909,0.5,0.5
1.0,0.5290697674418604,1.0,0.3903800499921017,0.5032251913410369,0.25,0.5
1.0,0.7043859649122808,0.5,0.2139862647345275,0.2139862647345275,0.2,0.2
1.0,0.9166666666666666,0.3333333333333333,0.5,0.5,1.0,1.0
1.0,0.9090909090909092,0.5,0.6309297535714575,0.6309297535714575,1.0,1.0
1.0,1.0,1.0,1.0,1.0,1.0,1.0
1.0,0.2058823529411765,0.0357142857142857,0.0,0.0,0.0,0.0
1.0,0.15,0.125,0.0,0.3154648767857287,0.0,1.0
1.0,0.51890756302521,0.5,0.3868528072345416,0.3868528072345416,0.5,0.5
1.0,0.8492063492063492,0.05,0.0,0.0,0.0,0.0
1.0,0.6666666666666667,0.5,0.6309297535714575,0.6309297535714575,1.0,1.0
1.0,0.77,0.0416666666666666,0.0,0.0,0.0,0.0
1.0,0.7948717948717948,0.1111111111111111,0.0,0.3010299956639812,0.0,1.0
1.0,0.6838235294117647,1.0,0.3903800499921017,0.3903800499921017,0.25,0.25
1.0,0.6568627450980391,1.0,0.4692787260227564,0.4692787260227564,0.3333333333333333,0.3333333333333333
1.0,0.7148936170212766,0.25,0.1460683498427064,0.1460683498427064,0.2,0.2
1.0,0.7777777777777778,0.1428571428571428,0.0,0.3333333333333333,0.0,1.0
1.0,0.1282051282051282,0.0285714285714285,0.0,0.0,0.0,0.0
1.0,0.805128205128205,0.1428571428571428,0.0,0.1564262420075854,0.0,0.3333333333333333
1.0,0.9166666666666666,0.1666666666666666,0.0,0.3562071871080222,0.0,1.0
1.0,0.6296296296296295,1.0,0.4692787260227564,0.4692787260227564,0.3333333333333333,0.3333333333333333
1.0,0.8291316526610645,0.1428571428571428,0.0,0.1564262420075854,0.0,0.3333333333333333
1.0,0.6470588235294117,0.1428571428571428,0.0,0.3333333333333333,0.0,1.0
1.0,0.8208955223880597,0.0769230769230769,0.0,0.0,0.0,0.0
1.0,1.0,1.0,1.0,1.0,1.0,1.0
1.0,0.7999999999999999,0.25,0.430676558073393,0.430676558073393,1.0,1.0
1.0,0.3710691823899371,0.037037037037037,0.0,0.0,0.0,0.0
1.0,0.5284552845528455,0.5,0.2960819109658652,0.2960819109658652,0.3333333333333333,0.3333333333333333
1.0,0.6101694915254238,0.0416666666666666,0.0,0.0,0.0,0.0
1.0,0.625,0.5,0.6509209298071326,0.6509209298071326,1.0,1.0
1.0,0.0769230769230769,0.0769230769230769,0.0,0.0,0.0,0.0
1.0,0.6091954022988505,0.125,0.0,0.2893079283427616,0.0,0.6666666666666666
1.0,0.4079601990049751,0.032258064516129,0.0,0.0,0.0,0.0
1.0,0.6,0.3333333333333333,0.5706417189553201,0.5706417189553201,1.0,1.0
1.0,0.8333333333333334,0.1428571428571428,0.0,0.2043823975884861,0.0,0.5
1.0,0.3838383838383838,0.0185185185185185,0.0,0.0,0.0,0.0
1.0,0.3017241379310345,0.0121951219512195,0.0,0.0,0.0,0.0
1.0,0.8021978021978022,0.25,0.2772734273550482,0.3812023301611696,0.25,0.5
1.0,0.6190476190476191,0.1111111111111111,0.0,0.3010299956639812,0.0,1.0
1.0,0.1794871794871795,0.0303030303030303,0.0,0.0,0.0,0.0
1.0,0.5688888888888889,0.5,0.3451913422468693,0.2240055615151755,0.2,0.2
1.0,0.3576923076923077,0.1111111111111111,0.0,0.1020973951229116,0.0,0.2
1.0,0.0399999999999999,0.04,0.0,0.0,0.0,0.0
1.0,0.8264208909370199,0.5,0.3451913422468693,0.3776772633684371,0.2857142857142857,0.4285714285714285
1.0,0.9444444444444444,0.3333333333333333,0.5,0.5,1.0,1.0
1.0,0.7592592592592593,0.5,0.3868528072345416,0.3868528072345416,0.5,0.5
1.0,0.7232947232947233,1.0,0.3391602052736161,0.2748763329142908,0.1428571428571428,0.1428571428571428
1.0,0.8787878787878788,0.1111111111111111,0.0,0.3010299956639812,0.0,1.0
1.0,0.8382352941176471,0.0833333333333333,0.0,0.0,0.0,0.0
1.0,0.506265664160401,0.25,0.1460683498427064,0.1183827929553629,0.1428571428571428,0.1428571428571428
1.0,0.4666666666666667,0.25,0.1681275362711174,0.1681275362711174,0.25,0.25
1.0,0.7777777777777777,1.0,0.4692787260227564,0.4692787260227564,0.3333333333333333,0.3333333333333333
1.0,0.659090909090909,0.2,0.1815417925373526,0.1815417925373526,0.3333333333333333,0.3333333333333333
1.0,0.3024193548387097,0.0153846153846153,0.0,0.0,0.0,0.0
1.0,0.8414634146341463,0.5,0.24630238874073,0.24630238874073,0.25,0.25
1.0,0.8125,0.3333333333333333,0.3065735963827292,0.3065735963827292,0.5,0.5
1.0,0.8844086021505376,0.5,0.3868528072345416,0.3868528072345416,0.5,0.5
1.0,0.934782608695652,1.0,0.8503449055347546,0.8503449055347546,1.0,1.0
1.0,0.125,0.2,0.3868528072345416,0.3868528072345416,1.0,1.0
1.0,0.4489795918367347,0.0357142857142857,0.0,0.0,0.0,0.0
1.0,0.6428571428571429,0.1666666666666666,0.0,0.2184074368181641,0.0,0.5
1.0,0.8088888888888889,1.0,0.5087403079104241,0.6217937096682962,0.4,0.6
1.0,0.803763440860215,0.1666666666666666,0.0,0.2691828628414762,0.0,0.5
1.0,0.8083333333333332,0.2,0.1815417925373526,0.1815417925373526,0.3333333333333333,0.3333333333333333
1.0,0.9387755102040816,1.0,0.4692787260227564,0.617319681505689,0.3333333333333333,0.6666666666666666
1.0,0.0,0.25,0.430676558073393,0.430676558073393,1.0,1.0
1.0,0.4380952380952381,0.0303030303030303,0.0,0.0,0.0,0.0
1.0,0.55,0.125,0.0,0.123151194370365,0.0,0.25
1.0,0.8928571428571429,1.0,0.6548086577531307,0.7358816281214049,0.375,0.75
1.0,0.6052631578947368,1.0,0.3903800499921017,0.5205067333228022,0.25,0.5
1.0,0.0833333333333333,0.0833333333333333,0.0,0.0,0.0,0.0
1.0,0.4537037037037037,0.0166666666666666,0.0,0.0,0.0,0.0
1.0,0.125,0.1,0.0,0.2890648263178879,0.0,1.0
1.0,0.8977272727272727,0.1,0.0,0.2890648263178879,0.0,1.0
1.0,0.0,0.5,0.6309297535714575,0.6309297535714575,1.0,1.0
1.0,0.5833333333333333,0.1666666666666666,0.0,0.3562071871080222,0.0,1.0
1.0,0.4999999999999999,0.3333333333333333,0.169580102636808,0.3697167835910767,0.2,0.6
1.0,0.708411214953271,0.3333333333333333,0.169580102636808,0.169580102636808,0.2,0.2
1.0,0.1764705882352941,0.0833333333333333,0.0,0.0,0.0,0.0
1.0,0.7931034482758621,0.1428571428571428,0.0,0.3978088012057569,0.0,1.0
1.0,0.7090909090909091,0.0588235294117647,0.0,0.0,0.0,0.0
1.0,0.5537918871252204,0.025,0.0,0.0,0.0,0.0
1.0,0.6153846153846154,0.0909090909090909,0.0,0.0,0.0,0.0
1.0,0.6211340206185567,0.25,0.1460683498427064,0.1932507268736416,0.125,0.25
1.0,0.6439645625692137,1.0,0.3391602052736161,0.2200917662980801,0.0714285714285714,0.0714285714285714
1.0,1.0,1.0,1.0,1.0,1.0,1.0
1.0,0.6276595744680851,0.1,0.0,0.1772392867840477,0.0,0.5
1.0,0.5975308641975309,0.25,0.1460683498427064,0.1460683498427064,0.2,0.2
1.0,0.9227642276422764,0.125,0.0,0.123151194370365,0.0,0.25
1.0,0.3928571428571429,0.0555555555555555,0.0,0.0,0.0,0.0
1.0,0.5454545454545454,1.0,0.6131471927654584,0.6131471927654584,0.5,0.5
1.0,0.475,0.5,0.24630238874073,0.3638184934971571,0.25,0.5
1.0,0.5104166666666666,0.1666666666666666,0.0,0.208656625690782,0.0,0.3333333333333333
1.0,0.7631067961165049,0.5,0.2139862647345275,0.3209793971017913,0.2,0.4
1.0,1.0,1.0,1.0,1.0,1.0,1.0
1.0,0.5416666666666666,0.3333333333333333,0.2346393630113782,0.2346393630113782,0.3333333333333333,0.3333333333333333
1.0,0.8821917808219178,1.0,0.4703652827859579,0.5684045686173149,0.4,0.6
1.0,0.625,0.3333333333333333,0.1951900249960508,0.3080351663449861,0.25,0.5
1.0,1.0,1.0,1.0,1.0,1.0,1.0
1.0,0.6651017214397495,1.0,0.3391602052736161,0.2350455494144853,0.1111111111111111,0.1111111111111111
1.0,0.1666666666666666,0.2,0.1815417925373526,0.4792350074047671,0.3333333333333333,1.0
1.0,0.4,0.1,0.0,0.2890648263178879,0.0,1.0
1.0,0.5725,0.1111111111111111,0.0,0.1175161047564271,0.0,0.25
1.0,0.4565217391304347,0.1666666666666666,0.0,0.1671604549662022,0.0,0.3333333333333333
1.0,0.651360544217687,0.125,0.0,0.0954604330894673,0.0,0.1666666666666666
1.0,0.7457142857142857,1.0,0.4703652827859579,0.4703652827859579,0.4,0.4
1.0,0.8035087719298246,0.5,0.5296347172140421,0.6276740030453991,0.6,0.8
1.0,0.4,0.25,0.430676558073393,0.430676558073393,1.0,1.0
1.0,1.0,1.0,1.0,1.0,1.0,1.0
1.0,0.7882352941176471,1.0,0.5531464700081437,0.7622369974983191,0.4,0.8
1.0,0.8076923076923076,0.2,0.2371977127692962,0.430624116386567,0.5,1.0
1.0,0.4615384615384615,1.0,0.4692787260227564,0.4692787260227564,0.3333333333333333,0.3333333333333333
1.0,0.5760000000000001,1.0,0.3391602052736161,0.3391602052736161,0.2,0.2
1.0,0.5,0.1428571428571428,0.0,0.3333333333333333,0.0,1.0
1.0,0.4499999999999999,0.0833333333333333,0.0,0.0,0.0,0.0
1.0,0.6244897959183674,1.0,0.6548086577531307,0.5306972923267992,0.4285714285714285,0.4285714285714285
1.0,0.8452380952380953,0.25,0.2021073465005475,0.2021073465005475,0.3333333333333333,0.3333333333333333
1.0,0.640625,0.125,0.0,0.1934264036172708,0.0,0.5
1.0,0.5108695652173914,0.25,0.2640681225725909,0.2640681225725909,0.5,0.5
1.0,0.5218855218855218,0.03125,0.0,0.0,0.0,0.0
1.0,0.2416666666666666,0.0416666666666666,0.0,0.0,0.0,0.0
1.0,0.7553398058252427,1.0,0.5531464700081437,0.5531464700081437,0.4,0.4
1.0,0.3125,0.0384615384615384,0.0,0.0,0.0,0.0
1.0,0.926470588235294,0.3333333333333333,0.5437713091520254,0.5437713091520254,1.0,1.0
1.0,0.7602739726027398,0.3333333333333333,0.3065735963827292,0.3065735963827292,0.5,0.5
1.0,0.2666666666666666,0.0909090909090909,0.0,0.0,0.0,0.0
1.0,0.7272727272727273,0.25,0.5012658353418871,0.5012658353418871,1.0,1.0
1.0,0.4901041666666667,0.5,0.2139862647345275,0.1388624438735545,0.05,0.05
1.0,1.0,1.0,1.0,1.0,1.0,1.0
1.0,0.6968390804597702,0.25,0.1460683498427064,0.2311912370766417,0.1666666666666666,0.3333333333333333
1.0,1.0,1.0,1.0,1.0,1.0,1.0
1.0,0.6521739130434783,0.1111111111111111,0.0,0.3010299956639812,0.0,1.0
1.0,0.3076923076923077,0.0526315789473684,0.0,0.0,0.0,0.0
1.0,0.7108695652173913,0.1666666666666666,0.0,0.1208113026994942,0.0,0.2
1.0,0.2010869565217391,0.0303030303030303,0.0,0.0,0.0,0.0
1.0,0.6641414141414141,1.0,0.5087403079104241,0.352568324121728,0.2222222222222222,0.2222222222222222
1.0,0.2202380952380952,0.0303030303030303,0.0,0.0,0.0,0.0
1.0,0.5555555555555556,0.0625,0.0,0.0,0.0,0.0
1.0,1.0,1.0,1.0,1.0,1.0,1.0
1.0,0.3555555555555555,0.2,0.1815417925373526,0.1815417925373526,0.3333333333333333,0.3333333333333333
1.0,0.5357142857142857,0.5,0.2960819109658652,0.2960819109658652,0.3333333333333333,0.3333333333333333
1.0,0.3111111111111111,0.0555555555555555,0.0,0.0,0.0,0.0
1.0,0.6463963963963963,0.2,0.1815417925373526,0.3228087653971817,0.3333333333333333,0.6666666666666666
1.0,0.8258928571428572,0.5,0.24630238874073,0.3853585682515056,0.25,0.5
1.0,0.8232323232323233,0.5,0.5147714448836774,0.4350965523678657,0.3333333333333333,0.4444444444444444
1.0,0.0333333333333333,0.0625,0.0,0.0,0.0,0.0
1.0,1.0,1.0,1.0,1.0,1.0,1.0
1.0,0.7516339869281046,0.125,0.0,0.1480409554829326,0.0,0.3333333333333333
1.0,0.5425219941348973,0.0625,0.0,0.0,0.0,0.0
1.0,0.6851851851851852,0.25,0.3836491390379002,0.3836491390379002,0.6666666666666666,0.6666666666666666
1.0,0.4276315789473684,0.0121951219512195,0.0,0.0,0.0,0.0
1.0,0.75,0.0833333333333333,0.0,0.0,0.0,0.0
1.0,0.8457446808510638,0.5,0.4414924137367808,0.4414924137367808,0.5,0.5
1.0,0.5,0.0769230769230769,0.0,0.0,0.0,0.0
1.0,0.6236559139784946,0.1666666666666666,0.0,0.1671604549662022,0.0,0.3333333333333333
1.0,0.6884057971014492,0.0227272727272727,0.0,0.0,0.0,0.0
1.0,0.6933333333333334,0.0714285714285714,0.0,0.0,0.0,0.0
1.0,0.2042483660130718,0.0147058823529411,0.0,0.0,0.0,0.0
1.0,0.910919540229885,0.125,0.0,0.2836929289153804,0.0,0.6666666666666666
1.0,0.5408163265306123,0.5,0.3868528072345416,0.3868528072345416,0.5,0.5
1.0,0.5990099009900991,0.0909090909090909,0.0,0.0,0.0,0.0
1.0,0.90625,0.25,0.430676558073393,0.430676558073393,1.0,1.0
1.0,1.0,1.0,1.0,1.0,1.0,1.0
1.0,0.4705882352941176,0.1666666666666666,0.0,0.2184074368181641,0.0,0.5
1.0,0.1666666666666666,0.1666666666666666,0.0,0.3562071871080222,0.0,1.0
1.0,0.6603773584905661,0.1,0.0,0.1772392867840477,0.0,0.5
1.0,0.4125,0.0666666666666666,0.0,0.0,0.0,0.0
1.0,0.46,0.0909090909090909,0.0,0.0,0.0,0.0
1.0,0.2756410256410256,0.0526315789473684,0.0,0.0,0.0,0.0
1.0,0.7727272727272727,0.1666666666666666,0.0,0.2184074368181641,0.0,0.5
1.0,0.7264957264957265,0.1111111111111111,0.0,0.1412669728598289,0.0,0.3333333333333333
1.0,0.25,0.25,0.430676558073393,0.430676558073393,1.0,1.0
1.0,1.0,1.0,1.0,1.0,1.0,1.0
1.0,0.59375,1.0,0.5413996682199069,0.5413996682199069,0.5,0.5
1.0,0.4864864864864865,0.05,0.0,0.0,0.0,0.0
1.0,0.6379310344827586,0.05,0.0,0.0,0.0,0.0
1.0,0.4214876033057851,0.0140845070422535,0.0,0.0,0.0,0.0
1.0,0.4112554112554112,0.1111111111111111,0.0,0.1412669728598289,0.0,0.3333333333333333
1.0,0.5352400408580185,1.0,0.4852285551163225,0.3932783996463063,0.1818181818181818,0.2727272727272727
1.0,0.5,0.1111111111111111,0.0,0.1845756967795681,0.0,0.5
1.0,0.5116279069767442,0.3333333333333333,0.3065735963827292,0.3065735963827292,0.5,0.5
1.0,0.5555555555555556,0.1111111111111111,0.0,0.3010299956639812,0.0,1.0
1.0,0.6764705882352942,1.0,0.5855700749881525,0.5855700749881525,0.5,0.5
1.0,0.7,0.3333333333333333,0.3065735963827292,0.4911492931622974,0.5,1.0
1.0,0.5,0.1428571428571428,0.0,0.2043823975884861,0.0,0.5
1.0,0.9139344262295084,0.1,0.0,0.098039285831357,0.0,0.2
1.0,0.0612244897959183,0.02,0.0,0.0,0.0,0.0
1.0,0.9032258064516128,0.25,0.430676558073393,0.430676558073393,1.0,1.0
1.0,0.8250000000000001,0.25,0.2640681225725909,0.482475559390755,0.5,1.0
1.0,0.5555555555555556,0.1,0.0,0.1772392867840477,0.0,0.5
1.0,0.8380952380952381,1.0,0.6713860725233041,0.6713860725233041,0.6666666666666666,0.6666666666666666
1.0,0.3333333333333333,0.0666666666666666,0.0,0.0,0.0,0.0
1.0,0.7551020408163265,0.125,0.0,0.1934264036172708,0.0,0.5
1.0,0.7378640776699028,1.0,0.4692787260227564,0.4692787260227564,0.3333333333333333,0.3333333333333333
1.0,0.2589531680440771,0.0344827586206896,0.0,0.0,0.0,0.0
1.0,0.4198113207547169,0.024390243902439,0.0,0.0,0.0,0.0
1.0,0.3899082568807339,0.0238095238095238,0.0,0.0,0.0,0.0
1.0,0.5348837209302326,0.0769230769230769,0.0,0.0,0.0,0.0
1.0,0.4794520547945206,0.1111111111111111,0.0,0.091092403223458,0.0,0.1666666666666666
1.0,0.6320675105485232,0.3333333333333333,0.169580102636808,0.1736666713479918,0.0666666666666666,0.1333333333333333
1.0,0.8879855465221319,1.0,0.8687949224876582,0.6020941629041773,0.4444444444444444,0.4444444444444444
1.0,0.8888888888888888,0.5,0.6309297535714575,0.6309297535714575,1.0,1.0
1.0,0.3516949152542373,0.015625,0.0,0.0,0.0,0.0
1.0,0.3782894736842105,0.0285714285714285,0.0,0.0,0.0,0.0
1.0,0.1818181818181817,0.1,0.0,0.2890648263178879,0.0,1.0
1.0,0.6096096096096095,1.0,0.3391602052736161,0.2350455494144853,0.1111111111111111,0.1111111111111111
1.0,0.4350877192982456,0.0666666666666666,0.0,0.0,0.0,0.0
1.0,0.5466666666666666,1.0,0.4692787260227564,0.4692787260227564,0.3333333333333333,0.3333333333333333
1.0,0.7282608695652174,0.0384615384615384,0.0,0.0,0.0,0.0
1.0,0.64,0.1,0.0,0.2890648263178879,0.0,1.0
1.0,0.548076923076923,1.0,0.3903800499921017,0.6380228380792293,0.25,0.75
1.0,0.6166666666666667,0.1428571428571428,0.0,0.2976932148674144,0.0,0.6666666666666666
1.0,1.0,1.0,1.0,1.0,1.0,1.0
1.0,0.5909090909090909,1.0,0.3391602052736161,0.3026024134988134,0.1666666666666666,0.1666666666666666
1.0,0.4585034013605442,1.0,0.6548086577531307,0.424926013816671,0.0857142857142857,0.0857142857142857
1.0,0.1999999999999999,0.1111111111111111,0.0,0.3010299956639812,0.0,1.0
1.0,0.3080168776371307,0.0103092783505154,0.0,0.0,0.0,0.0
1.0,1.0,1.0,1.0,1.0,1.0,1.0
1.0,0.2365591397849462,0.025,0.0,0.0,0.0,0.0
1.0,0.7312206572769953,1.0,0.3391602052736161,0.3026024134988134,0.1666666666666666,0.1666666666666666
1.0,0.0,0.0909090909090909,0.0,0.0,0.0,0.0
1.0,0.6837606837606838,1.0,0.3903800499921017,0.3903800499921017,0.25,0.25
1.0,0.3852459016393442,0.02,0.0,0.0,0.0,0.0
1.0,1.0,1.0,1.0,1.0,1.0,1.0
1.0,0.7291666666666667,0.5,0.2139862647345275,0.2783925802803428,0.1666666666666666,0.3333333333333333
1.0,0.0,0.1666666666666666,0.0,0.3562071871080222,0.0,1.0
1.0,0.3661616161616162,0.0085470085470085,0.0,0.0,0.0,0.0
1.0,0.1153846153846153,0.0285714285714285,0.0,0.0,0.0,0.0
1.0,0.6174242424242424,0.3333333333333333,0.2346393630113782,0.2346393630113782,0.3333333333333333,0.3333333333333333
1.0,0.4631578947368421,0.2,0.1312050775123417,0.1312050775123417,0.2,0.2
1.0,0.9791666666666669,1.0,0.8503449055347546,0.8503449055347546,1.0,1.0
1.0,0.566744730679157,0.5,0.2139862647345275,0.1734276569882394,0.1428571428571428,0.1428571428571428
1.0,0.6884353741496598,0.25,0.1460683498427064,0.1584091525685025,0.0714285714285714,0.1428571428571428
1.0,0.5925925925925927,0.0833333333333333,0.0,0.0,0.0,0.0
1.0,0.1999999999999999,0.0588235294117647,0.0,0.0,0.0,0.0
1.0,0.8428571428571429,0.25,0.2640681225725909,0.4413074093566386,0.5,1.0
1.0,0.8214285714285714,1.0,0.4692787260227564,0.6364391809889587,0.3333333333333333,0.6666666666666666
1.0,0.5185185185185186,0.0714285714285714,0.0,0.0,0.0,0.0
1.0,0.7441860465116279,0.125,0.0,0.123151194370365,0.0,0.25
1.0,0.5892857142857143,0.25,0.2640681225725909,0.2640681225725909,0.5,0.5
1.0,0.325,0.1111111111111111,0.0,0.1845756967795681,0.0,0.5
1.0,0.6326530612244898,0.027027027027027,0.0,0.0,0.0,0.0
1.0,0.6458752515090543,1.0,0.4852285551163225,0.3932591258696538,0.2857142857142857,0.2857142857142857
1.0,0.688034188034188,0.125,0.0,0.1934264036172708,0.0,0.5
1.0,1.0,1.0,1.0,1.0,1.0,1.0
1.0,0.8073770491803278,0.1,0.0,0.1128451413489352,0.0,0.25
1.0,0.7518796992481204,1.0,0.4703652827859579,0.4408943060551852,0.25,0.375
1.0,0.7142857142857143,0.0476190476190476,0.0,0.0,0.0,0.0
1.0,0.3838383838383838,0.032258064516129,0.0,0.0,0.0,0.0
1.0,0.0,0.1666666666666666,0.0,0.3562071871080222,0.0,1.0
1.0,0.0,0.0769230769230769,0.0,0.0,0.0,0.0
1.0,0.987012987012987,0.5,0.6309297535714575,0.6309297535714575,1.0,1.0
1.0,0.71,0.0909090909090909,0.0,0.0,0.0,0.0
1.0,0.4938271604938271,0.0434782608695652,0.0,0.0,0.0,0.0
1.0,0.8695652173913043,1.0,0.3903800499921017,0.5032251913410369,0.25,0.5
1.0,0.9166666666666669,1.0,0.6131471927654584,0.8315546295836225,0.5,1.0
1.0,0.9333333333333332,1.0,0.7653606369886217,0.9217868789962071,0.6666666666666666,1.0
1.0,0.5982824427480916,0.0476190476190476,0.0,0.0,0.0,0.0
1.0,0.8333333333333334,0.3333333333333333,0.5,0.5,1.0,1.0
1.0,0.6074534161490683,0.0909090909090909,0.0,0.0,0.0,0.0
1.0,0.9565217391304348,0.3333333333333333,0.5,0.5,1.0,1.0
1.0,0.7575757575757576,0.1111111111111111,0.0,0.3010299956639812,0.0,1.0
1.0,1.0,1.0,1.0,1.0,1.0,1.0
1.0,1.0,1.0,1.0,1.0,1.0,1.0
1.0,0.6659574468085107,0.125,0.0,0.1069931323672637,0.0,0.2
1.0,0.6164874551971326,0.0588235294117647,0.0,0.0,0.0,0.0
1.0,0.875,1.0,0.9197207891481876,0.9197207891481876,1.0,1.0
1.0,0.9272727272727272,0.2,0.3868528072345416,0.3868528072345416,1.0,1.0
1.0,0.3636363636363636,0.125,0.0,0.3154648767857287,0.0,1.0
1.0,0.485,1.0,0.3903800499921017,0.3903800499921017,0.25,0.25
1.0,1.0,1.0,1.0,1.0,1.0,1.0
1.0,0.0,0.1428571428571428,0.0,0.3333333333333333,0.0,1.0
1.0,1.0,1.0,1.0,1.0,1.0,1.0
1.0,0.6186915887850468,0.3333333333333333,0.169580102636808,0.11004588314904,0.1,0.1
1.0,0.4,0.1666666666666666,0.0,0.2184074368181641,0.0,0.5
1.0,0.75,0.2,0.3868528072345416,0.3868528072345416,1.0,1.0
1.0,0.5238095238095238,1.0,0.3391602052736161,0.3615901614084106,0.1428571428571428,0.2857142857142857
1.0,0.9767441860465116,0.5,0.6309297535714575,0.6309297535714575,1.0,1.0
1.0,0.9135802469135804,1.0,0.7039180890341347,0.7039180890341347,0.6666666666666666,0.6666666666666666
1.0,0.75,0.0833333333333333,0.0,0.0,0.0,0.0
1.0,0.5342465753424658,0.1,0.0,0.1772392867840477,0.0,0.5
1.0,0.6323529411764706,1.0,0.5413996682199069,0.5413996682199069,0.5,0.5
1.0,1.0,1.0,1.0,1.0,1.0,1.0
1.0,1.0,1.0,1.0,1.0,1.0,1.0
1.0,0.65,1.0,0.6131471927654584,0.6131471927654584,0.5,0.5
1.0,0.5601092896174863,1.0,0.4692787260227564,0.4692787260227564,0.3333333333333333,0.3333333333333333
1.0,0.4298245614035088,0.0909090909090909,0.0,0.0,0.0,0.0
1.0,0.7142857142857143,1.0,0.7653606369886217,0.9066276098484508,0.6666666666666666,1.0
1.0,0.5833333333333334,0.5,0.3868528072345416,0.3868528072345416,0.5,0.5
1.0,0.7624113475177304,0.25,0.2021073465005475,0.2021073465005475,0.3333333333333333,0.3333333333333333
1.0,1.0,1.0,1.0,1.0,1.0,1.0
1.0,0.7960992907801419,0.1,0.0,0.0874717141014082,0.0,0.1666666666666666
1.0,0.5,1.0,0.6131471927654584,0.6131471927654584,0.5,0.5
1.0,0.3416666666666666,0.0454545454545454,0.0,0.0,0.0,0.0
1.0,0.5780141843971631,0.125,0.0,0.1829321471908755,0.0,0.3333333333333333
1.0,0.6120689655172414,0.0666666666666666,0.0,0.0,0.0,0.0
1.0,0.4836734693877551,0.0769230769230769,0.0,0.0,0.0,0.0
1.0,0.6153846153846154,0.1666666666666666,0.0,0.3562071871080222,0.0,1.0
1.0,0.6428571428571428,0.1666666666666666,0.0,0.3562071871080222,0.0,1.0
1.0,0.5615384615384615,0.1111111111111111,0.0,0.1845756967795681,0.0,0.5
1.0,0.8333333333333334,0.3333333333333333,0.4468535299918563,0.4861592798991491,0.5,0.6666666666666666
1.0,0.9361702127659576,0.25,0.430676558073393,0.430676558073393,1.0,1.0
1.0,0.686046511627907,0.5,0.3868528072345416,0.3868528072345416,0.5,0.5
1.0,0.72,1.0,0.6131471927654584,0.6131471927654584,0.5,0.5
1.0,0.5666666666666667,0.25,0.2640681225725909,0.2640681225725909,0.5,0.5
1.0,0.8593750000000001,0.3333333333333333,0.346209643223856,0.4637257479802832,0.5,0.75
1.0,0.3484848484848484,0.3333333333333333,0.2346393630113782,0.2346393630113782,0.3333333333333333,0.3333333333333333
1.0,0.3849206349206349,0.1428571428571428,0.0,0.1564262420075854,0.0,0.3333333333333333
1.0,0.4652777777777778,0.2,0.2371977127692962,0.2371977127692962,0.5,0.5
1.0,0.6816816816816816,0.1666666666666666,0.0,0.1671604549662022,0.0,0.3333333333333333
1.0,1.0,1.0,1.0,1.0,1.0,1.0
1.0,0.8823529411764706,0.3333333333333333,0.5706417189553201,0.5706417189553201,1.0,1.0
1.0,0.397003745318352,0.04,0.0,0.0,0.0,0.0
1.0,0.2777777777777778,0.025,0.0,0.0,0.0,0.0
1.0,1.0,1.0,1.0,1.0,1.0,1.0
1.0,0.575,0.25,0.2640681225725909,0.2640681225725909,0.5,0.5
1.0,0.9574468085106383,0.3333333333333333,0.5,0.5,1.0,1.0
1.0,0.875,1.0,0.5413996682199069,0.5413996682199069,0.5,0.5
1.0,0.9285714285714286,0.5,0.6309297535714575,0.6309297535714575,1.0,1.0
1.0,0.4979591836734694,0.5,0.2139862647345275,0.2139862647345275,0.2,0.2
1.0,0.5702479338842975,0.1428571428571428,0.0,0.07336392209936,0.0,0.0909090909090909
1.0,0.6857142857142857,0.2,0.1312050775123417,0.3257192188287456,0.1666666666666666,0.5
1.0,0.4654832347140039,0.0192307692307692,0.0,0.0,0.0,0.0
1.0,0.8125,0.0833333333333333,0.0,0.0,0.0,0.0
1.0,0.7272727272727273,0.5,0.2139862647345275,0.286381299268402,0.1666666666666666,0.3333333333333333
1.0,1.0,1.0,1.0,1.0,1.0,1.0
1.0,0.90625,0.25,0.430676558073393,0.430676558073393,1.0,1.0
1.0,0.1904761904761905,0.0666666666666666,0.0,0.0,0.0,0.0
1.0,0.6666666666666667,0.125,0.0,0.3154648767857287,0.0,1.0
1.0,0.578544061302682,1.0,0.4692787260227564,0.4692787260227564,0.3333333333333333,0.3333333333333333
1.0,0.3148148148148148,0.0555555555555555,0.0,0.0,0.0,0.0
1.0,0.9583333333333331,1.0,0.8772153153380493,0.8772153153380493,1.0,1.0
1.0,0.8055555555555556,0.1428571428571428,0.0,0.2043823975884861,0.0,0.5
1.0,0.4355670103092783,0.0344827586206896,0.0,0.0,0.0,0.0
1.0,0.2681159420289855,0.0526315789473684,0.0,0.0,0.0,0.0
1.0,0.6344086021505375,0.1111111111111111,0.0,0.1412669728598289,0.0,0.3333333333333333
1.0,0.4603174603174602,0.032258064516129,0.0,0.0,0.0,0.0
1.0,0.7103174603174603,1.0,0.639945385422766,0.6102766247064297,0.4285714285714285,0.5714285714285714
1.0,0.8260869565217392,0.1666666666666666,0.0,0.2184074368181641,0.0,0.5
1.0,0.783068783068783,0.125,0.0,0.2050324181986208,0.0,0.4
1.0,0.5882352941176471,1.0,0.4692787260227564,0.6049306994552042,0.3333333333333333,0.6666666666666666
1.0,0.55,0.5,0.3868528072345416,0.5714285040141098,0.5,1.0
1.0,0.7192982456140351,0.25,0.2021073465005475,0.4858002754159279,0.3333333333333333,1.0
1.0,1.0,1.0,1.0,1.0,1.0,1.0
1.0,0.2222222222222222,0.125,0.0,0.3780021003968389,0.0,1.0
1.0,0.9833333333333334,1.0,0.9197207891481876,0.9197207891481876,1.0,1.0
1.0,1.0,1.0,1.0,1.0,1.0,1.0
1.0,0.703125,0.5,0.4414924137367808,0.5716190970674814,0.5,0.75
1.0,0.7931034482758621,0.1428571428571428,0.0,0.3333333333333333,0.0,1.0
1.0,0.8156028368794326,0.037037037037037,0.0,0.0,0.0,0.0
1.0,0.6538461538461537,0.3333333333333333,0.2346393630113782,0.370291336443826,0.3333333333333333,0.6666666666666666
1.0,1.0,1.0,1.0,1.0,1.0,1.0
1.0,0.8254716981132076,0.2,0.1510196182278052,0.2741708125981702,0.25,0.5
1.0,1.0,1.0,1.0,1.0,1.0,1.0
1.0,0.4392857142857143,0.0625,0.0,0.0,0.0,0.0
1.0,0.6666666666666667,0.3333333333333333,0.5,0.5,1.0,1.0
1.0,0.9,0.2,0.1312050775123417,0.1312050775123417,0.2,0.2
1.0,1.0,1.0,1.0,1.0,1.0,1.0
1.0,0.8333333333333334,0.5,0.6309297535714575,0.6309297535714575,1.0,1.0
1.0,0.8666666666666667,0.1111111111111111,0.0,0.3010299956639812,0.0,1.0
1.0,0.5811965811965811,0.1666666666666666,0.0,0.1671604549662022,0.0,0.3333333333333333
1.0,0.8888888888888887,0.3333333333333333,0.4161811555487308,0.55744812840856,0.6666666666666666,1.0
1.0,0.4648058252427184,0.025,0.0,0.0,0.0,0.0
1.0,0.6666666666666666,0.1111111111111111,0.0,0.1298750116533407,0.0,0.1818181818181818
1.0,0.3599999999999999,0.0909090909090909,0.0,0.0,0.0,0.0
1.0,0.8333333333333334,1.0,0.9197207891481876,0.9197207891481876,1.0,1.0
1.0,0.6296296296296297,0.0476190476190476,0.0,0.0,0.0,0.0
1.0,0.5111111111111111,0.3333333333333333,0.169580102636808,0.3432610811391359,0.1666666666666666,0.5
1.0,0.6801075268817204,0.25,0.2021073465005475,0.2021073465005475,0.3333333333333333,0.3333333333333333
1.0,0.4897959183673469,0.2,0.2371977127692962,0.2371977127692962,0.5,0.5
1.0,0.8194444444444445,0.1111111111111111,0.0,0.1845756967795681,0.0,0.5
1.0,0.4646464646464646,1.0,0.4692787260227564,0.4692787260227564,0.3333333333333333,0.3333333333333333
1.0,0.5714285714285714,0.1,0.0,0.2890648263178879,0.0,1.0
1.0,0.4516129032258065,0.0555555555555555,0.0,0.0,0.0,0.0
1.0,0.3972222222222222,0.3333333333333333,0.2346393630113782,0.2346393630113782,0.3333333333333333,0.3333333333333333
1.0,0.9094827586206896,1.0,0.6131471927654584,0.6131471927654584,0.5,0.5
1.0,0.3900343642611683,0.0526315789473684,0.0,0.0,0.0,0.0
1.0,0.2678571428571428,0.05,0.0,0.0,0.0,0.0
1.0,0.8833333333333334,0.5,0.4981892574664128,0.6546154994739983,0.6666666666666666,1.0
1.0,0.631578947368421,0.125,0.0,0.3154648767857287,0.0,1.0
1.0,0.962962962962963,1.0,0.6131471927654584,0.8315546295836225,0.5,1.0
1.0,0.5287356321839081,0.5,0.2960819109658652,0.2960819109658652,0.3333333333333333,0.3333333333333333
1.0,0.5333333333333333,0.1428571428571428,0.0,0.3816216843725338,0.0,1.0
1.0,0.5013262599469496,0.1111111111111111,0.0,0.066254223454389,0.0,0.0769230769230769
1.0,0.1162790697674418,0.024390243902439,0.0,0.0,0.0,0.0
1.0,0.596153846153846,0.2,0.2371977127692962,0.2371977127692962,0.5,0.5
1.0,0.7816901408450705,0.125,0.0,0.1934264036172708,0.0,0.5
1.0,0.475,0.1666666666666666,0.0,0.2184074368181641,0.0,0.5
1.0,0.5972222222222222,0.3333333333333333,0.1951900249960508,0.4573973988771914,0.25,0.75
1.0,0.5,1.0,0.4852285551163225,0.4852285551163225,0.4,0.4
1.0,0.5304449648711944,0.0909090909090909,0.0,0.0,0.0,0.0
1.0,0.5555555555555556,0.2,0.3868528072345416,0.3868528072345416,1.0,1.0
1.0,0.6794871794871795,0.0909090909090909,0.0,0.0,0.0,0.0
1.0,0.1,0.032258064516129,0.0,0.0,0.0,0.0
1.0,0.7131519274376417,0.5,0.2139862647345275,0.2869963922095204,0.1111111111111111,0.3333333333333333
1.0,0.4880066170388751,0.1428571428571428,0.0,0.1427951440361373,0.0,0.1538461538461538
1.0,0.4855769230769231,0.1428571428571428,0.0,0.1301266833307005,0.0,0.25
1.0,0.888888888888889,0.3333333333333333,0.4367467095119258,0.5847876649948583,0.6666666666666666,1.0
1.0,0.8613636363636363,0.3333333333333333,0.3007851801491498,0.3007851801491498,0.4,0.4
1.0,0.8812903225806451,0.5,0.360054614577234,0.360054614577234,0.4,0.4
1.0,0.5135135135135135,0.0526315789473684,0.0,0.0,0.0,0.0
1.0,0.4194915254237288,0.037037037037037,0.0,0.0,0.0,0.0
1.0,0.5,0.125,0.0,0.0954604330894673,0.0,0.1666666666666666
1.0,0.9655172413793104,0.5,0.6309297535714575,0.6309297535714575,1.0,1.0
1.0,0.5135135135135135,0.1666666666666666,0.0,0.1671604549662022,0.0,0.3333333333333333
1.0,0.8,0.5,0.6309297535714575,0.6309297535714575,1.0,1.0
1.0,0.8013698630136986,0.0333333333333333,0.0,0.0,0.0,0.0
1.0,0.0238095238095238,0.0476190476190476,0.0,0.0,0.0,0.0
1.0,0.688388625592417,1.0,0.3391602052736161,0.2200917662980801,0.0625,0.0625
1.0,0.4135220125786163,0.1,0.0,0.0874717141014082,0.0,0.1666666666666666
1.0,0.6063829787234042,0.0526315789473684,0.0,0.0,0.0,0.0
1.0,0.0555555555555555,0.1,0.0,0.2890648263178879,0.0,1.0
1.0,0.9545454545454544,1.0,0.9197207891481876,0.9197207891481876,1.0,1.0
1.0,0.6744186046511628,1.0,0.6131471927654584,0.6131471927654584,0.5,0.5
1.0,0.2,0.0769230769230769,0.0,0.0,0.0,0.0
1.0,0.6794258373205742,1.0,0.5087403079104241,0.4085359184257955,0.1818181818181818,0.2727272727272727
1.0,0.8484848484848485,1.0,0.6131471927654584,0.6131471927654584,0.5,0.5
1.0,0.3617021276595745,0.0333333333333333,0.0,0.0,0.0,0.0
1.0,0.921875,1.0,0.4692787260227564,0.6257049680303419,0.3333333333333333,0.6666666666666666
1.0,0.4073033707865168,0.1666666666666666,0.0,0.1390561795107756,0.0,0.25
1.0,0.8636363636363636,1.0,0.8503449055347546,0.8503449055347546,1.0,1.0
1.0,0.5911949685534591,1.0,0.4692787260227564,0.4692787260227564,0.3333333333333333,0.3333333333333333
1.0,0.7582846003898637,0.05,0.0,0.0,0.0,0.0
1.0,1.0,1.0,1.0,1.0,1.0,1.0
1.0,0.25,0.0714285714285714,0.0,0.0,0.0,0.0
1.0,0.5,0.2,0.3868528072345416,0.3868528072345416,1.0,1.0
1.0,0.21875,0.1,0.0,0.1772392867840477,0.0,0.5
1.0,0.1481481481481481,0.0416666666666666,0.0,0.0,0.0,0.0
1.0,0.9714285714285714,0.25,0.430676558073393,0.430676558073393,1.0,1.0
1.0,0.875,0.5,0.6509209298071326,0.6509209298071326,1.0,1.0
1.0,0.5793103448275863,1.0,0.3391602052736161,0.3391602052736161,0.2,0.2
1.0,1.0,1.0,1.0,1.0,1.0,1.0
1.0,0.6833333333333333,0.25,0.1681275362711174,0.1681275362711174,0.25,0.25
1.0,1.0,1.0,1.0,1.0,1.0,1.0
1.0,0.0,0.1666666666666666,0.0,0.3562071871080222,0.0,1.0
1.0,0.67,0.0769230769230769,0.0,0.0,0.0,0.0
1.0,0.2619047619047618,0.03125,0.0,0.0,0.0,0.0
1.0,0.65,0.5,0.2139862647345275,0.2139862647345275,0.2,0.2
1.0,0.3263157894736842,0.0153846153846153,0.0,0.0,0.0,0.0
1.0,0.5287356321839081,0.0625,0.0,0.0,0.0,0.0
1.0,1.0,1.0,1.0,1.0,1.0,1.0
1.0,0.3397727272727272,0.0357142857142857,0.0,0.0,0.0,0.0
1.0,0.7076023391812866,0.027027027027027,0.0,0.0,0.0,0.0
1.0,0.8717948717948718,0.125,0.0,0.2359963357193002,0.0,0.5
1.0,0.3571428571428571,0.25,0.2640681225725909,0.4574945261898616,0.5,1.0
1.0,0.7857142857142858,1.0,0.3903800499921017,0.6310473491188939,0.25,0.75
1.0,0.5185185185185185,0.25,0.1460683498427064,0.1303237659103706,0.1666666666666666,0.1666666666666666
1.0,0.7787381158167676,0.3333333333333333,0.169580102636808,0.243097893284769,0.0769230769230769,0.2307692307692307
1.0,0.4444444444444444,0.3333333333333333,0.4161811555487308,0.5642221110316635,0.6666666666666666,1.0
1.0,0.6153846153846154,0.1666666666666666,0.0,0.3562071871080222,0.0,1.0
1.0,0.7722222222222221,0.1111111111111111,0.0,0.1845756967795681,0.0,0.5
1.0,0.653061224489796,0.0555555555555555,0.0,0.0,0.0,0.0
1.0,0.75,0.25,0.430676558073393,0.430676558073393,1.0,1.0
1.0,0.6155660377358491,0.1666666666666666,0.0,0.1390561795107756,0.0,0.25
1.0,0.1578947368421053,0.0588235294117647,0.0,0.0,0.0,0.0
1.0,0.53125,0.3333333333333333,0.3007851801491498,0.3558355139887784,0.3333333333333333,0.5
1.0,0.875,0.3333333333333333,0.5,0.5,1.0,1.0
1.0,0.6827956989247311,0.25,0.1460683498427064,0.2257841989998379,0.1666666666666666,0.3333333333333333
1.0,0.5833333333333333,0.1666666666666666,0.0,0.3562071871080222,0.0,1.0
1.0,0.7784810126582279,1.0,0.6131471927654584,0.6131471927654584,0.5,0.5
1.0,0.7142857142857143,0.1428571428571428,0.0,0.3333333333333333,0.0,1.0
1.0,0.7804449648711944,1.0,0.5087403079104241,0.5294438830372382,0.1428571428571428,0.3571428571428571
1.0,0.4565217391304347,0.1428571428571428,0.0,0.1301266833307005,0.0,0.25
1.0,0.5275510204081633,0.0588235294117647,0.0,0.0,0.0,0.0
1.0,0.3939393939393939,0.25,0.2021073465005475,0.2021073465005475,0.3333333333333333,0.3333333333333333
1.0,0.5869565217391304,0.05,0.0,0.0,0.0,0.0
1.0,0.6,0.1428571428571428,0.0,0.113053401757872,0.0,0.2
1.0,0.6363636363636364,0.1111111111111111,0.0,0.3010299956639812,0.0,1.0
1.0,1.0,1.0,1.0,1.0,1.0,1.0
1.0,0.1666666666666666,0.1666666666666666,0.0,0.3562071871080222,0.0,1.0
1.0,0.5636363636363637,0.5,0.3868528072345416,0.3868528072345416,0.5,0.5
1.0,0.4555555555555555,0.0476190476190476,0.0,0.0,0.0,0.0
1.0,0.9047619047619048,0.3333333333333333,0.5,0.5,1.0,1.0
1.0,0.6136363636363636,1.0,0.3903800499921017,0.626376385711402,0.25,0.75
1.0,0.5,0.3333333333333333,0.5706417189553201,0.5706417189553201,1.0,1.0
1.0,0.5047619047619047,0.3333333333333333,0.2346393630113782,0.2346393630113782,0.3333333333333333,0.3333333333333333
1.0,1.0,1.0,1.0,1.0,1.0,1.0
1.0,0.8623188405797102,0.3333333333333333,0.1951900249960508,0.4573973988771914,0.25,0.75
1.0,0.9,1.0,0.6131471927654584,0.8315546295836225,0.5,1.0
1.0,0.4607843137254901,0.0833333333333333,0.0,0.0,0.0,0.0
1.0,0.5,0.3333333333333333,0.169580102636808,0.1513012067494067,0.1666666666666666,0.1666666666666666
1.0,0.3870246085011185,0.0256410256410256,0.0,0.0,0.0,0.0
1.0,0.5895061728395061,0.5,0.2139862647345275,0.2820132694023927,0.1666666666666666,0.3333333333333333
1.0,0.6785714285714286,0.1,0.0,0.2890648263178879,0.0,1.0
1.0,0.7,0.1428571428571428,0.0,0.3333333333333333,0.0,1.0
1.0,0.2866666666666667,0.5,0.2139862647345275,0.2139862647345275,0.2,0.2
1.0,0.0625,0.0625,0.0,0.0,0.0,0.0
1.0,0.6235955056179775,0.0476190476190476,0.0,0.0,0.0,0.0
1.0,0.627906976744186,0.0588235294117647,0.0,0.0,0.0,0.0
1.0,0.5437500000000001,0.25,0.2772734273550482,0.2772734273550482,0.4,0.4
1.0,0.9090909090909092,0.5,0.6309297535714575,0.6309297535714575,1.0,1.0
1.0,0.9032258064516128,0.5,0.3868528072345416,0.5912352048230277,0.5,1.0
1.0,0.9090909090909092,0.5,0.6309297535714575,0.6309297535714575,1.0,1.0
1.0,0.7413793103448276,0.25,0.2640681225725909,0.2640681225725909,0.5,0.5
1.0,0.927536231884058,1.0,0.7039180890341347,0.86034433104172,0.6666666666666666,1.0
1.0,0.7241379310344828,0.1111111111111111,0.0,0.3010299956639812,0.0,1.0
1.0,0.34375,0.1,0.0,0.1128451413489352,0.0,0.25
1.0,0.5582655826558265,0.0476190476190476,0.0,0.0,0.0,0.0
1.0,0.409090909090909,0.0769230769230769,0.0,0.0,0.0,0.0
1.0,1.0,1.0,1.0,1.0,1.0,1.0
1.0,0.5764925373134329,0.0714285714285714,0.0,0.0,0.0,0.0
1.0,0.5135135135135135,0.2,0.2371977127692962,0.2371977127692962,0.5,0.5
1.0,0.8961538461538462,0.0909090909090909,0.0,0.0,0.0,0.0
1.0,0.8333333333333334,0.5,0.6309297535714575,0.6309297535714575,1.0,1.0
1.0,0.56,0.0833333333333333,0.0,0.0,0.0,0.0
1.0,0.5338541666666667,0.5,0.2139862647345275,0.1909208661789346,0.1666666666666666,0.1666666666666666
1.0,0.506578947368421,1.0,0.4692787260227564,0.4692787260227564,0.3333333333333333,0.3333333333333333
1.0,0.2346153846153846,0.0054945054945054,0.0,0.0,0.0,0.0
1.0,0.5043103448275862,1.0,0.6131471927654584,0.6131471927654584,0.5,0.5
1.0,0.7783505154639176,0.3333333333333333,0.3156484524795145,0.3727173758832354,0.3333333333333333,0.5
1.0,0.8731656184486374,0.2,0.1312050775123417,0.1170625931379635,0.1666666666666666,0.1666666666666666
1.0,0.3947368421052631,1.0,0.4692787260227564,0.4692787260227564,0.3333333333333333,0.3333333333333333
1.0,0.4230769230769231,0.3333333333333333,0.5,0.5,1.0,1.0
1.0,0.7214285714285714,0.5,0.3451913422468693,0.4432306280782264,0.4,0.6
1.0,0.5967741935483871,0.0909090909090909,0.0,0.0,0.0,0.0
1.0,0.8,0.125,0.0,0.3154648767857287,0.0,1.0
1.0,0.8285714285714285,0.2,0.1312050775123417,0.2333024726352534,0.2,0.4
1.0,0.5920398009950248,1.0,0.3391602052736161,0.3026024134988134,0.1666666666666666,0.1666666666666666
1.0,0.8125,0.25,0.430676558073393,0.430676558073393,1.0,1.0
1.0,0.5,0.5,0.2139862647345275,0.2139862647345275,0.2,0.2
1.0,0.9166666666666666,0.25,0.430676558073393,0.430676558073393,1.0,1.0
1.0,0.4126016260162601,0.0434782608695652,0.0,0.0,0.0,0.0
1.0,0.4423076923076923,0.1428571428571428,0.0,0.1301266833307005,0.0,0.25
1.0,0.3658536585365853,0.0454545454545454,0.0,0.0,0.0,0.0
1.0,0.91,0.3333333333333333,0.2346393630113782,0.2346393630113782,0.3333333333333333,0.3333333333333333
1.0,0.7581699346405228,0.3333333333333333,0.2346393630113782,0.2346393630113782,0.3333333333333333,0.3333333333333333
1.0,0.4137931034482759,0.0555555555555555,0.0,0.0,0.0,0.0
1.0,0.6865671641791045,0.0454545454545454,0.0,0.0,0.0,0.0
1.0,0.8333333333333334,0.5,0.6309297535714575,0.6309297535714575,1.0,1.0
1.0,0.7372881355932203,0.25,0.2640681225725909,0.2640681225725909,0.5,0.5
1.0,0.9,1.0,0.8772153153380493,0.8772153153380493,1.0,1.0
1.0,0.7037037037037037,0.3333333333333333,0.3065735963827292,0.3065735963827292,0.5,0.5
1.0,0.7078947368421052,0.25,0.1681275362711174,0.1681275362711174,0.25,0.25
1.0,0.9090909090909092,0.2,0.3868528072345416,0.3868528072345416,1.0,1.0
1.0,0.5033783783783784,0.0344827586206896,0.0,0.0,0.0,0.0
1.0,0.5648148148148148,0.1428571428571428,0.0,0.3044671974905181,0.0,0.6666666666666666
1.0,0.6842105263157895,0.1428571428571428,0.0,0.3333333333333333,0.0,1.0
1.0,0.5512820512820513,0.3333333333333333,0.3065735963827292,0.3065735963827292,0.5,0.5
1.0,0.3999999999999999,0.0555555555555555,0.0,0.0,0.0,0.0
1.0,0.0886075949367088,0.0144927536231884,0.0,0.0,0.0,0.0
1.0,1.0,1.0,1.0,1.0,1.0,1.0
1.0,0.7906976744186047,0.1111111111111111,0.0,0.1845756967795681,0.0,0.5
1.0,1.0,1.0,1.0,1.0,1.0,1.0
1.0,0.4184782608695652,0.0666666666666666,0.0,0.0,0.0,0.0
1.0,0.7224489795918367,0.2,0.1312050775123417,0.1312050775123417,0.2,0.2
1.0,0.7931034482758621,0.5,0.3973220069685352,0.5363781864793108,0.5,0.75
1.0,0.3846153846153846,0.1111111111111111,0.0,0.3010299956639812,0.0,1.0
1.0,0.2222222222222222,0.0666666666666666,0.0,0.0,0.0,0.0
1.0,0.441358024691358,0.2,0.1312050775123417,0.0978515946351604,0.125,0.125
1.0,0.8924050632911392,0.0555555555555555,0.0,0.0,0.0,0.0
1.0,0.5,0.0151515151515151,0.0,0.0,0.0,0.0
1.0,0.6764705882352942,1.0,0.6131471927654584,0.6131471927654584,0.5,0.5
1.0,0.6153846153846154,0.1666666666666666,0.0,0.3562071871080222,0.0,1.0
1.0,0.6874074074074074,1.0,0.3391602052736161,0.305801310135566,0.1111111111111111,0.2222222222222222
1.0,0.5230769230769231,0.5,0.2139862647345275,0.4328368532653788,0.2,0.6
1.0,0.7358490566037735,0.125,0.0,0.1480409554829326,0.0,0.3333333333333333
1.0,0.5830508474576271,0.1666666666666666,0.0,0.1208113026994942,0.0,0.2
1.0,0.1538461538461538,0.0833333333333333,0.0,0.0,0.0,0.0
1.0,1.0,1.0,1.0,1.0,1.0,1.0
1.0,0.6555555555555556,0.1666666666666666,0.0,0.1671604549662022,0.0,0.3333333333333333
1.0,0.6666666666666667,0.3333333333333333,0.5,0.5,1.0,1.0
1.0,0.8793103448275862,1.0,0.6131471927654584,0.6131471927654584,0.5,0.5
1.0,0.0,0.5,0.6309297535714575,0.6309297535714575,1.0,1.0
1.0,1.0,1.0,1.0,1.0,1.0,1.0
1.0,0.7716049382716049,0.0833333333333333,0.0,0.0,0.0,0.0
1.0,0.5800000000000001,0.1428571428571428,0.0,0.2043823975884861,0.0,0.5
1.0,0.7264150943396226,1.0,0.3391602052736161,0.2748763329142908,0.1428571428571428,0.1428571428571428
1.0,0.8888888888888888,1.0,0.6131471927654584,0.8315546295836225,0.5,1.0
1.0,0.3611111111111111,0.1111111111111111,0.0,0.1845756967795681,0.0,0.5
1.0,0.5909090909090909,0.5,0.3868528072345416,0.3868528072345416,0.5,0.5
1.0,0.8032786885245902,0.5,0.3868528072345416,0.3868528072345416,0.5,0.5
1.0,0.9691358024691358,1.0,0.7039180890341347,0.86034433104172,0.6666666666666666,1.0
1.0,0.6304347826086957,0.0555555555555555,0.0,0.0,0.0,0.0
1.0,0.5,0.5,0.6309297535714575,0.6309297535714575,1.0,1.0
1.0,0.5,1.0,0.6131471927654584,0.8315546295836225,0.5,1.0
1.0,0.7727272727272727,0.1666666666666666,0.0,0.3562071871080222,0.0,1.0
1.0,0.7272727272727273,0.25,0.430676558073393,0.430676558073393,1.0,1.0
1.0,0.7857142857142857,0.1428571428571428,0.0,0.3333333333333333,0.0,1.0
1.0,0.6,0.1111111111111111,0.0,0.3010299956639812,0.0,1.0
1.0,0.1666666666666666,0.1111111111111111,0.0,0.3010299956639812,0.0,1.0
1.0,0.4748427672955974,0.0833333333333333,0.0,0.0,0.0,0.0
1.0,0.2857142857142857,0.0909090909090909,0.0,0.0,0.0,0.0
1.0,0.4101626016260162,0.25,0.1460683498427064,0.0947883643695507,0.1,0.1
1.0,0.0961538461538461,0.0106382978723404,0.0,0.0,0.0,0.0
1.0,0.7291666666666667,0.3333333333333333,0.3065735963827292,0.3065735963827292,0.5,0.5
1.0,0.241025641025641,0.04,0.0,0.0,0.0,0.0
1.0,0.5,0.0769230769230769,0.0,0.0,0.0,0.0
1.0,1.0,1.0,1.0,1.0,1.0,1.0
1.0,0.2626262626262626,0.0151515151515151,0.0,0.0,0.0,0.0
1.0,0.4,0.1,0.0,0.2890648263178879,0.0,1.0
1.0,0.5607638888888888,0.1666666666666666,0.0,0.0837249139991934,0.0,0.1111111111111111
1.0,0.7129750982961992,0.1666666666666666,0.0,0.0979129253499678,0.0,0.1428571428571428
1.0,0.7592592592592593,0.2,0.2371977127692962,0.2371977127692962,0.5,0.5
1.0,0.9743589743589745,0.5,0.6309297535714575,0.6309297535714575,1.0,1.0
1.0,0.835820895522388,0.5,0.2960819109658652,0.431733884398313,0.3333333333333333,0.6666666666666666
1.0,1.0,1.0,1.0,1.0,1.0,1.0
1.0,0.4827586206896552,0.1666666666666666,0.0,0.1671604549662022,0.0,0.3333333333333333
1.0,0.1785714285714285,0.2,0.1510196182278052,0.393991442907441,0.25,0.75
1.0,0.913928012519562,0.5,0.2960819109658652,0.2960819109658652,0.3333333333333333,0.3333333333333333
1.0,1.0,1.0,1.0,1.0,1.0,1.0
1.0,0.8907563025210085,0.0714285714285714,0.0,0.0,0.0,0.0
1.0,0.4444444444444444,1.0,0.4692787260227564,0.4692787260227564,0.3333333333333333,0.3333333333333333
1.0,0.4,0.1428571428571428,0.0,0.3333333333333333,0.0,1.0
1.0,0.421875,0.5,0.24630238874073,0.24630238874073,0.25,0.25
1.0,0.5909090909090908,0.0357142857142857,0.0,0.0,0.0,0.0
1.0,0.6428571428571428,0.1111111111111111,0.0,0.1845756967795681,0.0,0.5
1.0,0.7777777777777779,0.5,0.4776237035032179,0.6340499455108034,0.6666666666666666,1.0
1.0,0.8231404958677686,0.3333333333333333,0.3156484524795145,0.3156484524795145,0.4,0.4
1.0,0.7614973262032084,1.0,0.6843515475204855,0.5224955967919311,0.2727272727272727,0.3636363636363636
1.0,0.9148936170212766,0.2,0.3868528072345416,0.3868528072345416,1.0,1.0
1.0,0.1354166666666666,0.024390243902439,0.0,0.0,0.0,0.0
1.0,0.8333333333333334,0.5,0.6309297535714575,0.6309297535714575,1.0,1.0
1.0,0.9431818181818182,0.3333333333333333,0.5437713091520254,0.5437713091520254,1.0,1.0
1.0,0.4166666666666667,0.1428571428571428,0.0,0.3816216843725338,0.0,1.0
1.0,0.1920289855072463,0.03125,0.0,0.0,0.0,0.0
1.0,0.6901669758812616,1.0,0.3391602052736161,0.3615901614084106,0.1428571428571428,0.2857142857142857
1.0,0.6860902255639098,0.125,0.0,0.123151194370365,0.0,0.25
1.0,0.7830188679245284,0.5,0.24630238874073,0.3638184934971571,0.25,0.5
1.0,0.888888888888889,0.5,0.6309297535714575,0.6309297535714575,1.0,1.0
1.0,0.9090909090909092,0.5,0.6309297535714575,0.6309297535714575,1.0,1.0
1.0,0.862994350282486,0.5,0.24630238874073,0.3638184934971571,0.25,0.5
1.0,0.6714285714285715,0.0909090909090909,0.0,0.0,0.0,0.0
1.0,0.8416666666666667,1.0,0.3391602052736161,0.4103915680233244,0.1666666666666666,0.3333333333333333
1.0,0.5509259259259259,0.5,0.2139862647345275,0.1909208661789346,0.1666666666666666,0.1666666666666666
1.0,0.6012759170653907,0.25,0.2772734273550482,0.1799314820111717,0.1818181818181818,0.1818181818181818
1.0,0.7291666666666666,0.25,0.2021073465005475,0.5065745439910657,0.3333333333333333,1.0
1.0,0.5307692307692308,0.0476190476190476,0.0,0.0,0.0,0.0
1.0,1.0,1.0,1.0,1.0,1.0,1.0
1.0,0.2142857142857143,0.1428571428571428,0.0,0.3333333333333333,0.0,1.0
1.0,0.5687500000000001,0.2,0.1312050775123417,0.1776461331976085,0.125,0.25
1.0,0.875,0.25,0.430676558073393,0.430676558073393,1.0,1.0
1.0,0.6120689655172414,0.0476190476190476,0.0,0.0,0.0,0.0
1.0,0.0555555555555555,0.0526315789473684,0.0,0.0,0.0,0.0
1.0,1.0,1.0,1.0,1.0,1.0,1.0
1.0,0.7647058823529411,0.2,0.3868528072345416,0.3868528072345416,1.0,1.0
1.0,0.75,0.1666666666666666,0.0,0.3562071871080222,0.0,1.0
1.0,0.3253968253968254,0.024390243902439,0.0,0.0,0.0,0.0
1.0,0.60546875,0.05,0.0,0.0,0.0,0.0
1.0,0.7857142857142857,0.25,0.430676558073393,0.430676558073393,1.0,1.0
1.0,0.5,0.25,0.430676558073393,0.430676558073393,1.0,1.0
1.0,0.3071895424836601,0.0454545454545454,0.0,0.0,0.0,0.0
1.0,0.3181818181818182,0.0434782608695652,0.0,0.0,0.0,0.0
1.0,0.8513513513513513,0.5,0.3868528072345416,0.3868528072345416,0.5,0.5
1.0,0.696969696969697,0.25,0.2640681225725909,0.2640681225725909,0.5,0.5
1.0,0.3496376811594203,0.0344827586206896,0.0,0.0,0.0,0.0
1.0,1.0,1.0,1.0,1.0,1.0,1.0
1.0,0.2777777777777778,0.1666666666666666,0.0,0.3562071871080222,0.0,1.0
1.0,0.5238095238095238,0.0909090909090909,0.0,0.0,0.0,0.0
1.0,0.265625,0.0434782608695652,0.0,0.0,0.0,0.0
1.0,0.9,0.5,0.3868528072345416,0.3868528072345416,0.5,0.5
1.0,0.1739130434782608,0.0238095238095238,0.0,0.0,0.0,0.0
1.0,0.96875,0.5,0.6509209298071326,0.6509209298071326,1.0,1.0
1.0,0.3506944444444444,0.0172413793103448,0.0,0.0,0.0,0.0
1.0,0.5238095238095237,0.2,0.2371977127692962,0.2371977127692962,0.5,0.5
1.0,0.789795918367347,0.3333333333333333,0.169580102636808,0.3806727902260371,0.2,0.6
1.0,0.3289473684210526,0.125,0.0,0.1934264036172708,0.0,0.5
1.0,0.1499999999999999,0.2,0.2371977127692962,0.4556051495874603,0.5,1.0
1.0,0.52,0.0769230769230769,0.0,0.0,0.0,0.0
1.0,0.7926829268292683,0.125,0.0,0.1934264036172708,0.0,0.5
1.0,0.5077881619937694,0.0476190476190476,0.0,0.0,0.0,0.0
1.0,0.5392156862745098,0.0714285714285714,0.0,0.0,0.0,0.0
1.0,0.3571428571428571,0.0357142857142857,0.0,0.0,0.0,0.0
1.0,0.7145061728395061,0.3333333333333333,0.3156484524795145,0.2684550357175426,0.1666666666666666,0.25
1.0,0.6153846153846154,0.1666666666666666,0.0,0.3562071871080222,0.0,1.0
1.0,1.0,1.0,1.0,1.0,1.0,1.0
1.0,0.8698630136986301,0.2,0.2371977127692962,0.2371977127692962,0.5,0.5
1.0,0.8055555555555556,0.0666666666666666,0.0,0.0,0.0,0.0
1.0,1.0,1.0,1.0,1.0,1.0,1.0
1.0,0.6944444444444444,0.5,0.360054614577234,0.3212446320893053,0.3333333333333333,0.3333333333333333
1.0,0.6224982746721877,1.0,0.5531464700081437,0.5743371894486219,0.0869565217391304,0.217391304347826
1.0,0.464622641509434,0.032258064516129,0.0,0.0,0.0,0.0
1.0,0.802734375,0.0769230769230769,0.0,0.0,0.0,0.0
1.0,0.68125,0.5,0.2139862647345275,0.286381299268402,0.1666666666666666,0.3333333333333333
1.0,0.2954545454545454,0.0476190476190476,0.0,0.0,0.0,0.0
1.0,0.7666666666666667,1.0,0.5087403079104241,0.615733440277688,0.4,0.6
1.0,0.6133333333333333,0.5,0.360054614577234,0.4621520097001457,0.4,0.6
1.0,0.5,0.0588235294117647,0.0,0.0,0.0,0.0
1.0,0.6578947368421053,0.5,0.3868528072345416,0.3868528072345416,0.5,0.5
1.0,0.6008438818565401,1.0,0.3391602052736161,0.4522136070314881,0.2,0.4
1.0,0.6458333333333334,0.1428571428571428,0.0,0.2043823975884861,0.0,0.5
1.0,0.2098765432098765,0.0188679245283018,0.0,0.0,0.0,0.0
1.0,0.8,0.1666666666666666,0.0,0.3562071871080222,0.0,1.0
1.0,0.6,0.1666666666666666,0.0,0.1671604549662022,0.0,0.3333333333333333
1.0,0.7027027027027026,0.125,0.0,0.2359963357193002,0.0,0.5
1.0,0.4748858447488585,1.0,0.3391602052736161,0.2350455494144853,0.1111111111111111,0.1111111111111111
1.0,0.5088652482269503,0.125,0.0,0.0954604330894673,0.0,0.1666666666666666
1.0,0.3027522935779816,0.0144927536231884,0.0,0.0,0.0,0.0
1.0,0.4666666666666667,0.1111111111111111,0.0,0.3010299956639812,0.0,1.0
1.0,0.1052631578947368,0.0555555555555555,0.0,0.0,0.0,0.0
1.0,0.6120689655172413,0.3333333333333333,0.3065735963827292,0.3065735963827292,0.5,0.5
1.0,0.9032258064516128,0.25,0.5012658353418871,0.5012658353418871,1.0,1.0
1.0,0.4669211195928752,0.037037037037037,0.0,0.0,0.0,0.0
1.0,0.8473684210526315,0.3333333333333333,0.3065735963827292,0.3065735963827292,0.5,0.5
1.0,0.5175438596491228,0.0833333333333333,0.0,0.0,0.0,0.0
1.0,0.8915574963609898,0.5,0.2139862647345275,0.2783925802803428,0.1666666666666666,0.3333333333333333
1.0,0.7197986577181208,0.5,0.24630238874073,0.369453583111095,0.25,0.5
1.0,0.7362637362637362,0.0476190476190476,0.0,0.0,0.0,0.0
1.0,0.386,0.0333333333333333,0.0,0.0,0.0,0.0
1.0,0.5,0.25,0.430676558073393,0.430676558073393,1.0,1.0
1.0,0.6009615384615384,0.5,0.4414924137367808,0.4414924137367808,0.5,0.5
1.0,0.9444444444444444,0.1666666666666666,0.0,0.4029831335977323,0.0,1.0
1.0,0.0,0.5,0.6309297535714575,0.6309297535714575,1.0,1.0
1.0,0.8,0.3333333333333333,0.5,0.5,1.0,1.0
1.0,0.4166666666666666,0.0454545454545454,0.0,0.0,0.0,0.0
1.0,0.3,0.3333333333333333,0.3065735963827292,0.5109559939712153,0.5,1.0
1.0,0.4690265486725663,0.0222222222222222,0.0,0.0,0.0,0.0
1.0,0.7073170731707317,1.0,0.6131471927654584,0.6131471927654584,0.5,0.5
1.0,0.52,1.0,0.6131471927654584,0.6131471927654584,0.5,0.5
1.0,0.5,0.5,0.6309297535714575,0.6309297535714575,1.0,1.0
1.0,0.8325581395348838,0.25,0.2772734273550482,0.5001821251774541,0.4,0.8
1.0,0.0,0.2,0.3868528072345416,0.3868528072345416,1.0,1.0
1.0,0.5384615384615384,0.5,0.4144299250118475,0.4144299250118475,0.5,0.5
1.0,0.5714285714285714,1.0,0.5585075862632192,0.5585075862632192,0.5,0.5
1.0,0.1666666666666666,0.1666666666666666,0.0,0.3562071871080222,0.0,1.0
1.0,0.7105263157894737,0.1666666666666666,0.0,0.2519013208597108,0.0,0.5
1.0,0.58125,1.0,0.3391602052736161,0.3391602052736161,0.2,0.2
1.0,0.5,0.2,0.2371977127692962,0.2371977127692962,0.5,0.5
1.0,0.2708333333333333,0.0119047619047619,0.0,0.0,0.0,0.0
1.0,0.4352617079889808,0.1,0.0,0.0874717141014082,0.0,0.1666666666666666
1.0,0.8385542168674698,0.25,0.1460683498427064,0.1460683498427064,0.2,0.2
1.0,0.0,0.5,0.6309297535714575,0.6309297535714575,1.0,1.0
1.0,0.8333333333333334,0.5,0.5307212739772434,0.5307212739772434,0.6666666666666666,0.6666666666666666
1.0,0.5681390977443609,0.0357142857142857,0.0,0.0,0.0,0.0
1.0,0.6104761904761906,0.1666666666666666,0.0,0.1208113026994942,0.0,0.2
1.0,0.4952380952380952,0.0909090909090909,0.0,0.0,0.0,0.0
1.0,0.6956521739130435,0.125,0.0,0.3154648767857287,0.0,1.0
1.0,0.7805343511450382,0.0588235294117647,0.0,0.0,0.0,0.0
1.0,0.3225806451612903,0.0769230769230769,0.0,0.0,0.0,0.0
1.0,0.3731343283582089,0.0232558139534883,0.0,0.0,0.0,0.0
1.0,0.47,0.04,0.0,0.0,0.0,0.0
1.0,0.9019607843137256,0.1666666666666666,0.0,0.3562071871080222,0.0,1.0
1.0,0.7,0.1428571428571428,0.0,0.3978088012057569,0.0,1.0
1.0,0.5833333333333334,0.5,0.6797310500037655,0.6797310500037655,1.0,1.0
1.0,0.5454545454545454,0.5,0.24630238874073,0.24630238874073,0.25,0.25
1.0,0.9487179487179488,1.0,0.6713860725233041,0.8278123145308894,0.6666666666666666,1.0
1.0,0.4209183673469387,0.037037037037037,0.0,0.0,0.0,0.0
1.0,1.0,1.0,1.0,1.0,1.0,1.0
1.0,0.4666666666666667,0.125,0.0,0.1934264036172708,0.0,0.5
1.0,0.8059701492537313,0.0714285714285714,0.0,0.0,0.0,0.0
1.0,0.7259475218658893,0.5,0.2139862647345275,0.3629660266429708,0.1428571428571428,0.4285714285714285
1.0,0.8333333333333334,0.5,0.6309297535714575,0.6309297535714575,1.0,1.0
1.0,0.8962264150943396,0.5,0.3868528072345416,0.3868528072345416,0.5,0.5
1.0,0.7,0.5,0.4981892574664128,0.6394562303262419,0.6666666666666666,1.0
1.0,0.9824561403508772,1.0,0.9674679834891692,0.9674679834891692,1.0,1.0
1.0,0.9411764705882352,0.5,0.6934264036172708,0.6934264036172708,1.0,1.0
1.0,0.9333333333333332,0.3333333333333333,0.5,0.5,1.0,1.0
1.0,0.7419354838709677,0.0588235294117647,0.0,0.0,0.0,0.0
1.0,1.0,1.0,1.0,1.0,1.0,1.0
1.0,0.6,1.0,0.6131471927654584,0.8315546295836225,0.5,1.0
1.0,0.6121212121212121,1.0,0.4692787260227564,0.4692787260227564,0.3333333333333333,0.3333333333333333
1.0,0.1805555555555555,0.027027027027027,0.0,0.0,0.0,0.0
1.0,0.9252336448598132,0.1428571428571428,0.0,0.3044671974905181,0.0,0.6666666666666666
1.0,0.6628787878787878,0.5,0.360054614577234,0.3528398039985379,0.25,0.375
1.0,0.9767441860465116,0.5,0.6309297535714575,0.6309297535714575,1.0,1.0
1.0,0.6666666666666667,0.3333333333333333,0.5143371794949736,0.6533933590057491,0.75,1.0
1.0,0.5263157894736843,0.1,0.0,0.2890648263178879,0.0,1.0
1.0,0.5777777777777777,0.1666666666666666,0.0,0.1671604549662022,0.0,0.3333333333333333
1.0,0.26,0.0555555555555555,0.0,0.0,0.0,0.0
1.0,0.4666666666666667,0.125,0.0,0.1934264036172708,0.0,0.5
1.0,0.3995433789954337,0.5,0.2960819109658652,0.2960819109658652,0.3333333333333333,0.3333333333333333
1.0,0.56640625,1.0,0.3903800499921017,0.3903800499921017,0.25,0.25
1.0,0.95,0.25,0.430676558073393,0.430676558073393,1.0,1.0
1.0,0.7738095238095238,0.1111111111111111,0.0,0.1845756967795681,0.0,0.5
1.0,0.8620689655172413,0.2,0.3868528072345416,0.3868528072345416,1.0,1.0
1.0,0.1148648648648648,0.032258064516129,0.0,0.0,0.0,0.0
1.0,0.683641975308642,1.0,0.3391602052736161,0.4034698846650846,0.1666666666666666,0.3333333333333333
1.0,0.6397660818713451,1.0,0.3391602052736161,0.2350455494144853,0.1111111111111111,0.1111111111111111
1.0,0.6428571428571428,1.0,0.4692787260227564,0.617319681505689,0.3333333333333333,0.6666666666666666
1.0,0.5654761904761905,0.3333333333333333,0.3065735963827292,0.3065735963827292,0.5,0.5
1.0,0.9285714285714284,1.0,0.9197207891481876,0.9197207891481876,1.0,1.0
1.0,0.6595744680851064,0.0769230769230769,0.0,0.0,0.0,0.0
1.0,0.25,0.25,0.430676558073393,0.430676558073393,1.0,1.0
1.0,0.423728813559322,0.0833333333333333,0.0,0.0,0.0,0.0
1.0,0.6504065040650406,0.3333333333333333,0.2346393630113782,0.4017998179775804,0.3333333333333333,0.6666666666666666
1.0,0.4256756756756756,0.0526315789473684,0.0,0.0,0.0,0.0
1.0,0.4519774011299434,0.0666666666666666,0.0,0.0,0.0,0.0
1.0,0.7857142857142858,0.3333333333333333,0.3065735963827292,0.4911492931622974,0.5,1.0
1.0,0.5,0.1,0.0,0.1772392867840477,0.0,0.5
1.0,0.3442622950819672,0.037037037037037,0.0,0.0,0.0,0.0
1.0,0.9166666666666666,1.0,0.9060254355346824,0.9060254355346824,1.0,1.0
1.0,0.0,0.5,0.6309297535714575,0.6309297535714575,1.0,1.0
1.0,0.3529411764705882,0.0222222222222222,0.0,0.0,0.0,0.0
1.0,0.8992537313432836,0.25,0.2640681225725909,0.2640681225725909,0.5,0.5
1.0,0.7454545454545455,1.0,0.6843515475204855,0.6843515475204855,0.6,0.6
1.0,0.9375,0.5,0.6309297535714575,0.6309297535714575,1.0,1.0
1.0,0.5735294117647058,0.0769230769230769,0.0,0.0,0.0,0.0
1.0,0.6014492753623188,0.5,0.2139862647345275,0.2783925802803428,0.1666666666666666,0.3333333333333333
1.0,0.65,0.1666666666666666,0.0,0.2184074368181641,0.0,0.5
1.0,0.7352941176470588,0.25,0.2640681225725909,0.4574945261898616,0.5,1.0
1.0,0.8076923076923077,1.0,0.6366824387328317,0.6366824387328317,0.5,0.5
1.0,0.7612612612612613,0.1666666666666666,0.0,0.2184074368181641,0.0,0.5
1.0,0.3419540229885057,0.0135135135135135,0.0,0.0,0.0,0.0
1.0,0.2862745098039216,0.1428571428571428,0.0,0.113053401757872,0.0,0.2
1.0,0.2649572649572649,0.0625,0.0,0.0,0.0,0.0
1.0,0.6666666666666667,0.1428571428571428,0.0,0.1564262420075854,0.0,0.3333333333333333
1.0,0.7807692307692308,1.0,0.4703652827859579,0.4703652827859579,0.4,0.4
1.0,0.7056451612903226,0.3333333333333333,0.169580102636808,0.3008855942920819,0.125,0.375
1.0,1.0,1.0,1.0,1.0,1.0,1.0
1.0,0.6734803657880581,0.3333333333333333,0.169580102636808,0.1794771050858173,0.0769230769230769,0.1538461538461538
1.0,0.375886524822695,0.0476190476190476,0.0,0.0,0.0,0.0
1.0,0.7793103448275862,0.0303030303030303,0.0,0.0,0.0,0.0
1.0,0.8243902439024391,0.5,0.360054614577234,0.5939193190346003,0.4,0.8
1.0,0.7692307692307692,0.3333333333333333,0.1951900249960508,0.4470913458557617,0.25,0.75
1.0,0.9705882352941176,0.3333333333333333,0.5,0.5,1.0,1.0
1.0,0.5714285714285714,0.25,0.2640681225725909,0.2640681225725909,0.5,0.5
1.0,0.725,0.25,0.2640681225725909,0.4413074093566386,0.5,1.0
1.0,0.8721804511278196,0.0833333333333333,0.0,0.0,0.0,0.0
1.0,0.3771929824561403,0.0294117647058823,0.0,0.0,0.0,0.0
1.0,0.7438596491228069,0.2,0.1815417925373526,0.1815417925373526,0.3333333333333333,0.3333333333333333
1.0,0.6666666666666667,0.25,0.2640681225725909,0.2640681225725909,0.5,0.5
1.0,1.0,1.0,1.0,1.0,1.0,1.0
1.0,0.5555555555555556,0.1111111111111111,0.0,0.3010299956639812,0.0,1.0
1.0,0.7922077922077921,0.0588235294117647,0.0,0.0,0.0,0.0
1.0,1.0,1.0,1.0,1.0,1.0,1.0
1.0,0.0,0.0588235294117647,0.0,0.0,0.0,0.0
1.0,0.4583333333333333,0.0625,0.0,0.0,0.0,0.0
1.0,0.5,0.25,0.430676558073393,0.430676558073393,1.0,1.0
1.0,0.6651785714285713,0.25,0.1681275362711174,0.1681275362711174,0.25,0.25
1.0,0.9479166666666669,1.0,0.6131471927654584,0.8175295903539445,0.5,1.0
1.0,0.6666666666666666,1.0,0.6713860725233041,0.6713860725233041,0.6666666666666666,0.6666666666666666
1.0,0.3872976338729764,0.0625,0.0,0.0,0.0,0.0
1.0,0.6089743589743589,0.0769230769230769,0.0,0.0,0.0,0.0
1.0,0.6881632653061224,0.125,0.0,0.0867138284941197,0.0,0.1428571428571428
1.0,0.15,0.0555555555555555,0.0,0.0,0.0,0.0
1.0,0.8281249999999999,1.0,0.3903800499921017,0.3903800499921017,0.25,0.25
1.0,0.5,0.3333333333333333,0.5,0.5,1.0,1.0
1.0,0.6923076923076923,0.0769230769230769,0.0,0.0,0.0,0.0
1.0,0.9339622641509434,1.0,0.6131471927654584,0.7977228895450266,0.5,1.0
1.0,0.36,0.1111111111111111,0.0,0.1412669728598289,0.0,0.3333333333333333
1.0,0.510548523206751,0.1666666666666666,0.0,0.1077891545245109,0.0,0.1666666666666666
1.0,0.625,1.0,0.6366824387328317,0.6366824387328317,0.5,0.5
1.0,0.5680147058823529,0.1666666666666666,0.0,0.1390561795107756,0.0,0.25
1.0,0.7452830188679246,0.1666666666666666,0.0,0.2565722842672027,0.0,0.5
1.0,0.640625,0.0384615384615384,0.0,0.0,0.0,0.0
1.0,0.928813559322034,1.0,0.3391602052736161,0.5482507327637915,0.2,0.6
1.0,1.0,1.0,1.0,1.0,1.0,1.0
1.0,0.3137254901960784,0.0277777777777777,0.0,0.0,0.0,0.0
1.0,0.1277173913043478,0.0256410256410256,0.0,0.0,0.0,0.0
1.0,0.8,0.3333333333333333,0.3065735963827292,0.5,0.5,1.0
1.0,0.671875,0.5,0.24630238874073,0.3638184934971571,0.25,0.5
