user_id,time,static_auc,static_mrr,static_ndcg5,static_ndcg10,static_recall5,static_recall10,dynamic_auc,dynamic_mrr,dynamic_ndcg5,dynamic_ndcg10,dynamic_recall5,dynamic_recall10
U36213,2019-11-10 01:41:09,0.5268817204301075,0.125,0.0,0.09546043308946733,0.0,0.16666666666666666,0.5268817204301075,0.125,0.0,0.09546043308946733,0.0,0.16666666666666666
U66528,2019-11-10 02:53:00,0.587719298245614,0.16666666666666666,0.0,0.16716045496620227,0.0,0.3333333333333333,0.5087719298245614,0.03571428571428571,0.0,0.0,0.0,0.0
U91426,2019-11-10 04:07:45,0.25,0.03333333333333333,0.0,0.0,0.0,0.0,0.25,0.03333333333333333,0.0,0.0,0.0,0.0
U67045,2019-11-10 05:21:37,0.6396103896103895,0.06666666666666667,0.0,0.0,0.0,0.0,0.5665584415584416,0.16666666666666666,0.0,0.0979129253499678,0.0,0.14285714285714285
U3713,2019-11-10 06:09:38,0.7415384615384615,0.5,0.21398626473452756,0.21398626473452756,0.2,0.2,0.7046153846153846,0.3333333333333333,0.16958010263680806,0.2765732350040718,0.2,0.4
U62614,2019-11-10 06:59:09,0.5485232067510548,0.5,0.2960819109658652,0.2960819109658652,0.3333333333333333,0.3333333333333333,0.5485232067510548,0.5,0.2960819109658652,0.2960819109658652,0.3333333333333333,0.3333333333333333
U10052,2019-11-10 07:03:16,0.9615384615384615,1.0,0.9197207891481876,0.9197207891481876,1.0,1.0,0.8846153846153846,0.5,0.6509209298071326,0.6509209298071326,1.0,1.0
U50799,2019-11-10 08:08:39,0.6574074074074074,0.5,0.4144299250118475,0.4144299250118475,0.5,0.5,0.6944444444444444,1.0,0.3903800499921017,0.3903800499921017,0.25,0.25
U2030,2019-11-10 08:37:38,0.5865384615384616,0.3333333333333333,0.36331756126716835,0.36331756126716835,0.5,0.5,0.5252403846153846,0.1111111111111111,0.0,0.2303612461053624,0.0,0.5
U68925,2019-11-10 09:13:20,0.9318181818181818,0.5,0.2960819109658652,0.619668607939653,0.3333333333333333,1.0,0.7878787878787878,0.25,0.20210734650054757,0.3501483019834802,0.3333333333333333,0.6666666666666666
U63968,2019-11-10 09:30:03,0.36363636363636365,0.125,0.0,0.31546487678572877,0.0,1.0,0.36363636363636365,0.125,0.0,0.31546487678572877,0.0,1.0
U47521,2019-11-10 09:40:29,0.33333333333333337,0.3333333333333333,0.5,0.5,1.0,1.0,1.0,1.0,1.0,1.0,1.0,1.0
U65590,2019-11-10 09:45:22,0.4727272727272727,0.06666666666666667,0.0,0.0,0.0,0.0,0.38181818181818183,0.045454545454545456,0.0,0.0,0.0,0.0
U4098,2019-11-10 09:57:25,0.6168582375478926,0.5,0.2960819109658652,0.2960819109658652,0.3333333333333333,0.3333333333333333,0.8735632183908046,0.3333333333333333,0.41618115554873086,0.41618115554873086,0.6666666666666666,0.6666666666666666
U92504,2019-11-10 10:54:40,0.19999999999999996,0.2,0.38685280723454163,0.38685280723454163,1.0,1.0,0.19999999999999996,0.2,0.38685280723454163,0.38685280723454163,1.0,1.0
U78008,2019-11-10 10:58:54,0.484375,0.125,0.0,0.19342640361727081,0.0,0.5,0.34375,0.04,0.0,0.0,0.0,0.0
U24914,2019-11-10 11:02:43,0.41666666666666663,0.16666666666666666,0.0,0.21840743681816419,0.0,0.5,0.4583333333333333,0.25,0.2640681225725909,0.2640681225725909,0.5,0.5
U62614,2019-11-10 11:49:25,0.6853448275862069,0.043478260869565216,0.0,0.0,0.0,0.0,0.603448275862069,0.024390243902439025,0.0,0.0,0.0,0.0
U72280,2019-11-10 11:55:06,0.20689655172413796,0.01098901098901099,0.0,0.0,0.0,0.0,0.28448275862068967,0.014285714285714285,0.0,0.0,0.0,0.0
U41029,2019-11-10 11:56:38,0.6,0.1111111111111111,0.0,0.3010299956639812,0.0,1.0,0.35,0.07142857142857142,0.0,0.0,0.0,0.0
U23728,2019-11-10 11:57:46,0.5254237288135593,0.25,0.14606834984270645,0.13032376591037062,0.16666666666666666,0.16666666666666666,0.480225988700565,0.1111111111111111,0.0,0.09109240322345806,0.0,0.16666666666666666
U70147,2019-11-10 12:15:05,0.40437158469945356,0.03333333333333333,0.0,0.0,0.0,0.0,0.6830601092896176,0.16666666666666666,0.0,0.16716045496620227,0.0,0.3333333333333333
U67885,2019-11-10 12:41:48,1.0,1.0,1.0,1.0,1.0,1.0,0.8,0.5,0.6309297535714575,0.6309297535714575,1.0,1.0
U47685,2019-11-10 13:03:24,0.46987951807228917,0.5,0.21398626473452756,0.21398626473452756,0.2,0.2,0.619277108433735,0.5,0.21398626473452756,0.3347975674340217,0.2,0.4
U58543,2019-11-10 14:02:35,0.6046511627906976,0.5,0.38685280723454163,0.38685280723454163,0.5,0.5,0.4534883720930233,0.07692307692307693,0.0,0.0,0.0,0.0
U78318,2019-11-10 14:31:06,0.3802816901408451,0.022222222222222223,0.0,0.0,0.0,0.0,0.619718309859155,0.03571428571428571,0.0,0.0,0.0,0.0
U60879,2019-11-10 14:47:10,1.0,1.0,1.0,1.0,1.0,1.0,0.8823529411764706,0.3333333333333333,0.5,0.5,1.0,1.0
U91029,2019-11-10 15:18:57,0.5,0.25,0.2640681225725909,0.2640681225725909,0.5,0.5,0.51875,0.5,0.38685280723454163,0.38685280723454163,0.5,0.5
U39438,2019-11-10 15:39:06,0.21250000000000002,0.038461538461538464,0.0,0.0,0.0,0.0,0.5125,0.5,0.38685280723454163,0.38685280723454163,0.5,0.5
U43884,2019-11-10 16:27:40,0.5,0.5,0.6309297535714575,0.6309297535714575,1.0,1.0,0.5,0.5,0.6309297535714575,0.6309297535714575,1.0,1.0
U60189,2019-11-10 16:52:56,0.4444444444444444,1.0,0.46927872602275644,0.7737459235132744,0.3333333333333333,1.0,0.7222222222222222,1.0,0.7653606369886217,0.9134015924715543,0.6666666666666666,1.0
U58458,2019-11-10 17:19:16,0.5098039215686274,0.038461538461538464,0.0,0.0,0.0,0.0,0.3921568627450981,0.03125,0.0,0.0,0.0,0.0
U15569,2019-11-10 17:23:23,0.6054054054054053,0.3333333333333333,0.16958010263680806,0.26761938846816513,0.2,0.4,0.6054054054054053,0.3333333333333333,0.16958010263680806,0.26761938846816513,0.2,0.4
U14177,2019-11-10 17:37:14,0.7,0.25,0.5012658353418871,0.5012658353418871,1.0,1.0,0.45,0.16666666666666666,0.0,0.41183384043543503,0.0,1.0
U36594,2019-11-10 18:39:08,0.536082474226804,0.07692307692307693,0.0,0.0,0.0,0.0,0.536082474226804,0.07692307692307693,0.0,0.0,0.0,0.0
U62382,2019-11-10 18:54:12,0.4545454545454546,0.14285714285714285,0.0,0.3333333333333333,0.0,1.0,0.36363636363636365,0.125,0.0,0.31546487678572877,0.0,1.0
U46472,2019-11-10 20:28:15,0.6031746031746031,0.125,0.0,0.09546043308946733,0.0,0.16666666666666666,0.626984126984127,0.1,0.0,0.0874717141014082,0.0,0.16666666666666666
U48196,2019-11-10 20:36:32,0.9487179487179487,0.3333333333333333,0.5,0.5,1.0,1.0,0.8974358974358975,0.2,0.38685280723454163,0.38685280723454163,1.0,1.0
U56428,2019-11-10 21:22:44,0.6578947368421052,0.25,0.16812753627111746,0.16812753627111746,0.25,0.25,0.6578947368421052,0.16666666666666666,0.0,0.13905617951077562,0.0,0.25
U43467,2019-11-10 21:47:40,0.625,0.14285714285714285,0.0,0.3333333333333333,0.0,1.0,0.75,0.2,0.38685280723454163,0.38685280723454163,1.0,1.0
U63482,2019-11-10 21:56:45,0.5641025641025641,0.05555555555555555,0.0,0.0,0.0,0.0,0.5128205128205128,0.05,0.0,0.0,0.0,0.0
U10585,2019-11-10 23:12:08,0.15555555555555556,0.02564102564102564,0.0,0.0,0.0,0.0,1.0,1.0,1.0,1.0,1.0,1.0
U80599,2019-11-11 01:19:38,0.0,0.5,0.6309297535714575,0.6309297535714575,1.0,1.0,1.0,1.0,1.0,1.0,1.0,1.0
U44439,2019-11-11 01:42:10,0.6378418329637842,0.25,0.14606834984270645,0.09478836436955078,0.09090909090909091,0.09090909090909091,0.5395417590539541,0.043478260869565216,0.0,0.0,0.0,0.0
U81540,2019-11-11 01:56:46,0.8007246376811594,0.5,0.24630238874073,0.24630238874073,0.25,0.25,0.7101449275362318,0.3333333333333333,0.19519002499605084,0.19519002499605084,0.25,0.25
U76638,2019-11-11 02:10:23,0.43018867924528303,0.16666666666666666,0.0,0.1208113026994942,0.0,0.2,0.43018867924528303,0.16666666666666666,0.0,0.1208113026994942,0.0,0.2
U682,2019-11-11 02:11:50,0.2282608695652174,0.014925373134328358,0.0,0.0,0.0,0.0,0.46195652173913043,0.047619047619047616,0.0,0.0,0.0,0.0
U46319,2019-11-11 02:39:03,0.8203592814371257,1.0,0.6131471927654584,0.6131471927654584,0.5,0.5,0.7694610778443114,0.25,0.2640681225725909,0.2640681225725909,0.5,0.5
U51253,2019-11-11 02:46:27,0.8367346938775511,0.125,0.0,0.2893079283427616,0.0,0.6666666666666666,0.7891156462585035,0.125,0.0,0.1480409554829326,0.0,0.3333333333333333
U30611,2019-11-11 02:50:42,0.5800000000000001,1.0,0.6131471927654584,0.6131471927654584,0.5,0.5,0.44,0.14285714285714285,0.0,0.20438239758848611,0.0,0.5
U70561,2019-11-11 03:27:38,0.5344444444444444,0.5,0.21398626473452756,0.13886244387355454,0.1,0.1,0.6077777777777778,0.25,0.14606834984270645,0.16421958630632802,0.1,0.2
U90112,2019-11-11 03:40:29,0.16666666666666663,0.16666666666666666,0.0,0.3562071871080222,0.0,1.0,0.5,0.25,0.43067655807339306,0.43067655807339306,1.0,1.0
U35406,2019-11-11 03:46:29,0.3571428571428571,0.01818181818181818,0.0,0.0,0.0,0.0,0.2142857142857143,0.014925373134328358,0.0,0.0,0.0,0.0
U91293,2019-11-11 03:52:30,0.6666666666666667,0.3333333333333333,0.5,0.5,1.0,1.0,0.8333333333333334,0.5,0.6309297535714575,0.6309297535714575,1.0,1.0
U30304,2019-11-11 03:59:51,0.39999999999999997,0.07142857142857142,0.0,0.0,0.0,0.0,0.2285714285714286,0.04,0.0,0.0,0.0,0.0
U48672,2019-11-11 04:01:16,0.05555555555555558,0.1,0.0,0.17723928678404774,0.0,0.5,0.4444444444444444,0.16666666666666666,0.0,0.4227898344066503,0.0,1.0
U91426,2019-11-11 04:13:49,0.5944444444444444,0.2,0.13120507751234178,0.23330247263525344,0.2,0.4,0.5388888888888889,1.0,0.3391602052736161,0.3391602052736161,0.2,0.2
U11997,2019-11-11 04:15:02,0.7796296296296297,0.3333333333333333,0.16958010263680806,0.16958010263680806,0.2,0.2,0.7796296296296297,0.3333333333333333,0.16958010263680806,0.16958010263680806,0.2,0.2
U75132,2019-11-11 04:29:14,1.0,1.0,1.0,1.0,1.0,1.0,1.0,1.0,1.0,1.0,1.0,1.0
U87790,2019-11-11 04:30:09,0.6683453237410072,0.07692307692307693,0.0,0.0,0.0,0.0,0.6683453237410072,0.07692307692307693,0.0,0.0,0.0,0.0
U32322,2019-11-11 04:30:26,0.588768115942029,0.16666666666666666,0.0,0.10778915452451093,0.0,0.16666666666666666,0.5778985507246377,0.125,0.0,0.09546043308946733,0.0,0.16666666666666666
U23157,2019-11-11 04:32:50,0.7695652173913045,1.0,0.3391602052736161,0.4599715079731103,0.2,0.4,0.7695652173913045,1.0,0.3391602052736161,0.4599715079731103,0.2,0.4
U84877,2019-11-11 04:43:01,0.5285714285714286,0.14285714285714285,0.0,0.13012668333070054,0.0,0.25,0.5285714285714286,0.14285714285714285,0.0,0.13012668333070054,0.0,0.25
U40609,2019-11-11 04:45:27,0.0,0.5,0.6309297535714575,0.6309297535714575,1.0,1.0,0.0,0.5,0.6309297535714575,0.6309297535714575,1.0,1.0
U4840,2019-11-11 05:11:53,0.6666666666666667,0.5,0.6309297535714575,0.6309297535714575,1.0,1.0,1.0,1.0,1.0,1.0,1.0,1.0
U74207,2019-11-11 05:39:06,0.36363636363636365,0.14285714285714285,0.0,0.38162168437253385,0.0,1.0,0.36363636363636365,0.14285714285714285,0.0,0.38162168437253385,0.0,1.0
U39701,2019-11-11 05:43:46,0.4809782608695652,0.07692307692307693,0.0,0.0,0.0,0.0,0.5271739130434783,0.5,0.21398626473452756,0.24390331138078203,0.125,0.25
U89566,2019-11-11 05:46:40,0.0625,0.1111111111111111,0.0,0.3010299956639812,0.0,1.0,0.0625,0.1111111111111111,0.0,0.3010299956639812,0.0,1.0
U51856,2019-11-11 05:51:20,0.5868217054263566,0.16666666666666666,0.0,0.2153829792769871,0.0,0.2,0.5077519379844961,0.06666666666666667,0.0,0.0,0.0,0.0
U13592,2019-11-11 05:53:57,0.6051779935275081,0.5,0.2960819109658652,0.2960819109658652,0.3333333333333333,0.3333333333333333,0.6051779935275081,0.5,0.2960819109658652,0.2960819109658652,0.3333333333333333,0.3333333333333333
U78092,2019-11-11 05:55:46,0.6356589147286822,1.0,0.3391602052736161,0.39007412760022164,0.16666666666666666,0.3333333333333333,0.7015503875968991,1.0,0.5087403079104241,0.561692774772731,0.3333333333333333,0.5
U61804,2019-11-11 06:05:26,1.0,1.0,1.0,1.0,1.0,1.0,1.0,1.0,1.0,1.0,1.0,1.0
U75524,2019-11-11 06:08:54,0.7694805194805194,1.0,0.48522855511632257,0.44167373394786114,0.25,0.375,0.7694805194805194,1.0,0.48522855511632257,0.44167373394786114,0.25,0.375
U81537,2019-11-11 06:12:52,0.6153846153846153,0.1,0.0,0.17723928678404774,0.0,0.5,0.6923076923076923,1.0,0.6131471927654584,0.6131471927654584,0.5,0.5
U74966,2019-11-11 06:14:26,0.15789473684210525,0.07142857142857142,0.0,0.0,0.0,0.0,0.10526315789473684,0.0625,0.0,0.0,0.0,0.0
U88960,2019-11-11 06:26:07,0.3571428571428572,0.1111111111111111,0.0,0.10209739512291163,0.0,0.2,0.2785714285714286,0.2,0.13120507751234178,0.13120507751234178,0.2,0.2
U51639,2019-11-11 06:32:03,0.5975274725274725,0.5,0.21398626473452756,0.17342765698823945,0.14285714285714285,0.14285714285714285,0.5233516483516484,0.25,0.14606834984270645,0.19783987238813033,0.14285714285714285,0.2857142857142857
U25278,2019-11-11 06:36:19,0.0,0.5,0.6309297535714575,0.6309297535714575,1.0,1.0,1.0,1.0,1.0,1.0,1.0,1.0
U65387,2019-11-11 06:42:40,0.4252336448598132,0.125,0.0,0.123151194370365,0.0,0.25,0.4252336448598132,0.125,0.0,0.123151194370365,0.0,0.25
U25708,2019-11-11 06:48:20,0.9565217391304348,0.5,0.6934264036172708,0.6934264036172708,1.0,1.0,0.9782608695652174,1.0,0.9197207891481876,0.9197207891481876,1.0,1.0
U89566,2019-11-11 06:52:01,1.0,1.0,1.0,1.0,1.0,1.0,1.0,1.0,1.0,1.0,1.0,1.0
U2704,2019-11-11 06:54:25,0.7271062271062271,1.0,0.4703652827859579,0.4606700933772881,0.2857142857142857,0.42857142857142855,0.7271062271062271,1.0,0.4703652827859579,0.4606700933772881,0.2857142857142857,0.42857142857142855
U81712,2019-11-11 07:05:40,0.0,0.5,0.6309297535714575,0.6309297535714575,1.0,1.0,1.0,1.0,1.0,1.0,1.0,1.0
U4929,2019-11-11 07:07:50,1.0,1.0,1.0,1.0,1.0,1.0,1.0,1.0,1.0,1.0,1.0,1.0
U29809,2019-11-11 07:20:30,0.550326797385621,1.0,0.48522855511632257,0.33627415762678553,0.2222222222222222,0.2222222222222222,0.550326797385621,1.0,0.48522855511632257,0.33627415762678553,0.2222222222222222,0.2222222222222222
U21954,2019-11-11 07:24:28,0.46153846153846156,0.125,0.0,0.31546487678572877,0.0,1.0,1.0,1.0,1.0,1.0,1.0,1.0
U73772,2019-11-11 07:28:34,0.33333333333333337,0.2,0.38685280723454163,0.38685280723454163,1.0,1.0,0.33333333333333337,0.2,0.38685280723454163,0.38685280723454163,1.0,1.0
U70998,2019-11-11 07:32:30,0.9230769230769231,0.3333333333333333,0.5,0.5,1.0,1.0,0.5,0.07142857142857142,0.0,0.0,0.0,0.0
U88960,2019-11-11 07:39:28,0.8214285714285714,0.5,0.38685280723454163,0.6052602440527057,0.5,1.0,0.4285714285714286,0.1111111111111111,0.0,0.36181498356361597,0.0,1.0
U1971,2019-11-11 07:39:45,0.75,0.3333333333333333,0.5,0.5,1.0,1.0,0.375,0.16666666666666666,0.0,0.3562071871080222,0.0,1.0
U6396,2019-11-11 07:45:29,0.5238095238095238,0.04,0.0,0.0,0.0,0.0,0.4523809523809524,0.03225806451612903,0.0,0.0,0.0,0.0
U62503,2019-11-11 07:52:05,0.5238095238095238,0.3333333333333333,0.3065735963827292,0.3065735963827292,0.5,0.5,0.40476190476190477,0.125,0.0,0.19342640361727081,0.0,0.5
U32383,2019-11-11 08:14:54,0.8571428571428572,1.0,0.8772153153380493,0.8772153153380493,1.0,1.0,0.9285714285714286,1.0,0.9197207891481876,0.9197207891481876,1.0,1.0
U81155,2019-11-11 08:17:09,0.6,0.03225806451612903,0.0,0.0,0.0,0.0,0.48,0.025,0.0,0.0,0.0,0.0
U68439,2019-11-11 08:18:52,0.7522522522522522,0.2,0.15101961822780524,0.15101961822780524,0.25,0.25,0.7522522522522522,0.2,0.15101961822780524,0.15101961822780524,0.25,0.25
U88033,2019-11-11 08:25:26,0.30000000000000004,0.125,0.0,0.31546487678572877,0.0,1.0,0.9,0.5,0.6309297535714575,0.6309297535714575,1.0,1.0
U51945,2019-11-11 08:29:47,0.9233644859813084,0.3333333333333333,0.3156484524795145,0.41774584760242617,0.4,0.6,0.8953271028037383,0.3333333333333333,0.16958010263680806,0.38843069116765927,0.2,0.6
U35178,2019-11-11 08:48:27,0.6,0.3333333333333333,0.5706417189553201,0.5706417189553201,1.0,1.0,0.8,1.0,0.8772153153380493,0.8772153153380493,1.0,1.0
U46524,2019-11-11 08:52:28,0.7666666666666667,0.14285714285714285,0.0,0.38162168437253385,0.0,1.0,0.7666666666666666,0.5,0.38685280723454163,0.38685280723454163,0.5,0.5
U29800,2019-11-11 08:53:16,0.575,0.3333333333333333,0.3065735963827292,0.3065735963827292,0.5,0.5,0.625,0.3333333333333333,0.3065735963827292,0.3065735963827292,0.5,0.5
U68381,2019-11-11 08:57:00,0.2592592592592593,0.07142857142857142,0.0,0.0,0.0,0.0,0.2777777777777778,0.07692307692307693,0.0,0.0,0.0,0.0
U68843,2019-11-11 09:02:18,0.680327868852459,0.25,0.2640681225725909,0.2640681225725909,0.5,0.5,0.6065573770491803,0.09090909090909091,0.0,0.0,0.0,0.0
U395,2019-11-11 09:13:23,0.625,0.25,0.43067655807339306,0.43067655807339306,1.0,1.0,0.625,0.25,0.43067655807339306,0.43067655807339306,1.0,1.0
U56120,2019-11-11 09:34:20,0.8571428571428572,0.5,0.6309297535714575,0.6309297535714575,1.0,1.0,0.8571428571428572,0.5,0.6309297535714575,0.6309297535714575,1.0,1.0
U36378,2019-11-11 09:37:15,0.5933333333333334,0.07692307692307693,0.0,0.0,0.0,0.0,0.5311111111111111,0.045454545454545456,0.0,0.0,0.0,0.0
U59079,2019-11-11 09:41:04,0.6538461538461539,0.16666666666666666,0.0,0.21840743681816419,0.0,0.5,0.6923076923076923,0.3333333333333333,0.3065735963827292,0.3065735963827292,0.5,0.5
U46703,2019-11-11 09:47:36,0.0,0.2,0.38685280723454163,0.38685280723454163,1.0,1.0,0.0,0.2,0.38685280723454163,0.38685280723454163,1.0,1.0
U69674,2019-11-11 09:50:29,0.5147058823529411,0.1,0.0,0.17723928678404774,0.0,0.5,0.75,0.08333333333333333,0.0,0.0,0.0,0.0
U68479,2019-11-11 10:06:33,0.0,0.3333333333333333,0.5,0.5,1.0,1.0,0.5,0.5,0.6309297535714575,0.6309297535714575,1.0,1.0
U62503,2019-11-11 10:07:14,0.1428571428571429,0.05263157894736842,0.0,0.0,0.0,0.0,0.19047619047619047,0.05555555555555555,0.0,0.0,0.0,0.0
U89278,2019-11-11 10:07:49,0.0,0.14285714285714285,0.0,0.3333333333333333,0.0,1.0,0.0,0.14285714285714285,0.0,0.3333333333333333,0.0,1.0
U9497,2019-11-11 10:17:42,0.8666666666666667,0.3333333333333333,0.5,0.5,1.0,1.0,0.6666666666666667,0.16666666666666666,0.0,0.3562071871080222,0.0,1.0
U7250,2019-11-11 10:22:20,0.2222222222222222,0.06666666666666667,0.0,0.0,0.0,0.0,0.16666666666666663,0.0625,0.0,0.0,0.0,0.0
U15740,2019-11-11 10:22:52,0.33333333333333337,0.3333333333333333,0.5,0.5,1.0,1.0,1.0,1.0,1.0,1.0,1.0,1.0
U15740,2019-11-11 10:33:40,0.7333333333333334,0.2,0.38685280723454163,0.38685280723454163,1.0,1.0,0.7333333333333334,0.2,0.38685280723454163,0.38685280723454163,1.0,1.0
U11921,2019-11-11 10:37:37,0.6666666666666666,0.3333333333333333,0.23463936301137822,0.370291336443826,0.3333333333333333,0.6666666666666666,0.6888888888888889,0.5,0.4776237035032179,0.4776237035032179,0.6666666666666666,0.6666666666666666
U50993,2019-11-11 10:38:15,0.5166666666666666,0.25,0.2640681225725909,0.2640681225725909,0.5,0.5,0.4083333333333333,0.0625,0.0,0.0,0.0,0.0
U63996,2019-11-11 10:38:33,0.8333333333333334,0.5,0.6309297535714575,0.6309297535714575,1.0,1.0,0.8333333333333334,0.5,0.6309297535714575,0.6309297535714575,1.0,1.0
U52496,2019-11-11 10:39:05,1.0,1.0,1.0,1.0,1.0,1.0,1.0,1.0,1.0,1.0,1.0,1.0
U53059,2019-11-11 10:49:19,0.9401041666666666,0.25,0.27727342735504823,0.5515034178285835,0.3333333333333333,0.8333333333333334,0.9401041666666666,0.25,0.27727342735504823,0.5515034178285835,0.3333333333333333,0.8333333333333334
U74617,2019-11-11 10:50:39,0.6081081081081081,0.08333333333333333,0.0,0.0,0.0,0.0,0.5405405405405406,0.06666666666666667,0.0,0.0,0.0,0.0
U43935,2019-11-11 10:56:06,0.6615384615384615,0.25,0.27727342735504823,0.4883661149442773,0.4,0.8,0.6615384615384615,0.25,0.27727342735504823,0.4883661149442773,0.4,0.8
U90845,2019-11-11 10:56:25,0.3888888888888889,0.25,0.16812753627111746,0.16812753627111746,0.25,0.25,0.5416666666666667,0.5,0.24630238874073,0.24630238874073,0.25,0.25
U2226,2019-11-11 11:03:49,1.0,1.0,1.0,1.0,1.0,1.0,0.33333333333333337,0.3333333333333333,0.5,0.5,1.0,1.0
U85959,2019-11-11 11:05:56,0.9230769230769231,0.5,0.6309297535714575,0.6309297535714575,1.0,1.0,0.6923076923076923,0.2,0.38685280723454163,0.38685280723454163,1.0,1.0
U47829,2019-11-11 11:06:09,1.0,1.0,1.0,1.0,1.0,1.0,1.0,1.0,1.0,1.0,1.0,1.0
U93191,2019-11-11 11:07:53,0.7857142857142858,0.3333333333333333,0.3065735963827292,0.4911492931622974,0.5,1.0,0.7619047619047619,1.0,0.6131471927654584,0.6131471927654584,0.5,0.5
U65862,2019-11-11 11:08:09,0.7999999999999999,1.0,0.5531464700081437,0.4935232796777481,0.3333333333333333,0.3333333333333333,0.6925925925925925,0.3333333333333333,0.16958010263680806,0.15130120674940672,0.16666666666666666,0.16666666666666666
U87630,2019-11-11 11:25:19,0.5692307692307692,0.1,0.0,0.13565197343244778,0.0,0.3333333333333333,0.6461538461538461,1.0,0.46927872602275644,0.46927872602275644,0.3333333333333333,0.3333333333333333
U78543,2019-11-11 11:26:42,0.19047619047619047,0.02857142857142857,0.0,0.0,0.0,0.0,0.19047619047619047,0.02857142857142857,0.0,0.0,0.0,0.0
U55923,2019-11-11 11:27:54,0.56,0.125,0.0,0.19342640361727081,0.0,0.5,0.64,0.125,0.0,0.19342640361727081,0.0,0.5
U88258,2019-11-11 11:40:23,0.545679012345679,0.25,0.14606834984270645,0.14606834984270645,0.2,0.2,0.6444444444444445,0.2,0.13120507751234178,0.13120507751234178,0.2,0.2
U42252,2019-11-11 11:43:21,0.6490807354116706,1.0,0.3391602052736161,0.23504554941448536,0.1111111111111111,0.1111111111111111,0.6490807354116706,1.0,0.3391602052736161,0.23504554941448536,0.1111111111111111,0.1111111111111111
U8653,2019-11-11 11:44:38,0.8783783783783784,1.0,0.3903800499921017,0.5078961547485289,0.25,0.5,0.8783783783783784,1.0,0.3903800499921017,0.5078961547485289,0.25,0.5
U62822,2019-11-11 11:56:24,0.3846153846153846,0.1111111111111111,0.0,0.3010299956639812,0.0,1.0,1.0,1.0,1.0,1.0,1.0,1.0
U44467,2019-11-11 12:02:31,0.6923076923076923,0.1111111111111111,0.0,0.3010299956639812,0.0,1.0,0.9230769230769231,0.3333333333333333,0.5,0.5,1.0,1.0
U86194,2019-11-11 12:04:01,0.31481481481481477,0.09090909090909091,0.0,0.0,0.0,0.0,0.2222222222222222,0.05263157894736842,0.0,0.0,0.0,0.0
U69145,2019-11-11 12:10:02,0.904,0.5,0.5296347172140421,0.6504460199135362,0.6,0.8,0.808,0.25,0.14606834984270645,0.46821227909075397,0.2,0.8
U85464,2019-11-11 12:12:00,0.5402298850574712,0.07142857142857142,0.0,0.0,0.0,0.0,0.5402298850574712,0.07142857142857142,0.0,0.0,0.0,0.0
U2701,2019-11-11 12:20:01,0.5428571428571429,0.058823529411764705,0.0,0.0,0.0,0.0,0.2857142857142857,0.038461538461538464,0.0,0.0,0.0,0.0
U54826,2019-11-11 12:20:51,0.5555555555555556,1.0,0.8529278650606567,0.8529278650606567,1.0,1.0,0.5555555555555556,0.5,0.7122630665145961,0.7122630665145961,1.0,1.0
U36046,2019-11-11 12:29:10,0.75,0.16666666666666666,0.0,0.13905617951077562,0.0,0.25,0.7202380952380952,0.5,0.24630238874073,0.24630238874073,0.25,0.25
U53072,2019-11-11 12:37:07,0.9,1.0,0.6131471927654584,0.6131471927654584,0.5,0.5,0.7588235294117647,0.2,0.23719771276929622,0.23719771276929622,0.5,0.5
U24480,2019-11-11 12:37:26,0.5768321513002364,0.1111111111111111,0.0,0.14126697285982898,0.0,0.3333333333333333,0.7092198581560284,0.125,0.0,0.1480409554829326,0.0,0.3333333333333333
U50236,2019-11-11 12:38:26,0.5833333333333333,0.16666666666666666,0.0,0.3562071871080222,0.0,1.0,0.5833333333333333,0.16666666666666666,0.0,0.3562071871080222,0.0,1.0
U62408,2019-11-11 12:49:48,0.7699115044247787,0.2,0.18154179253735267,0.18154179253735267,0.3333333333333333,0.3333333333333333,0.6725663716814159,0.08333333333333333,0.0,0.0,0.0,0.0
U35030,2019-11-11 12:53:49,0.6453576864535768,0.1,0.0,0.06794340091829075,0.0,0.1111111111111111,0.6506849315068493,0.2,0.13120507751234178,0.09092803061897883,0.1111111111111111,0.1111111111111111
U12508,2019-11-11 12:55:06,0.7777777777777778,0.2,0.38685280723454163,0.38685280723454163,1.0,1.0,0.38888888888888884,0.08333333333333333,0.0,0.0,0.0,0.0
U92387,2019-11-11 12:56:55,0.8,0.25,0.5012658353418871,0.5012658353418871,1.0,1.0,0.9,1.0,0.8503449055347546,0.8503449055347546,1.0,1.0
U78840,2019-11-11 13:07:28,0.5576642335766423,0.07692307692307693,0.0,0.0,0.0,0.0,0.4773722627737226,0.029411764705882353,0.0,0.0,0.0,0.0
U35406,2019-11-11 13:12:38,0.6439393939393939,0.1111111111111111,0.0,0.11751610475642714,0.0,0.25,0.6420454545454545,0.2,0.15101961822780524,0.15101961822780524,0.25,0.25
U68929,2019-11-11 13:14:41,0.7076923076923077,0.05,0.0,0.0,0.0,0.0,0.5692307692307692,0.034482758620689655,0.0,0.0,0.0,0.0
U39701,2019-11-11 13:20:57,0.0,0.25,0.43067655807339306,0.43067655807339306,1.0,1.0,0.0,0.25,0.43067655807339306,0.43067655807339306,1.0,1.0
U52496,2019-11-11 13:27:37,0.8888888888888888,0.5,0.6309297535714575,0.6309297535714575,1.0,1.0,1.0,1.0,1.0,1.0,1.0,1.0
U89824,2019-11-11 13:33:10,0.6688311688311688,0.2,0.15101961822780524,0.15101961822780524,0.25,0.25,0.5422077922077922,0.047619047619047616,0.0,0.0,0.0,0.0
U43769,2019-11-11 13:36:08,0.7391304347826088,0.14285714285714285,0.0,0.3333333333333333,0.0,1.0,0.8260869565217391,0.2,0.38685280723454163,0.38685280723454163,1.0,1.0
U19072,2019-11-11 13:37:39,0.33333333333333337,0.2,0.38685280723454163,0.38685280723454163,1.0,1.0,0.33333333333333337,0.2,0.38685280723454163,0.38685280723454163,1.0,1.0
U51817,2019-11-11 13:43:07,0.9333333333333333,0.5,0.6934264036172708,0.6934264036172708,1.0,1.0,0.9333333333333333,1.0,0.8772153153380493,0.8772153153380493,1.0,1.0
U79025,2019-11-11 13:43:25,0.7184873949579832,0.125,0.0,0.08671382849411972,0.0,0.14285714285714285,0.7184873949579832,0.125,0.0,0.08671382849411972,0.0,0.14285714285714285
U15368,2019-11-11 13:48:06,1.0,1.0,1.0,1.0,1.0,1.0,0.8925233644859812,0.1,0.0,0.17723928678404774,0.0,0.5
U26697,2019-11-11 13:50:43,0.9733333333333333,1.0,0.9060254355346823,0.9060254355346823,1.0,1.0,0.9199999999999999,0.5,0.5307212739772434,0.6871475159848289,0.6666666666666666,1.0
U31699,2019-11-11 13:58:43,0.2972972972972973,0.023809523809523808,0.0,0.0,0.0,0.0,0.5067567567567568,0.1,0.0,0.17723928678404774,0.0,0.5
U74966,2019-11-11 14:07:20,0.7758620689655173,1.0,0.8048099750039491,0.8048099750039491,0.75,0.75,0.6724137931034483,0.5,0.24630238874073,0.49820370960044086,0.25,0.75
U63860,2019-11-11 14:10:32,0.8235294117647058,0.3333333333333333,0.4367467095119258,0.5847876649948583,0.6666666666666666,1.0,0.8627450980392156,0.3333333333333333,0.4367467095119258,0.6039071644781281,0.6666666666666666,1.0
U78920,2019-11-11 14:13:08,0.4,0.07692307692307693,0.0,0.0,0.0,0.0,0.19999999999999996,0.058823529411764705,0.0,0.0,0.0,0.0
U48736,2019-11-11 14:19:03,0.2,0.034482758620689655,0.0,0.0,0.0,0.0,0.175,0.03333333333333333,0.0,0.0,0.0,0.0
U7210,2019-11-11 14:23:35,0.6086956521739131,0.1,0.0,0.2890648263178879,0.0,1.0,0.5652173913043479,0.09090909090909091,0.0,0.0,0.0,0.0
U14957,2019-11-11 14:34:04,0.3782051282051282,1.0,0.3391602052736161,0.30260241349881345,0.16666666666666666,0.16666666666666666,0.5320512820512819,1.0,0.5531464700081437,0.4935232796777481,0.3333333333333333,0.3333333333333333
U79210,2019-11-11 14:42:35,0.4222222222222222,0.3333333333333333,0.23463936301137822,0.23463936301137822,0.3333333333333333,0.3333333333333333,0.23333333333333334,0.05,0.0,0.0,0.0,0.0
U63200,2019-11-11 14:46:46,0.26315789473684215,0.14285714285714285,0.0,0.13012668333070054,0.0,0.25,0.44736842105263164,0.14285714285714285,0.0,0.2532778777010656,0.0,0.5
U51142,2019-11-11 14:51:21,0.8888888888888888,0.5,0.49818925746641285,0.6338412308988606,0.6666666666666666,1.0,0.7555555555555555,0.3333333333333333,0.41618115554873086,0.41618115554873086,0.6666666666666666,0.6666666666666666
U30962,2019-11-11 14:52:45,0.6739130434782609,0.09090909090909091,0.0,0.0,0.0,0.0,0.6159420289855073,0.07692307692307693,0.0,0.0,0.0,0.0
U14957,2019-11-11 14:57:06,0.5819672131147541,1.0,0.5413996682199069,0.5413996682199069,0.5,0.5,0.5122950819672132,0.3333333333333333,0.19519002499605084,0.19519002499605084,0.25,0.25
U71943,2019-11-11 15:03:56,0.6538461538461539,0.125,0.0,0.19342640361727081,0.0,0.5,0.6025641025641026,0.07142857142857142,0.0,0.0,0.0,0.0
U40466,2019-11-11 15:09:28,0.2666666666666667,0.08333333333333333,0.0,0.0,0.0,0.0,0.2666666666666667,0.08333333333333333,0.0,0.0,0.0,0.0
U87637,2019-11-11 15:18:57,0.5946843853820598,0.25,0.14606834984270645,0.2162957183053307,0.14285714285714285,0.2857142857142857,0.5930232558139535,0.25,0.14606834984270645,0.2990417396106507,0.14285714285714285,0.42857142857142855
U77427,2019-11-11 15:20:37,0.12074829931972789,0.00847457627118644,0.0,0.0,0.0,0.0,0.5680272108843537,0.16666666666666666,0.0,0.21840743681816419,0.0,0.5
U54534,2019-11-11 15:24:50,0.5833333333333333,0.16666666666666666,0.0,0.13905617951077562,0.0,0.25,0.4852941176470588,0.25,0.16812753627111746,0.16812753627111746,0.25,0.25
U48826,2019-11-11 15:27:30,0.7642276422764229,0.25,0.20210734650054757,0.20210734650054757,0.3333333333333333,0.3333333333333333,0.6585365853658536,0.16666666666666666,0.0,0.16716045496620227,0.0,0.3333333333333333
U27094,2019-11-11 15:32:13,0.3683127572016461,0.125,0.0,0.07414861528507455,0.0,0.1111111111111111,0.3683127572016461,0.125,0.0,0.07414861528507455,0.0,0.1111111111111111
U78318,2019-11-11 15:35:04,0.6763779527559055,1.0,0.48522855511632257,0.48522855511632257,0.4,0.4,0.6763779527559055,1.0,0.48522855511632257,0.48522855511632257,0.4,0.4
U65664,2019-11-11 15:38:03,0.9418604651162791,0.5,0.38685280723454163,0.6052602440527057,0.5,1.0,0.7558139534883721,0.125,0.0,0.19342640361727081,0.0,0.5
U48474,2019-11-11 15:41:54,0.8571428571428572,0.2,0.38685280723454163,0.38685280723454163,1.0,1.0,0.7142857142857143,0.1111111111111111,0.0,0.3010299956639812,0.0,1.0
U21593,2019-11-11 15:43:18,0.25,0.25,0.43067655807339306,0.43067655807339306,1.0,1.0,0.25,0.25,0.43067655807339306,0.43067655807339306,1.0,1.0
U54826,2019-11-11 15:43:24,0.125,0.06666666666666667,0.0,0.0,0.0,0.0,0.3125,0.08333333333333333,0.0,0.0,0.0,0.0
U63996,2019-11-11 15:46:27,0.6,0.1111111111111111,0.0,0.3010299956639812,0.0,1.0,0.55,0.1,0.0,0.2890648263178879,0.0,1.0
U27065,2019-11-11 15:49:20,0.5,0.25,0.2640681225725909,0.2640681225725909,0.5,0.5,0.46153846153846156,0.16666666666666666,0.0,0.21840743681816419,0.0,0.5
U91426,2019-11-11 16:10:06,0.375,0.1,0.0,0.17723928678404774,0.0,0.5,0.375,0.1,0.0,0.17723928678404774,0.0,0.5
U88363,2019-11-11 16:21:30,0.6599999999999999,0.125,0.0,0.19342640361727081,0.0,0.5,0.6599999999999999,0.125,0.0,0.19342640361727081,0.0,0.5
U66106,2019-11-11 16:22:20,0.6691086691086691,0.125,0.0,0.16945984979943973,0.0,0.2857142857142857,0.6288156288156288,0.16666666666666666,0.0,0.0979129253499678,0.0,0.14285714285714285
U84046,2019-11-11 16:22:59,0.8412698412698413,0.09090909090909091,0.0,0.0,0.0,0.0,0.8412698412698413,0.09090909090909091,0.0,0.0,0.0,0.0
U62466,2019-11-11 16:23:00,0.753968253968254,0.06666666666666667,0.0,0.0,0.0,0.0,0.6428571428571429,0.045454545454545456,0.0,0.0,0.0,0.0
U81409,2019-11-11 16:24:32,0.9,0.25,0.43067655807339306,0.43067655807339306,1.0,1.0,0.8333333333333334,0.16666666666666666,0.0,0.3562071871080222,0.0,1.0
U63544,2019-11-11 16:28:54,0.8758620689655172,0.5,0.38356636737133565,0.5987171642521193,0.4,0.8,0.7310344827586207,0.5,0.21398626473452756,0.31608365985743925,0.2,0.4
U14092,2019-11-11 16:32:19,0.6470588235294117,0.14285714285714285,0.0,0.3333333333333333,0.0,1.0,0.7647058823529411,0.2,0.38685280723454163,0.38685280723454163,1.0,1.0
U81864,2019-11-11 16:43:04,0.9666666666666667,0.5,0.6309297535714575,0.6309297535714575,1.0,1.0,0.8666666666666667,0.2,0.38685280723454163,0.38685280723454163,1.0,1.0
U29431,2019-11-11 16:49:33,0.5384615384615384,0.5,0.38685280723454163,0.38685280723454163,0.5,0.5,0.5,0.3333333333333333,0.3065735963827292,0.3065735963827292,0.5,0.5
U32130,2019-11-11 16:49:44,0.7096774193548387,0.1111111111111111,0.0,0.18457569677956817,0.0,0.5,0.7258064516129032,0.1111111111111111,0.0,0.18457569677956817,0.0,0.5
U59963,2019-11-11 16:51:22,0.25490196078431376,0.03225806451612903,0.0,0.0,0.0,0.0,0.15686274509803924,0.025,0.0,0.0,0.0,0.0
U85108,2019-11-11 17:17:47,0.75,0.5,0.6309297535714575,0.6309297535714575,1.0,1.0,0.5,0.3333333333333333,0.5,0.5,1.0,1.0
U30149,2019-11-11 17:26:32,0.7810810810810811,1.0,0.3391602052736161,0.4371994911049732,0.2,0.4,0.7810810810810811,1.0,0.3391602052736161,0.4371994911049732,0.2,0.4
U36594,2019-11-11 17:26:47,0.7777777777777778,1.0,0.5531464700081437,0.7719970585389948,0.4,0.8,0.888888888888889,1.0,0.6843515475204855,0.8051628502199798,0.6,0.8
U74354,2019-11-11 17:32:22,0.509469696969697,0.5,0.21398626473452756,0.13886244387355454,0.09090909090909091,0.09090909090909091,0.39109848484848486,1.0,0.3391602052736161,0.22009176629808017,0.09090909090909091,0.09090909090909091
U87467,2019-11-11 17:35:28,0.6705685618729097,1.0,0.48522855511632257,0.31488013066763093,0.15384615384615385,0.15384615384615385,0.6705685618729097,1.0,0.48522855511632257,0.31488013066763093,0.15384615384615385,0.15384615384615385
U93079,2019-11-11 17:36:46,0.7,0.25,0.2640681225725909,0.45749452618986164,0.5,1.0,0.6,0.16666666666666666,0.0,0.40298313359773236,0.0,1.0
U62605,2019-11-11 17:40:06,0.7231638418079096,0.3333333333333333,0.23463936301137822,0.23463936301137822,0.3333333333333333,0.3333333333333333,0.7288135593220338,0.06666666666666667,0.0,0.0,0.0,0.0
U1327,2019-11-11 17:52:13,0.037037037037037035,0.038461538461538464,0.0,0.0,0.0,0.0,0.0,0.03571428571428571,0.0,0.0,0.0,0.0
U26697,2019-11-11 17:53:29,0.5,0.25,0.2640681225725909,0.2640681225725909,0.5,0.5,0.5454545454545454,0.5,0.38685280723454163,0.38685280723454163,0.5,0.5
U39253,2019-11-11 18:01:16,0.725,1.0,0.5585075862632192,0.6886342695939197,0.5,0.75,0.725,1.0,0.5585075862632192,0.6886342695939197,0.5,0.75
U93766,2019-11-11 18:12:46,0.6714285714285715,0.041666666666666664,0.0,0.0,0.0,0.0,0.5,0.027777777777777776,0.0,0.0,0.0,0.0
U46472,2019-11-11 18:18:21,0.45645645645645644,0.045454545454545456,0.0,0.0,0.0,0.0,0.575075075075075,0.09090909090909091,0.0,0.0,0.0,0.0
U90068,2019-11-11 18:23:05,0.625,0.2,0.23719771276929622,0.41443699955334395,0.5,1.0,0.59375,0.14285714285714285,0.0,0.3889580943680543,0.0,1.0
U63200,2019-11-11 18:25:29,1.0,1.0,1.0,1.0,1.0,1.0,0.9230769230769231,0.3333333333333333,0.5,0.5,1.0,1.0
U91179,2019-11-11 18:30:51,0.959016393442623,0.5,0.38685280723454163,0.6052602440527057,0.5,1.0,0.9098360655737705,0.5,0.38685280723454163,0.38685280723454163,0.5,0.5
U27896,2019-11-11 18:55:05,0.5072859744990892,0.1111111111111111,0.0,0.07075576072108061,0.0,0.1111111111111111,0.5072859744990892,0.1111111111111111,0.0,0.07075576072108061,0.0,0.1111111111111111
U86241,2019-11-11 19:04:01,0.66,1.0,0.3391602052736161,0.5730249097309823,0.2,0.6,0.6679999999999999,1.0,0.3391602052736161,0.4599715079731103,0.2,0.4
U25322,2019-11-11 19:05:48,0.9069069069069069,0.14285714285714285,0.0,0.2920782154400332,0.0,0.6666666666666666,0.7777777777777778,0.09090909090909091,0.0,0.0,0.0,0.0
U46151,2019-11-11 19:11:08,0.3076923076923077,0.1,0.0,0.2890648263178879,0.0,1.0,0.15384615384615385,0.08333333333333333,0.0,0.0,0.0,0.0
U43960,2019-11-11 19:11:17,0.52,0.07692307692307693,0.0,0.0,0.0,0.0,0.56,0.08333333333333333,0.0,0.0,0.0,0.0
U56029,2019-11-11 19:13:19,0.5789473684210527,0.058823529411764705,0.0,0.0,0.0,0.0,0.4473684210526315,0.045454545454545456,0.0,0.0,0.0,0.0
U58960,2019-11-11 19:22:48,0.6129032258064516,0.3333333333333333,0.23463936301137822,0.23463936301137822,0.3333333333333333,0.3333333333333333,0.7419354838709676,0.16666666666666666,0.0,0.3152014104491349,0.0,0.6666666666666666
U8162,2019-11-11 19:33:11,0.5882352941176471,0.125,0.0,0.31546487678572877,0.0,1.0,0.2941176470588235,0.07692307692307693,0.0,0.0,0.0,0.0
U77427,2019-11-11 19:39:12,0.545679012345679,0.125,0.0,0.1480409554829326,0.0,0.3333333333333333,0.708641975308642,0.05263157894736842,0.0,0.0,0.0,0.0
U11241,2019-11-11 20:19:20,0.5570987654320988,0.5,0.21398626473452756,0.19092086617893467,0.16666666666666666,0.16666666666666666,0.5570987654320988,0.5,0.21398626473452756,0.19092086617893467,0.16666666666666666,0.16666666666666666
U2906,2019-11-11 20:19:59,0.6875,0.2,0.23719771276929622,0.23719771276929622,0.5,0.5,0.8125,0.3333333333333333,0.3065735963827292,0.3065735963827292,0.5,0.5
U67571,2019-11-11 20:31:34,0.4347826086956522,0.07142857142857142,0.0,0.0,0.0,0.0,0.5652173913043479,0.09090909090909091,0.0,0.0,0.0,0.0
U71203,2019-11-11 20:42:12,0.39583333333333337,0.1111111111111111,0.0,0.18457569677956817,0.0,0.5,0.27083333333333337,0.07142857142857142,0.0,0.0,0.0,0.0
U11984,2019-11-11 20:44:35,0.6111111111111112,0.25,0.2640681225725909,0.2640681225725909,0.5,0.5,0.5,0.14285714285714285,0.0,0.20438239758848611,0.0,0.5
U56331,2019-11-11 21:12:51,0.35862068965517246,0.06666666666666667,0.0,0.0,0.0,0.0,0.31724137931034485,0.09090909090909091,0.0,0.0,0.0,0.0
U16431,2019-11-11 21:14:58,0.30491803278688523,0.09090909090909091,0.0,0.0,0.0,0.0,0.30491803278688523,0.09090909090909091,0.0,0.0,0.0,0.0
U42077,2019-11-11 21:47:57,0.4318181818181818,0.058823529411764705,0.0,0.0,0.0,0.0,0.6136363636363636,1.0,0.6131471927654584,0.6131471927654584,0.5,0.5
U59046,2019-11-11 21:59:23,0.6243628950050968,0.5,0.21398626473452756,0.1482972305701491,0.1111111111111111,0.1111111111111111,0.6972477064220184,0.2,0.13120507751234178,0.24259634553646303,0.1111111111111111,0.3333333333333333
U47365,2019-11-11 22:02:53,0.5,1.0,0.9197207891481876,0.9197207891481876,1.0,1.0,0.5,1.0,0.9197207891481876,0.9197207891481876,1.0,1.0
U92988,2019-11-11 22:07:04,0.73,1.0,0.5413996682199069,0.6804558477306826,0.5,0.75,0.6733333333333333,1.0,0.3903800499921017,0.3903800499921017,0.25,0.25
U2906,2019-11-11 22:13:58,0.765625,0.25,0.2640681225725909,0.2640681225725909,0.5,0.5,0.8125,0.16666666666666666,0.0,0.40298313359773236,0.0,1.0
U90546,2019-11-11 22:25:47,0.6617647058823529,1.0,0.6131471927654584,0.6131471927654584,0.5,0.5,0.7941176470588236,0.125,0.0,0.37800210039683896,0.0,1.0
U57923,2019-11-11 22:28:25,1.0,1.0,1.0,1.0,1.0,1.0,0.0,0.3333333333333333,0.5,0.5,1.0,1.0
U51406,2019-11-11 22:29:34,0.4944444444444444,0.14285714285714285,0.0,0.15642624200758548,0.0,0.3333333333333333,0.47222222222222215,0.1111111111111111,0.0,0.14126697285982898,0.0,0.3333333333333333
U75905,2019-11-11 22:43:19,0.6363636363636364,0.2,0.38685280723454163,0.38685280723454163,1.0,1.0,0.18181818181818177,0.1,0.0,0.2890648263178879,0.0,1.0
U89995,2019-11-11 22:43:54,0.5892857142857143,1.0,0.5531464700081437,0.4935232796777481,0.3333333333333333,0.3333333333333333,0.5892857142857143,1.0,0.5531464700081437,0.4935232796777481,0.3333333333333333,0.3333333333333333
U44201,2019-11-11 23:22:42,0.08695652173913049,0.045454545454545456,0.0,0.0,0.0,0.0,0.4782608695652174,0.07692307692307693,0.0,0.0,0.0,0.0
U86498,2019-11-11 23:37:52,0.5673758865248227,0.14285714285714285,0.0,0.15642624200758548,0.0,0.3333333333333333,0.5744680851063829,0.5,0.2960819109658652,0.2960819109658652,0.3333333333333333,0.3333333333333333
U74819,2019-11-11 23:48:24,0.027777777777777762,0.014285714285714285,0.0,0.0,0.0,0.0,0.38888888888888895,0.05555555555555555,0.0,0.0,0.0,0.0
U56120,2019-11-11 23:59:44,0.45,0.125,0.0,0.19342640361727081,0.0,0.5,0.22500000000000003,0.06666666666666667,0.0,0.0,0.0,0.0
U32391,2019-11-12 00:31:31,0.5793103448275863,0.017857142857142856,0.0,0.0,0.0,0.0,0.4551724137931034,0.012987012987012988,0.0,0.0,0.0,0.0
U65977,2019-11-12 00:34:44,0.6212121212121212,0.25,0.2640681225725909,0.2640681225725909,0.5,0.5,0.6666666666666667,1.0,0.6131471927654584,0.6131471927654584,0.5,0.5
U25714,2019-11-12 00:42:31,0.4318181818181819,1.0,0.3903800499921017,0.3903800499921017,0.25,0.25,0.4318181818181819,1.0,0.3903800499921017,0.3903800499921017,0.25,0.25
U42967,2019-11-12 00:43:50,0.5720486111111112,0.06666666666666667,0.0,0.0,0.0,0.0,0.6770833333333334,0.5,0.21398626473452756,0.1482972305701491,0.1111111111111111,0.1111111111111111
U26500,2019-11-12 00:44:35,0.7193396226415095,0.16666666666666666,0.0,0.13905617951077562,0.0,0.25,0.5825471698113207,0.047619047619047616,0.0,0.0,0.0,0.0
U13902,2019-11-12 01:47:24,0.4363636363636364,0.05263157894736842,0.0,0.0,0.0,0.0,0.30454545454545456,0.03333333333333333,0.0,0.0,0.0,0.0
U63784,2019-11-12 02:07:27,0.4749999999999999,0.25,0.20210734650054757,0.20210734650054757,0.3333333333333333,0.3333333333333333,0.5916666666666667,0.5,0.2960819109658652,0.2960819109658652,0.3333333333333333,0.3333333333333333
U62999,2019-11-12 02:16:08,0.6538461538461539,1.0,0.5585075862632192,0.6816587806335841,0.5,0.75,0.6730769230769231,1.0,0.5855700749881525,0.7087212693585175,0.5,0.75
U72817,2019-11-12 02:17:29,0.6836734693877551,0.16666666666666666,0.0,0.16716045496620227,0.0,0.3333333333333333,0.6462585034013605,0.2,0.18154179253735267,0.18154179253735267,0.3333333333333333,0.3333333333333333
U80948,2019-11-12 02:23:29,0.39723032069970843,0.05555555555555555,0.0,0.0,0.0,0.0,0.5240524781341107,1.0,0.3391602052736161,0.27487633291429087,0.14285714285714285,0.14285714285714285
U51286,2019-11-12 02:32:12,0.74,0.3333333333333333,0.4367467095119258,0.4367467095119258,0.6666666666666666,0.6666666666666666,0.5866666666666667,0.08333333333333333,0.0,0.0,0.0,0.0
U84434,2019-11-12 02:39:02,0.5487804878048781,0.2,0.23719771276929622,0.23719771276929622,0.5,0.5,0.5487804878048781,0.25,0.2640681225725909,0.2640681225725909,0.5,0.5
U54856,2019-11-12 02:44:05,0.5555555555555556,0.14285714285714285,0.0,0.20438239758848611,0.0,0.5,0.5555555555555556,0.25,0.2640681225725909,0.2640681225725909,0.5,0.5
U22404,2019-11-12 02:44:59,0.5666666666666667,1.0,0.5087403079104241,0.4539036202482202,0.3333333333333333,0.3333333333333333,0.7444444444444446,0.5,0.34519134224686937,0.49453629562982354,0.3333333333333333,0.6666666666666666
U12849,2019-11-12 02:45:17,0.7999999999999999,0.3333333333333333,0.19519002499605084,0.19519002499605084,0.25,0.25,0.632258064516129,0.034482758620689655,0.0,0.0,0.0,0.0
U73769,2019-11-12 02:47:37,0.513157894736842,0.058823529411764705,0.0,0.0,0.0,0.0,0.2894736842105263,0.037037037037037035,0.0,0.0,0.0,0.0
U84229,2019-11-12 03:00:01,0.8484848484848484,1.0,0.5531464700081437,0.7622369974983191,0.4,0.8,0.6909090909090909,0.5,0.38356636737133565,0.38356636737133565,0.4,0.4
U11711,2019-11-12 03:16:21,0.6082251082251082,1.0,0.3391602052736161,0.2863459897524692,0.08333333333333333,0.16666666666666666,0.5324675324675325,0.25,0.14606834984270645,0.2426178552850034,0.08333333333333333,0.25
U61024,2019-11-12 03:20:18,0.6666666666666667,0.5,0.6309297535714575,0.6309297535714575,1.0,1.0,0.33333333333333337,0.3333333333333333,0.5,0.5,1.0,1.0
U50146,2019-11-12 03:27:52,0.8090909090909091,0.5,0.34519134224686937,0.42331179510529354,0.2,0.5,0.8090909090909091,0.5,0.34519134224686937,0.42331179510529354,0.2,0.5
U19752,2019-11-12 03:29:00,0.5379098360655737,0.16666666666666666,0.0,0.13905617951077562,0.0,0.25,0.5338114754098361,0.25,0.16812753627111746,0.16812753627111746,0.25,0.25
U54735,2019-11-12 03:29:43,0.8636363636363636,0.06666666666666667,0.0,0.0,0.0,0.0,0.9008264462809917,0.08333333333333333,0.0,0.0,0.0,0.0
U28897,2019-11-12 03:39:23,0.7118644067796609,0.08333333333333333,0.0,0.0,0.0,0.0,0.5720338983050848,0.034482758620689655,0.0,0.0,0.0,0.0
U89836,2019-11-12 03:45:13,0.5857142857142857,0.5,0.24630238874073,0.24630238874073,0.25,0.25,0.5857142857142857,0.5,0.24630238874073,0.24630238874073,0.25,0.25
U30611,2019-11-12 03:51:53,0.6130268199233716,0.125,0.0,0.1480409554829326,0.0,0.3333333333333333,0.6819923371647509,0.058823529411764705,0.0,0.0,0.0,0.0
U36075,2019-11-12 04:00:51,0.19999999999999996,0.04,0.0,0.0,0.0,0.0,0.19999999999999996,0.04,0.0,0.0,0.0,0.0
U55215,2019-11-12 04:17:23,0.7384615384615385,0.05555555555555555,0.0,0.0,0.0,0.0,0.7230769230769231,0.05263157894736842,0.0,0.0,0.0,0.0
U24580,2019-11-12 04:20:44,0.613861386138614,0.125,0.0,0.123151194370365,0.0,0.25,0.5420792079207921,0.05555555555555555,0.0,0.0,0.0,0.0
U38409,2019-11-12 04:22:53,0.8776595744680852,0.25,0.2640681225725909,0.2640681225725909,0.5,0.5,0.7978723404255319,0.5,0.38685280723454163,0.38685280723454163,0.5,0.5
U2950,2019-11-12 04:28:13,0.590566037735849,1.0,0.5531464700081437,0.42838543210841196,0.2,0.3,0.5481132075471697,0.5,0.21398626473452756,0.2082936658103318,0.1,0.2
U74354,2019-11-12 04:33:33,0.6041666666666666,0.2,0.18154179253735267,0.3295827480202853,0.3333333333333333,0.6666666666666666,0.4305555555555555,0.058823529411764705,0.0,0.0,0.0,0.0
U57495,2019-11-12 04:39:23,0.92,0.3333333333333333,0.5,0.5,1.0,1.0,0.96,0.5,0.6309297535714575,0.6309297535714575,1.0,1.0
U6190,2019-11-12 04:42:44,0.6828125,1.0,0.3391602052736161,0.3391602052736161,0.2,0.2,0.515625,0.2,0.13120507751234178,0.13120507751234178,0.2,0.2
U87790,2019-11-12 04:55:17,0.6342329545454546,0.3333333333333333,0.30078518014914984,0.19518900079066107,0.125,0.125,0.6342329545454546,0.3333333333333333,0.30078518014914984,0.19518900079066107,0.125,0.125
U6679,2019-11-12 04:58:18,0.4285714285714286,0.2,0.38685280723454163,0.38685280723454163,1.0,1.0,0.8571428571428572,0.5,0.6309297535714575,0.6309297535714575,1.0,1.0
U24671,2019-11-12 05:03:20,0.8379310344827586,0.1111111111111111,0.0,0.18457569677956817,0.0,0.5,0.6862068965517242,0.03571428571428571,0.0,0.0,0.0,0.0
U31282,2019-11-12 05:03:52,0.7428571428571429,0.3333333333333333,0.16958010263680806,0.13743816645714543,0.14285714285714285,0.14285714285714285,0.4605042016806723,0.05263157894736842,0.0,0.0,0.0,0.0
U64672,2019-11-12 05:09:42,0.8762376237623762,0.5,0.24630238874073,0.3638184934971571,0.25,0.5,0.8762376237623762,0.5,0.24630238874073,0.3638184934971571,0.25,0.5
U23105,2019-11-12 05:11:10,0.6634225466342255,0.3333333333333333,0.16958010263680806,0.19587129117873778,0.1111111111111111,0.2222222222222222,0.781021897810219,0.125,0.0,0.07414861528507455,0.0,0.1111111111111111
U58715,2019-11-12 05:14:00,0.5208333333333334,0.3333333333333333,0.23463936301137822,0.38268031849431083,0.3333333333333333,0.6666666666666666,0.5625,0.25,0.38364913903790027,0.38364913903790027,0.6666666666666666,0.6666666666666666
U63968,2019-11-12 05:16:27,0.0,0.25,0.43067655807339306,0.43067655807339306,1.0,1.0,0.0,0.25,0.43067655807339306,0.43067655807339306,1.0,1.0
U89717,2019-11-12 05:17:59,0.5239130434782608,0.03571428571428571,0.0,0.0,0.0,0.0,0.4608695652173913,0.02702702702702703,0.0,0.0,0.0,0.0
U29544,2019-11-12 05:18:29,0.5537037037037036,0.045454545454545456,0.0,0.0,0.0,0.0,0.5537037037037036,0.045454545454545456,0.0,0.0,0.0,0.0
U58622,2019-11-12 05:19:49,0.5975609756097561,1.0,0.6131471927654584,0.6131471927654584,0.5,0.5,0.5365853658536586,0.16666666666666666,0.0,0.21840743681816419,0.0,0.5
U28720,2019-11-12 05:22:40,0.7766599597585513,1.0,0.3391602052736161,0.36650177721905447,0.14285714285714285,0.2857142857142857,0.6539235412474849,0.5,0.21398626473452756,0.265053101293003,0.14285714285714285,0.2857142857142857
U36220,2019-11-12 05:28:30,0.6944444444444444,0.08333333333333333,0.0,0.0,0.0,0.0,0.6666666666666667,0.07692307692307693,0.0,0.0,0.0,0.0
U70424,2019-11-12 05:29:06,0.45833333333333337,0.3333333333333333,0.30078518014914984,0.30078518014914984,0.4,0.4,0.6333333333333334,1.0,0.5531464700081437,0.6601396023754075,0.4,0.6
U2307,2019-11-12 05:33:52,0.625,1.0,0.6366824387328317,0.6366824387328317,0.5,0.5,0.55,0.3333333333333333,0.36331756126716835,0.36331756126716835,0.5,0.5
U90404,2019-11-12 05:39:52,0.10416666666666669,0.043478260869565216,0.0,0.0,0.0,0.0,0.08333333333333331,0.043478260869565216,0.0,0.0,0.0,0.0
U32894,2019-11-12 05:41:10,0.5,0.5,0.38685280723454163,0.5714285040141098,0.5,1.0,0.44047619047619047,0.14285714285714285,0.0,0.20438239758848611,0.0,0.5
U59440,2019-11-12 05:42:15,0.745,0.05555555555555555,0.0,0.0,0.0,0.0,0.6016666666666667,0.034482758620689655,0.0,0.0,0.0,0.0
U78312,2019-11-12 05:44:30,0.75,0.3333333333333333,0.5,0.5,1.0,1.0,1.0,1.0,1.0,1.0,1.0,1.0
U78800,2019-11-12 05:49:43,0.49523809523809526,0.125,0.0,0.2090905274901754,0.0,0.4,0.49523809523809526,0.125,0.0,0.2090905274901754,0.0,0.4
U70869,2019-11-12 05:58:36,0.925531914893617,0.2,0.23719771276929622,0.23719771276929622,0.5,0.5,0.9095744680851063,0.125,0.0,0.19342640361727081,0.0,0.5
U40767,2019-11-12 05:59:00,0.5,1.0,0.46927872602275644,0.46927872602275644,0.3333333333333333,0.3333333333333333,0.423076923076923,0.16666666666666666,0.0,0.16716045496620227,0.0,0.3333333333333333
U28874,2019-11-12 06:00:53,0.5,0.5,0.24630238874073,0.24630238874073,0.25,0.25,0.625,0.16666666666666666,0.0,0.2622073738811406,0.0,0.5
U80732,2019-11-12 06:01:38,0.6920222634508348,0.2,0.13120507751234178,0.28370668581296504,0.14285714285714285,0.42857142857142855,0.6920222634508348,0.2,0.13120507751234178,0.28370668581296504,0.14285714285714285,0.42857142857142855
U55166,2019-11-12 06:02:13,0.33333333333333337,0.07692307692307693,0.0,0.0,0.0,0.0,0.2777777777777778,0.07142857142857142,0.0,0.0,0.0,0.0
U53642,2019-11-12 06:04:34,0.2179487179487179,0.058823529411764705,0.0,0.0,0.0,0.0,0.2179487179487179,0.058823529411764705,0.0,0.0,0.0,0.0
U83072,2019-11-12 06:05:01,0.8639999999999999,0.5,0.36005461457723403,0.36005461457723403,0.4,0.4,0.7573333333333333,0.2,0.13120507751234178,0.13120507751234178,0.2,0.2
U13433,2019-11-12 06:06:12,0.7222222222222223,1.0,0.3903800499921017,0.6436579276931672,0.25,0.75,0.6574074074074074,0.2,0.15101961822780524,0.39399144290744104,0.25,0.75
U19544,2019-11-12 06:09:51,0.6948717948717948,0.16666666666666666,0.0,0.14465249243306436,0.0,0.15384615384615385,0.5982905982905983,0.07692307692307693,0.0,0.0,0.0,0.0
U47914,2019-11-12 06:13:26,0.6619047619047619,0.04,0.0,0.0,0.0,0.0,0.7761904761904762,0.25,0.2640681225725909,0.2640681225725909,0.5,0.5
U75524,2019-11-12 06:14:19,0.6721311475409837,0.25,0.16812753627111746,0.16812753627111746,0.25,0.25,0.5573770491803279,0.0625,0.0,0.0,0.0,0.0
U7456,2019-11-12 06:15:34,0.5,0.125,0.0,0.19342640361727081,0.0,0.5,0.4772727272727273,0.125,0.0,0.19342640361727081,0.0,0.5
U90895,2019-11-12 06:18:01,0.6363636363636364,0.2,0.38685280723454163,0.38685280723454163,1.0,1.0,0.36363636363636365,0.125,0.0,0.31546487678572877,0.0,1.0
U93117,2019-11-12 06:21:29,0.0,0.09090909090909091,0.0,0.0,0.0,0.0,0.4,0.14285714285714285,0.0,0.3333333333333333,0.0,1.0
U74135,2019-11-12 06:26:20,0.25,0.2,0.23719771276929622,0.4415801103577823,0.5,1.0,0.08333333333333331,0.16666666666666666,0.0,0.41183384043543503,0.0,1.0
U80400,2019-11-12 06:26:44,1.0,1.0,1.0,1.0,1.0,1.0,1.0,1.0,1.0,1.0,1.0,1.0
U59527,2019-11-12 06:27:08,1.0,1.0,1.0,1.0,1.0,1.0,1.0,1.0,1.0,1.0,1.0,1.0
U25665,2019-11-12 06:29:19,0.6666666666666666,1.0,0.7039180890341347,0.7039180890341347,0.6666666666666666,0.6666666666666666,0.6568627450980392,0.5,0.5307212739772434,0.5307212739772434,0.6666666666666666,0.6666666666666666
U760,2019-11-12 06:30:47,0.5166666666666666,1.0,0.46927872602275644,0.46927872602275644,0.3333333333333333,0.3333333333333333,0.42499999999999993,0.5,0.2960819109658652,0.2960819109658652,0.3333333333333333,0.3333333333333333
U9089,2019-11-12 06:30:57,0.5714285714285714,0.25,0.43067655807339306,0.43067655807339306,1.0,1.0,1.0,1.0,1.0,1.0,1.0,1.0
U90823,2019-11-12 06:33:06,0.6637931034482759,0.3333333333333333,0.19519002499605084,0.312706129752478,0.25,0.5,0.5775862068965517,0.2,0.15101961822780524,0.15101961822780524,0.25,0.25
U88052,2019-11-12 06:34:39,0.8333333333333333,1.0,0.7653606369886217,0.9217868789962071,0.6666666666666666,1.0,0.875,1.0,0.7653606369886217,0.9325210919548239,0.6666666666666666,1.0
U24339,2019-11-12 06:35:45,0.5066666666666666,0.1111111111111111,0.0,0.10209739512291163,0.0,0.2,0.648,0.2,0.13120507751234178,0.13120507751234178,0.2,0.2
U26842,2019-11-12 06:36:27,0.519163763066202,0.16666666666666666,0.0,0.18953836965473142,0.0,0.2857142857142857,0.5679442508710801,0.16666666666666666,0.0,0.1773700047827352,0.0,0.2857142857142857
U26106,2019-11-12 06:37:25,0.5,0.1,0.0,0.2890648263178879,0.0,1.0,0.9444444444444444,0.5,0.6309297535714575,0.6309297535714575,1.0,1.0
U86722,2019-11-12 06:39:27,0.7016129032258064,0.5,0.24630238874073,0.24630238874073,0.25,0.25,0.6129032258064515,0.08333333333333333,0.0,0.0,0.0,0.0
U8368,2019-11-12 06:56:18,0.0,0.125,0.0,0.42495990177520937,0.0,1.0,0.09523809523809523,0.16666666666666666,0.0,0.44407940125847906,0.0,1.0
U39867,2019-11-12 06:59:00,0.5802469135802469,0.5,0.2960819109658652,0.2960819109658652,0.3333333333333333,0.3333333333333333,0.5185185185185186,0.16666666666666666,0.0,0.16716045496620227,0.0,0.3333333333333333
U55067,2019-11-12 07:05:30,0.6206896551724138,0.08333333333333333,0.0,0.0,0.0,0.0,0.9655172413793104,0.5,0.6309297535714575,0.6309297535714575,1.0,1.0
U64364,2019-11-12 07:18:10,0.8363636363636364,0.16666666666666666,0.0,0.21840743681816419,0.0,0.5,0.8999999999999999,0.25,0.2640681225725909,0.44130740935663865,0.5,1.0
U24042,2019-11-12 07:21:54,0.7192982456140351,0.058823529411764705,0.0,0.0,0.0,0.0,0.5087719298245614,0.034482758620689655,0.0,0.0,0.0,0.0
U43177,2019-11-12 07:23:06,0.6710526315789473,0.2,0.23719771276929622,0.23719771276929622,0.5,0.5,0.8947368421052632,0.3333333333333333,0.3065735963827292,0.5,0.5,1.0
U70786,2019-11-12 07:32:15,0.5,0.058823529411764705,0.0,0.0,0.0,0.0,0.33333333333333337,0.05263157894736842,0.0,0.0,0.0,0.0
U88083,2019-11-12 07:35:12,0.7121212121212122,0.125,0.0,0.19342640361727081,0.0,0.5,0.8181818181818181,1.0,0.6131471927654584,0.6131471927654584,0.5,0.5
U20287,2019-11-12 07:36:45,0.7901234567901234,0.5,0.49818925746641285,0.49818925746641285,0.6666666666666666,0.6666666666666666,0.7407407407407407,0.3333333333333333,0.23463936301137822,0.40179981797758046,0.3333333333333333,0.6666666666666666
U88315,2019-11-12 07:37:27,0.0,0.5,0.6309297535714575,0.6309297535714575,1.0,1.0,0.0,0.5,0.6309297535714575,0.6309297535714575,1.0,1.0
U76785,2019-11-12 07:38:30,0.7727272727272727,0.16666666666666666,0.0,0.13905617951077562,0.0,0.25,0.6915584415584415,0.0625,0.0,0.0,0.0,0.0
U81994,2019-11-12 07:38:35,1.0,1.0,1.0,1.0,1.0,1.0,0.0,0.5,0.6309297535714575,0.6309297535714575,1.0,1.0
U83303,2019-11-12 07:44:59,0.6666666666666666,1.0,0.7039180890341347,0.8451850618939637,0.6666666666666666,1.0,0.6666666666666666,1.0,0.7039180890341347,0.8451850618939637,0.6666666666666666,1.0
U26527,2019-11-12 07:47:29,0.5714285714285714,0.25,0.43067655807339306,0.43067655807339306,1.0,1.0,0.5714285714285714,0.25,0.43067655807339306,0.43067655807339306,1.0,1.0
U49623,2019-11-12 07:51:07,0.5333333333333333,0.06666666666666667,0.0,0.0,0.0,0.0,0.3722222222222222,0.03333333333333333,0.0,0.0,0.0,0.0
U11135,2019-11-12 07:57:15,0.8317972350230414,1.0,0.4703652827859579,0.4606700933772881,0.2857142857142857,0.42857142857142855,0.8317972350230414,1.0,0.4703652827859579,0.4606700933772881,0.2857142857142857,0.42857142857142855
U81530,2019-11-12 07:58:15,0.08510638297872342,0.023255813953488372,0.0,0.0,0.0,0.0,0.08510638297872342,0.023255813953488372,0.0,0.0,0.0,0.0
U29431,2019-11-12 07:59:31,0.7818181818181819,1.0,0.6131471927654584,0.6131471927654584,0.5,0.5,0.7545454545454545,0.5,0.38685280723454163,0.38685280723454163,0.5,0.5
U88033,2019-11-12 08:01:21,0.6884057971014492,0.1111111111111111,0.0,0.14126697285982898,0.0,0.3333333333333333,0.4927536231884058,0.05263157894736842,0.0,0.0,0.0,0.0
U33418,2019-11-12 08:01:23,0.7000000000000001,0.2,0.23719771276929622,0.4415801103577823,0.5,1.0,0.5333333333333333,0.14285714285714285,0.0,0.38162168437253385,0.0,1.0
U28094,2019-11-12 08:03:33,0.2027027027027027,0.03125,0.0,0.0,0.0,0.0,0.13513513513513514,0.02857142857142857,0.0,0.0,0.0,0.0
U65019,2019-11-12 08:07:13,0.2692307692307693,0.05,0.0,0.0,0.0,0.0,0.8846153846153846,0.25,0.43067655807339306,0.43067655807339306,1.0,1.0
U55908,2019-11-12 08:09:35,0.5346153846153846,0.09090909090909091,0.0,0.0,0.0,0.0,0.43846153846153846,0.043478260869565216,0.0,0.0,0.0,0.0
U18284,2019-11-12 08:11:16,0.552,0.3333333333333333,0.16958010263680806,0.16958010263680806,0.2,0.2,0.552,0.3333333333333333,0.16958010263680806,0.16958010263680806,0.2,0.2
U51937,2019-11-12 08:12:03,0.0,0.25,0.43067655807339306,0.43067655807339306,1.0,1.0,0.0,0.25,0.43067655807339306,0.43067655807339306,1.0,1.0
U11236,2019-11-12 08:12:36,0.7322695035460993,0.14285714285714285,0.0,0.18833918526767932,0.0,0.3333333333333333,0.6294326241134752,0.08333333333333333,0.0,0.0,0.0,0.0
U77149,2019-11-12 08:15:24,0.3125,0.16666666666666666,0.0,0.41183384043543503,0.0,1.0,0.3125,0.16666666666666666,0.0,0.41183384043543503,0.0,1.0
U14860,2019-11-12 08:15:42,0.478134110787172,0.07142857142857142,0.0,0.0,0.0,0.0,0.478134110787172,0.07142857142857142,0.0,0.0,0.0,0.0
U85998,2019-11-12 08:19:33,0.2941176470588235,0.07692307692307693,0.0,0.0,0.0,0.0,0.4117647058823529,0.09090909090909091,0.0,0.0,0.0,0.0
U4802,2019-11-12 08:19:34,0.7578947368421053,0.5,0.36005461457723403,0.3712675293763698,0.2857142857142857,0.42857142857142855,0.6330827067669172,0.3333333333333333,0.16958010263680806,0.22906361076190904,0.14285714285714285,0.2857142857142857
U59863,2019-11-12 08:22:28,0.7721417069243156,0.2,0.13120507751234178,0.15887143153726957,0.1111111111111111,0.2222222222222222,0.715780998389694,0.5,0.21398626473452756,0.1482972305701491,0.1111111111111111,0.1111111111111111
U80878,2019-11-12 08:23:03,0.8333333333333334,1.0,0.8503449055347546,0.8503449055347546,1.0,1.0,0.7777777777777778,1.0,0.6131471927654584,0.8315546295836225,0.5,1.0
U73861,2019-11-12 08:24:18,0.5298701298701298,0.125,0.0,0.13305201013572898,0.0,0.18181818181818182,0.5766233766233766,0.125,0.0,0.06943122193677727,0.0,0.09090909090909091
U38921,2019-11-12 08:24:27,0.6666666666666667,0.25,0.43067655807339306,0.43067655807339306,1.0,1.0,0.6666666666666667,0.25,0.43067655807339306,0.43067655807339306,1.0,1.0
U63200,2019-11-12 08:46:35,0.4375,0.08333333333333333,0.0,0.0,0.0,0.0,0.4583333333333333,0.09090909090909091,0.0,0.0,0.0,0.0
U20922,2019-11-12 08:47:46,0.4166666666666667,0.1111111111111111,0.0,0.18457569677956817,0.0,0.5,0.3055555555555555,0.09090909090909091,0.0,0.0,0.0,0.0
U16818,2019-11-12 08:50:45,0.6875,0.3333333333333333,0.3065735963827292,0.3065735963827292,0.5,0.5,0.578125,0.125,0.0,0.19342640361727081,0.0,0.5
U2906,2019-11-12 08:51:54,0.8974358974358974,0.5,0.5307212739772434,0.6719882468370725,0.6666666666666666,1.0,0.8589743589743589,0.25,0.20210734650054757,0.5256940434743352,0.3333333333333333,1.0
U27166,2019-11-12 08:53:17,0.11111111111111116,0.1111111111111111,0.0,0.3010299956639812,0.0,1.0,0.0,0.1,0.0,0.2890648263178879,0.0,1.0
U22352,2019-11-12 09:33:49,0.5869565217391305,1.0,0.5413996682199069,0.5413996682199069,0.5,0.5,0.5652173913043478,0.5,0.3973220069685352,0.3973220069685352,0.5,0.5
U14929,2019-11-12 09:35:21,0.625,0.14285714285714285,0.0,0.3333333333333333,0.0,1.0,0.875,0.3333333333333333,0.5,0.5,1.0,1.0
U34090,2019-11-12 09:46:46,0.9166666666666667,1.0,0.9197207891481876,0.9197207891481876,1.0,1.0,0.5,0.25,0.5012658353418871,0.5012658353418871,1.0,1.0
U28273,2019-11-12 09:55:40,0.5,0.08333333333333333,0.0,0.0,0.0,0.0,0.5,0.08333333333333333,0.0,0.0,0.0,0.0
U44201,2019-11-12 10:03:02,0.28125,0.041666666666666664,0.0,0.0,0.0,0.0,0.15625,0.03571428571428571,0.0,0.0,0.0,0.0
U69910,2019-11-12 10:04:13,0.39583333333333326,0.1,0.0,0.13565197343244778,0.0,0.3333333333333333,0.39583333333333326,0.1,0.0,0.13565197343244778,0.0,0.3333333333333333
U85614,2019-11-12 10:07:06,0.6666666666666666,1.0,0.6131471927654584,0.6131471927654584,0.5,0.5,0.5625,0.3333333333333333,0.3065735963827292,0.3065735963827292,0.5,0.5
U23824,2019-11-12 10:13:44,0.6177777777777778,0.25,0.14606834984270645,0.26687965254220064,0.2,0.4,0.5155555555555555,0.3333333333333333,0.16958010263680806,0.26761938846816513,0.2,0.4
U45342,2019-11-12 10:18:50,0.9622641509433962,0.3333333333333333,0.5706417189553201,0.5706417189553201,1.0,1.0,0.7924528301886793,0.1111111111111111,0.0,0.18457569677956817,0.0,0.5
U22404,2019-11-12 10:19:25,0.67,0.5,0.21398626473452756,0.42507895232375664,0.2,0.6,0.5900000000000001,0.5,0.36005461457723403,0.36005461457723403,0.4,0.4
U26390,2019-11-12 10:19:28,0.6764705882352942,0.07692307692307693,0.0,0.0,0.0,0.0,0.6029411764705882,0.09090909090909091,0.0,0.0,0.0,0.0
U26908,2019-11-12 10:24:20,0.7954545454545455,0.25,0.2640681225725909,0.45749452618986164,0.5,1.0,0.6818181818181818,0.25,0.2640681225725909,0.2640681225725909,0.5,0.5
U11171,2019-11-12 10:25:59,0.6153846153846154,0.2,0.18154179253735267,0.3171937659698004,0.3333333333333333,0.6666666666666666,0.47435897435897434,0.1111111111111111,0.0,0.14126697285982898,0.0,0.3333333333333333
U47201,2019-11-12 10:26:28,0.17105263157894737,0.09090909090909091,0.0,0.0,0.0,0.0,0.381578947368421,0.3333333333333333,0.19519002499605084,0.19519002499605084,0.25,0.25
U63554,2019-11-12 10:27:21,0.7368421052631579,0.16666666666666666,0.0,0.3235866969737877,0.0,0.6666666666666666,0.6491228070175439,0.1,0.0,0.13565197343244778,0.0,0.3333333333333333
U2952,2019-11-12 10:29:59,0.6647093364650616,1.0,0.5531464700081437,0.5036067026046991,0.15384615384615385,0.3076923076923077,0.6647093364650616,1.0,0.5531464700081437,0.5036067026046991,0.15384615384615385,0.3076923076923077
U20308,2019-11-12 10:30:48,0.503921568627451,1.0,0.6164336326286644,0.47338717040861195,0.2,0.26666666666666666,0.503921568627451,1.0,0.6164336326286644,0.47338717040861195,0.2,0.26666666666666666
U17232,2019-11-12 10:34:25,0.5101351351351351,0.3333333333333333,0.16958010263680806,0.19958818982773852,0.125,0.25,0.4527027027027027,0.3333333333333333,0.16958010263680806,0.20261469210121208,0.125,0.25
U15553,2019-11-12 10:34:50,0.6,0.14285714285714285,0.0,0.20438239758848611,0.0,0.5,0.6,0.2,0.23719771276929622,0.23719771276929622,0.5,0.5
U58715,2019-11-12 10:37:18,0.7272727272727273,0.125,0.0,0.19342640361727081,0.0,0.5,0.6666666666666666,0.14285714285714285,0.0,0.20438239758848611,0.0,0.5
U42943,2019-11-12 10:37:23,0.9296875,0.5,0.38685280723454163,0.5640920940185894,0.5,1.0,0.890625,0.2,0.23719771276929622,0.23719771276929622,0.5,0.5
U53059,2019-11-12 10:41:20,0.693089430894309,1.0,0.48522855511632257,0.6281870480351033,0.3333333333333333,0.6666666666666666,0.7398373983739837,0.3333333333333333,0.3156484524795145,0.38249244382604847,0.3333333333333333,0.5
U11921,2019-11-12 10:42:47,0.5882352941176471,0.125,0.0,0.31546487678572877,0.0,1.0,0.17647058823529416,0.06666666666666667,0.0,0.0,0.0,0.0
U27804,2019-11-12 10:42:56,0.6621621621621622,0.058823529411764705,0.0,0.0,0.0,0.0,0.6891891891891891,0.09090909090909091,0.0,0.0,0.0,0.0
U62803,2019-11-12 10:45:07,0.5,1.0,1.0,1.0,1.0,1.0,0.5,1.0,1.0,1.0,1.0,1.0
U47158,2019-11-12 10:45:31,0.9642857142857143,0.5,0.6309297535714575,0.6309297535714575,1.0,1.0,1.0,1.0,1.0,1.0,1.0,1.0
U62803,2019-11-12 10:46:02,1.0,1.0,1.0,1.0,1.0,1.0,1.0,1.0,1.0,1.0,1.0,1.0
U79955,2019-11-12 10:52:43,0.15086206896551724,0.07142857142857142,0.0,0.0,0.0,0.0,0.2586206896551724,0.07142857142857142,0.0,0.0,0.0,0.0
U51715,2019-11-12 10:57:28,1.0,1.0,1.0,1.0,1.0,1.0,1.0,1.0,1.0,1.0,1.0,1.0
U55512,2019-11-12 11:01:43,0.5977011494252873,0.16666666666666666,0.0,0.30281242839865,0.0,0.6666666666666666,0.5977011494252873,0.16666666666666666,0.0,0.30281242839865,0.0,0.6666666666666666
U90413,2019-11-12 11:03:07,0.35714285714285715,0.2,0.23719771276929622,0.4415801103577823,0.5,1.0,0.35714285714285715,0.2,0.23719771276929622,0.4415801103577823,0.5,1.0
U84434,2019-11-12 11:03:11,0.33333333333333337,0.16666666666666666,0.0,0.21840743681816419,0.0,0.5,0.4166666666666667,0.25,0.2640681225725909,0.2640681225725909,0.5,0.5
U90068,2019-11-12 11:08:23,0.7368421052631579,0.3333333333333333,0.3065735963827292,0.48381288316677695,0.5,1.0,0.5789473684210527,0.3333333333333333,0.3065735963827292,0.3065735963827292,0.5,0.5
U13087,2019-11-12 11:08:44,1.0,1.0,1.0,1.0,1.0,1.0,1.0,1.0,1.0,1.0,1.0,1.0
U27353,2019-11-12 11:08:44,1.0,1.0,1.0,1.0,1.0,1.0,0.6666666666666666,0.2,0.38685280723454163,0.38685280723454163,1.0,1.0
U82214,2019-11-12 11:12:27,0.16666666666666663,0.0625,0.0,0.0,0.0,0.0,0.16666666666666663,0.0625,0.0,0.0,0.0,0.0
U72718,2019-11-12 11:13:18,0.7805555555555556,1.0,0.6548086577531307,0.5279455476191027,0.3333333333333333,0.4444444444444444,0.8138888888888889,0.5,0.5147714448836774,0.5084163508138547,0.3333333333333333,0.5555555555555556
U16822,2019-11-12 11:14:47,0.7916666666666667,0.5,0.6096199500078984,0.7486761295186739,0.75,1.0,0.7916666666666667,0.5,0.6096199500078984,0.7486761295186739,0.75,1.0
U76617,2019-11-12 11:16:00,0.77,0.5,0.44149241373678083,0.5716190970674814,0.5,0.75,0.75,0.5,0.44149241373678083,0.44149241373678083,0.5,0.5
U89223,2019-11-12 11:17:55,0.7653061224489797,0.5,0.4144299250118475,0.4144299250118475,0.5,0.5,0.7959183673469388,0.25,0.16812753627111746,0.298254219601818,0.25,0.5
U30135,2019-11-12 11:18:43,0.5348837209302325,0.3333333333333333,0.23463936301137822,0.23463936301137822,0.3333333333333333,0.3333333333333333,0.4534883720930233,0.1,0.0,0.13565197343244778,0.0,0.3333333333333333
U37990,2019-11-12 11:19:08,0.6991869918699186,0.08333333333333333,0.0,0.0,0.0,0.0,0.7398373983739838,0.5,0.2960819109658652,0.2960819109658652,0.3333333333333333,0.3333333333333333
U59079,2019-11-12 11:21:05,0.14942528735632188,0.013333333333333334,0.0,0.0,0.0,0.0,0.12643678160919536,0.012987012987012988,0.0,0.0,0.0,0.0
U93082,2019-11-12 11:25:48,0.8088235294117647,1.0,0.6131471927654584,0.6131471927654584,0.5,0.5,0.7352941176470589,0.3333333333333333,0.3065735963827292,0.3065735963827292,0.5,0.5
U67656,2019-11-12 11:26:35,0.0,0.25,0.43067655807339306,0.43067655807339306,1.0,1.0,0.0,0.25,0.43067655807339306,0.43067655807339306,1.0,1.0
U75134,2019-11-12 11:30:30,0.3846153846153846,0.2,0.23719771276929622,0.23719771276929622,0.5,0.5,0.7692307692307693,1.0,0.6131471927654584,0.8065735963827293,0.5,1.0
U22273,2019-11-12 11:30:43,0.6318181818181818,0.5,0.21398626473452756,0.32097939710179135,0.2,0.4,0.509090909090909,0.3333333333333333,0.16958010263680806,0.16958010263680806,0.2,0.2
U65590,2019-11-12 11:31:42,0.6785714285714286,0.3333333333333333,0.3065735963827292,0.3065735963827292,0.5,0.5,0.5178571428571429,0.0625,0.0,0.0,0.0,0.0
U64661,2019-11-12 11:32:11,0.3092369477911646,0.07692307692307693,0.0,0.0,0.0,0.0,0.22489959839357426,0.030303030303030304,0.0,0.0,0.0,0.0
U70912,2019-11-12 11:33:28,0.3448275862068966,0.05,0.0,0.0,0.0,0.0,0.4137931034482759,0.05555555555555555,0.0,0.0,0.0,0.0
U46733,2019-11-12 11:35:03,0.32916666666666666,0.038461538461538464,0.0,0.0,0.0,0.0,0.4708333333333333,0.09090909090909091,0.0,0.0,0.0,0.0
U85774,2019-11-12 11:35:10,0.256578947368421,0.045454545454545456,0.0,0.0,0.0,0.0,0.26315789473684215,0.047619047619047616,0.0,0.0,0.0,0.0
U27637,2019-11-12 11:35:25,0.8571428571428571,1.0,0.8772153153380493,0.8772153153380493,1.0,1.0,0.7857142857142857,0.5,0.6509209298071326,0.6509209298071326,1.0,1.0
U93797,2019-11-12 11:38:47,0.48977272727272736,0.16666666666666666,0.0,0.1208113026994942,0.0,0.2,0.42727272727272736,0.16666666666666666,0.0,0.1208113026994942,0.0,0.2
U46656,2019-11-12 11:42:47,0.4204545454545454,0.0625,0.0,0.0,0.0,0.0,0.40909090909090906,0.058823529411764705,0.0,0.0,0.0,0.0
U31652,2019-11-12 11:44:11,0.5454545454545454,0.16666666666666666,0.0,0.3562071871080222,0.0,1.0,0.5454545454545454,0.16666666666666666,0.0,0.3562071871080222,0.0,1.0
U56120,2019-11-12 11:47:05,0.7307692307692307,0.5,0.38685280723454163,0.5802792108518124,0.5,1.0,0.7307692307692307,0.5,0.38685280723454163,0.5802792108518124,0.5,1.0
U42404,2019-11-12 11:47:30,0.0,0.125,0.0,0.31546487678572877,0.0,1.0,0.5714285714285714,0.25,0.43067655807339306,0.43067655807339306,1.0,1.0
U79597,2019-11-12 11:47:44,0.13157894736842102,0.029411764705882353,0.0,0.0,0.0,0.0,0.13157894736842102,0.029411764705882353,0.0,0.0,0.0,0.0
U24948,2019-11-12 11:52:46,0.5460992907801419,0.08333333333333333,0.0,0.0,0.0,0.0,0.5460992907801419,0.14285714285714285,0.0,0.15642624200758548,0.0,0.3333333333333333
U33867,2019-11-12 11:53:04,0.3194444444444444,0.045454545454545456,0.0,0.0,0.0,0.0,0.4305555555555556,0.06666666666666667,0.0,0.0,0.0,0.0
U19739,2019-11-12 11:54:56,0.5967741935483871,0.3333333333333333,0.3065735963827292,0.3065735963827292,0.5,0.5,0.5,0.125,0.0,0.19342640361727081,0.0,0.5
U50712,2019-11-12 11:56:09,0.3238993710691824,0.0625,0.0,0.0,0.0,0.0,0.5031446540880503,0.125,0.0,0.09546043308946733,0.0,0.16666666666666666
U71090,2019-11-12 11:56:25,0.42857142857142855,0.125,0.0,0.19342640361727081,0.0,0.5,0.3571428571428571,0.08333333333333333,0.0,0.0,0.0,0.0
U14124,2019-11-12 12:00:46,1.0,1.0,1.0,1.0,1.0,1.0,1.0,1.0,1.0,1.0,1.0,1.0
U28273,2019-11-12 12:02:32,0.5,0.041666666666666664,0.0,0.0,0.0,0.0,0.3214285714285714,0.038461538461538464,0.0,0.0,0.0,0.0
U58642,2019-11-12 12:02:53,0.40384615384615385,0.03125,0.0,0.0,0.0,0.0,0.4807692307692307,0.03571428571428571,0.0,0.0,0.0,0.0
U40793,2019-11-12 12:05:14,0.8333333333333334,0.5,0.6309297535714575,0.6309297535714575,1.0,1.0,0.5,0.25,0.43067655807339306,0.43067655807339306,1.0,1.0
U89662,2019-11-12 12:07:40,1.0,1.0,1.0,1.0,1.0,1.0,0.7,0.25,0.43067655807339306,0.43067655807339306,1.0,1.0
U25347,2019-11-12 12:10:40,0.6936936936936937,0.5,0.2960819109658652,0.4632423659320675,0.3333333333333333,0.6666666666666666,0.936936936936937,0.5,0.4776237035032179,0.6447841584694202,0.6666666666666666,1.0
U1331,2019-11-12 12:10:53,0.689655172413793,0.1,0.0,0.2890648263178879,0.0,1.0,0.4482758620689655,0.058823529411764705,0.0,0.0,0.0,0.0
U72304,2019-11-12 12:11:22,0.0,0.25,0.43067655807339306,0.43067655807339306,1.0,1.0,0.0,0.25,0.43067655807339306,0.43067655807339306,1.0,1.0
U82246,2019-11-12 12:11:38,0.6610942249240122,0.5,0.36005461457723403,0.37455647124892244,0.2857142857142857,0.42857142857142855,0.5486322188449848,0.2,0.13120507751234178,0.18579376046299725,0.14285714285714285,0.2857142857142857
U88594,2019-11-12 12:13:36,1.0,1.0,1.0,1.0,1.0,1.0,0.7777777777777778,0.14285714285714285,0.0,0.3333333333333333,0.0,1.0
U51792,2019-11-12 12:15:44,0.9615384615384616,0.5,0.6309297535714575,0.6309297535714575,1.0,1.0,0.8846153846153846,0.25,0.43067655807339306,0.43067655807339306,1.0,1.0
U73746,2019-11-12 12:17:19,1.0,1.0,1.0,1.0,1.0,1.0,1.0,1.0,1.0,1.0,1.0,1.0
U41682,2019-11-12 12:17:55,0.0,0.5,0.6309297535714575,0.6309297535714575,1.0,1.0,1.0,1.0,1.0,1.0,1.0,1.0
U74579,2019-11-12 12:19:01,0.8636363636363636,0.5,0.24630238874073,0.35914753008966527,0.25,0.5,0.7121212121212122,0.25,0.16812753627111746,0.298254219601818,0.25,0.5
U44162,2019-11-12 12:20:29,0.8918918918918919,0.2,0.23719771276929622,0.45560514958746035,0.5,1.0,0.5945945945945946,0.06666666666666667,0.0,0.0,0.0,0.0
U48416,2019-11-12 12:24:34,0.5402298850574712,0.25,0.20210734650054757,0.20210734650054757,0.3333333333333333,0.3333333333333333,0.4655172413793103,0.125,0.0,0.1480409554829326,0.0,0.3333333333333333
U8091,2019-11-12 12:28:52,0.7037037037037037,0.5,0.2960819109658652,0.4632423659320675,0.3333333333333333,0.6666666666666666,0.7248677248677249,0.25,0.20210734650054757,0.20210734650054757,0.3333333333333333,0.3333333333333333
U65218,2019-11-12 12:30:41,0.7,1.0,0.6713860725233041,0.8070380459557518,0.6666666666666666,1.0,0.6333333333333333,0.25,0.20210734650054757,0.5256940434743352,0.3333333333333333,1.0
U59469,2019-11-12 12:31:01,1.0,1.0,1.0,1.0,1.0,1.0,0.9655172413793104,0.5,0.6309297535714575,0.6309297535714575,1.0,1.0
U46731,2019-11-12 12:31:01,0.8947368421052632,0.3333333333333333,0.3065735963827292,0.5,0.5,1.0,0.9078947368421053,0.3333333333333333,0.3065735963827292,0.5109559939712153,0.5,1.0
U75262,2019-11-12 12:31:44,0.6863636363636364,1.0,0.5531464700081437,0.5531464700081437,0.4,0.4,0.6863636363636364,1.0,0.5531464700081437,0.5531464700081437,0.4,0.4
U71104,2019-11-12 12:32:04,0.6666666666666667,1.0,0.46927872602275644,0.46927872602275644,0.3333333333333333,0.3333333333333333,0.5185185185185185,0.1111111111111111,0.0,0.14126697285982898,0.0,0.3333333333333333
U8418,2019-11-12 12:33:10,0.48760330578512395,0.5,0.34519134224686937,0.3596910069063418,0.18181818181818182,0.36363636363636365,0.5,0.2,0.13120507751234178,0.15139734109601002,0.09090909090909091,0.18181818181818182
U57440,2019-11-12 12:33:33,0.468013468013468,0.03571428571428571,0.0,0.0,0.0,0.0,0.49831649831649827,0.05555555555555555,0.0,0.0,0.0,0.0
U20536,2019-11-12 12:33:52,0.7777777777777778,1.0,0.3903800499921017,0.3903800499921017,0.25,0.25,0.6882716049382716,0.2,0.15101961822780524,0.15101961822780524,0.25,0.25
U73145,2019-11-12 12:34:11,0.42400000000000004,0.16666666666666666,0.0,0.1208113026994942,0.0,0.2,0.32000000000000006,0.14285714285714285,0.0,0.11305340175787204,0.0,0.2
U58458,2019-11-12 12:34:56,0.42105263157894735,0.043478260869565216,0.0,0.0,0.0,0.0,0.42105263157894735,0.043478260869565216,0.0,0.0,0.0,0.0
U65220,2019-11-12 12:37:58,0.5,0.125,0.0,0.19342640361727081,0.0,0.5,0.5147058823529411,0.16666666666666666,0.0,0.21840743681816419,0.0,0.5
U8368,2019-11-12 12:40:34,0.8181818181818181,0.2,0.38685280723454163,0.38685280723454163,1.0,1.0,0.7727272727272727,0.16666666666666666,0.0,0.3562071871080222,0.0,1.0
U33870,2019-11-12 12:42:18,0.2685185185185185,0.1111111111111111,0.0,0.14126697285982898,0.0,0.3333333333333333,0.3796296296296296,0.3333333333333333,0.23463936301137822,0.23463936301137822,0.3333333333333333,0.3333333333333333
U39302,2019-11-12 12:44:00,0.9659090909090909,1.0,0.8503449055347546,0.8503449055347546,1.0,1.0,0.8409090909090909,0.3333333333333333,0.3065735963827292,0.3065735963827292,0.5,0.5
U78844,2019-11-12 12:49:13,0.3247422680412371,0.008928571428571428,0.0,0.0,0.0,0.0,0.2860824742268041,0.008130081300813009,0.0,0.0,0.0,0.0
U21632,2019-11-12 12:52:36,0.523936170212766,0.03225806451612903,0.0,0.0,0.0,0.0,0.46276595744680854,0.02564102564102564,0.0,0.0,0.0,0.0
U58680,2019-11-12 12:57:12,0.7142857142857143,0.14285714285714285,0.0,0.3333333333333333,0.0,1.0,0.47619047619047616,0.08333333333333333,0.0,0.0,0.0,0.0
U13479,2019-11-12 12:58:02,0.375,0.3333333333333333,0.5437713091520254,0.5437713091520254,1.0,1.0,0.625,1.0,0.8503449055347546,0.8503449055347546,1.0,1.0
U49623,2019-11-12 13:00:16,0.7197802197802198,0.5,0.24630238874073,0.24630238874073,0.25,0.25,0.5879120879120878,0.125,0.0,0.123151194370365,0.0,0.25
U63885,2019-11-12 13:02:04,0.9047619047619049,0.5,0.6240505200038379,0.6240505200038379,1.0,1.0,0.880952380952381,0.3333333333333333,0.5437713091520254,0.5437713091520254,1.0,1.0
U34628,2019-11-12 13:04:34,0.5303030303030303,0.25,0.2640681225725909,0.2640681225725909,0.5,0.5,0.45454545454545453,0.16666666666666666,0.0,0.21840743681816419,0.0,0.5
U29963,2019-11-12 13:09:33,0.32941176470588235,0.01818181818181818,0.0,0.0,0.0,0.0,0.27058823529411763,0.01639344262295082,0.0,0.0,0.0,0.0
U89576,2019-11-12 13:10:20,0.20833333333333337,0.02564102564102564,0.0,0.0,0.0,0.0,0.16666666666666663,0.024390243902439025,0.0,0.0,0.0,0.0
U34224,2019-11-12 13:14:59,0.45409836065573767,0.1111111111111111,0.0,0.10209739512291163,0.0,0.2,0.45409836065573767,0.1111111111111111,0.0,0.10209739512291163,0.0,0.2
U82181,2019-11-12 13:15:17,0.5369047619047619,0.3333333333333333,0.19519002499605084,0.19519002499605084,0.25,0.25,0.6285714285714286,0.07692307692307693,0.0,0.0,0.0,0.0
U18755,2019-11-12 13:21:40,0.8837209302325582,0.16666666666666666,0.0,0.3562071871080222,0.0,1.0,0.7674418604651163,0.09090909090909091,0.0,0.0,0.0,0.0
U47779,2019-11-12 13:23:24,0.9583333333333334,0.5,0.6309297535714575,0.6309297535714575,1.0,1.0,1.0,1.0,1.0,1.0,1.0,1.0
U18446,2019-11-12 13:32:05,0.4543650793650794,0.03333333333333333,0.0,0.0,0.0,0.0,0.5634920634920635,0.06666666666666667,0.0,0.0,0.0,0.0
U63769,2019-11-12 13:32:19,0.4444444444444444,0.07692307692307693,0.0,0.0,0.0,0.0,0.40350877192982454,0.05555555555555555,0.0,0.0,0.0,0.0
U2030,2019-11-12 13:35:10,0.9375,1.0,0.6131471927654584,0.8065735963827293,0.5,1.0,0.9166666666666666,0.3333333333333333,0.3065735963827292,0.5,0.5,1.0
U27020,2019-11-12 13:38:22,0.3098591549295775,0.029411764705882353,0.0,0.0,0.0,0.0,0.23943661971830987,0.02127659574468085,0.0,0.0,0.0,0.0
U45391,2019-11-12 13:38:36,0.7424242424242424,0.09090909090909091,0.0,0.0,0.0,0.0,0.7171717171717171,0.5,0.2960819109658652,0.431733884398313,0.3333333333333333,0.6666666666666666
U15724,2019-11-12 13:38:48,0.9117647058823529,0.2,0.23719771276929622,0.41443699955334395,0.5,1.0,0.8088235294117647,0.2,0.23719771276929622,0.23719771276929622,0.5,0.5
U3857,2019-11-12 13:40:18,0.3529411764705882,0.05,0.0,0.0,0.0,0.0,0.45588235294117646,0.038461538461538464,0.0,0.0,0.0,0.0
U71798,2019-11-12 13:44:24,0.7203389830508474,0.043478260869565216,0.0,0.0,0.0,0.0,0.7203389830508474,0.043478260869565216,0.0,0.0,0.0,0.0
U46719,2019-11-12 13:49:50,0.8932584269662921,0.1111111111111111,0.0,0.2303612461053624,0.0,0.5,0.7865168539325843,0.08333333333333333,0.0,0.0,0.0,0.0
U82251,2019-11-12 13:51:07,0.38888888888888884,0.08333333333333333,0.0,0.0,0.0,0.0,0.9444444444444444,0.5,0.6309297535714575,0.6309297535714575,1.0,1.0
U36613,2019-11-12 13:51:35,1.0,1.0,1.0,1.0,1.0,1.0,1.0,1.0,1.0,1.0,1.0,1.0
U56382,2019-11-12 14:02:11,1.0,1.0,1.0,1.0,1.0,1.0,1.0,1.0,1.0,1.0,1.0,1.0
U39903,2019-11-12 14:07:17,0.4494949494949495,0.03571428571428571,0.0,0.0,0.0,0.0,0.6212121212121212,0.041666666666666664,0.0,0.0,0.0,0.0
U16078,2019-11-12 14:08:05,0.0,0.5,0.6309297535714575,0.6309297535714575,1.0,1.0,1.0,1.0,1.0,1.0,1.0,1.0
U41172,2019-11-12 14:09:04,0.6944444444444444,1.0,0.6131471927654584,0.6131471927654584,0.5,0.5,0.6111111111111112,0.5,0.38685280723454163,0.38685280723454163,0.5,0.5
U58642,2019-11-12 14:09:23,0.3695652173913043,0.03333333333333333,0.0,0.0,0.0,0.0,0.23913043478260865,0.027777777777777776,0.0,0.0,0.0,0.0
U63554,2019-11-12 14:10:15,0.5086206896551724,0.058823529411764705,0.0,0.0,0.0,0.0,0.6875,0.08333333333333333,0.0,0.0,0.0,0.0
U69150,2019-11-12 14:11:08,1.0,1.0,1.0,1.0,1.0,1.0,0.7272727272727273,0.25,0.43067655807339306,0.43067655807339306,1.0,1.0
U40756,2019-11-12 14:12:17,0.23076923076923078,0.1,0.0,0.17723928678404774,0.0,0.5,0.11538461538461539,0.08333333333333333,0.0,0.0,0.0,0.0
U77949,2019-11-12 14:12:42,0.7407407407407407,0.25,0.2640681225725909,0.2640681225725909,0.5,0.5,0.6111111111111112,0.1111111111111111,0.0,0.18457569677956817,0.0,0.5
U67885,2019-11-12 14:16:28,0.38679245283018865,0.043478260869565216,0.0,0.0,0.0,0.0,0.3113207547169811,0.034482758620689655,0.0,0.0,0.0,0.0
U82907,2019-11-12 14:16:33,0.8823529411764706,0.3333333333333333,0.5,0.5,1.0,1.0,0.8235294117647058,0.25,0.43067655807339306,0.43067655807339306,1.0,1.0
U68157,2019-11-12 14:18:05,0.45199999999999996,0.02702702702702703,0.0,0.0,0.0,0.0,0.38,0.019230769230769232,0.0,0.0,0.0,0.0
U55283,2019-11-12 14:22:10,0.4018691588785047,0.018867924528301886,0.0,0.0,0.0,0.0,0.36915887850467294,0.024390243902439025,0.0,0.0,0.0,0.0
U46731,2019-11-12 14:24:09,0.5909090909090908,0.05263157894736842,0.0,0.0,0.0,0.0,0.6363636363636364,0.058823529411764705,0.0,0.0,0.0,0.0
U86724,2019-11-12 14:28:41,0.6482758620689655,1.0,0.3391602052736161,0.45221360703148816,0.2,0.4,0.6206896551724138,1.0,0.5087403079104241,0.5087403079104241,0.4,0.4
U45411,2019-11-12 14:29:07,0.0,0.5,0.6309297535714575,0.6309297535714575,1.0,1.0,0.0,0.5,0.6309297535714575,0.6309297535714575,1.0,1.0
U29389,2019-11-12 14:30:17,0.7962962962962963,0.16666666666666666,0.0,0.21840743681816419,0.0,0.5,0.537037037037037,0.058823529411764705,0.0,0.0,0.0,0.0
U14327,2019-11-12 14:31:48,0.6007326007326006,0.05,0.0,0.0,0.0,0.0,0.6043956043956044,0.08333333333333333,0.0,0.0,0.0,0.0
U62822,2019-11-12 14:36:36,1.0,1.0,1.0,1.0,1.0,1.0,0.9571428571428572,0.25,0.43067655807339306,0.43067655807339306,1.0,1.0
U41990,2019-11-12 14:36:39,0.8200000000000001,1.0,0.6131471927654584,0.6131471927654584,0.5,0.5,0.62,0.5,0.38685280723454163,0.38685280723454163,0.5,0.5
U70879,2019-11-12 14:38:10,0.5333333333333333,0.02702702702702703,0.0,0.0,0.0,0.0,0.5026666666666666,0.08333333333333333,0.0,0.0,0.0,0.0
U31627,2019-11-12 14:44:01,0.0,0.125,0.0,0.31546487678572877,0.0,1.0,0.0,0.125,0.0,0.31546487678572877,0.0,1.0
U16230,2019-11-12 14:44:01,0.5613636363636364,1.0,0.5531464700081437,0.3589542101716347,0.2,0.2,0.6022727272727273,0.3333333333333333,0.30078518014914984,0.2735872697693364,0.2,0.3
U80276,2019-11-12 14:47:51,0.6790123456790123,0.07692307692307693,0.0,0.0,0.0,0.0,0.6944444444444444,0.030303030303030304,0.0,0.0,0.0,0.0
U11292,2019-11-12 14:51:28,0.6875,0.16666666666666666,0.0,0.3562071871080222,0.0,1.0,0.625,0.14285714285714285,0.0,0.3333333333333333,0.0,1.0
U40038,2019-11-12 14:53:09,0.6260162601626016,0.3333333333333333,0.23463936301137822,0.23463936301137822,0.3333333333333333,0.3333333333333333,0.4715447154471545,0.25,0.20210734650054757,0.20210734650054757,0.3333333333333333,0.3333333333333333
U17405,2019-11-12 14:53:43,0.5,1.0,0.6131471927654584,0.6131471927654584,0.5,0.5,0.71875,0.2,0.23719771276929622,0.4415801103577823,0.5,1.0
U48337,2019-11-12 14:55:41,0.33333333333333337,0.14285714285714285,0.0,0.3333333333333333,0.0,1.0,0.4444444444444444,0.16666666666666666,0.0,0.3562071871080222,0.0,1.0
U18677,2019-11-12 14:57:48,0.4424242424242424,0.09090909090909091,0.0,0.0,0.0,0.0,0.6484848484848484,0.2,0.18154179253735267,0.18154179253735267,0.3333333333333333,0.3333333333333333
U74460,2019-11-12 15:03:51,0.2222222222222222,0.07142857142857142,0.0,0.0,0.0,0.0,0.5238095238095238,0.2,0.18154179253735267,0.3171937659698004,0.3333333333333333,0.6666666666666666
U5426,2019-11-12 15:04:22,0.37916666666666665,0.05555555555555555,0.0,0.0,0.0,0.0,0.3958333333333333,1.0,0.3903800499921017,0.3903800499921017,0.25,0.25
U18296,2019-11-12 15:11:24,0.32499999999999996,0.03571428571428571,0.0,0.0,0.0,0.0,0.30000000000000004,0.034482758620689655,0.0,0.0,0.0,0.0
U58141,2019-11-12 15:11:43,0.07407407407407407,0.038461538461538464,0.0,0.0,0.0,0.0,0.03703703703703709,0.037037037037037035,0.0,0.0,0.0,0.0
U6150,2019-11-12 15:11:53,0.5386904761904762,0.1111111111111111,0.0,0.09109240322345806,0.0,0.16666666666666666,0.5386904761904762,0.1111111111111111,0.0,0.09109240322345806,0.0,0.16666666666666666
U6080,2019-11-12 15:14:17,0.825,0.25,0.2640681225725909,0.2640681225725909,0.5,0.5,0.6875,0.1,0.0,0.17723928678404774,0.0,0.5
U49861,2019-11-12 15:15:39,0.5560344827586207,0.125,0.0,0.123151194370365,0.0,0.25,0.4482758620689655,0.034482758620689655,0.0,0.0,0.0,0.0
U81738,2019-11-12 15:17:58,0.9761904761904762,0.3333333333333333,0.5,0.5,1.0,1.0,0.9761904761904762,0.3333333333333333,0.5,0.5,1.0,1.0
U22342,2019-11-12 15:18:36,0.8721311475409835,1.0,0.3391602052736161,0.4412576003965278,0.2,0.4,0.8721311475409835,1.0,0.3391602052736161,0.4412576003965278,0.2,0.4
U4929,2019-11-12 15:18:52,0.8461538461538461,0.3333333333333333,0.5,0.5,1.0,1.0,0.5384615384615384,0.14285714285714285,0.0,0.3333333333333333,0.0,1.0
U27850,2019-11-12 15:22:14,0.07692307692307687,0.07692307692307693,0.0,0.0,0.0,0.0,0.07692307692307687,0.07692307692307693,0.0,0.0,0.0,0.0
U37169,2019-11-12 15:22:21,0.9066666666666667,0.5,0.4912596920895758,0.6043130938474478,0.6,0.8,0.895,0.2,0.13120507751234178,0.45704879841045676,0.2,0.8
U8491,2019-11-12 15:25:13,0.32857142857142857,0.020833333333333332,0.0,0.0,0.0,0.0,0.5666666666666667,0.045454545454545456,0.0,0.0,0.0,0.0
U49692,2019-11-12 15:28:52,0.367816091954023,0.3333333333333333,0.16958010263680806,0.15130120674940672,0.16666666666666666,0.16666666666666666,0.367816091954023,0.3333333333333333,0.16958010263680806,0.15130120674940672,0.16666666666666666,0.16666666666666666
U73574,2019-11-12 15:29:08,0.47340425531914887,0.09090909090909091,0.0,0.0,0.0,0.0,0.5132978723404256,0.1,0.0,0.07311683844390994,0.0,0.125
U30304,2019-11-12 15:31:07,0.5,0.1,0.0,0.17723928678404774,0.0,0.5,0.35,0.09090909090909091,0.0,0.0,0.0,0.0
U89224,2019-11-12 15:31:17,0.5368421052631579,0.058823529411764705,0.0,0.0,0.0,0.0,0.6289473684210526,1.0,0.3391602052736161,0.3391602052736161,0.2,0.2
U36641,2019-11-12 15:31:34,0.0,0.09090909090909091,0.0,0.0,0.0,0.0,0.4,0.3333333333333333,0.3065735963827292,0.3065735963827292,0.5,0.5
U31821,2019-11-12 15:32:00,0.88,0.5,0.38685280723454163,0.5912352048230277,0.5,1.0,0.9,1.0,0.6131471927654584,0.8175295903539445,0.5,1.0
U27216,2019-11-12 15:32:11,0.5682961897915169,1.0,0.5087403079104241,0.33013764944712026,0.07692307692307693,0.07692307692307693,0.5682961897915169,1.0,0.5087403079104241,0.33013764944712026,0.07692307692307693,0.07692307692307693
U85968,2019-11-12 15:35:32,0.5,1.0,0.6131471927654584,0.8315546295836225,0.5,1.0,0.375,0.5,0.38685280723454163,0.6052602440527057,0.5,1.0
U52937,2019-11-12 15:36:14,0.8461538461538461,0.14285714285714285,0.0,0.3333333333333333,0.0,1.0,0.641025641025641,0.06666666666666667,0.0,0.0,0.0,0.0
U79841,2019-11-12 15:38:31,0.6229166666666667,1.0,0.3391602052736161,0.44615333764087994,0.2,0.4,0.6229166666666667,1.0,0.3391602052736161,0.44615333764087994,0.2,0.4
U80905,2019-11-12 15:39:59,0.6296296296296297,0.3333333333333333,0.3065735963827292,0.3065735963827292,0.5,0.5,0.7962962962962963,0.16666666666666666,0.0,0.41183384043543503,0.0,1.0
U48187,2019-11-12 15:47:54,0.9428571428571428,0.3333333333333333,0.5706417189553201,0.5706417189553201,1.0,1.0,0.7714285714285715,0.125,0.0,0.19342640361727081,0.0,0.5
U1718,2019-11-12 16:13:38,0.5454545454545454,1.0,0.6131471927654584,0.6131471927654584,0.5,0.5,0.7272727272727273,0.3333333333333333,0.3065735963827292,0.5249810332008933,0.5,1.0
U92387,2019-11-12 16:19:21,1.0,1.0,1.0,1.0,1.0,1.0,1.0,1.0,1.0,1.0,1.0,1.0
U67455,2019-11-12 16:26:39,0.6981132075471699,1.0,0.3391602052736161,0.30260241349881345,0.16666666666666666,0.16666666666666666,0.6509433962264152,0.25,0.14606834984270645,0.2214161691338287,0.16666666666666666,0.3333333333333333
U39825,2019-11-12 16:26:59,0.5,0.5,0.38685280723454163,0.38685280723454163,0.5,0.5,0.42857142857142855,0.25,0.2640681225725909,0.2640681225725909,0.5,0.5
U67252,2019-11-12 16:27:00,0.368421052631579,0.07692307692307693,0.0,0.0,0.0,0.0,0.1578947368421053,0.058823529411764705,0.0,0.0,0.0,0.0
U4840,2019-11-12 16:30:54,0.5164319248826291,0.05555555555555555,0.0,0.0,0.0,0.0,0.5117370892018779,0.05263157894736842,0.0,0.0,0.0,0.0
U46719,2019-11-12 16:32:17,1.0,1.0,1.0,1.0,1.0,1.0,1.0,1.0,1.0,1.0,1.0,1.0
U84890,2019-11-12 16:33:35,0.6583333333333333,0.5,0.34519134224686937,0.4999433337066274,0.3333333333333333,0.6666666666666666,0.525,0.1111111111111111,0.0,0.17856411732486627,0.0,0.3333333333333333
U50647,2019-11-12 16:33:36,0.3583333333333334,0.1,0.0,0.17723928678404774,0.0,0.5,0.4916666666666667,0.5,0.38685280723454163,0.38685280723454163,0.5,0.5
U54772,2019-11-12 16:36:23,0.6666666666666666,0.14285714285714285,0.0,0.20438239758848611,0.0,0.5,0.6166666666666667,0.14285714285714285,0.0,0.20438239758848611,0.0,0.5
U48045,2019-11-12 16:37:14,0.0,0.25,0.43067655807339306,0.43067655807339306,1.0,1.0,0.0,0.25,0.43067655807339306,0.43067655807339306,1.0,1.0
U84128,2019-11-12 16:39:32,0.3157894736842105,0.07142857142857142,0.0,0.0,0.0,0.0,0.26315789473684215,0.06666666666666667,0.0,0.0,0.0,0.0
U85972,2019-11-12 16:41:31,0.5,0.5,0.6309297535714575,0.6309297535714575,1.0,1.0,1.0,1.0,1.0,1.0,1.0,1.0
U1363,2019-11-12 16:45:05,0.0,0.3333333333333333,0.5,0.5,1.0,1.0,0.0,0.3333333333333333,0.5,0.5,1.0,1.0
U20485,2019-11-12 16:46:33,0.0,0.5,0.6309297535714575,0.6309297535714575,1.0,1.0,0.0,0.5,0.6309297535714575,0.6309297535714575,1.0,1.0
U38481,2019-11-12 16:46:54,0.4611111111111111,1.0,0.46927872602275644,0.46927872602275644,0.3333333333333333,0.3333333333333333,0.4611111111111111,1.0,0.46927872602275644,0.46927872602275644,0.3333333333333333,0.3333333333333333
U47790,2019-11-12 16:47:05,0.3076923076923077,0.1,0.0,0.17723928678404774,0.0,0.5,0.5769230769230769,0.5,0.38685280723454163,0.38685280723454163,0.5,0.5
U5242,2019-11-12 16:49:40,0.6337209302325582,0.09090909090909091,0.0,0.0,0.0,0.0,0.6065891472868217,0.14285714285714285,0.0,0.07336392209936005,0.0,0.08333333333333333
U76117,2019-11-12 16:49:55,0.890625,0.5,0.38685280723454163,0.5802792108518124,0.5,1.0,0.703125,0.125,0.0,0.19342640361727081,0.0,0.5
U52496,2019-11-12 16:50:03,0.7142857142857143,0.3333333333333333,0.5,0.5,1.0,1.0,0.8571428571428572,0.5,0.6309297535714575,0.6309297535714575,1.0,1.0
U60944,2019-11-12 16:50:17,0.5923520923520923,0.125,0.0,0.06943122193677727,0.0,0.07142857142857142,0.5266955266955267,0.1111111111111111,0.0,0.12987501165334076,0.0,0.14285714285714285
U63968,2019-11-12 16:54:13,0.5980902777777778,1.0,0.3391602052736161,0.2529427027676571,0.125,0.125,0.5815972222222222,0.5,0.21398626473452756,0.15958907712489634,0.125,0.125
U8385,2019-11-12 16:54:16,0.85,0.1,0.0,0.2890648263178879,0.0,1.0,0.7833333333333333,0.07142857142857142,0.0,0.0,0.0,0.0
U55739,2019-11-12 16:55:36,0.04166666666666663,0.041666666666666664,0.0,0.0,0.0,0.0,0.04166666666666663,0.041666666666666664,0.0,0.0,0.0,0.0
U5147,2019-11-12 17:03:08,0.7558139534883721,0.09090909090909091,0.0,0.0,0.0,0.0,0.5348837209302326,0.05,0.0,0.0,0.0,0.0
U79449,2019-11-12 17:10:54,0.3763440860215054,0.09090909090909091,0.0,0.0,0.0,0.0,0.4193548387096773,0.08333333333333333,0.0,0.0,0.0,0.0
U74917,2019-11-12 17:13:00,0.4545454545454546,0.14285714285714285,0.0,0.3333333333333333,0.0,1.0,0.9090909090909091,0.5,0.6309297535714575,0.6309297535714575,1.0,1.0
U41583,2019-11-12 17:15:03,0.8813559322033898,0.125,0.0,0.31546487678572877,0.0,1.0,1.0,1.0,1.0,1.0,1.0,1.0
U36184,2019-11-12 17:16:15,0.5418719211822659,0.125,0.0,0.16617090792688713,0.0,0.2857142857142857,0.5418719211822659,0.125,0.0,0.16617090792688713,0.0,0.2857142857142857
U31328,2019-11-12 17:17:50,0.6325301204819277,0.09090909090909091,0.0,0.0,0.0,0.0,0.6897590361445783,0.2,0.15101961822780524,0.2741708125981702,0.25,0.5
U40609,2019-11-12 17:19:03,0.7727272727272727,0.16666666666666666,0.0,0.3562071871080222,0.0,1.0,0.5,0.08333333333333333,0.0,0.0,0.0,0.0
U23485,2019-11-12 17:27:05,0.6322751322751323,0.125,0.0,0.08671382849411972,0.0,0.14285714285714285,0.6322751322751323,0.125,0.0,0.08671382849411972,0.0,0.14285714285714285
U91494,2019-11-12 17:29:10,0.5,1.0,0.5585075862632192,0.5585075862632192,0.5,0.5,0.4583333333333333,0.5,0.3973220069685352,0.3973220069685352,0.5,0.5
U66889,2019-11-12 17:32:24,0.4978813559322034,0.1,0.0,0.07311683844390994,0.0,0.125,0.4978813559322034,0.1,0.0,0.07311683844390994,0.0,0.125
U46921,2019-11-12 17:37:30,0.8,0.25,0.43067655807339306,0.43067655807339306,1.0,1.0,0.9333333333333333,0.5,0.6309297535714575,0.6309297535714575,1.0,1.0
U44000,2019-11-12 17:43:38,0.7369791666666666,0.5,0.2960819109658652,0.4632423659320675,0.3333333333333333,0.6666666666666666,0.6770833333333333,0.125,0.0,0.2836929289153804,0.0,0.6666666666666666
U51864,2019-11-12 17:46:22,0.42222222222222217,0.25,0.20210734650054757,0.20210734650054757,0.3333333333333333,0.3333333333333333,0.5333333333333333,0.3333333333333333,0.23463936301137822,0.38268031849431083,0.3333333333333333,0.6666666666666666
U29836,2019-11-12 17:47:25,0.5,0.2,0.23719771276929622,0.41443699955334395,0.5,1.0,0.6666666666666667,0.3333333333333333,0.3065735963827292,0.5,0.5,1.0
U42382,2019-11-12 17:50:04,0.8081534772182254,0.125,0.0,0.07414861528507455,0.0,0.1111111111111111,0.7537969624300559,0.3333333333333333,0.16958010263680806,0.11752277470724268,0.1111111111111111,0.1111111111111111
U91749,2019-11-12 17:51:34,0.19047619047619052,0.06666666666666667,0.0,0.0,0.0,0.0,0.16666666666666669,0.0625,0.0,0.0,0.0,0.0
U76081,2019-11-12 17:52:24,0.0,0.08333333333333333,0.0,0.0,0.0,0.0,0.0,0.08333333333333333,0.0,0.0,0.0,0.0
U61367,2019-11-12 17:54:58,0.6666666666666667,0.5,0.6309297535714575,0.6309297535714575,1.0,1.0,0.33333333333333337,0.3333333333333333,0.5,0.5,1.0,1.0
U18491,2019-11-12 17:59:49,0.48742138364779874,0.03333333333333333,0.0,0.0,0.0,0.0,0.3805031446540881,0.0196078431372549,0.0,0.0,0.0,0.0
U7991,2019-11-12 18:00:08,0.65625,1.0,0.5855700749881525,0.7246262544989281,0.5,0.75,0.65625,1.0,0.5855700749881525,0.7246262544989281,0.5,0.75
U57461,2019-11-12 18:00:11,0.5773809523809523,0.07142857142857142,0.0,0.0,0.0,0.0,0.5654761904761905,0.14285714285714285,0.0,0.20438239758848611,0.0,0.5
U29045,2019-11-12 18:00:25,0.4736328125,0.14285714285714285,0.0,0.1641087728183339,0.0,0.25,0.46875,0.5,0.21398626473452756,0.23573241784227986,0.125,0.25
U51236,2019-11-12 18:03:52,0.6444444444444445,0.5,0.2960819109658652,0.4525081529734507,0.3333333333333333,0.6666666666666666,0.6444444444444445,0.5,0.2960819109658652,0.4441228664487979,0.3333333333333333,0.6666666666666666
U14484,2019-11-12 18:03:52,0.75,1.0,0.6131471927654584,0.8315546295836225,0.5,1.0,0.75,1.0,0.6131471927654584,0.8315546295836225,0.5,1.0
U44785,2019-11-12 18:05:36,0.6666666666666667,0.5,0.6309297535714575,0.6309297535714575,1.0,1.0,0.33333333333333337,0.3333333333333333,0.5,0.5,1.0,1.0
U12122,2019-11-12 18:15:33,0.4943181818181818,0.5,0.38685280723454163,0.38685280723454163,0.5,0.5,0.4375,0.14285714285714285,0.0,0.20438239758848611,0.0,0.5
U27123,2019-11-12 18:19:04,0.7407407407407407,1.0,0.6713860725233041,0.6713860725233041,0.6666666666666666,0.6666666666666666,0.671957671957672,0.16666666666666666,0.0,0.16716045496620227,0.0,0.3333333333333333
U32996,2019-11-12 18:23:16,1.0,1.0,1.0,1.0,1.0,1.0,1.0,1.0,1.0,1.0,1.0,1.0
U5257,2019-11-12 18:29:06,0.4666666666666667,0.09090909090909091,0.0,0.0,0.0,0.0,0.4666666666666667,0.09090909090909091,0.0,0.0,0.0,0.0
U54694,2019-11-12 18:40:52,0.7756696428571429,1.0,0.6548086577531307,0.48835054676924156,0.375,0.375,0.7756696428571429,1.0,0.6548086577531307,0.48835054676924156,0.375,0.375
U58960,2019-11-12 18:43:47,0.5518867924528301,0.125,0.0,0.123151194370365,0.0,0.25,0.3867924528301887,0.034482758620689655,0.0,0.0,0.0,0.0
U74486,2019-11-12 18:49:18,0.875,1.0,0.8772153153380493,0.8772153153380493,1.0,1.0,0.8125,1.0,0.8503449055347546,0.8503449055347546,1.0,1.0
U83649,2019-11-12 18:50:57,0.6868686868686869,0.14285714285714285,0.0,0.13961814555374907,0.0,0.18181818181818182,0.6888888888888889,0.16666666666666666,0.0,0.07839826897867533,0.0,0.09090909090909091
U10604,2019-11-12 19:03:51,0.8400000000000001,0.25,0.2640681225725909,0.46845052016107697,0.5,1.0,0.8600000000000001,0.3333333333333333,0.3065735963827292,0.5109559939712153,0.5,1.0
U33260,2019-11-12 19:06:39,0.5570652173913043,1.0,0.3903800499921017,0.5205067333228022,0.25,0.5,0.46739130434782605,0.125,0.0,0.123151194370365,0.0,0.25
U27490,2019-11-12 19:07:26,0.9166666666666666,0.5,0.38685280723454163,0.5714285040141098,0.5,1.0,0.9166666666666667,0.25,0.2640681225725909,0.46845052016107697,0.5,1.0
U81518,2019-11-12 19:09:12,0.4802919708029197,0.1111111111111111,0.0,0.10209739512291163,0.0,0.2,0.4802919708029197,0.1111111111111111,0.0,0.10209739512291163,0.0,0.2
U79449,2019-11-12 19:09:38,0.5278450363196125,0.07692307692307693,0.0,0.0,0.0,0.0,0.45399515738498786,0.05,0.0,0.0,0.0,0.0
U67155,2019-11-12 19:14:02,0.6607142857142856,0.2,0.18154179253735267,0.18154179253735267,0.3333333333333333,0.3333333333333333,0.5654761904761905,0.125,0.0,0.1480409554829326,0.0,0.3333333333333333
U42068,2019-11-12 19:16:51,0.6956521739130435,1.0,0.46927872602275644,0.46927872602275644,0.3333333333333333,0.3333333333333333,0.6956521739130435,1.0,0.46927872602275644,0.46927872602275644,0.3333333333333333,0.3333333333333333
U88850,2019-11-12 19:17:44,0.4166666666666667,0.07692307692307693,0.0,0.0,0.0,0.0,0.4166666666666667,0.07692307692307693,0.0,0.0,0.0,0.0
U12976,2019-11-12 19:34:44,0.6794871794871795,1.0,0.3903800499921017,0.3903800499921017,0.25,0.25,0.5881410256410255,0.09090909090909091,0.0,0.0,0.0,0.0
U90448,2019-11-12 19:42:13,0.6666666666666667,0.5,0.6309297535714575,0.6309297535714575,1.0,1.0,0.6666666666666667,0.5,0.6309297535714575,0.6309297535714575,1.0,1.0
U19544,2019-11-12 19:46:56,0.5357142857142857,0.07142857142857142,0.0,0.0,0.0,0.0,0.5119047619047619,0.058823529411764705,0.0,0.0,0.0,0.0
U15740,2019-11-12 19:50:42,0.875,0.3333333333333333,0.5,0.5,1.0,1.0,0.5,0.1111111111111111,0.0,0.3010299956639812,0.0,1.0
U7850,2019-11-12 20:04:22,0.16666666666666669,0.1111111111111111,0.0,0.18457569677956817,0.0,0.5,0.5833333333333334,0.3333333333333333,0.3065735963827292,0.48381288316677695,0.5,1.0
U8561,2019-11-12 20:05:19,0.5625,1.0,0.3391602052736161,0.4103915680233244,0.16666666666666666,0.3333333333333333,0.5750000000000001,1.0,0.3391602052736161,0.3980628465882808,0.16666666666666666,0.3333333333333333
U89748,2019-11-12 20:07:35,0.7272727272727273,0.25,0.43067655807339306,0.43067655807339306,1.0,1.0,0.8181818181818181,0.3333333333333333,0.5,0.5,1.0,1.0
U60944,2019-11-12 20:13:42,0.8050847457627118,0.1,0.0,0.17723928678404774,0.0,0.5,0.7372881355932204,0.06666666666666667,0.0,0.0,0.0,0.0
U2899,2019-11-12 20:17:38,0.3229166666666667,0.018867924528301886,0.0,0.0,0.0,0.0,0.2916666666666667,0.017241379310344827,0.0,0.0,0.0,0.0
U7331,2019-11-12 20:25:53,0.2727272727272727,0.1111111111111111,0.0,0.3010299956639812,0.0,1.0,0.18181818181818177,0.1,0.0,0.2890648263178879,0.0,1.0
U54176,2019-11-12 20:33:21,0.6388888888888888,0.07142857142857142,0.0,0.0,0.0,0.0,0.4722222222222222,0.05,0.0,0.0,0.0,0.0
U31031,2019-11-12 20:34:46,0.6666666666666667,0.5,0.6309297535714575,0.6309297535714575,1.0,1.0,1.0,1.0,1.0,1.0,1.0,1.0
U7042,2019-11-12 20:44:38,1.0,1.0,1.0,1.0,1.0,1.0,0.875,0.5,0.6309297535714575,0.6309297535714575,1.0,1.0
U82568,2019-11-12 20:44:58,0.75,0.2,0.38685280723454163,0.38685280723454163,1.0,1.0,1.0,1.0,1.0,1.0,1.0,1.0
U72209,2019-11-12 20:45:26,0.25,0.07692307692307693,0.0,0.0,0.0,0.0,0.125,0.06666666666666667,0.0,0.0,0.0,0.0
U33987,2019-11-12 20:50:22,0.5,0.04,0.0,0.0,0.0,0.0,0.36875,0.047619047619047616,0.0,0.0,0.0,0.0
U22187,2019-11-12 20:52:39,0.41935483870967744,0.05,0.0,0.0,0.0,0.0,0.5184331797235022,0.0625,0.0,0.0,0.0,0.0
U31879,2019-11-12 20:53:13,0.696969696969697,0.2,0.15101961822780524,0.2811463015585058,0.25,0.5,0.7689393939393939,0.09090909090909091,0.0,0.0,0.0,0.0
U76438,2019-11-12 20:54:25,0.10606060606060608,0.030303030303030304,0.0,0.0,0.0,0.0,0.33333333333333337,0.043478260869565216,0.0,0.0,0.0,0.0
U74668,2019-11-12 20:54:50,0.48852459016393446,0.07692307692307693,0.0,0.0,0.0,0.0,0.49836065573770494,0.2,0.13120507751234178,0.13120507751234178,0.2,0.2
U81983,2019-11-12 20:58:36,0.5962199312714777,0.25,0.14606834984270645,0.23811292043488155,0.16666666666666666,0.3333333333333333,0.5841924398625429,0.16666666666666666,0.0,0.2032495876139783,0.0,0.3333333333333333
U45536,2019-11-12 21:01:39,0.42499999999999993,0.08333333333333333,0.0,0.0,0.0,0.0,0.7583333333333333,0.09090909090909091,0.0,0.0,0.0,0.0
U39029,2019-11-12 21:03:12,1.0,1.0,1.0,1.0,1.0,1.0,1.0,1.0,1.0,1.0,1.0,1.0
U24480,2019-11-12 21:03:48,0.8,0.3333333333333333,0.5,0.5,1.0,1.0,0.9,0.5,0.6309297535714575,0.6309297535714575,1.0,1.0
U75583,2019-11-12 21:10:50,0.26315789473684215,0.06666666666666667,0.0,0.0,0.0,0.0,0.42105263157894735,0.08333333333333333,0.0,0.0,0.0,0.0
U72489,2019-11-12 21:17:37,0.6813725490196079,0.5,0.24630238874073,0.24630238874073,0.25,0.25,0.676470588235294,0.5,0.24630238874073,0.24630238874073,0.25,0.25
U2383,2019-11-12 21:38:50,0.6666666666666667,0.25,0.43067655807339306,0.43067655807339306,1.0,1.0,0.7777777777777778,0.3333333333333333,0.5,0.5,1.0,1.0
U63037,2019-11-12 21:41:45,0.688034188034188,0.2,0.23719771276929622,0.23719771276929622,0.5,0.5,0.5598290598290598,0.04,0.0,0.0,0.0,0.0
U44128,2019-11-12 21:56:23,0.6274509803921569,0.1,0.0,0.13565197343244778,0.0,0.3333333333333333,0.5441176470588235,0.058823529411764705,0.0,0.0,0.0,0.0
U375,2019-11-12 22:00:05,0.8,0.25,0.5012658353418871,0.5012658353418871,1.0,1.0,0.8,1.0,0.6131471927654584,0.8065735963827293,0.5,1.0
U27827,2019-11-12 22:14:18,0.6233766233766234,0.2,0.23719771276929622,0.23719771276929622,0.5,0.5,0.6753246753246753,0.3333333333333333,0.3065735963827292,0.3065735963827292,0.5,0.5
U28675,2019-11-12 22:41:02,0.3527777777777778,0.14285714285714285,0.0,0.07834851647149511,0.0,0.1111111111111111,0.3527777777777778,0.14285714285714285,0.0,0.07834851647149511,0.0,0.1111111111111111
U57867,2019-11-12 22:44:02,0.5909090909090908,0.1,0.0,0.17723928678404774,0.0,0.5,0.7840909090909091,0.125,0.0,0.19342640361727081,0.0,0.5
U69924,2019-11-12 22:55:36,0.7397540983606558,0.08333333333333333,0.0,0.0,0.0,0.0,0.7069672131147541,0.2,0.15101961822780524,0.15101961822780524,0.25,0.25
U55354,2019-11-12 23:20:27,0.7272727272727273,0.25,0.43067655807339306,0.43067655807339306,1.0,1.0,0.6363636363636364,0.2,0.38685280723454163,0.38685280723454163,1.0,1.0
U41631,2019-11-12 23:22:36,0.696969696969697,1.0,0.6508205185601091,0.7864724919925569,0.6666666666666666,1.0,0.606060606060606,1.0,0.46927872602275644,0.6257049680303419,0.3333333333333333,0.6666666666666666
U16019,2019-11-13 00:06:00,0.4976415094339623,0.5,0.21398626473452756,0.2327059155688063,0.125,0.25,0.4976415094339623,0.5,0.21398626473452756,0.2327059155688063,0.125,0.25
U21628,2019-11-13 00:13:05,0.6235632183908045,0.2,0.13120507751234178,0.11706259313796354,0.16666666666666666,0.16666666666666666,0.5632183908045977,0.125,0.0,0.18655283631292538,0.0,0.3333333333333333
U72521,2019-11-13 00:16:03,0.5,0.038461538461538464,0.0,0.0,0.0,0.0,0.42000000000000004,0.03333333333333333,0.0,0.0,0.0,0.0
U93711,2019-11-13 01:25:22,0.6288659793814434,0.5,0.38685280723454163,0.38685280723454163,0.5,0.5,0.5618556701030928,0.07692307692307693,0.0,0.0,0.0,0.0
U27691,2019-11-13 01:41:18,0.7105263157894737,0.3333333333333333,0.34620964322385606,0.34620964322385606,0.5,0.5,0.638157894736842,0.1111111111111111,0.0,0.11751610475642714,0.0,0.25
U12093,2019-11-13 02:03:37,1.0,1.0,1.0,1.0,1.0,1.0,1.0,1.0,1.0,1.0,1.0,1.0
U44439,2019-11-13 02:14:18,0.5641025641025641,0.3333333333333333,0.16958010263680806,0.16958010263680806,0.2,0.2,0.6717948717948717,1.0,0.3391602052736161,0.45221360703148816,0.2,0.4
U22871,2019-11-13 02:18:10,0.5984042553191489,1.0,0.3903800499921017,0.5032251913410369,0.25,0.5,0.5771276595744681,0.14285714285714285,0.0,0.13012668333070054,0.0,0.25
U12732,2019-11-13 02:38:10,0.4142156862745098,0.047619047619047616,0.0,0.0,0.0,0.0,0.32843137254901955,0.02127659574468085,0.0,0.0,0.0,0.0
U42635,2019-11-13 02:45:55,0.574468085106383,0.047619047619047616,0.0,0.0,0.0,0.0,1.0,1.0,1.0,1.0,1.0,1.0
U28971,2019-11-13 02:47:29,1.0,1.0,1.0,1.0,1.0,1.0,0.8181818181818181,0.16666666666666666,0.0,0.40298313359773236,0.0,1.0
U20971,2019-11-13 02:49:07,0.24253731343283583,0.020833333333333332,0.0,0.0,0.0,0.0,0.1902985074626866,0.019230769230769232,0.0,0.0,0.0,0.0
U21610,2019-11-13 02:54:36,0.6208333333333332,0.1111111111111111,0.0,0.14126697285982898,0.0,0.3333333333333333,0.6208333333333332,0.1111111111111111,0.0,0.14126697285982898,0.0,0.3333333333333333
U18342,2019-11-13 03:11:23,0.6666666666666666,0.045454545454545456,0.0,0.0,0.0,0.0,0.6666666666666666,0.045454545454545456,0.0,0.0,0.0,0.0
U14033,2019-11-13 03:19:07,0.4722222222222222,0.1,0.0,0.13565197343244778,0.0,0.3333333333333333,0.4583333333333333,0.09090909090909091,0.0,0.0,0.0,0.0
U77963,2019-11-13 03:22:05,0.7924528301886793,0.3333333333333333,0.19519002499605084,0.31834121936641585,0.25,0.5,0.6886792452830188,0.2,0.15101961822780524,0.15101961822780524,0.25,0.25
U85514,2019-11-13 03:29:04,0.32258064516129037,0.034482758620689655,0.0,0.0,0.0,0.0,0.4193548387096774,0.05,0.0,0.0,0.0,0.0
U2747,2019-11-13 03:32:58,0.48214285714285715,1.0,0.3903800499921017,0.3903800499921017,0.25,0.25,0.48214285714285715,1.0,0.3903800499921017,0.3903800499921017,0.25,0.25
U20624,2019-11-13 03:40:07,0.8614754098360655,1.0,0.8539316501572937,0.5541432109622958,0.4,0.4,0.8975409836065573,0.5,0.21398626473452756,0.3479118113640809,0.1,0.4
U15589,2019-11-13 03:41:53,0.0,0.5,0.6309297535714575,0.6309297535714575,1.0,1.0,1.0,1.0,1.0,1.0,1.0,1.0
U41066,2019-11-13 03:47:59,0.9024390243902439,0.2,0.38685280723454163,0.38685280723454163,1.0,1.0,0.9024390243902439,0.2,0.38685280723454163,0.38685280723454163,1.0,1.0
U92991,2019-11-13 03:49:54,0.0,0.05263157894736842,0.0,0.0,0.0,0.0,0.8888888888888888,0.3333333333333333,0.5,0.5,1.0,1.0
U73330,2019-11-13 03:53:11,0.5043290043290043,0.14285714285714285,0.0,0.07834851647149511,0.0,0.1111111111111111,0.5043290043290043,0.14285714285714285,0.0,0.07834851647149511,0.0,0.1111111111111111
U7469,2019-11-13 03:53:59,0.42,0.14285714285714285,0.0,0.20438239758848611,0.0,0.5,0.7999999999999999,0.16666666666666666,0.0,0.4227898344066503,0.0,1.0
U55461,2019-11-13 03:55:09,0.517361111111111,0.3333333333333333,0.19519002499605084,0.19519002499605084,0.25,0.25,0.4513888888888889,0.07142857142857142,0.0,0.0,0.0,0.0
U2784,2019-11-13 04:04:10,0.6578947368421053,1.0,0.3391602052736161,0.36288691033421744,0.09090909090909091,0.2727272727272727,0.6578947368421053,1.0,0.3391602052736161,0.36288691033421744,0.09090909090909091,0.2727272727272727
U63917,2019-11-13 04:13:05,0.5456692913385827,0.125,0.0,0.10699313236726378,0.0,0.2,0.6125984251968504,0.05555555555555555,0.0,0.0,0.0,0.0
U75134,2019-11-13 04:20:13,0.020833333333333315,0.041666666666666664,0.0,0.0,0.0,0.0,0.020833333333333315,0.041666666666666664,0.0,0.0,0.0,0.0
U82181,2019-11-13 04:25:34,0.6190476190476191,0.1,0.0,0.17723928678404774,0.0,0.5,0.44047619047619047,0.05,0.0,0.0,0.0,0.0
U80453,2019-11-13 04:30:06,0.45202020202020204,0.04,0.0,0.0,0.0,0.0,0.7752525252525252,0.25,0.16812753627111746,0.4110993609507533,0.25,0.75
U12986,2019-11-13 04:30:23,0.0,0.5,0.6309297535714575,0.6309297535714575,1.0,1.0,0.0,0.5,0.6309297535714575,0.6309297535714575,1.0,1.0
U80948,2019-11-13 04:36:37,0.6484593837535014,1.0,0.3391602052736161,0.27487633291429087,0.14285714285714285,0.14285714285714285,0.5630252100840336,0.16666666666666666,0.0,0.0979129253499678,0.0,0.14285714285714285
U71572,2019-11-13 04:39:40,0.08333333333333337,0.08333333333333333,0.0,0.0,0.0,0.0,0.0,0.07692307692307693,0.0,0.0,0.0,0.0
U31470,2019-11-13 04:42:14,0.653061224489796,0.09090909090909091,0.0,0.0,0.0,0.0,0.6122448979591837,0.07692307692307693,0.0,0.0,0.0,0.0
U77230,2019-11-13 04:44:03,0.6351351351351351,0.09090909090909091,0.0,0.0,0.0,0.0,0.5405405405405406,0.0625,0.0,0.0,0.0,0.0
U47329,2019-11-13 04:45:23,0.8571428571428572,0.5,0.6309297535714575,0.6309297535714575,1.0,1.0,1.0,1.0,1.0,1.0,1.0,1.0
U73344,2019-11-13 04:50:07,1.0,1.0,1.0,1.0,1.0,1.0,1.0,1.0,1.0,1.0,1.0,1.0
U73344,2019-11-13 04:50:07,1.0,1.0,1.0,1.0,1.0,1.0,0.8636363636363636,0.25,0.43067655807339306,0.43067655807339306,1.0,1.0
U62803,2019-11-13 04:50:10,0.29032258064516125,0.043478260869565216,0.0,0.0,0.0,0.0,0.967741935483871,0.5,0.6309297535714575,0.6309297535714575,1.0,1.0
U41694,2019-11-13 04:52:11,0.8533333333333333,1.0,0.6131471927654584,0.6131471927654584,0.5,0.5,0.96,0.25,0.5012658353418871,0.5012658353418871,1.0,1.0
U58622,2019-11-13 05:05:40,0.5434782608695652,0.06666666666666667,0.0,0.0,0.0,0.0,0.6413043478260869,0.2,0.23719771276929622,0.23719771276929622,0.5,0.5
U72309,2019-11-13 05:05:52,0.6650943396226415,0.1111111111111111,0.0,0.11751610475642714,0.0,0.25,0.6084905660377359,0.07692307692307693,0.0,0.0,0.0,0.0
U91293,2019-11-13 05:09:04,0.5625,0.06666666666666667,0.0,0.0,0.0,0.0,0.5,0.058823529411764705,0.0,0.0,0.0,0.0
U1595,2019-11-13 05:10:11,0.7142857142857143,0.2,0.38685280723454163,0.38685280723454163,1.0,1.0,0.5714285714285714,0.14285714285714285,0.0,0.3333333333333333,0.0,1.0
U50899,2019-11-13 05:17:41,0.19298245614035087,0.08333333333333333,0.0,0.0,0.0,0.0,0.19298245614035087,0.08333333333333333,0.0,0.0,0.0,0.0
U37518,2019-11-13 05:18:31,0.875,0.3333333333333333,0.3065735963827292,0.5109559939712153,0.5,1.0,0.7321428571428572,0.14285714285714285,0.0,0.20438239758848611,0.0,0.5
U53925,2019-11-13 05:20:04,0.8793103448275862,0.125,0.0,0.31546487678572877,0.0,1.0,0.6724137931034483,0.05,0.0,0.0,0.0,0.0
U87554,2019-11-13 05:32:11,0.8095238095238095,0.2,0.38685280723454163,0.38685280723454163,1.0,1.0,0.6666666666666667,0.125,0.0,0.31546487678572877,0.0,1.0
U18284,2019-11-13 05:34:09,0.17164179104477612,0.01818181818181818,0.0,0.0,0.0,0.0,0.35820895522388063,0.022727272727272728,0.0,0.0,0.0,0.0
U53220,2019-11-13 05:38:10,0.40995370370370365,0.06666666666666667,0.0,0.0,0.0,0.0,0.4722222222222222,0.25,0.27727342735504823,0.17993148201117176,0.07407407407407407,0.07407407407407407
U71956,2019-11-13 05:38:49,0.9677419354838709,1.0,0.8772153153380493,0.8772153153380493,1.0,1.0,0.967741935483871,1.0,0.8772153153380493,0.8772153153380493,1.0,1.0
U52685,2019-11-13 05:38:56,0.26829268292682923,0.03571428571428571,0.0,0.0,0.0,0.0,0.24390243902439024,0.034482758620689655,0.0,0.0,0.0,0.0
U82374,2019-11-13 05:41:20,0.6621621621621622,0.5,0.38685280723454163,0.38685280723454163,0.5,0.5,0.5540540540540541,0.16666666666666666,0.0,0.21840743681816419,0.0,0.5
U10103,2019-11-13 05:42:31,0.7364341085271318,0.2,0.18154179253735267,0.18154179253735267,0.3333333333333333,0.3333333333333333,0.627906976744186,0.1,0.0,0.13565197343244778,0.0,0.3333333333333333
U41640,2019-11-13 05:43:02,0.6940035273368607,0.25,0.14606834984270645,0.22578419899983795,0.16666666666666666,0.3333333333333333,0.6940035273368607,0.25,0.14606834984270645,0.22578419899983795,0.16666666666666666,0.3333333333333333
U35075,2019-11-13 05:44:18,0.8064516129032258,0.04,0.0,0.0,0.0,0.0,0.8387096774193549,0.047619047619047616,0.0,0.0,0.0,0.0
U77791,2019-11-13 05:45:54,0.33064516129032256,0.0625,0.0,0.0,0.0,0.0,0.22580645161290325,0.045454545454545456,0.0,0.0,0.0,0.0
U74414,2019-11-13 05:45:55,0.8602941176470588,1.0,0.6131471927654584,0.6131471927654584,0.5,0.5,0.7058823529411765,0.25,0.2640681225725909,0.2640681225725909,0.5,0.5
U62594,2019-11-13 05:46:41,0.4666666666666666,0.017241379310344827,0.0,0.0,0.0,0.0,0.4373333333333333,0.015873015873015872,0.0,0.0,0.0,0.0
U32146,2019-11-13 05:48:17,1.0,1.0,1.0,1.0,1.0,1.0,1.0,1.0,1.0,1.0,1.0,1.0
U44210,2019-11-13 05:53:00,0.6172839506172839,0.08333333333333333,0.0,0.0,0.0,0.0,0.7530864197530863,0.09090909090909091,0.0,0.0,0.0,0.0
U37235,2019-11-13 05:53:15,0.4107142857142857,0.1111111111111111,0.0,0.14126697285982898,0.0,0.3333333333333333,0.4821428571428571,0.25,0.20210734650054757,0.20210734650054757,0.3333333333333333,0.3333333333333333
U90649,2019-11-13 05:55:58,0.6687500000000001,0.5,0.21398626473452756,0.3120255505658846,0.2,0.4,0.7749999999999999,1.0,0.48522855511632257,0.5922216874835863,0.4,0.6
U34759,2019-11-13 05:56:00,0.8235294117647058,0.5,0.24630238874073,0.24630238874073,0.25,0.25,0.7647058823529411,0.14285714285714285,0.0,0.13012668333070054,0.0,0.25
U68124,2019-11-13 05:59:49,0.5588235294117647,0.058823529411764705,0.0,0.0,0.0,0.0,0.4338235294117647,0.024390243902439025,0.0,0.0,0.0,0.0
U50899,2019-11-13 06:00:37,0.9358974358974359,0.5,0.2960819109658652,0.6112833214150002,0.3333333333333333,1.0,0.8141025641025641,0.2,0.18154179253735267,0.18154179253735267,0.3333333333333333,0.3333333333333333
U87352,2019-11-13 06:01:09,0.6428571428571429,0.16666666666666666,0.0,0.21840743681816419,0.0,0.5,0.9285714285714286,0.5,0.6509209298071326,0.6509209298071326,1.0,1.0
U9929,2019-11-13 06:01:32,1.0,1.0,1.0,1.0,1.0,1.0,1.0,1.0,1.0,1.0,1.0,1.0
U13061,2019-11-13 06:08:48,0.9545454545454546,0.5,0.6309297535714575,0.6309297535714575,1.0,1.0,0.9545454545454546,0.5,0.6309297535714575,0.6309297535714575,1.0,1.0
U63779,2019-11-13 06:08:55,0.44999999999999996,0.08333333333333333,0.0,0.0,0.0,0.0,0.35,0.07142857142857142,0.0,0.0,0.0,0.0
U30794,2019-11-13 06:10:51,0.9545454545454546,0.5,0.6309297535714575,0.6309297535714575,1.0,1.0,0.7727272727272727,0.16666666666666666,0.0,0.3562071871080222,0.0,1.0
U60699,2019-11-13 06:10:55,0.75,0.14285714285714285,0.0,0.3333333333333333,0.0,1.0,0.875,0.25,0.43067655807339306,0.43067655807339306,1.0,1.0
U93315,2019-11-13 06:11:50,0.7407407407407408,0.5,0.38685280723454163,0.38685280723454163,0.5,0.5,0.5740740740740741,0.2,0.23719771276929622,0.23719771276929622,0.5,0.5
U46423,2019-11-13 06:12:44,0.1382978723404255,0.009615384615384616,0.0,0.0,0.0,0.0,0.09219858156028371,0.008547008547008548,0.0,0.0,0.0,0.0
U64318,2019-11-13 06:14:51,0.22159090909090912,0.0196078431372549,0.0,0.0,0.0,0.0,0.19318181818181818,0.01818181818181818,0.0,0.0,0.0,0.0
U3416,2019-11-13 06:16:16,0.6144578313253012,0.07142857142857142,0.0,0.0,0.0,0.0,0.5662650602409639,0.05263157894736842,0.0,0.0,0.0,0.0
U85878,2019-11-13 06:17:47,0.55,0.125,0.0,0.123151194370365,0.0,0.25,0.5,0.07142857142857142,0.0,0.0,0.0,0.0
U60553,2019-11-13 06:18:24,0.9346846846846846,0.5,0.2960819109658652,0.2960819109658652,0.3333333333333333,0.3333333333333333,0.9346846846846847,1.0,0.46927872602275644,0.617319681505689,0.3333333333333333,0.6666666666666666
U84541,2019-11-13 06:18:26,0.8,0.5,0.6309297535714575,0.6309297535714575,1.0,1.0,0.6,0.3333333333333333,0.5,0.5,1.0,1.0
U84983,2019-11-13 06:19:33,0.6296296296296295,0.3333333333333333,0.23463936301137822,0.40179981797758046,0.3333333333333333,0.6666666666666666,0.7222222222222222,0.5,0.2960819109658652,0.43734888382569426,0.3333333333333333,0.6666666666666666
U48290,2019-11-13 06:20:06,0.4147727272727273,0.045454545454545456,0.0,0.0,0.0,0.0,0.3939393939393939,0.038461538461538464,0.0,0.0,0.0,0.0
U38011,2019-11-13 06:21:29,0.6333333333333333,0.125,0.0,0.19342640361727081,0.0,0.5,0.5,0.06666666666666667,0.0,0.0,0.0,0.0
U13103,2019-11-13 06:25:01,0.8152610441767068,0.16666666666666666,0.0,0.16716045496620227,0.0,0.3333333333333333,0.783132530120482,0.5,0.2960819109658652,0.2960819109658652,0.3333333333333333,0.3333333333333333
U84068,2019-11-13 06:27:36,0.5,0.5,0.38685280723454163,0.38685280723454163,0.5,0.5,0.43333333333333335,0.16666666666666666,0.0,0.21840743681816419,0.0,0.5
U25712,2019-11-13 06:28:27,0.5413793103448277,0.047619047619047616,0.0,0.0,0.0,0.0,0.5201149425287357,0.022222222222222223,0.0,0.0,0.0,0.0
U86059,2019-11-13 06:30:55,0.41666666666666663,0.06666666666666667,0.0,0.0,0.0,0.0,0.375,0.0625,0.0,0.0,0.0,0.0
U13011,2019-11-13 06:32:05,0.58,0.2,0.23719771276929622,0.23719771276929622,0.5,0.5,0.52,0.14285714285714285,0.0,0.20438239758848611,0.0,0.5
U10280,2019-11-13 06:36:05,0.5166666666666666,0.1,0.0,0.11284514134893527,0.0,0.25,0.35,0.0625,0.0,0.0,0.0,0.0
U14190,2019-11-13 06:37:08,0.7142857142857143,0.3333333333333333,0.5,0.5,1.0,1.0,0.5714285714285714,0.25,0.43067655807339306,0.43067655807339306,1.0,1.0
U90870,2019-11-13 06:37:16,0.28888888888888886,0.014705882352941176,0.0,0.0,0.0,0.0,0.28888888888888886,0.014705882352941176,0.0,0.0,0.0,0.0
U31230,2019-11-13 06:37:19,0.3942857142857143,0.043478260869565216,0.0,0.0,0.0,0.0,0.2857142857142857,0.025,0.0,0.0,0.0,0.0
U7210,2019-11-13 06:38:13,1.0,1.0,1.0,1.0,1.0,1.0,1.0,1.0,1.0,1.0,1.0,1.0
U19413,2019-11-13 06:38:35,0.8333333333333334,0.5,0.4144299250118475,0.4144299250118475,0.5,0.5,0.7368421052631579,0.25,0.16812753627111746,0.16812753627111746,0.25,0.25
U11850,2019-11-13 06:39:44,0.8923076923076922,0.125,0.0,0.31546487678572877,0.0,1.0,0.9384615384615385,0.2,0.38685280723454163,0.38685280723454163,1.0,1.0
U57318,2019-11-13 06:39:58,0.13749999999999998,0.03125,0.0,0.0,0.0,0.0,0.36250000000000004,0.2,0.18154179253735267,0.18154179253735267,0.3333333333333333,0.3333333333333333
U3793,2019-11-13 06:41:39,0.626984126984127,0.1111111111111111,0.0,0.14126697285982898,0.0,0.3333333333333333,0.6428571428571428,0.3333333333333333,0.23463936301137822,0.23463936301137822,0.3333333333333333,0.3333333333333333
U45467,2019-11-13 06:41:41,0.74212271973466,0.3333333333333333,0.16958010263680806,0.20124768870643614,0.1111111111111111,0.2222222222222222,0.74212271973466,0.3333333333333333,0.16958010263680806,0.20124768870643614,0.1111111111111111,0.2222222222222222
U86307,2019-11-13 06:41:49,0.44753086419753085,0.125,0.0,0.123151194370365,0.0,0.25,0.5,0.045454545454545456,0.0,0.0,0.0,0.0
U43454,2019-11-13 06:42:19,0.5595238095238094,0.25,0.14606834984270645,0.20112881426068294,0.14285714285714285,0.2857142857142857,0.580952380952381,0.25,0.14606834984270645,0.2957527977380981,0.14285714285714285,0.42857142857142855
U93224,2019-11-13 06:45:00,0.0,0.25,0.43067655807339306,0.43067655807339306,1.0,1.0,0.6666666666666667,0.5,0.6309297535714575,0.6309297535714575,1.0,1.0
U16679,2019-11-13 06:45:41,0.6896551724137931,0.1,0.0,0.2890648263178879,0.0,1.0,0.4137931034482759,0.05555555555555555,0.0,0.0,0.0,0.0
U40168,2019-11-13 06:48:09,0.46296296296296297,0.16666666666666666,0.0,0.16716045496620227,0.0,0.3333333333333333,0.3765432098765432,0.07692307692307693,0.0,0.0,0.0,0.0
U3460,2019-11-13 06:50:25,0.6781609195402298,0.14285714285714285,0.0,0.20438239758848611,0.0,0.5,0.6264367816091955,0.125,0.0,0.19342640361727081,0.0,0.5
U66617,2019-11-13 06:51:35,0.875,0.25,0.43067655807339306,0.43067655807339306,1.0,1.0,0.7916666666666666,0.16666666666666666,0.0,0.3562071871080222,0.0,1.0
U93041,2019-11-13 06:56:13,0.45042194092827,0.0625,0.0,0.0,0.0,0.0,0.41877637130801687,0.045454545454545456,0.0,0.0,0.0,0.0
U61360,2019-11-13 07:00:06,0.28846153846153844,0.125,0.0,0.1480409554829326,0.0,0.3333333333333333,0.22435897435897437,0.05555555555555555,0.0,0.0,0.0,0.0
U29809,2019-11-13 07:00:22,1.0,1.0,1.0,1.0,1.0,1.0,0.6666666666666667,0.3333333333333333,0.5,0.5,1.0,1.0
U27426,2019-11-13 07:01:06,0.712962962962963,1.0,0.6131471927654584,0.6131471927654584,0.5,0.5,0.6481481481481481,0.5,0.38685280723454163,0.38685280723454163,0.5,0.5
U43807,2019-11-13 07:06:11,0.40771349862258954,0.019230769230769232,0.0,0.0,0.0,0.0,0.2837465564738292,0.013157894736842105,0.0,0.0,0.0,0.0
U6535,2019-11-13 07:07:46,0.5588235294117647,0.03571428571428571,0.0,0.0,0.0,0.0,0.5147058823529411,0.2,0.18154179253735267,0.18154179253735267,0.3333333333333333,0.3333333333333333
U45532,2019-11-13 07:09:23,0.6346153846153847,0.043478260869565216,0.0,0.0,0.0,0.0,0.6709401709401709,0.1111111111111111,0.0,0.11751610475642714,0.0,0.25
U65379,2019-11-13 07:10:18,0.7068273092369477,0.25,0.20210734650054757,0.20210734650054757,0.3333333333333333,0.3333333333333333,0.4618473895582329,0.047619047619047616,0.0,0.0,0.0,0.0
U18894,2019-11-13 07:14:28,0.625,0.2,0.23719771276929622,0.4415801103577823,0.5,1.0,0.4583333333333333,0.14285714285714285,0.0,0.3889580943680543,0.0,1.0
U63308,2019-11-13 07:14:38,0.8214285714285714,0.5,0.38685280723454163,0.38685280723454163,0.5,0.5,0.7678571428571429,0.25,0.2640681225725909,0.2640681225725909,0.5,0.5
U25708,2019-11-13 07:17:22,1.0,1.0,1.0,1.0,1.0,1.0,1.0,1.0,1.0,1.0,1.0,1.0
U22893,2019-11-13 07:18:11,0.6129807692307693,0.3333333333333333,0.16958010263680806,0.19958818982773852,0.125,0.25,0.6682692307692307,1.0,0.3391602052736161,0.4273569456759105,0.125,0.375
U1595,2019-11-13 07:18:50,0.8333333333333334,0.3333333333333333,0.5,0.5,1.0,1.0,0.6666666666666667,0.2,0.38685280723454163,0.38685280723454163,1.0,1.0
U68364,2019-11-13 07:20:02,0.7321428571428571,0.07692307692307693,0.0,0.0,0.0,0.0,0.9419642857142857,0.16666666666666666,0.0,0.39564672360221187,0.0,1.0
U2978,2019-11-13 07:21:30,0.5326086956521738,1.0,0.3903800499921017,0.5135312443624667,0.25,0.5,0.4673913043478261,0.3333333333333333,0.19519002499605084,0.19519002499605084,0.25,0.25
U54750,2019-11-13 07:22:12,0.27272727272727276,0.14285714285714285,0.0,0.20438239758848611,0.0,0.5,0.27272727272727276,0.14285714285714285,0.0,0.20438239758848611,0.0,0.5
U46937,2019-11-13 07:24:21,0.7453271028037384,0.5,0.38356636737133565,0.2860604285087249,0.25,0.25,0.6331775700934579,0.16666666666666666,0.0,0.16321684709627762,0.0,0.25
U62614,2019-11-13 07:24:46,0.7207547169811321,0.16666666666666666,0.0,0.34085783682463,0.0,0.6,0.5358490566037737,1.0,0.3391602052736161,0.3391602052736161,0.2,0.2
U63840,2019-11-13 07:25:23,0.0,0.14285714285714285,0.0,0.3333333333333333,0.0,1.0,0.0,0.14285714285714285,0.0,0.3333333333333333,0.0,1.0
U34102,2019-11-13 07:28:21,0.33333333333333337,0.14285714285714285,0.0,0.3333333333333333,0.0,1.0,0.33333333333333337,0.14285714285714285,0.0,0.3333333333333333,0.0,1.0
U76820,2019-11-13 07:29:26,0.4019607843137255,0.06666666666666667,0.0,0.0,0.0,0.0,0.4019607843137255,0.06666666666666667,0.0,0.0,0.0,0.0
U8418,2019-11-13 07:29:34,0.5511363636363636,0.5,0.21398626473452756,0.3088492562861898,0.125,0.375,0.5397727272727273,0.5,0.21398626473452756,0.32280592422117393,0.125,0.375
U39545,2019-11-13 07:31:25,0.5437500000000001,0.125,0.0,0.2406672991267921,0.0,0.5,0.6749999999999999,1.0,0.3903800499921017,0.5294362295028773,0.25,0.5
U83613,2019-11-13 07:31:56,0.8431372549019608,0.1111111111111111,0.0,0.3010299956639812,0.0,1.0,0.6666666666666667,0.05555555555555555,0.0,0.0,0.0,0.0
U91379,2019-11-13 07:33:39,0.5255102040816326,0.3333333333333333,0.16958010263680806,0.13743816645714543,0.14285714285714285,0.14285714285714285,0.5255102040816326,0.3333333333333333,0.16958010263680806,0.13743816645714543,0.14285714285714285,0.14285714285714285
U17094,2019-11-13 07:34:29,0.25,0.14285714285714285,0.0,0.3333333333333333,0.0,1.0,0.25,0.14285714285714285,0.0,0.3333333333333333,0.0,1.0
U35419,2019-11-13 07:35:28,0.6111111111111112,1.0,0.6131471927654584,0.6131471927654584,0.5,0.5,0.6111111111111112,1.0,0.6131471927654584,0.6131471927654584,0.5,0.5
U38668,2019-11-13 07:36:25,0.608,0.25,0.14606834984270645,0.2530614822099702,0.2,0.4,0.5973333333333334,0.058823529411764705,0.0,0.0,0.0,0.0
U70984,2019-11-13 07:38:03,0.7720588235294118,0.125,0.0,0.09546043308946733,0.0,0.16666666666666666,0.7034313725490197,0.06666666666666667,0.0,0.0,0.0,0.0
U13099,2019-11-13 07:41:06,0.6666666666666667,0.3333333333333333,0.5,0.5,1.0,1.0,0.6666666666666667,0.3333333333333333,0.5,0.5,1.0,1.0
U32211,2019-11-13 07:43:06,0.9740932642487047,0.16666666666666666,0.0,0.4227898344066503,0.0,1.0,0.9378238341968912,0.1,0.0,0.17723928678404774,0.0,0.5
U18446,2019-11-13 07:43:08,0.5799808429118773,0.05555555555555555,0.0,0.0,0.0,0.0,0.7203065134099617,0.5,0.21398626473452756,0.1482972305701491,0.1111111111111111,0.1111111111111111
U9009,2019-11-13 07:46:22,0.8939393939393939,0.3333333333333333,0.23463936301137822,0.5239472913541398,0.3333333333333333,1.0,0.7575757575757576,0.1111111111111111,0.0,0.14126697285982898,0.0,0.3333333333333333
U18894,2019-11-13 07:46:25,0.0,0.14285714285714285,0.0,0.3333333333333333,0.0,1.0,0.0,0.14285714285714285,0.0,0.3333333333333333,0.0,1.0
U51717,2019-11-13 07:46:51,0.524390243902439,0.25,0.2640681225725909,0.2640681225725909,0.5,0.5,0.5121951219512195,0.25,0.2640681225725909,0.2640681225725909,0.5,0.5
U28557,2019-11-13 07:47:42,0.6776315789473684,1.0,0.5087403079104241,0.39375843764607193,0.10526315789473684,0.15789473684210525,0.6776315789473684,1.0,0.5087403079104241,0.39375843764607193,0.10526315789473684,0.15789473684210525
U91415,2019-11-13 07:48:46,0.29166666666666663,0.02631578947368421,0.0,0.0,0.0,0.0,0.29166666666666663,0.02631578947368421,0.0,0.0,0.0,0.0
U53068,2019-11-13 07:49:32,0.9705882352941176,1.0,0.8854598815714874,0.8854598815714874,1.0,1.0,0.9215686274509803,0.5,0.49818925746641285,0.6462302129493456,0.6666666666666666,1.0
U60189,2019-11-13 07:50:31,0.2807017543859649,0.05555555555555555,0.0,0.0,0.0,0.0,0.5701754385964912,0.14285714285714285,0.0,0.15642624200758548,0.0,0.3333333333333333
U31096,2019-11-13 07:51:35,0.875,1.0,0.6508205185601091,0.6508205185601091,0.6666666666666666,0.6666666666666666,0.8333333333333333,1.0,0.46927872602275644,0.46927872602275644,0.3333333333333333,0.3333333333333333
U66617,2019-11-13 07:51:56,0.9945054945054945,0.5,0.6309297535714575,0.6309297535714575,1.0,1.0,0.8736263736263736,0.041666666666666664,0.0,0.0,0.0,0.0
U52134,2019-11-13 07:56:47,0.5791208791208791,0.08333333333333333,0.0,0.0,0.0,0.0,0.5142857142857142,0.043478260869565216,0.0,0.0,0.0,0.0
U84039,2019-11-13 07:57:22,0.375,0.030303030303030304,0.0,0.0,0.0,0.0,0.3559782608695652,0.027777777777777776,0.0,0.0,0.0,0.0
U91761,2019-11-13 08:03:30,0.8609375,1.0,0.4703652827859579,0.591176585485452,0.4,0.6,0.7296875,0.2,0.13120507751234178,0.252016380211836,0.2,0.4
U39867,2019-11-13 08:06:42,0.5490654205607477,0.14285714285714285,0.0,0.13012668333070054,0.0,0.25,0.7429906542056075,0.14285714285714285,0.0,0.2429718246796358,0.0,0.5
U45409,2019-11-13 08:07:48,0.34210526315789475,0.2,0.18154179253735267,0.18154179253735267,0.3333333333333333,0.3333333333333333,0.2719298245614035,0.1111111111111111,0.0,0.14126697285982898,0.0,0.3333333333333333
U48292,2019-11-13 08:08:20,0.755952380952381,0.25,0.3191471544989227,0.3191471544989227,0.5,0.5,0.8630952380952381,0.5,0.44149241373678083,0.44149241373678083,0.5,0.5
U71896,2019-11-13 08:08:37,0.358695652173913,0.034482758620689655,0.0,0.0,0.0,0.0,0.16304347826086957,0.02564102564102564,0.0,0.0,0.0,0.0
U44228,2019-11-13 08:08:42,0.43243243243243246,0.03225806451612903,0.0,0.0,0.0,0.0,0.7972972972972974,0.08333333333333333,0.0,0.0,0.0,0.0
U49894,2019-11-13 08:09:16,0.8921568627450981,1.0,0.46927872602275644,0.7720911544214064,0.3333333333333333,1.0,0.8921568627450981,1.0,0.46927872602275644,0.7720911544214064,0.3333333333333333,1.0
U16792,2019-11-13 08:13:53,0.9743589743589743,1.0,0.7653606369886217,0.9325210919548239,0.6666666666666666,1.0,0.9743589743589743,1.0,0.7653606369886217,0.9325210919548239,0.6666666666666666,1.0
U86100,2019-11-13 08:16:51,0.808695652173913,0.043478260869565216,0.0,0.0,0.0,0.0,0.9217391304347826,0.1,0.0,0.2890648263178879,0.0,1.0
U8317,2019-11-13 08:17:59,0.3567251461988304,0.1111111111111111,0.0,0.14126697285982898,0.0,0.3333333333333333,0.40350877192982454,0.041666666666666664,0.0,0.0,0.0,0.0
U77977,2019-11-13 08:18:46,0.4950980392156863,0.5,0.24630238874073,0.369453583111095,0.25,0.5,0.4950980392156863,0.5,0.24630238874073,0.369453583111095,0.25,0.5
U89762,2019-11-13 08:19:05,0.7190839694656489,0.3333333333333333,0.16958010263680806,0.11004588314904008,0.1,0.1,0.6015267175572518,0.06666666666666667,0.0,0.0,0.0,0.0
U13590,2019-11-13 08:19:19,0.625,0.25,0.43067655807339306,0.43067655807339306,1.0,1.0,0.25,0.14285714285714285,0.0,0.3333333333333333,0.0,1.0
U7575,2019-11-13 08:20:10,0.09999999999999998,0.2,0.23719771276929622,0.4415801103577823,0.5,1.0,0.5,1.0,0.6131471927654584,0.8175295903539445,0.5,1.0
U65254,2019-11-13 08:21:25,0.8783068783068783,0.2,0.18154179253735267,0.3379680345449381,0.3333333333333333,0.6666666666666666,0.8783068783068783,0.2,0.18154179253735267,0.3379680345449381,0.3333333333333333,0.6666666666666666
U37228,2019-11-13 08:22:26,0.7065217391304347,0.2,0.15101961822780524,0.2638647595767405,0.25,0.5,0.6666666666666666,0.5,0.44149241373678083,0.44149241373678083,0.5,0.5
U87743,2019-11-13 08:22:59,0.5,0.125,0.0,0.31546487678572877,0.0,1.0,0.5,0.125,0.0,0.31546487678572877,0.0,1.0
U2677,2019-11-13 08:23:17,0.4896969696969697,0.021739130434782608,0.0,0.0,0.0,0.0,0.49333333333333335,0.08333333333333333,0.0,0.0,0.0,0.0
U35048,2019-11-13 08:24:23,0.41569767441860467,0.07692307692307693,0.0,0.0,0.0,0.0,0.41569767441860467,0.07692307692307693,0.0,0.0,0.0,0.0
U7512,2019-11-13 08:24:51,0.3368055555555555,0.05263157894736842,0.0,0.0,0.0,0.0,0.29861111111111105,0.03333333333333333,0.0,0.0,0.0,0.0
U35763,2019-11-13 08:26:54,0.16666666666666663,0.16666666666666666,0.0,0.3562071871080222,0.0,1.0,0.16666666666666663,0.16666666666666666,0.0,0.3562071871080222,0.0,1.0
U21632,2019-11-13 08:27:10,0.6633064516129032,0.045454545454545456,0.0,0.0,0.0,0.0,0.6048387096774194,0.05,0.0,0.0,0.0,0.0
U27978,2019-11-13 08:28:14,0.7575757575757576,0.16666666666666666,0.0,0.21840743681816419,0.0,0.5,0.6666666666666666,0.16666666666666666,0.0,0.21840743681816419,0.0,0.5
U47329,2019-11-13 08:34:02,1.0,1.0,1.0,1.0,1.0,1.0,1.0,1.0,1.0,1.0,1.0,1.0
U65664,2019-11-13 08:38:42,0.5045045045045045,0.1,0.0,0.11284514134893527,0.0,0.25,0.5698198198198198,0.0625,0.0,0.0,0.0,0.0
U31531,2019-11-13 08:39:20,0.9259259259259258,1.0,0.9060254355346823,0.9060254355346823,1.0,1.0,0.8518518518518519,1.0,0.8529278650606567,0.8529278650606567,1.0,1.0
U19432,2019-11-13 08:40:42,0.6417910447761194,0.125,0.0,0.1480409554829326,0.0,0.3333333333333333,0.42288557213930345,0.03571428571428571,0.0,0.0,0.0,0.0
U83072,2019-11-13 08:41:42,0.5952380952380952,0.2,0.18154179253735267,0.3228087653971817,0.3333333333333333,0.6666666666666666,0.45238095238095233,0.1111111111111111,0.0,0.14126697285982898,0.0,0.3333333333333333
U13099,2019-11-13 08:43:09,0.05555555555555558,0.05555555555555555,0.0,0.0,0.0,0.0,0.7222222222222222,0.16666666666666666,0.0,0.3562071871080222,0.0,1.0
U69704,2019-11-13 08:44:38,0.6691176470588235,0.16666666666666666,0.0,0.13905617951077562,0.0,0.25,0.6225490196078431,0.14285714285714285,0.0,0.13012668333070054,0.0,0.25
U13638,2019-11-13 08:46:14,0.9375,0.5,0.6309297535714575,0.6309297535714575,1.0,1.0,0.8125,0.25,0.43067655807339306,0.43067655807339306,1.0,1.0
U2030,2019-11-13 08:47:34,0.7785714285714286,0.5,0.44149241373678083,0.44149241373678083,0.5,0.5,0.8553571428571428,0.16666666666666666,0.0,0.2622073738811406,0.0,0.5
U41034,2019-11-13 08:48:57,0.8481203007518797,1.0,0.7227265726449519,0.6684881776649958,0.42857142857142855,0.5714285714285714,0.8481203007518797,1.0,0.7227265726449519,0.6684881776649958,0.42857142857142855,0.5714285714285714
U78920,2019-11-13 08:49:56,0.33333333333333337,0.14285714285714285,0.0,0.3333333333333333,0.0,1.0,0.33333333333333337,0.14285714285714285,0.0,0.3333333333333333,0.0,1.0
U44768,2019-11-13 08:50:14,0.5344827586206897,0.5,0.38685280723454163,0.38685280723454163,0.5,0.5,0.46551724137931033,0.16666666666666666,0.0,0.21840743681816419,0.0,0.5
U60197,2019-11-13 08:53:16,0.9404761904761905,0.3333333333333333,0.5437713091520254,0.5437713091520254,1.0,1.0,0.9642857142857143,0.5,0.6509209298071326,0.6509209298071326,1.0,1.0
U93773,2019-11-13 08:55:54,0.6972972972972973,0.5,0.21398626473452756,0.42913706161531123,0.2,0.6,0.6432432432432433,0.5,0.21398626473452756,0.32703966649239957,0.2,0.4
U93657,2019-11-13 08:56:02,0.7272727272727273,0.14285714285714285,0.0,0.3333333333333333,0.0,1.0,0.5909090909090908,0.1,0.0,0.2890648263178879,0.0,1.0
U74989,2019-11-13 08:56:04,0.27450980392156865,0.02631578947368421,0.0,0.0,0.0,0.0,0.13725490196078427,0.022222222222222223,0.0,0.0,0.0,0.0
U91951,2019-11-13 08:56:14,0.6274509803921569,0.058823529411764705,0.0,0.0,0.0,0.0,0.5294117647058824,0.037037037037037035,0.0,0.0,0.0,0.0
U3660,2019-11-13 08:56:51,0.6873270614277809,1.0,0.5531464700081437,0.42520843362602373,0.15384615384615385,0.23076923076923078,0.6131710016602103,0.16666666666666666,0.0,0.14201905717762703,0.0,0.15384615384615385
U59594,2019-11-13 08:57:53,0.706766917293233,1.0,0.5087403079104241,0.47479014188018454,0.14285714285714285,0.2857142857142857,0.6203007518796992,0.09090909090909091,0.0,0.0,0.0,0.0
U74636,2019-11-13 09:00:17,0.4131944444444444,0.047619047619047616,0.0,0.0,0.0,0.0,0.4131944444444444,0.047619047619047616,0.0,0.0,0.0,0.0
U54642,2019-11-13 09:01:10,0.8291666666666667,0.5,0.36005461457723403,0.36005461457723403,0.4,0.4,0.9416666666666668,0.5,0.5296347172140421,0.6426881189719141,0.6,0.8
U4743,2019-11-13 09:01:21,0.47029702970297027,0.02564102564102564,0.0,0.0,0.0,0.0,0.6881188118811881,0.06666666666666667,0.0,0.0,0.0,0.0
U52201,2019-11-13 09:03:55,0.44166666666666665,1.0,0.3391602052736161,0.3391602052736161,0.2,0.2,0.5222222222222223,0.125,0.0,0.10699313236726378,0.0,0.2
U78703,2019-11-13 09:07:43,0.817283950617284,0.043478260869565216,0.0,0.0,0.0,0.0,0.5950617283950617,0.05555555555555555,0.0,0.0,0.0,0.0
U34384,2019-11-13 09:08:19,0.6711864406779662,1.0,0.5531464700081437,0.3589542101716347,0.2,0.2,0.6042372881355933,0.1111111111111111,0.0,0.06625422345438903,0.0,0.1
U89079,2019-11-13 09:08:29,0.8,0.3333333333333333,0.5,0.5,1.0,1.0,0.7,0.25,0.43067655807339306,0.43067655807339306,1.0,1.0
U92527,2019-11-13 09:08:56,0.7906976744186047,0.16666666666666666,0.0,0.21840743681816419,0.0,0.5,0.6395348837209303,0.25,0.2640681225725909,0.2640681225725909,0.5,0.5
U65250,2019-11-13 09:09:53,0.875,1.0,0.8772153153380493,0.8772153153380493,1.0,1.0,0.6875,0.5,0.38685280723454163,0.6052602440527057,0.5,1.0
U49572,2019-11-13 09:13:10,0.8392857142857143,0.25,0.2640681225725909,0.45749452618986164,0.5,1.0,0.7321428571428572,0.2,0.23719771276929622,0.23719771276929622,0.5,0.5
U21954,2019-11-13 09:14:13,0.5,0.25,0.43067655807339306,0.43067655807339306,1.0,1.0,0.6666666666666667,0.3333333333333333,0.5,0.5,1.0,1.0
U14283,2019-11-13 09:15:12,0.6239583333333333,0.030303030303030304,0.0,0.0,0.0,0.0,0.5645833333333333,0.0196078431372549,0.0,0.0,0.0,0.0
U27162,2019-11-13 09:17:59,0.6071428571428572,0.2,0.18154179253735267,0.18154179253735267,0.3333333333333333,0.3333333333333333,0.6071428571428572,0.2,0.18154179253735267,0.18154179253735267,0.3333333333333333,0.3333333333333333
U91179,2019-11-13 09:20:11,0.8125,1.0,0.8503449055347546,0.8503449055347546,1.0,1.0,0.875,1.0,0.8772153153380493,0.8772153153380493,1.0,1.0
U90733,2019-11-13 09:20:27,0.5476190476190477,0.16666666666666666,0.0,0.21840743681816419,0.0,0.5,0.47619047619047616,0.125,0.0,0.19342640361727081,0.0,0.5
U10233,2019-11-13 09:20:51,0.9333333333333333,0.5,0.6309297535714575,0.6309297535714575,1.0,1.0,0.5333333333333333,0.125,0.0,0.31546487678572877,0.0,1.0
U31461,2019-11-13 09:21:20,0.20774647887323944,0.024390243902439025,0.0,0.0,0.0,0.0,0.323943661971831,0.1,0.0,0.11284514134893527,0.0,0.25
U28675,2019-11-13 09:22:15,0.5729166666666666,0.05555555555555555,0.0,0.0,0.0,0.0,0.4583333333333333,0.05263157894736842,0.0,0.0,0.0,0.0
U75588,2019-11-13 09:23:17,0.7051282051282052,0.16666666666666666,0.0,0.16716045496620227,0.0,0.3333333333333333,0.7051282051282052,0.16666666666666666,0.0,0.16716045496620227,0.0,0.3333333333333333
U82181,2019-11-13 09:25:56,0.3503401360544217,0.14285714285714285,0.0,0.15642624200758548,0.0,0.3333333333333333,0.29591836734693877,0.07692307692307693,0.0,0.0,0.0,0.0
U4613,2019-11-13 09:26:08,0.8461538461538461,0.3333333333333333,0.5,0.5,1.0,1.0,0.6153846153846154,0.16666666666666666,0.0,0.3562071871080222,0.0,1.0
U41517,2019-11-13 09:27:20,0.9166666666666666,0.3333333333333333,0.5,0.5,1.0,1.0,0.75,0.14285714285714285,0.0,0.3333333333333333,0.0,1.0
U39475,2019-11-13 09:28:20,0.6995305164319249,0.2,0.18154179253735267,0.34870224750355494,0.3333333333333333,0.6666666666666666,0.6338028169014085,0.3333333333333333,0.23463936301137822,0.23463936301137822,0.3333333333333333,0.3333333333333333
U62253,2019-11-13 09:29:30,0.6791666666666667,1.0,0.46927872602275644,0.6364391809889587,0.3333333333333333,0.6666666666666666,0.8541666666666665,0.3333333333333333,0.23463936301137822,0.40179981797758046,0.3333333333333333,0.6666666666666666
U40647,2019-11-13 09:30:09,0.4894578313253012,0.5,0.24630238874073,0.24630238874073,0.25,0.25,0.4894578313253012,0.5,0.24630238874073,0.24630238874073,0.25,0.25
U60895,2019-11-13 09:30:39,0.5227272727272727,0.5,0.24630238874073,0.3764290720714305,0.25,0.5,0.5511363636363636,0.25,0.16812753627111746,0.28097267762005274,0.25,0.5
U17190,2019-11-13 09:30:55,0.6250000000000001,0.058823529411764705,0.0,0.0,0.0,0.0,0.6250000000000001,0.058823529411764705,0.0,0.0,0.0,0.0
U49861,2019-11-13 09:36:23,0.7962962962962963,1.0,0.3391602052736161,0.3391602052736161,0.2,0.2,0.7611111111111111,0.3333333333333333,0.16958010263680806,0.16958010263680806,0.2,0.2
U30741,2019-11-13 09:37:06,0.3275862068965517,0.038461538461538464,0.0,0.0,0.0,0.0,0.3275862068965517,0.038461538461538464,0.0,0.0,0.0,0.0
U44348,2019-11-13 09:37:57,0.3197278911564625,0.07142857142857142,0.0,0.0,0.0,0.0,0.14285714285714282,0.03125,0.0,0.0,0.0,0.0
U65257,2019-11-13 09:39:58,0.51,0.5,0.24630238874073,0.24630238874073,0.25,0.25,0.65,0.3333333333333333,0.36331756126716835,0.36331756126716835,0.5,0.5
U48290,2019-11-13 09:40:48,0.5815789473684211,1.0,0.3903800499921017,0.5032251913410369,0.25,0.5,0.6421052631578946,0.5,0.24630238874073,0.24630238874073,0.25,0.25
U27827,2019-11-13 09:43:04,0.88,0.25,0.43067655807339306,0.43067655807339306,1.0,1.0,0.76,0.14285714285714285,0.0,0.3333333333333333,0.0,1.0
U65250,2019-11-13 09:46:14,0.7916666666666666,1.0,0.3903800499921017,0.3903800499921017,0.25,0.25,0.6826923076923077,0.25,0.16812753627111746,0.16812753627111746,0.25,0.25
U28414,2019-11-13 09:46:24,0.6075949367088608,0.03125,0.0,0.0,0.0,0.0,0.4683544303797469,0.023255813953488372,0.0,0.0,0.0,0.0
U44210,2019-11-13 09:48:49,0.8088235294117646,0.16666666666666666,0.0,0.39564672360221187,0.0,1.0,0.7205882352941176,0.25,0.2640681225725909,0.2640681225725909,0.5,0.5
U64015,2019-11-13 09:48:54,0.07199999999999995,0.008547008547008548,0.0,0.0,0.0,0.0,0.040000000000000036,0.008264462809917356,0.0,0.0,0.0,0.0
U62253,2019-11-13 09:50:46,0.8625,0.3333333333333333,0.3065735963827292,0.3065735963827292,0.5,0.5,0.9,1.0,0.6131471927654584,0.7903864795495061,0.5,1.0
U41254,2019-11-13 09:55:04,0.9199999999999999,0.3333333333333333,0.23463936301137822,0.5430667908374095,0.3333333333333333,1.0,0.8066666666666666,0.25,0.20210734650054757,0.20210734650054757,0.3333333333333333,0.3333333333333333
U91993,2019-11-13 09:55:30,0.5245901639344261,1.0,0.3391602052736161,0.3391602052736161,0.2,0.2,0.5245901639344261,1.0,0.3391602052736161,0.3391602052736161,0.2,0.2
U50154,2019-11-13 09:57:11,0.5833333333333333,0.5,0.2960819109658652,0.5730008572581421,0.3333333333333333,1.0,0.5833333333333333,0.5,0.2960819109658652,0.5730008572581421,0.3333333333333333,1.0
U88202,2019-11-13 09:57:16,0.7575757575757576,0.1111111111111111,0.0,0.3010299956639812,0.0,1.0,0.5454545454545454,0.0625,0.0,0.0,0.0,0.0
U12802,2019-11-13 10:00:56,0.56,0.25,0.16812753627111746,0.16812753627111746,0.25,0.25,0.5466666666666666,0.125,0.0,0.123151194370365,0.0,0.25
U62646,2019-11-13 10:02:34,0.6285714285714286,1.0,0.3391602052736161,0.4412576003965278,0.2,0.4,0.6122448979591837,0.5,0.34519134224686937,0.34519134224686937,0.4,0.4
U24987,2019-11-13 10:04:03,1.0,1.0,1.0,1.0,1.0,1.0,0.6666666666666667,0.5,0.6309297535714575,0.6309297535714575,1.0,1.0
U5436,2019-11-13 10:04:41,0.23529411764705882,0.03225806451612903,0.0,0.0,0.0,0.0,0.22549019607843135,0.03225806451612903,0.0,0.0,0.0,0.0
U9935,2019-11-13 10:08:53,0.5,0.0625,0.0,0.0,0.0,0.0,0.40384615384615385,0.058823529411764705,0.0,0.0,0.0,0.0
U87598,2019-11-13 10:10:05,0.2142857142857143,0.1111111111111111,0.0,0.18457569677956817,0.0,0.5,0.5,1.0,0.6131471927654584,0.6131471927654584,0.5,0.5
U45467,2019-11-13 10:10:53,1.0,1.0,1.0,1.0,1.0,1.0,1.0,1.0,1.0,1.0,1.0,1.0
U90733,2019-11-13 10:12:40,0.6956521739130435,0.125,0.0,0.31546487678572877,0.0,1.0,0.5217391304347826,0.08333333333333333,0.0,0.0,0.0,0.0
U79199,2019-11-13 10:13:02,1.0,1.0,1.0,1.0,1.0,1.0,0.6666666666666667,0.5,0.6309297535714575,0.6309297535714575,1.0,1.0
U12205,2019-11-13 10:14:01,0.7416666666666667,0.1111111111111111,0.0,0.18457569677956817,0.0,0.5,0.6333333333333333,0.1111111111111111,0.0,0.18457569677956817,0.0,0.5
U17566,2019-11-13 10:14:03,0.5625,0.07142857142857142,0.0,0.0,0.0,0.0,0.47023809523809523,0.02631578947368421,0.0,0.0,0.0,0.0
U26059,2019-11-13 10:15:58,0.581267217630854,0.02631578947368421,0.0,0.0,0.0,0.0,0.7272727272727273,0.14285714285714285,0.0,0.15642624200758548,0.0,0.3333333333333333
U86256,2019-11-13 10:16:17,0.84,0.2,0.38685280723454163,0.38685280723454163,1.0,1.0,0.8,0.16666666666666666,0.0,0.3562071871080222,0.0,1.0
U43331,2019-11-13 10:16:25,0.35,0.045454545454545456,0.0,0.0,0.0,0.0,0.55,0.125,0.0,0.19342640361727081,0.0,0.5
U81520,2019-11-13 10:19:08,0.5492957746478873,0.14285714285714285,0.0,0.15743107269979564,0.0,0.25,0.6813380281690141,0.14285714285714285,0.0,0.0843142342558857,0.0,0.125
U55910,2019-11-13 10:20:05,0.7999999999999999,0.0625,0.0,0.0,0.0,0.0,0.7066666666666667,0.043478260869565216,0.0,0.0,0.0,0.0
U34870,2019-11-13 10:25:40,1.0,1.0,1.0,1.0,1.0,1.0,1.0,1.0,1.0,1.0,1.0,1.0
U80145,2019-11-13 10:31:56,0.7,0.5,0.6509209298071326,0.6509209298071326,1.0,1.0,0.8,1.0,0.8772153153380493,0.8772153153380493,1.0,1.0
U83359,2019-11-13 10:32:40,0.8309859154929577,0.07692307692307693,0.0,0.0,0.0,0.0,0.8732394366197184,0.1,0.0,0.2890648263178879,0.0,1.0
U16646,2019-11-13 10:35:52,0.8152173913043479,1.0,0.6131471927654584,0.6131471927654584,0.5,0.5,0.6086956521739131,0.2,0.23719771276929622,0.23719771276929622,0.5,0.5
U30967,2019-11-13 10:35:55,0.806060606060606,0.5,0.2960819109658652,0.2960819109658652,0.3333333333333333,0.3333333333333333,0.9333333333333333,1.0,0.7039180890341347,0.7039180890341347,0.6666666666666666,0.6666666666666666
U92060,2019-11-13 10:36:22,0.8157894736842105,0.25,0.2640681225725909,0.48247555939075504,0.5,1.0,0.9473684210526316,0.5,0.6934264036172708,0.6934264036172708,1.0,1.0
U6665,2019-11-13 10:36:55,0.7567567567567568,0.1,0.0,0.2890648263178879,0.0,1.0,0.5945945945945945,0.0625,0.0,0.0,0.0,0.0
U59326,2019-11-13 10:37:54,0.3645833333333333,0.1,0.0,0.13565197343244778,0.0,0.3333333333333333,0.34375,0.09090909090909091,0.0,0.0,0.0,0.0
U868,2019-11-13 10:38:32,0.5,0.02040816326530612,0.0,0.0,0.0,0.0,0.5032520325203251,0.045454545454545456,0.0,0.0,0.0,0.0
U73765,2019-11-13 10:40:48,1.0,1.0,1.0,1.0,1.0,1.0,1.0,1.0,1.0,1.0,1.0,1.0
U68923,2019-11-13 10:42:41,0.46031746031746035,0.1111111111111111,0.0,0.14126697285982898,0.0,0.3333333333333333,0.4444444444444444,0.125,0.0,0.1480409554829326,0.0,0.3333333333333333
U93881,2019-11-13 10:46:01,1.0,1.0,1.0,1.0,1.0,1.0,0.8095238095238095,0.1111111111111111,0.0,0.3010299956639812,0.0,1.0
U47362,2019-11-13 10:52:19,0.75,0.5,0.6934264036172708,0.6934264036172708,1.0,1.0,0.75,0.5,0.6934264036172708,0.6934264036172708,1.0,1.0
U32812,2019-11-13 10:52:19,0.7792207792207791,0.3333333333333333,0.23463936301137822,0.23463936301137822,0.3333333333333333,0.3333333333333333,0.7662337662337663,0.1111111111111111,0.0,0.14126697285982898,0.0,0.3333333333333333
U91332,2019-11-13 10:53:05,0.6052227342549923,0.043478260869565216,0.0,0.0,0.0,0.0,0.6052227342549923,0.043478260869565216,0.0,0.0,0.0,0.0
U13768,2019-11-13 10:53:40,1.0,1.0,1.0,1.0,1.0,1.0,1.0,1.0,1.0,1.0,1.0,1.0
U91548,2019-11-13 10:57:35,1.0,1.0,1.0,1.0,1.0,1.0,0.0,0.5,0.6309297535714575,0.6309297535714575,1.0,1.0
U68779,2019-11-13 10:58:46,1.0,1.0,1.0,1.0,1.0,1.0,0.9285714285714286,0.5,0.6309297535714575,0.6309297535714575,1.0,1.0
U73145,2019-11-13 10:59:31,0.8241758241758242,0.09090909090909091,0.0,0.0,0.0,0.0,0.6959706959706959,0.08333333333333333,0.0,0.0,0.0,0.0
U73746,2019-11-13 10:59:38,0.546875,0.07142857142857142,0.0,0.0,0.0,0.0,0.4270833333333333,0.037037037037037035,0.0,0.0,0.0,0.0
U93575,2019-11-13 11:02:41,0.5263157894736842,1.0,0.46927872602275644,0.46927872602275644,0.3333333333333333,0.3333333333333333,0.7192982456140351,1.0,0.6713860725233041,0.6713860725233041,0.6666666666666666,0.6666666666666666
U87309,2019-11-13 11:02:55,0.39849624060150374,0.16666666666666666,0.0,0.0979129253499678,0.0,0.14285714285714285,0.48120300751879697,0.125,0.0,0.08671382849411972,0.0,0.14285714285714285
U53012,2019-11-13 11:04:04,0.923913043478261,0.25,0.2640681225725909,0.48247555939075504,0.5,1.0,0.7934782608695652,0.1,0.0,0.17723928678404774,0.0,0.5
U48359,2019-11-13 11:06:21,0.5555555555555556,0.2,0.15101961822780524,0.15101961822780524,0.25,0.25,0.39814814814814814,0.1,0.0,0.11284514134893527,0.0,0.25
U79235,2019-11-13 11:06:21,0.44999999999999996,0.043478260869565216,0.0,0.0,0.0,0.0,0.4,0.04,0.0,0.0,0.0,0.0
U63917,2019-11-13 11:07:46,0.0,0.5,0.6309297535714575,0.6309297535714575,1.0,1.0,1.0,1.0,1.0,1.0,1.0,1.0
U41172,2019-11-13 11:08:34,1.0,1.0,1.0,1.0,1.0,1.0,1.0,1.0,1.0,1.0,1.0,1.0
U71484,2019-11-13 11:09:29,0.9313725490196079,0.5,0.38685280723454163,0.5802792108518124,0.5,1.0,0.784313725490196,0.125,0.0,0.19342640361727081,0.0,0.5
U23206,2019-11-13 11:10:03,0.6086956521739131,0.1,0.0,0.2890648263178879,0.0,1.0,0.4347826086956522,0.07142857142857142,0.0,0.0,0.0,0.0
U40644,2019-11-13 11:10:11,0.1428571428571429,0.014925373134328358,0.0,0.0,0.0,0.0,0.11688311688311692,0.014492753623188406,0.0,0.0,0.0,0.0
U11841,2019-11-13 11:12:15,0.3605990783410138,0.027777777777777776,0.0,0.0,0.0,0.0,0.45967741935483875,0.025,0.0,0.0,0.0,0.0
U93250,2019-11-13 11:12:24,0.38717948717948714,0.02,0.0,0.0,0.0,0.0,0.4051282051282051,0.03333333333333333,0.0,0.0,0.0,0.0
U4192,2019-11-13 11:16:44,0.7642276422764228,1.0,0.6843515475204855,0.6105858728157117,0.5,0.5,0.7642276422764228,1.0,0.6843515475204855,0.6105858728157117,0.5,0.5
U4613,2019-11-13 11:17:52,1.0,1.0,1.0,1.0,1.0,1.0,1.0,1.0,1.0,1.0,1.0,1.0
U1493,2019-11-13 11:19:20,0.0,0.5,0.6309297535714575,0.6309297535714575,1.0,1.0,0.0,0.5,0.6309297535714575,0.6309297535714575,1.0,1.0
U12671,2019-11-13 11:21:13,0.736111111111111,0.5,0.2960819109658652,0.4632423659320675,0.3333333333333333,0.6666666666666666,0.6944444444444444,0.25,0.20210734650054757,0.35853358850813305,0.3333333333333333,0.6666666666666666
U86406,2019-11-13 11:21:33,1.0,1.0,1.0,1.0,1.0,1.0,1.0,1.0,1.0,1.0,1.0,1.0
U4992,2019-11-13 11:23:27,0.7222222222222222,0.5,0.2960819109658652,0.4441228664487979,0.3333333333333333,0.6666666666666666,0.6944444444444444,0.5,0.2960819109658652,0.43734888382569426,0.3333333333333333,0.6666666666666666
U17029,2019-11-13 11:24:03,0.4696969696969697,0.5,0.2960819109658652,0.4441228664487979,0.3333333333333333,0.6666666666666666,0.5909090909090909,1.0,0.6508205185601091,0.6508205185601091,0.6666666666666666,0.6666666666666666
U52029,2019-11-13 11:24:43,0.06451612903225803,0.037037037037037035,0.0,0.0,0.0,0.0,0.06451612903225803,0.037037037037037035,0.0,0.0,0.0,0.0
U86922,2019-11-13 11:24:49,0.524390243902439,0.03571428571428571,0.0,0.0,0.0,0.0,0.524390243902439,0.030303030303030304,0.0,0.0,0.0,0.0
U13433,2019-11-13 11:25:30,0.8666666666666667,1.0,0.5531464700081437,0.7870111744655099,0.4,0.8,0.8666666666666667,1.0,0.5531464700081437,0.7870111744655099,0.4,0.8
U41493,2019-11-13 11:26:07,0.5652173913043478,0.25,0.14606834984270645,0.14606834984270645,0.2,0.2,0.6492753623188406,0.09090909090909091,0.0,0.0,0.0,0.0
U68916,2019-11-13 11:27:36,0.5268817204301075,0.25,0.20210734650054757,0.20210734650054757,0.3333333333333333,0.3333333333333333,0.586021505376344,0.2,0.18154179253735267,0.18154179253735267,0.3333333333333333,0.3333333333333333
U35348,2019-11-13 11:30:27,0.8598290598290598,0.14285714285714285,0.0,0.2920782154400332,0.0,0.6666666666666666,0.864957264957265,0.1111111111111111,0.0,0.14126697285982898,0.0,0.3333333333333333
U58864,2019-11-13 11:30:57,0.41666666666666663,0.043478260869565216,0.0,0.0,0.0,0.0,0.3095238095238095,0.03571428571428571,0.0,0.0,0.0,0.0
U696,2019-11-13 11:31:18,0.6176470588235294,0.07142857142857142,0.0,0.0,0.0,0.0,0.5588235294117647,0.0625,0.0,0.0,0.0,0.0
U11236,2019-11-13 11:31:49,0.7575757575757576,0.5,0.4776237035032179,0.6340499455108034,0.6666666666666666,1.0,0.6666666666666665,0.3333333333333333,0.23463936301137822,0.5498407734605131,0.3333333333333333,1.0
U16219,2019-11-13 11:35:24,0.3064220183486238,0.02,0.0,0.0,0.0,0.0,0.39082568807339446,0.058823529411764705,0.0,0.0,0.0,0.0
U19739,2019-11-13 11:37:01,0.25,0.25,0.43067655807339306,0.43067655807339306,1.0,1.0,0.5,0.3333333333333333,0.5,0.5,1.0,1.0
U1030,2019-11-13 11:40:04,0.5525000000000001,0.0625,0.0,0.0,0.0,0.0,0.5008333333333334,0.05555555555555555,0.0,0.0,0.0,0.0
U31470,2019-11-13 11:40:14,0.7616279069767442,0.25,0.2640681225725909,0.2640681225725909,0.5,0.5,0.6337209302325582,0.07692307692307693,0.0,0.0,0.0,0.0
U30888,2019-11-13 11:41:20,0.39082278481012656,0.041666666666666664,0.0,0.0,0.0,0.0,0.5079113924050633,0.1,0.0,0.11284514134893527,0.0,0.25
U24700,2019-11-13 11:42:00,0.5571428571428572,0.07692307692307693,0.0,0.0,0.0,0.0,0.5285714285714286,0.07692307692307693,0.0,0.0,0.0,0.0
U66415,2019-11-13 11:47:10,0.0,0.5,0.6309297535714575,0.6309297535714575,1.0,1.0,0.0,0.5,0.6309297535714575,0.6309297535714575,1.0,1.0
U61091,2019-11-13 11:47:21,0.8122807017543859,0.14285714285714285,0.0,0.21109268758922906,0.0,0.4,0.8122807017543859,0.14285714285714285,0.0,0.21109268758922906,0.0,0.4
U64210,2019-11-13 11:47:55,0.9583333333333334,0.5,0.6309297535714575,0.6309297535714575,1.0,1.0,0.875,0.25,0.43067655807339306,0.43067655807339306,1.0,1.0
U12106,2019-11-13 11:47:55,0.6234567901234569,0.06666666666666667,0.0,0.0,0.0,0.0,0.5925925925925926,0.058823529411764705,0.0,0.0,0.0,0.0
U61244,2019-11-13 11:48:31,0.6951219512195121,0.125,0.0,0.1480409554829326,0.0,0.3333333333333333,0.7845528455284553,0.14285714285714285,0.0,0.15642624200758548,0.0,0.3333333333333333
U15624,2019-11-13 11:48:54,1.0,1.0,1.0,1.0,1.0,1.0,1.0,1.0,1.0,1.0,1.0,1.0
U74567,2019-11-13 11:49:45,0.3589743589743589,0.038461538461538464,0.0,0.0,0.0,0.0,0.3589743589743589,0.038461538461538464,0.0,0.0,0.0,0.0
U68364,2019-11-13 11:50:11,0.43877551020408156,0.04,0.0,0.0,0.0,0.0,0.41836734693877553,0.0625,0.0,0.0,0.0,0.0
U33475,2019-11-13 11:50:41,0.5977011494252874,0.027777777777777776,0.0,0.0,0.0,0.0,0.48275862068965514,0.021739130434782608,0.0,0.0,0.0,0.0
U23637,2019-11-13 11:52:38,0.6666666666666667,0.3333333333333333,0.5,0.5,1.0,1.0,1.0,1.0,1.0,1.0,1.0,1.0
U80489,2019-11-13 11:53:34,1.0,1.0,1.0,1.0,1.0,1.0,0.8181818181818181,0.3333333333333333,0.5,0.5,1.0,1.0
U32146,2019-11-13 11:59:19,0.25,0.25,0.43067655807339306,0.43067655807339306,1.0,1.0,0.25,0.25,0.43067655807339306,0.43067655807339306,1.0,1.0
U75418,2019-11-13 12:01:09,0.2260869565217391,0.0136986301369863,0.0,0.0,0.0,0.0,0.19565217391304346,0.0125,0.0,0.0,0.0,0.0
U65009,2019-11-13 12:01:32,0.7263157894736842,1.0,0.5531464700081437,0.5531464700081437,0.4,0.4,0.5894736842105264,1.0,0.3391602052736161,0.4599715079731103,0.2,0.4
U73575,2019-11-13 12:02:40,1.0,1.0,1.0,1.0,1.0,1.0,1.0,1.0,1.0,1.0,1.0,1.0
U28036,2019-11-13 12:05:16,0.8534798534798534,1.0,0.8687949224876582,0.8887517031591262,0.5714285714285714,0.8571428571428571,0.8095238095238094,1.0,0.7227265726449519,0.7552020061591156,0.42857142857142855,0.7142857142857143
U66617,2019-11-13 12:05:43,0.4693877551020408,0.02702702702702703,0.0,0.0,0.0,0.0,0.49999999999999994,0.05263157894736842,0.0,0.0,0.0,0.0
U70818,2019-11-13 12:05:57,0.5625,0.125,0.0,0.31546487678572877,0.0,1.0,0.6875,0.16666666666666666,0.0,0.3562071871080222,0.0,1.0
U57279,2019-11-13 12:06:32,0.9245283018867925,1.0,0.6131471927654584,0.7903864795495061,0.5,1.0,0.8018867924528302,0.2,0.23719771276929622,0.23719771276929622,0.5,0.5
U84062,2019-11-13 12:08:10,0.875,0.25,0.2640681225725909,0.45749452618986164,0.5,1.0,0.875,0.2,0.23719771276929622,0.4415801103577823,0.5,1.0
U37193,2019-11-13 12:08:45,0.45833333333333326,0.3333333333333333,0.23463936301137822,0.23463936301137822,0.3333333333333333,0.3333333333333333,0.41666666666666663,0.25,0.20210734650054757,0.20210734650054757,0.3333333333333333,0.3333333333333333
U23206,2019-11-13 12:09:10,0.9285714285714286,0.5,0.6309297535714575,0.6309297535714575,1.0,1.0,0.5,0.125,0.0,0.31546487678572877,0.0,1.0
U4040,2019-11-13 12:09:15,1.0,1.0,1.0,1.0,1.0,1.0,0.925531914893617,0.25,0.2640681225725909,0.48247555939075504,0.5,1.0
U39250,2019-11-13 12:10:01,0.46153846153846156,0.02,0.0,0.0,0.0,0.0,0.37362637362637363,0.017241379310344827,0.0,0.0,0.0,0.0
U88252,2019-11-13 12:10:09,0.8571428571428571,1.0,0.46927872602275644,0.7585866543655181,0.3333333333333333,1.0,0.6666666666666666,0.2,0.18154179253735267,0.18154179253735267,0.3333333333333333,0.3333333333333333
U34821,2019-11-13 12:10:28,0.5784313725490196,0.1,0.0,0.13565197343244778,0.0,0.3333333333333333,0.46078431372549017,0.06666666666666667,0.0,0.0,0.0,0.0
U62049,2019-11-13 12:11:13,0.0,0.5,0.6309297535714575,0.6309297535714575,1.0,1.0,0.0,0.5,0.6309297535714575,0.6309297535714575,1.0,1.0
U78927,2019-11-13 12:11:18,0.7254901960784313,1.0,0.3391602052736161,0.3543334123470583,0.14285714285714285,0.2857142857142857,0.6596638655462185,0.08333333333333333,0.0,0.0,0.0,0.0
U41254,2019-11-13 12:11:47,0.6,1.0,0.6131471927654584,0.8315546295836225,0.5,1.0,0.2,0.25,0.2640681225725909,0.46845052016107697,0.5,1.0
U6877,2019-11-13 12:12:10,0.6875,0.08333333333333333,0.0,0.0,0.0,0.0,0.7083333333333334,0.125,0.0,0.1480409554829326,0.0,0.3333333333333333
U51014,2019-11-13 12:15:05,0.6801643192488263,0.25,0.14606834984270645,0.13032376591037062,0.16666666666666666,0.16666666666666666,0.6801643192488263,0.25,0.14606834984270645,0.13032376591037062,0.16666666666666666,0.16666666666666666
U3034,2019-11-13 12:15:08,0.5,0.03225806451612903,0.0,0.0,0.0,0.0,0.4155844155844156,0.02631578947368421,0.0,0.0,0.0,0.0
U19,2019-11-13 12:15:48,0.7413194444444444,1.0,0.5413996682199069,0.6804558477306826,0.5,0.75,0.7413194444444444,1.0,0.5413996682199069,0.6804558477306826,0.5,0.75
U10392,2019-11-13 12:17:22,0.7368421052631579,0.25,0.2640681225725909,0.448643819352159,0.5,1.0,0.631578947368421,0.2,0.23719771276929622,0.23719771276929622,0.5,0.5
U34241,2019-11-13 12:17:32,1.0,1.0,1.0,1.0,1.0,1.0,0.9285714285714286,0.5,0.6309297535714575,0.6309297535714575,1.0,1.0
U52601,2019-11-13 12:17:48,0.0,0.25,0.43067655807339306,0.43067655807339306,1.0,1.0,0.0,0.25,0.43067655807339306,0.43067655807339306,1.0,1.0
U87235,2019-11-13 12:21:04,0.5,0.07142857142857142,0.0,0.0,0.0,0.0,0.42307692307692313,0.0625,0.0,0.0,0.0,0.0
U39867,2019-11-13 12:26:02,0.3966666666666666,0.05263157894736842,0.0,0.0,0.0,0.0,0.5166666666666666,0.125,0.0,0.09546043308946733,0.0,0.16666666666666666
U92849,2019-11-13 12:28:13,0.7,0.5,0.6509209298071326,0.6509209298071326,1.0,1.0,0.39999999999999997,0.3333333333333333,0.3065735963827292,0.5249810332008933,0.5,1.0
U39489,2019-11-13 12:28:16,0.45833333333333337,0.25,0.14606834984270645,0.23177307466786254,0.08333333333333333,0.25,0.45833333333333337,0.25,0.14606834984270645,0.23177307466786254,0.08333333333333333,0.25
U63317,2019-11-13 12:30:53,0.33333333333333337,0.3333333333333333,0.5,0.5,1.0,1.0,0.6666666666666667,0.5,0.6309297535714575,0.6309297535714575,1.0,1.0
U24042,2019-11-13 12:33:03,0.19999999999999996,0.2,0.38685280723454163,0.38685280723454163,1.0,1.0,0.19999999999999996,0.2,0.38685280723454163,0.38685280723454163,1.0,1.0
U32364,2019-11-13 12:34:04,0.6666666666666667,0.09090909090909091,0.0,0.0,0.0,0.0,0.6,0.07692307692307693,0.0,0.0,0.0,0.0
U37379,2019-11-13 12:34:08,0.36363636363636365,0.06666666666666667,0.0,0.0,0.0,0.0,0.2272727272727273,0.05555555555555555,0.0,0.0,0.0,0.0
U52556,2019-11-13 12:34:47,0.0,0.058823529411764705,0.0,0.0,0.0,0.0,0.0,0.058823529411764705,0.0,0.0,0.0,0.0
U76943,2019-11-13 12:35:02,0.6,0.3333333333333333,0.5,0.5,1.0,1.0,0.8,0.5,0.6309297535714575,0.6309297535714575,1.0,1.0
U26813,2019-11-13 12:35:09,0.532258064516129,0.03333333333333333,0.0,0.0,0.0,0.0,0.4193548387096774,0.02702702702702703,0.0,0.0,0.0,0.0
U34241,2019-11-13 12:36:39,0.5,0.16666666666666666,0.0,0.3562071871080222,0.0,1.0,0.6,0.2,0.38685280723454163,0.38685280723454163,1.0,1.0
U7049,2019-11-13 12:37:20,0.8235294117647058,0.25,0.43067655807339306,0.43067655807339306,1.0,1.0,0.7058823529411764,0.16666666666666666,0.0,0.3562071871080222,0.0,1.0
U8162,2019-11-13 12:39:11,0.5333333333333333,0.125,0.0,0.37800210039683896,0.0,1.0,0.4666666666666667,0.1111111111111111,0.0,0.36181498356361597,0.0,1.0
U15982,2019-11-13 12:41:10,0.6966374269005847,0.1111111111111111,0.0,0.0761433407173835,0.0,0.125,0.6637426900584795,0.25,0.14606834984270645,0.10893649261775588,0.125,0.125
U4889,2019-11-13 12:41:58,0.5357142857142857,0.07142857142857142,0.0,0.0,0.0,0.0,0.5,0.06666666666666667,0.0,0.0,0.0,0.0
U89195,2019-11-13 12:45:09,0.1145038167938931,0.008547008547008548,0.0,0.0,0.0,0.0,0.4961832061068703,0.014925373134328358,0.0,0.0,0.0,0.0
U40861,2019-11-13 12:46:58,0.7777777777777778,0.1111111111111111,0.0,0.3010299956639812,0.0,1.0,0.8888888888888888,0.2,0.38685280723454163,0.38685280723454163,1.0,1.0
U69949,2019-11-13 12:51:07,0.4959349593495935,0.09090909090909091,0.0,0.0,0.0,0.0,0.7073170731707318,1.0,0.46927872602275644,0.6364391809889587,0.3333333333333333,0.6666666666666666
U41817,2019-11-13 12:51:52,0.8125,0.125,0.0,0.19342640361727081,0.0,0.5,0.90625,0.16666666666666666,0.0,0.40298313359773236,0.0,1.0
U77889,2019-11-13 12:52:13,0.8780487804878049,0.16666666666666666,0.0,0.16716045496620227,0.0,0.3333333333333333,0.6260162601626016,0.04,0.0,0.0,0.0,0.0
U10623,2019-11-13 12:53:32,1.0,1.0,1.0,1.0,1.0,1.0,0.8636363636363636,0.25,0.43067655807339306,0.43067655807339306,1.0,1.0
U29476,2019-11-13 12:59:32,0.5714285714285714,0.1,0.0,0.2890648263178879,0.0,1.0,0.8571428571428572,0.25,0.43067655807339306,0.43067655807339306,1.0,1.0
U43088,2019-11-13 12:59:58,0.3514056224899598,0.05263157894736842,0.0,0.0,0.0,0.0,0.2971887550200803,0.029411764705882353,0.0,0.0,0.0,0.0
U17210,2019-11-13 13:03:38,0.5229885057471264,0.05555555555555555,0.0,0.0,0.0,0.0,0.6609195402298851,0.05,0.0,0.0,0.0,0.0
U59187,2019-11-13 13:08:48,0.8043478260869565,0.2,0.23719771276929622,0.4415801103577823,0.5,1.0,0.5217391304347826,0.1,0.0,0.17723928678404774,0.0,0.5
U75116,2019-11-13 13:09:00,0.33333333333333337,0.3333333333333333,0.5,0.5,1.0,1.0,0.33333333333333337,0.3333333333333333,0.5,0.5,1.0,1.0
U29126,2019-11-13 13:10:25,0.0,0.022727272727272728,0.0,0.0,0.0,0.0,0.0,0.022727272727272728,0.0,0.0,0.0,0.0
U75593,2019-11-13 13:11:34,0.9500000000000001,1.0,0.9197207891481876,0.9197207891481876,1.0,1.0,0.9,1.0,0.8772153153380493,0.8772153153380493,1.0,1.0
U93250,2019-11-13 13:11:52,0.7252252252252251,0.09090909090909091,0.0,0.0,0.0,0.0,0.6261261261261261,0.041666666666666664,0.0,0.0,0.0,0.0
U68421,2019-11-13 13:12:22,1.0,1.0,1.0,1.0,1.0,1.0,0.9259259259259259,0.3333333333333333,0.5,0.5,1.0,1.0
U3343,2019-11-13 13:14:43,0.5407608695652174,0.03225806451612903,0.0,0.0,0.0,0.0,0.42934782608695654,0.021739130434782608,0.0,0.0,0.0,0.0
U46865,2019-11-13 13:15:43,0.6486486486486486,0.07692307692307693,0.0,0.0,0.0,0.0,0.4594594594594595,0.05,0.0,0.0,0.0,0.0
U24392,2019-11-13 13:16:12,0.875,0.2,0.38685280723454163,0.38685280723454163,1.0,1.0,0.5,0.058823529411764705,0.0,0.0,0.0,0.0
U5806,2019-11-13 13:17:23,1.0,1.0,1.0,1.0,1.0,1.0,0.5,0.5,0.6309297535714575,0.6309297535714575,1.0,1.0
U20287,2019-11-13 13:17:33,0.5789473684210527,0.07142857142857142,0.0,0.0,0.0,0.0,0.6052631578947368,0.07142857142857142,0.0,0.0,0.0,0.0
U54261,2019-11-13 13:18:17,0.9142857142857143,0.1,0.0,0.2890648263178879,0.0,1.0,0.8380952380952381,0.05555555555555555,0.0,0.0,0.0,0.0
U80994,2019-11-13 13:21:02,0.39433198380566803,0.027777777777777776,0.0,0.0,0.0,0.0,0.3910931174089069,0.030303030303030304,0.0,0.0,0.0,0.0
U55632,2019-11-13 13:21:07,0.5845588235294117,1.0,0.6131471927654584,0.6131471927654584,0.5,0.5,0.8897058823529412,0.1111111111111111,0.0,0.18457569677956817,0.0,0.5
U74134,2019-11-13 13:21:12,0.16666666666666669,0.16666666666666666,0.0,0.3562071871080222,0.0,1.0,0.16666666666666669,0.16666666666666666,0.0,0.3562071871080222,0.0,1.0
U59082,2019-11-13 13:22:31,0.6451612903225806,0.06666666666666667,0.0,0.0,0.0,0.0,0.5161290322580645,0.03333333333333333,0.0,0.0,0.0,0.0
U27166,2019-11-13 13:23:09,0.30000000000000004,0.023255813953488372,0.0,0.0,0.0,0.0,0.2833333333333333,0.022727272727272728,0.0,0.0,0.0,0.0
U39302,2019-11-13 13:23:11,0.6666666666666667,0.5,0.6309297535714575,0.6309297535714575,1.0,1.0,0.6666666666666667,0.5,0.6309297535714575,0.6309297535714575,1.0,1.0
U78213,2019-11-13 13:25:46,0.764367816091954,0.5,0.24630238874073,0.24630238874073,0.25,0.25,0.557471264367816,0.05555555555555555,0.0,0.0,0.0,0.0
U38143,2019-11-13 13:29:29,0.7282051282051281,0.14285714285714285,0.0,0.29769321486741446,0.0,0.6666666666666666,0.7282051282051281,0.14285714285714285,0.0,0.29769321486741446,0.0,0.6666666666666666
U89032,2019-11-13 13:29:45,0.53125,1.0,0.6131471927654584,0.6131471927654584,0.5,0.5,0.53125,1.0,0.6131471927654584,0.6131471927654584,0.5,0.5
U52336,2019-11-13 13:30:24,0.48266666666666663,0.2,0.13120507751234178,0.1487639058405727,0.06666666666666667,0.13333333333333333,0.48266666666666663,0.2,0.13120507751234178,0.1487639058405727,0.06666666666666667,0.13333333333333333
U42635,2019-11-13 13:30:40,1.0,1.0,1.0,1.0,1.0,1.0,0.8571428571428572,0.25,0.43067655807339306,0.43067655807339306,1.0,1.0
U36851,2019-11-13 13:33:01,0.5256410256410257,0.06666666666666667,0.0,0.0,0.0,0.0,0.641025641025641,0.3333333333333333,0.3065735963827292,0.3065735963827292,0.5,0.5
U55482,2019-11-13 13:33:21,0.22272727272727275,0.01694915254237288,0.0,0.0,0.0,0.0,0.30454545454545456,0.07142857142857142,0.0,0.0,0.0,0.0
U37235,2019-11-13 13:33:40,0.5185185185185186,0.07142857142857142,0.0,0.0,0.0,0.0,0.5925925925925926,0.08333333333333333,0.0,0.0,0.0,0.0
U88944,2019-11-13 13:35:02,0.3014705882352941,0.02564102564102564,0.0,0.0,0.0,0.0,0.32536764705882354,0.125,0.0,0.07979453856244817,0.0,0.125
U33584,2019-11-13 13:35:10,0.0,0.16666666666666666,0.0,0.3562071871080222,0.0,1.0,0.0,0.16666666666666666,0.0,0.3562071871080222,0.0,1.0
U8463,2019-11-13 13:37:23,0.7209302325581396,0.07692307692307693,0.0,0.0,0.0,0.0,0.41860465116279066,0.038461538461538464,0.0,0.0,0.0,0.0
U50734,2019-11-13 13:37:32,0.2857142857142857,0.0625,0.0,0.0,0.0,0.0,0.23809523809523814,0.058823529411764705,0.0,0.0,0.0,0.0
U26906,2019-11-13 13:37:41,0.36764705882352944,0.0625,0.0,0.0,0.0,0.0,0.5294117647058824,0.058823529411764705,0.0,0.0,0.0,0.0
U88346,2019-11-13 13:40:12,0.04166666666666663,0.041666666666666664,0.0,0.0,0.0,0.0,0.875,0.25,0.43067655807339306,0.43067655807339306,1.0,1.0
U41279,2019-11-13 13:42:12,0.9415204678362573,1.0,0.7653606369886217,0.7653606369886217,0.6666666666666666,0.6666666666666666,0.8128654970760234,0.5,0.2960819109658652,0.2960819109658652,0.3333333333333333,0.3333333333333333
U91142,2019-11-13 13:43:54,0.6333333333333333,1.0,0.3391602052736161,0.3391602052736161,0.2,0.2,0.5772727272727273,0.3333333333333333,0.16958010263680806,0.16958010263680806,0.2,0.2
U89490,2019-11-13 13:45:41,0.2777777777777778,0.03333333333333333,0.0,0.0,0.0,0.0,0.5648148148148149,0.25,0.16812753627111746,0.298254219601818,0.25,0.5
U10404,2019-11-13 13:46:18,0.6176470588235294,0.07142857142857142,0.0,0.0,0.0,0.0,0.7352941176470588,0.1,0.0,0.2890648263178879,0.0,1.0
U46719,2019-11-13 13:46:58,0.6433823529411765,0.25,0.14606834984270645,0.19903650127012357,0.125,0.25,0.6819852941176471,0.14285714285714285,0.0,0.2402521135357174,0.0,0.375
U84328,2019-11-13 13:47:36,0.8702185792349727,0.5,0.21398626473452756,0.37747370249186,0.16666666666666666,0.5,0.8784153005464481,0.5,0.21398626473452756,0.286381299268402,0.16666666666666666,0.3333333333333333
U20748,2019-11-13 13:49:01,0.691358024691358,0.16666666666666666,0.0,0.24301138565872582,0.0,0.375,0.6558641975308641,0.16666666666666666,0.0,0.09010000865236768,0.0,0.125
U72051,2019-11-13 13:49:10,0.7007874015748031,0.0625,0.0,0.0,0.0,0.0,0.6259842519685039,0.03571428571428571,0.0,0.0,0.0,0.0
U51618,2019-11-13 13:49:48,0.5118110236220472,0.5,0.21398626473452756,0.21398626473452756,0.2,0.2,0.5685039370078739,0.5,0.21398626473452756,0.21398626473452756,0.2,0.2
U60597,2019-11-13 13:55:41,0.8840579710144928,0.25,0.16812753627111746,0.3071837157818931,0.25,0.5,0.7572463768115941,0.2,0.15101961822780524,0.15101961822780524,0.25,0.25
U85135,2019-11-13 14:01:40,0.9583333333333334,0.5,0.6309297535714575,0.6309297535714575,1.0,1.0,0.875,0.25,0.43067655807339306,0.43067655807339306,1.0,1.0
U80648,2019-11-13 14:02:42,0.5240384615384616,0.022727272727272728,0.0,0.0,0.0,0.0,0.4567307692307693,0.019230769230769232,0.0,0.0,0.0,0.0
U53537,2019-11-13 14:02:56,0.6724137931034483,1.0,0.6366824387328317,0.6366824387328317,0.5,0.5,0.8103448275862069,1.0,0.6366824387328317,0.7495275800817669,0.5,0.75
U78659,2019-11-13 14:04:16,0.38636363636363635,0.0625,0.0,0.0,0.0,0.0,0.2954545454545454,0.058823529411764705,0.0,0.0,0.0,0.0
U14327,2019-11-13 14:05:15,0.8292682926829268,0.125,0.0,0.31546487678572877,0.0,1.0,0.6341463414634146,0.0625,0.0,0.0,0.0,0.0
U46873,2019-11-13 14:05:36,0.7470817120622568,0.015151515151515152,0.0,0.0,0.0,0.0,0.6264591439688716,0.010309278350515464,0.0,0.0,0.0,0.0
U65065,2019-11-13 14:07:38,0.05882352941176472,0.058823529411764705,0.0,0.0,0.0,0.0,0.05882352941176472,0.058823529411764705,0.0,0.0,0.0,0.0
U59893,2019-11-13 14:08:01,0.5,0.25,0.2640681225725909,0.448643819352159,0.5,1.0,0.39999999999999997,0.2,0.23719771276929622,0.41443699955334395,0.5,1.0
U6888,2019-11-13 14:08:44,0.9281045751633986,1.0,0.7653606369886217,0.7653606369886217,0.6666666666666666,0.6666666666666666,0.8431372549019608,1.0,0.7653606369886217,0.7653606369886217,0.6666666666666666,0.6666666666666666
U59680,2019-11-13 14:09:40,1.0,1.0,1.0,1.0,1.0,1.0,1.0,1.0,1.0,1.0,1.0,1.0
U90616,2019-11-13 14:10:50,0.7464285714285713,0.16666666666666666,0.0,0.18462675384408753,0.0,0.2857142857142857,0.657142857142857,0.1111111111111111,0.0,0.16220310073808747,0.0,0.2857142857142857
U42001,2019-11-13 14:13:28,0.3972602739726028,0.022222222222222223,0.0,0.0,0.0,0.0,0.28767123287671237,0.018867924528301886,0.0,0.0,0.0,0.0
U7848,2019-11-13 14:14:35,0.716867469879518,0.07692307692307693,0.0,0.0,0.0,0.0,0.6626506024096386,0.05263157894736842,0.0,0.0,0.0,0.0
U80208,2019-11-13 14:16:16,0.3,0.3333333333333333,0.5,0.5,1.0,1.0,0.3,0.3333333333333333,0.5,0.5,1.0,1.0
U44210,2019-11-13 14:18:16,0.7101769911504425,1.0,0.3391602052736161,0.32908604348504067,0.125,0.25,0.6261061946902655,0.16666666666666666,0.0,0.09010000865236768,0.0,0.125
U41291,2019-11-13 14:18:38,0.8191489361702127,1.0,0.6131471927654584,0.6131471927654584,0.5,0.5,0.7553191489361702,0.2,0.23719771276929622,0.23719771276929622,0.5,0.5
U61074,2019-11-13 14:20:25,0.6837606837606838,1.0,0.4703652827859579,0.5151254397262444,0.3333333333333333,0.5,0.6837606837606838,1.0,0.4703652827859579,0.5151254397262444,0.3333333333333333,0.5
U2906,2019-11-13 14:24:54,0.368421052631579,0.125,0.0,0.19342640361727081,0.0,0.5,0.34210526315789475,0.1111111111111111,0.0,0.18457569677956817,0.0,0.5
U51846,2019-11-13 14:27:38,0.6666666666666667,0.1111111111111111,0.0,0.18457569677956817,0.0,0.5,0.5416666666666666,0.07142857142857142,0.0,0.0,0.0,0.0
U77784,2019-11-13 14:27:47,0.9416666666666667,0.3333333333333333,0.4367467095119258,0.6039071644781281,0.6666666666666666,1.0,0.9416666666666667,0.5,0.5307212739772434,0.6787622294601761,0.6666666666666666,1.0
U64543,2019-11-13 14:28:03,0.3245614035087719,0.023255813953488372,0.0,0.0,0.0,0.0,0.3245614035087719,0.023255813953488372,0.0,0.0,0.0,0.0
U21632,2019-11-13 14:32:13,0.2152777777777778,0.030303030303030304,0.0,0.0,0.0,0.0,0.29166666666666663,0.07692307692307693,0.0,0.0,0.0,0.0
U44064,2019-11-13 14:32:36,0.375,0.16666666666666666,0.0,0.3562071871080222,0.0,1.0,0.25,0.14285714285714285,0.0,0.3333333333333333,0.0,1.0
U14748,2019-11-13 14:33:04,0.7536585365853659,0.1,0.0,0.09803928583135704,0.0,0.2,0.5731707317073171,0.1,0.0,0.09803928583135704,0.0,0.2
U49572,2019-11-13 14:35:01,0.8008658008658007,0.25,0.14606834984270645,0.11838279295536291,0.14285714285714285,0.14285714285714285,0.7478354978354979,0.14285714285714285,0.0,0.09162544430476362,0.0,0.14285714285714285
U88250,2019-11-13 14:37:22,0.7,0.25,0.2640681225725909,0.2640681225725909,0.5,0.5,0.5,0.08333333333333333,0.0,0.0,0.0,0.0
U90050,2019-11-13 14:37:53,0.5290697674418604,1.0,0.3903800499921017,0.5032251913410369,0.25,0.5,0.5901162790697674,0.25,0.16812753627111746,0.16812753627111746,0.25,0.25
U73062,2019-11-13 14:40:28,0.7043859649122808,0.5,0.21398626473452756,0.21398626473452756,0.2,0.2,0.8070175438596492,0.06666666666666667,0.0,0.0,0.0,0.0
U16674,2019-11-13 14:40:28,0.9166666666666666,0.3333333333333333,0.5,0.5,1.0,1.0,1.0,1.0,1.0,1.0,1.0,1.0
U91658,2019-11-13 14:48:19,0.9090909090909091,0.5,0.6309297535714575,0.6309297535714575,1.0,1.0,0.9090909090909091,0.5,0.6309297535714575,0.6309297535714575,1.0,1.0
U21807,2019-11-13 14:53:25,1.0,1.0,1.0,1.0,1.0,1.0,0.9896907216494846,0.5,0.6309297535714575,0.6309297535714575,1.0,1.0
U86049,2019-11-13 14:53:57,0.20588235294117652,0.03571428571428571,0.0,0.0,0.0,0.0,0.1470588235294118,0.03333333333333333,0.0,0.0,0.0,0.0
U57251,2019-11-13 14:55:31,0.15000000000000002,0.125,0.0,0.31546487678572877,0.0,1.0,0.09999999999999998,0.1111111111111111,0.0,0.3010299956639812,0.0,1.0
U58003,2019-11-13 14:57:09,0.51890756302521,0.5,0.38685280723454163,0.38685280723454163,0.5,0.5,0.4831932773109244,0.05555555555555555,0.0,0.0,0.0,0.0
U77996,2019-11-13 15:00:46,0.8492063492063492,0.05,0.0,0.0,0.0,0.0,0.626984126984127,0.020833333333333332,0.0,0.0,0.0,0.0
U38288,2019-11-13 15:01:39,0.6666666666666667,0.5,0.6309297535714575,0.6309297535714575,1.0,1.0,0.6666666666666667,0.5,0.6309297535714575,0.6309297535714575,1.0,1.0
U15724,2019-11-13 15:02:52,0.77,0.041666666666666664,0.0,0.0,0.0,0.0,0.64,0.02702702702702703,0.0,0.0,0.0,0.0
U73557,2019-11-13 15:05:25,0.7948717948717948,0.1111111111111111,0.0,0.3010299956639812,0.0,1.0,0.6923076923076923,0.07692307692307693,0.0,0.0,0.0,0.0
U62944,2019-11-13 15:07:57,0.6838235294117647,1.0,0.3903800499921017,0.3903800499921017,0.25,0.25,0.6654411764705882,0.3333333333333333,0.19519002499605084,0.19519002499605084,0.25,0.25
U89951,2019-11-13 15:16:16,0.6568627450980391,1.0,0.46927872602275644,0.46927872602275644,0.3333333333333333,0.3333333333333333,0.5588235294117647,0.3333333333333333,0.23463936301137822,0.23463936301137822,0.3333333333333333,0.3333333333333333
U18281,2019-11-13 15:17:55,0.7148936170212766,0.25,0.14606834984270645,0.14606834984270645,0.2,0.2,0.5872340425531914,0.1111111111111111,0.0,0.10209739512291163,0.0,0.2
U58380,2019-11-13 15:18:32,0.7777777777777778,0.14285714285714285,0.0,0.3333333333333333,0.0,1.0,0.888888888888889,0.25,0.43067655807339306,0.43067655807339306,1.0,1.0
U42804,2019-11-13 15:26:35,0.1282051282051282,0.02857142857142857,0.0,0.0,0.0,0.0,0.10256410256410253,0.027777777777777776,0.0,0.0,0.0,0.0
U45110,2019-11-13 15:28:40,0.805128205128205,0.14285714285714285,0.0,0.15642624200758548,0.0,0.3333333333333333,0.7948717948717949,0.125,0.0,0.1480409554829326,0.0,0.3333333333333333
U19999,2019-11-13 15:31:35,0.9166666666666666,0.16666666666666666,0.0,0.3562071871080222,0.0,1.0,0.9333333333333333,0.2,0.38685280723454163,0.38685280723454163,1.0,1.0
U7049,2019-11-13 15:32:35,0.6296296296296295,1.0,0.46927872602275644,0.46927872602275644,0.3333333333333333,0.3333333333333333,0.6296296296296297,0.14285714285714285,0.0,0.2920782154400332,0.0,0.6666666666666666
U620,2019-11-13 15:33:14,0.8291316526610645,0.14285714285714285,0.0,0.15642624200758548,0.0,0.3333333333333333,0.7254901960784313,0.1111111111111111,0.0,0.14126697285982898,0.0,0.3333333333333333
U59539,2019-11-13 15:33:40,0.6470588235294117,0.14285714285714285,0.0,0.3333333333333333,0.0,1.0,0.9411764705882353,0.5,0.6309297535714575,0.6309297535714575,1.0,1.0
U24751,2019-11-13 15:35:00,0.8208955223880597,0.07692307692307693,0.0,0.0,0.0,0.0,0.6567164179104478,0.041666666666666664,0.0,0.0,0.0,0.0
U73330,2019-11-13 15:38:09,1.0,1.0,1.0,1.0,1.0,1.0,0.6,0.3333333333333333,0.5,0.5,1.0,1.0
U89669,2019-11-13 15:40:22,0.7999999999999999,0.25,0.43067655807339306,0.43067655807339306,1.0,1.0,0.8666666666666667,0.3333333333333333,0.5,0.5,1.0,1.0
U18990,2019-11-13 15:40:57,0.37106918238993714,0.037037037037037035,0.0,0.0,0.0,0.0,0.37106918238993714,0.037037037037037035,0.0,0.0,0.0,0.0
U53642,2019-11-13 15:45:13,0.5284552845528455,0.5,0.2960819109658652,0.2960819109658652,0.3333333333333333,0.3333333333333333,0.5365853658536586,0.25,0.20210734650054757,0.20210734650054757,0.3333333333333333,0.3333333333333333
U64235,2019-11-13 15:49:02,0.6101694915254238,0.041666666666666664,0.0,0.0,0.0,0.0,0.4576271186440678,0.030303030303030304,0.0,0.0,0.0,0.0
U77617,2019-11-13 15:53:22,0.625,0.5,0.6509209298071326,0.6509209298071326,1.0,1.0,0.625,0.5,0.6509209298071326,0.6509209298071326,1.0,1.0
U59539,2019-11-13 15:55:00,0.07692307692307693,0.07692307692307693,0.0,0.0,0.0,0.0,0.07692307692307693,0.07692307692307693,0.0,0.0,0.0,0.0
U84901,2019-11-13 15:55:35,0.6091954022988505,0.125,0.0,0.2893079283427616,0.0,0.6666666666666666,0.8160919540229885,0.3333333333333333,0.23463936301137822,0.511558309303655,0.3333333333333333,1.0
U75303,2019-11-13 16:03:20,0.40796019900497515,0.03225806451612903,0.0,0.0,0.0,0.0,0.25373134328358204,0.022727272727272728,0.0,0.0,0.0,0.0
U23376,2019-11-13 16:06:57,0.6,0.3333333333333333,0.5706417189553201,0.5706417189553201,1.0,1.0,0.7,1.0,0.8503449055347546,0.8503449055347546,1.0,1.0
U93306,2019-11-13 16:08:29,0.8333333333333334,0.14285714285714285,0.0,0.20438239758848611,0.0,0.5,0.6888888888888889,0.5,0.38685280723454163,0.38685280723454163,0.5,0.5
U79587,2019-11-13 16:13:39,0.3838383838383838,0.018518518518518517,0.0,0.0,0.0,0.0,0.30808080808080807,0.015625,0.0,0.0,0.0,0.0
U23652,2019-11-13 16:14:19,0.3017241379310345,0.012195121951219513,0.0,0.0,0.0,0.0,0.4137931034482759,0.014492753623188406,0.0,0.0,0.0,0.0
U83072,2019-11-13 16:15:35,0.8021978021978022,0.25,0.27727342735504823,0.38120233016116967,0.25,0.5,0.7458791208791209,0.16666666666666666,0.0,0.09010000865236768,0.0,0.125
U47521,2019-11-13 16:18:18,0.6190476190476191,0.1111111111111111,0.0,0.3010299956639812,0.0,1.0,0.38095238095238093,0.07142857142857142,0.0,0.0,0.0,0.0
U75583,2019-11-13 16:20:17,0.17948717948717952,0.030303030303030304,0.0,0.0,0.0,0.0,0.17948717948717952,0.030303030303030304,0.0,0.0,0.0,0.0
U9477,2019-11-13 16:22:25,0.5688888888888889,0.5,0.34519134224686937,0.22400556151517553,0.2,0.2,0.5733333333333334,0.043478260869565216,0.0,0.0,0.0,0.0
U72692,2019-11-13 16:23:32,0.3576923076923077,0.1111111111111111,0.0,0.10209739512291163,0.0,0.2,0.34615384615384615,0.08333333333333333,0.0,0.0,0.0,0.0
U75116,2019-11-13 16:24:07,0.03999999999999998,0.04,0.0,0.0,0.0,0.0,0.08000000000000002,0.045454545454545456,0.0,0.0,0.0,0.0
U67792,2019-11-13 16:26:40,0.8264208909370199,0.5,0.34519134224686937,0.3776772633684371,0.2857142857142857,0.42857142857142855,0.728110599078341,0.5,0.38356636737133565,0.3108658234453849,0.2857142857142857,0.2857142857142857
U7391,2019-11-13 16:27:15,0.9444444444444444,0.3333333333333333,0.5,0.5,1.0,1.0,0.8333333333333334,0.14285714285714285,0.0,0.3333333333333333,0.0,1.0
U41103,2019-11-13 16:28:31,0.7592592592592593,0.5,0.38685280723454163,0.38685280723454163,0.5,0.5,0.5740740740740741,0.125,0.0,0.19342640361727081,0.0,0.5
U62646,2019-11-13 16:33:03,0.7232947232947233,1.0,0.3391602052736161,0.27487633291429087,0.14285714285714285,0.14285714285714285,0.6628056628056628,0.5,0.38356636737133565,0.3108658234453849,0.2857142857142857,0.2857142857142857
U83940,2019-11-13 16:38:45,0.8787878787878788,0.1111111111111111,0.0,0.3010299956639812,0.0,1.0,0.6818181818181818,0.045454545454545456,0.0,0.0,0.0,0.0
U30213,2019-11-13 16:40:32,0.8382352941176471,0.08333333333333333,0.0,0.0,0.0,0.0,0.8382352941176471,0.08333333333333333,0.0,0.0,0.0,0.0
U6020,2019-11-13 16:42:32,0.506265664160401,0.25,0.14606834984270645,0.11838279295536291,0.14285714285714285,0.14285714285714285,0.39473684210526316,0.038461538461538464,0.0,0.0,0.0,0.0
U66106,2019-11-13 16:45:28,0.4666666666666667,0.25,0.16812753627111746,0.16812753627111746,0.25,0.25,0.7333333333333334,0.25,0.16812753627111746,0.298254219601818,0.25,0.5
U91426,2019-11-13 16:45:37,0.7777777777777777,1.0,0.46927872602275644,0.46927872602275644,0.3333333333333333,0.3333333333333333,0.8048780487804879,0.5,0.2960819109658652,0.2960819109658652,0.3333333333333333,0.3333333333333333
U88412,2019-11-13 16:46:43,0.659090909090909,0.2,0.18154179253735267,0.18154179253735267,0.3333333333333333,0.3333333333333333,0.6325757575757576,0.125,0.0,0.1480409554829326,0.0,0.3333333333333333
U63171,2019-11-13 16:50:21,0.3024193548387097,0.015384615384615385,0.0,0.0,0.0,0.0,0.2620967741935484,0.013513513513513514,0.0,0.0,0.0,0.0
U80905,2019-11-13 16:51:21,0.8414634146341463,0.5,0.24630238874073,0.24630238874073,0.25,0.25,0.8140243902439024,0.2,0.15101961822780524,0.2811463015585058,0.25,0.5
U26994,2019-11-13 16:51:46,0.8125,0.3333333333333333,0.3065735963827292,0.3065735963827292,0.5,0.5,0.675,0.07692307692307693,0.0,0.0,0.0,0.0
U15039,2019-11-13 16:52:58,0.8844086021505376,0.5,0.38685280723454163,0.38685280723454163,0.5,0.5,0.7580645161290323,0.5,0.38685280723454163,0.38685280723454163,0.5,0.5
U38646,2019-11-13 16:53:36,0.9347826086956521,1.0,0.8503449055347546,0.8503449055347546,1.0,1.0,0.891304347826087,1.0,0.6131471927654584,0.8175295903539445,0.5,1.0
U40870,2019-11-13 16:54:56,0.125,0.2,0.38685280723454163,0.38685280723454163,1.0,1.0,1.0,1.0,1.0,1.0,1.0,1.0
U625,2019-11-13 16:54:57,0.44897959183673475,0.03571428571428571,0.0,0.0,0.0,0.0,0.326530612244898,0.029411764705882353,0.0,0.0,0.0,0.0
U16370,2019-11-13 16:58:50,0.6428571428571429,0.16666666666666666,0.0,0.21840743681816419,0.0,0.5,0.5571428571428572,0.08333333333333333,0.0,0.0,0.0,0.0
U67444,2019-11-13 17:02:43,0.8088888888888889,1.0,0.5087403079104241,0.6217937096682962,0.4,0.6,0.8488888888888888,1.0,0.48522855511632257,0.6060398578158167,0.4,0.6
U26458,2019-11-13 17:04:00,0.803763440860215,0.16666666666666666,0.0,0.2691828628414762,0.0,0.5,0.7634408602150538,0.25,0.16812753627111746,0.29127873064148246,0.25,0.5
U66308,2019-11-13 17:07:31,0.8083333333333332,0.2,0.18154179253735267,0.18154179253735267,0.3333333333333333,0.3333333333333333,0.7500000000000001,0.125,0.0,0.1480409554829326,0.0,0.3333333333333333
U61557,2019-11-13 17:15:20,0.9387755102040816,1.0,0.46927872602275644,0.617319681505689,0.3333333333333333,0.6666666666666666,0.8979591836734694,0.5,0.49818925746641285,0.49818925746641285,0.6666666666666666,0.6666666666666666
U26234,2019-11-13 17:18:30,0.0,0.25,0.43067655807339306,0.43067655807339306,1.0,1.0,0.0,0.25,0.43067655807339306,0.43067655807339306,1.0,1.0
U30586,2019-11-13 17:21:11,0.4380952380952381,0.030303030303030304,0.0,0.0,0.0,0.0,0.40476190476190477,0.025,0.0,0.0,0.0,0.0
U62421,2019-11-13 17:21:52,0.55,0.125,0.0,0.123151194370365,0.0,0.25,0.55,0.125,0.0,0.123151194370365,0.0,0.25
U20799,2019-11-13 17:22:35,0.8928571428571429,1.0,0.6548086577531307,0.7358816281214049,0.375,0.75,0.8821428571428571,1.0,0.6548086577531307,0.6582450939840574,0.375,0.625
U66878,2019-11-13 17:23:05,0.6052631578947368,1.0,0.3903800499921017,0.5205067333228022,0.25,0.5,0.543859649122807,0.25,0.16812753627111746,0.298254219601818,0.25,0.5
U16641,2019-11-13 17:26:44,0.08333333333333337,0.08333333333333333,0.0,0.0,0.0,0.0,0.0,0.07692307692307693,0.0,0.0,0.0,0.0
U13061,2019-11-13 17:30:08,0.4537037037037037,0.016666666666666666,0.0,0.0,0.0,0.0,0.41666666666666663,0.015625,0.0,0.0,0.0,0.0
U2118,2019-11-13 17:39:20,0.125,0.1,0.0,0.2890648263178879,0.0,1.0,0.125,0.1,0.0,0.2890648263178879,0.0,1.0
U75154,2019-11-13 17:40:17,0.8977272727272727,0.1,0.0,0.2890648263178879,0.0,1.0,0.7613636363636364,0.045454545454545456,0.0,0.0,0.0,0.0
U43344,2019-11-13 17:40:37,0.0,0.5,0.6309297535714575,0.6309297535714575,1.0,1.0,0.0,0.5,0.6309297535714575,0.6309297535714575,1.0,1.0
U22392,2019-11-13 17:41:03,0.5833333333333333,0.16666666666666666,0.0,0.3562071871080222,0.0,1.0,0.5,0.14285714285714285,0.0,0.3333333333333333,0.0,1.0
U6767,2019-11-13 17:42:28,0.49999999999999994,0.3333333333333333,0.16958010263680806,0.36971678359107674,0.2,0.6,0.5545454545454546,0.25,0.27727342735504823,0.27727342735504823,0.4,0.4
U34016,2019-11-13 17:43:11,0.708411214953271,0.3333333333333333,0.16958010263680806,0.16958010263680806,0.2,0.2,0.6691588785046729,0.2,0.13120507751234178,0.13120507751234178,0.2,0.2
U87214,2019-11-13 17:45:41,0.1764705882352941,0.08333333333333333,0.0,0.0,0.0,0.0,0.47058823529411764,0.1,0.0,0.2890648263178879,0.0,1.0
U44768,2019-11-13 17:46:58,0.7931034482758621,0.14285714285714285,0.0,0.39780880120575696,0.0,1.0,0.7068965517241379,0.16666666666666666,0.0,0.21840743681816419,0.0,0.5
U53702,2019-11-13 17:48:16,0.7090909090909091,0.058823529411764705,0.0,0.0,0.0,0.0,0.5999999999999999,0.043478260869565216,0.0,0.0,0.0,0.0
U60944,2019-11-13 17:50:21,0.5537918871252204,0.025,0.0,0.0,0.0,0.0,0.606114050558495,0.25,0.14606834984270645,0.11838279295536291,0.14285714285714285,0.14285714285714285
U19747,2019-11-13 17:51:14,0.6153846153846154,0.09090909090909091,0.0,0.0,0.0,0.0,0.46153846153846156,0.06666666666666667,0.0,0.0,0.0,0.0
U67155,2019-11-13 17:53:25,0.6211340206185567,0.25,0.14606834984270645,0.1932507268736416,0.125,0.25,0.8247422680412371,0.16666666666666666,0.0,0.24753108135216334,0.0,0.375
U59794,2019-11-13 18:02:11,0.6439645625692137,1.0,0.3391602052736161,0.22009176629808017,0.07142857142857142,0.07142857142857142,0.6439645625692137,1.0,0.3391602052736161,0.22009176629808017,0.07142857142857142,0.07142857142857142
U9107,2019-11-13 18:02:58,1.0,1.0,1.0,1.0,1.0,1.0,1.0,1.0,1.0,1.0,1.0,1.0
U77427,2019-11-13 18:03:25,0.6276595744680851,0.1,0.0,0.17723928678404774,0.0,0.5,0.4255319148936171,0.05,0.0,0.0,0.0,0.0
U83121,2019-11-13 18:07:21,0.5975308641975309,0.25,0.14606834984270645,0.14606834984270645,0.2,0.2,0.6000000000000001,0.16666666666666666,0.0,0.2188505885308512,0.0,0.4
U5572,2019-11-13 18:07:43,0.9227642276422765,0.125,0.0,0.123151194370365,0.0,0.25,0.9065040650406505,0.09090909090909091,0.0,0.0,0.0,0.0
U3445,2019-11-13 18:08:08,0.3928571428571429,0.05555555555555555,0.0,0.0,0.0,0.0,0.25,0.045454545454545456,0.0,0.0,0.0,0.0
U69656,2019-11-13 18:08:12,0.5454545454545454,1.0,0.6131471927654584,0.6131471927654584,0.5,0.5,0.5454545454545454,1.0,0.6131471927654584,0.6131471927654584,0.5,0.5
U48830,2019-11-13 18:25:31,0.475,0.5,0.24630238874073,0.3638184934971571,0.25,0.5,0.30625,0.1111111111111111,0.0,0.11751610475642714,0.0,0.25
U26498,2019-11-13 18:28:02,0.5104166666666666,0.16666666666666666,0.0,0.20865662569078208,0.0,0.3333333333333333,0.5104166666666666,0.16666666666666666,0.0,0.20865662569078208,0.0,0.3333333333333333
U75308,2019-11-13 18:29:22,0.7631067961165049,0.5,0.21398626473452756,0.32097939710179135,0.2,0.4,0.7902912621359224,1.0,0.6164336326286644,0.6164336326286644,0.6,0.6
U69965,2019-11-13 18:35:50,1.0,1.0,1.0,1.0,1.0,1.0,1.0,1.0,1.0,1.0,1.0,1.0
U85108,2019-11-13 18:36:30,0.5416666666666666,0.3333333333333333,0.23463936301137822,0.23463936301137822,0.3333333333333333,0.3333333333333333,0.41666666666666663,0.2,0.18154179253735267,0.18154179253735267,0.3333333333333333,0.3333333333333333
U24015,2019-11-13 18:38:27,0.8821917808219178,1.0,0.4703652827859579,0.5684045686173149,0.4,0.6,0.8767123287671234,1.0,0.5531464700081437,0.7642391575973727,0.4,0.8
U69656,2019-11-13 18:42:54,0.625,0.3333333333333333,0.19519002499605084,0.3080351663449861,0.25,0.5,0.4833333333333333,0.2,0.15101961822780524,0.15101961822780524,0.25,0.25
U39200,2019-11-13 18:43:01,1.0,1.0,1.0,1.0,1.0,1.0,1.0,1.0,1.0,1.0,1.0,1.0
U39157,2019-11-13 18:43:04,0.6651017214397495,1.0,0.3391602052736161,0.23504554941448536,0.1111111111111111,0.1111111111111111,0.7394366197183098,0.14285714285714285,0.0,0.2204405326748604,0.0,0.3333333333333333
U39867,2019-11-13 18:44:59,0.16666666666666666,0.2,0.18154179253735267,0.4792350074047671,0.3333333333333333,1.0,0.22222222222222224,0.3333333333333333,0.23463936301137822,0.5239472913541398,0.3333333333333333,1.0
U71746,2019-11-13 18:49:42,0.4,0.1,0.0,0.2890648263178879,0.0,1.0,0.33333333333333337,0.09090909090909091,0.0,0.0,0.0,0.0
U48045,2019-11-13 18:52:41,0.5725,0.1111111111111111,0.0,0.11751610475642714,0.0,0.25,0.5525,0.1111111111111111,0.0,0.11751610475642714,0.0,0.25
U40373,2019-11-13 18:57:56,0.45652173913043476,0.16666666666666666,0.0,0.16716045496620227,0.0,0.3333333333333333,0.34782608695652173,0.0625,0.0,0.0,0.0,0.0
U7285,2019-11-13 19:04:36,0.651360544217687,0.125,0.0,0.09546043308946733,0.0,0.16666666666666666,0.651360544217687,0.125,0.0,0.09546043308946733,0.0,0.16666666666666666
U24339,2019-11-13 19:05:14,0.7457142857142857,1.0,0.4703652827859579,0.4703652827859579,0.4,0.4,0.7457142857142857,1.0,0.4703652827859579,0.4703652827859579,0.4,0.4
U43670,2019-11-13 19:05:36,0.8035087719298246,0.5,0.5296347172140421,0.6276740030453991,0.6,0.8,0.8035087719298246,0.5,0.5296347172140421,0.6276740030453991,0.6,0.8
U90076,2019-11-13 19:16:33,0.4,0.25,0.43067655807339306,0.43067655807339306,1.0,1.0,0.4,0.25,0.43067655807339306,0.43067655807339306,1.0,1.0
U56331,2019-11-13 19:17:03,1.0,1.0,1.0,1.0,1.0,1.0,1.0,1.0,1.0,1.0,1.0,1.0
U72489,2019-11-13 19:17:12,0.7882352941176471,1.0,0.5531464700081437,0.7622369974983191,0.4,0.8,0.6823529411764706,0.3333333333333333,0.3156484524795145,0.5267411400687436,0.4,0.8
U77493,2019-11-13 19:17:41,0.8076923076923076,0.2,0.23719771276929622,0.430624116386567,0.5,1.0,0.7692307692307693,0.16666666666666666,0.0,0.40298313359773236,0.0,1.0
U16822,2019-11-13 19:20:07,0.4615384615384615,1.0,0.46927872602275644,0.46927872602275644,0.3333333333333333,0.3333333333333333,0.5897435897435898,0.5,0.2960819109658652,0.4525081529734507,0.3333333333333333,0.6666666666666666
U9306,2019-11-13 19:22:28,0.5760000000000001,1.0,0.3391602052736161,0.3391602052736161,0.2,0.2,0.38,0.045454545454545456,0.0,0.0,0.0,0.0
U38387,2019-11-13 19:23:48,0.5,0.14285714285714285,0.0,0.3333333333333333,0.0,1.0,0.6666666666666667,0.2,0.38685280723454163,0.38685280723454163,1.0,1.0
U72280,2019-11-13 19:23:56,0.44999999999999996,0.08333333333333333,0.0,0.0,0.0,0.0,0.65,0.125,0.0,0.31546487678572877,0.0,1.0
U71203,2019-11-13 19:24:51,0.6244897959183674,1.0,0.6548086577531307,0.5306972923267992,0.42857142857142855,0.42857142857142855,0.6244897959183673,1.0,0.7227265726449519,0.5857421563596757,0.42857142857142855,0.42857142857142855
U26081,2019-11-13 19:25:12,0.8452380952380953,0.25,0.20210734650054757,0.20210734650054757,0.3333333333333333,0.3333333333333333,0.7738095238095238,0.1111111111111111,0.0,0.14126697285982898,0.0,0.3333333333333333
U34310,2019-11-13 19:27:01,0.640625,0.125,0.0,0.19342640361727081,0.0,0.5,0.625,0.1111111111111111,0.0,0.18457569677956817,0.0,0.5
U12971,2019-11-13 19:32:31,0.5108695652173914,0.25,0.2640681225725909,0.2640681225725909,0.5,0.5,0.4130434782608696,0.07692307692307693,0.0,0.0,0.0,0.0
U50181,2019-11-13 19:33:09,0.5218855218855218,0.03125,0.0,0.0,0.0,0.0,0.5218855218855218,0.03125,0.0,0.0,0.0,0.0
U78411,2019-11-13 19:40:24,0.24166666666666664,0.041666666666666664,0.0,0.0,0.0,0.0,0.24166666666666664,0.041666666666666664,0.0,0.0,0.0,0.0
U61753,2019-11-13 19:41:52,0.7553398058252427,1.0,0.5531464700081437,0.5531464700081437,0.4,0.4,0.8427184466019417,1.0,0.48522855511632257,0.6060398578158167,0.4,0.6
U20186,2019-11-13 19:42:29,0.3125,0.038461538461538464,0.0,0.0,0.0,0.0,0.4375,0.0625,0.0,0.0,0.0,0.0
U7388,2019-11-13 19:42:56,0.926470588235294,0.3333333333333333,0.5437713091520254,0.5437713091520254,1.0,1.0,0.8088235294117646,0.3333333333333333,0.3065735963827292,0.3065735963827292,0.5,0.5
U6066,2019-11-13 19:45:49,0.7602739726027398,0.3333333333333333,0.3065735963827292,0.3065735963827292,0.5,0.5,0.6986301369863014,0.16666666666666666,0.0,0.21840743681816419,0.0,0.5
U72868,2019-11-13 20:13:07,0.26666666666666666,0.09090909090909091,0.0,0.0,0.0,0.0,0.26666666666666666,0.09090909090909091,0.0,0.0,0.0,0.0
U38642,2019-11-13 20:13:11,0.7272727272727273,0.25,0.5012658353418871,0.5012658353418871,1.0,1.0,0.6363636363636364,0.2,0.23719771276929622,0.45560514958746035,0.5,1.0
U32126,2019-11-13 20:14:19,0.4901041666666667,0.5,0.21398626473452756,0.13886244387355454,0.05,0.05,0.44010416666666674,0.058823529411764705,0.0,0.0,0.0,0.0
U42446,2019-11-13 20:22:30,1.0,1.0,1.0,1.0,1.0,1.0,1.0,1.0,1.0,1.0,1.0,1.0
U25322,2019-11-13 20:24:41,0.6968390804597702,0.25,0.14606834984270645,0.23119123707664177,0.16666666666666666,0.3333333333333333,0.6968390804597702,0.25,0.14606834984270645,0.23119123707664177,0.16666666666666666,0.3333333333333333
U33144,2019-11-13 20:28:18,1.0,1.0,1.0,1.0,1.0,1.0,1.0,1.0,1.0,1.0,1.0,1.0
U40373,2019-11-13 20:32:01,0.6521739130434783,0.1111111111111111,0.0,0.3010299956639812,0.0,1.0,0.3913043478260869,0.06666666666666667,0.0,0.0,0.0,0.0
U16746,2019-11-13 20:34:00,0.3076923076923077,0.05263157894736842,0.0,0.0,0.0,0.0,0.11538461538461542,0.041666666666666664,0.0,0.0,0.0,0.0
U56341,2019-11-13 20:46:48,0.7108695652173913,0.16666666666666666,0.0,0.1208113026994942,0.0,0.2,0.6434782608695652,0.05555555555555555,0.0,0.0,0.0,0.0
U37655,2019-11-13 20:49:14,0.20108695652173914,0.030303030303030304,0.0,0.0,0.0,0.0,0.14130434782608695,0.02702702702702703,0.0,0.0,0.0,0.0
U79383,2019-11-13 21:04:30,0.6641414141414141,1.0,0.5087403079104241,0.35256832412172806,0.2222222222222222,0.2222222222222222,0.6641414141414141,1.0,0.5087403079104241,0.35256832412172806,0.2222222222222222,0.2222222222222222
U86458,2019-11-13 21:27:01,0.2202380952380952,0.030303030303030304,0.0,0.0,0.0,0.0,0.20833333333333331,0.029411764705882353,0.0,0.0,0.0,0.0
U27123,2019-11-13 21:38:32,0.5555555555555556,0.0625,0.0,0.0,0.0,0.0,0.6444444444444445,0.07142857142857142,0.0,0.0,0.0,0.0
U48800,2019-11-13 21:41:32,1.0,1.0,1.0,1.0,1.0,1.0,1.0,1.0,1.0,1.0,1.0,1.0
U85031,2019-11-13 21:45:32,0.3555555555555555,0.2,0.18154179253735267,0.18154179253735267,0.3333333333333333,0.3333333333333333,0.3555555555555555,0.1111111111111111,0.0,0.2769189462922768,0.0,0.6666666666666666
U86061,2019-11-13 21:48:54,0.5357142857142857,0.5,0.2960819109658652,0.2960819109658652,0.3333333333333333,0.3333333333333333,0.6190476190476191,0.2,0.18154179253735267,0.18154179253735267,0.3333333333333333,0.3333333333333333
U75927,2019-11-13 22:02:29,0.3111111111111111,0.05555555555555555,0.0,0.0,0.0,0.0,0.30000000000000004,0.05263157894736842,0.0,0.0,0.0,0.0
U7216,2019-11-13 22:09:50,0.6463963963963963,0.2,0.18154179253735267,0.3228087653971817,0.3333333333333333,0.6666666666666666,0.5653153153153152,0.07142857142857142,0.0,0.0,0.0,0.0
U87998,2019-11-13 22:21:56,0.8258928571428572,0.5,0.24630238874073,0.3853585682515056,0.25,0.5,0.8035714285714286,0.25,0.16812753627111746,0.16812753627111746,0.25,0.25
U42643,2019-11-13 22:24:15,0.8232323232323233,0.5,0.5147714448836774,0.4350965523678657,0.3333333333333333,0.4444444444444444,0.8005050505050504,0.3333333333333333,0.16958010263680806,0.27200344942751675,0.1111111111111111,0.3333333333333333
U23679,2019-11-13 22:26:10,0.033333333333333326,0.0625,0.0,0.0,0.0,0.0,0.033333333333333326,0.0625,0.0,0.0,0.0,0.0
U1494,2019-11-13 22:37:56,1.0,1.0,1.0,1.0,1.0,1.0,1.0,1.0,1.0,1.0,1.0,1.0
U11924,2019-11-13 22:54:11,0.7516339869281046,0.125,0.0,0.1480409554829326,0.0,0.3333333333333333,0.7516339869281046,0.125,0.0,0.1480409554829326,0.0,0.3333333333333333
U62528,2019-11-13 22:59:50,0.5425219941348973,0.0625,0.0,0.0,0.0,0.0,0.5425219941348973,0.0625,0.0,0.0,0.0,0.0
U24285,2019-11-13 23:34:07,0.6851851851851852,0.25,0.38364913903790027,0.38364913903790027,0.6666666666666666,0.6666666666666666,0.6851851851851852,0.25,0.38364913903790027,0.38364913903790027,0.6666666666666666,0.6666666666666666
U82373,2019-11-13 23:51:10,0.4276315789473684,0.012195121951219513,0.0,0.0,0.0,0.0,0.6776315789473684,0.25,0.2640681225725909,0.2640681225725909,0.5,0.5
U32923,2019-11-13 23:52:06,0.75,0.08333333333333333,0.0,0.0,0.0,0.0,0.7946428571428572,1.0,0.6131471927654584,0.6131471927654584,0.5,0.5
U54694,2019-11-14 00:01:57,0.8457446808510638,0.5,0.44149241373678083,0.44149241373678083,0.5,0.5,0.824468085106383,0.2,0.15101961822780524,0.2638647595767405,0.25,0.5
U46832,2019-11-14 00:19:47,0.5,0.07692307692307693,0.0,0.0,0.0,0.0,0.29166666666666663,0.05555555555555555,0.0,0.0,0.0,0.0
U80276,2019-11-14 00:22:55,0.6236559139784946,0.16666666666666666,0.0,0.16716045496620227,0.0,0.3333333333333333,0.6236559139784946,0.125,0.0,0.1480409554829326,0.0,0.3333333333333333
U55429,2019-11-14 00:32:15,0.6884057971014492,0.022727272727272728,0.0,0.0,0.0,0.0,0.9565217391304348,0.14285714285714285,0.0,0.3333333333333333,0.0,1.0
U37568,2019-11-14 01:25:51,0.6933333333333334,0.07142857142857142,0.0,0.0,0.0,0.0,0.6866666666666666,0.06666666666666667,0.0,0.0,0.0,0.0
U71202,2019-11-14 01:56:42,0.20424836601307186,0.014705882352941176,0.0,0.0,0.0,0.0,0.630718954248366,0.1111111111111111,0.0,0.14126697285982898,0.0,0.3333333333333333
U46524,2019-11-14 02:44:20,0.910919540229885,0.125,0.0,0.2836929289153804,0.0,0.6666666666666666,0.8304597701149425,0.14285714285714285,0.0,0.15642624200758548,0.0,0.3333333333333333
U66447,2019-11-14 02:55:39,0.5408163265306123,0.5,0.38685280723454163,0.38685280723454163,0.5,0.5,0.5306122448979591,0.3333333333333333,0.3065735963827292,0.3065735963827292,0.5,0.5
U85230,2019-11-14 02:56:58,0.5990099009900991,0.09090909090909091,0.0,0.0,0.0,0.0,0.49504950495049505,0.03571428571428571,0.0,0.0,0.0,0.0
U57743,2019-11-14 03:05:13,0.90625,0.25,0.43067655807339306,0.43067655807339306,1.0,1.0,0.78125,0.125,0.0,0.31546487678572877,0.0,1.0
U27616,2019-11-14 03:15:16,1.0,1.0,1.0,1.0,1.0,1.0,1.0,1.0,1.0,1.0,1.0,1.0
U55166,2019-11-14 03:15:45,0.47058823529411764,0.16666666666666666,0.0,0.21840743681816419,0.0,0.5,0.29411764705882354,0.09090909090909091,0.0,0.0,0.0,0.0
U5572,2019-11-14 03:19:04,0.16666666666666663,0.16666666666666666,0.0,0.3562071871080222,0.0,1.0,0.16666666666666663,0.16666666666666666,0.0,0.3562071871080222,0.0,1.0
U54218,2019-11-14 03:24:41,0.6603773584905661,0.1,0.0,0.17723928678404774,0.0,0.5,0.5943396226415094,0.06666666666666667,0.0,0.0,0.0,0.0
U29848,2019-11-14 03:25:38,0.41250000000000003,0.06666666666666667,0.0,0.0,0.0,0.0,0.41250000000000003,0.06666666666666667,0.0,0.0,0.0,0.0
U88456,2019-11-14 03:32:24,0.46,0.09090909090909091,0.0,0.0,0.0,0.0,0.4177777777777778,0.07142857142857142,0.0,0.0,0.0,0.0
U89788,2019-11-14 03:39:00,0.27564102564102566,0.05263157894736842,0.0,0.0,0.0,0.0,0.3141025641025641,0.0625,0.0,0.0,0.0,0.0
U26456,2019-11-14 03:39:53,0.7727272727272727,0.16666666666666666,0.0,0.21840743681816419,0.0,0.5,0.6727272727272727,0.1,0.0,0.17723928678404774,0.0,0.5
U89241,2019-11-14 03:43:24,0.7264957264957265,0.1111111111111111,0.0,0.14126697285982898,0.0,0.3333333333333333,0.45014245014245013,0.023255813953488372,0.0,0.0,0.0,0.0
U88250,2019-11-14 03:48:45,0.25,0.25,0.43067655807339306,0.43067655807339306,1.0,1.0,0.25,0.25,0.43067655807339306,0.43067655807339306,1.0,1.0
U6054,2019-11-14 03:53:16,1.0,1.0,1.0,1.0,1.0,1.0,1.0,1.0,1.0,1.0,1.0,1.0
U11728,2019-11-14 03:54:08,0.59375,1.0,0.5413996682199069,0.5413996682199069,0.5,0.5,0.5729166666666667,0.16666666666666666,0.0,0.25657228426720274,0.0,0.5
U26834,2019-11-14 04:13:34,0.4864864864864865,0.05,0.0,0.0,0.0,0.0,1.0,1.0,1.0,1.0,1.0,1.0
U57381,2019-11-14 04:14:35,0.6379310344827586,0.05,0.0,0.0,0.0,0.0,0.5862068965517242,0.043478260869565216,0.0,0.0,0.0,0.0
U63827,2019-11-14 04:15:58,0.42148760330578516,0.014084507042253521,0.0,0.0,0.0,0.0,0.22314049586776863,0.010526315789473684,0.0,0.0,0.0,0.0
U85636,2019-11-14 04:17:01,0.4112554112554112,0.1111111111111111,0.0,0.14126697285982898,0.0,0.3333333333333333,0.35497835497835495,0.047619047619047616,0.0,0.0,0.0,0.0
U20624,2019-11-14 04:21:39,0.5352400408580185,1.0,0.48522855511632257,0.3932783996463063,0.18181818181818182,0.2727272727272727,0.5352400408580185,1.0,0.48522855511632257,0.3932783996463063,0.18181818181818182,0.2727272727272727
U8895,2019-11-14 04:29:13,0.5,0.1111111111111111,0.0,0.18457569677956817,0.0,0.5,0.4615384615384615,0.1111111111111111,0.0,0.18457569677956817,0.0,0.5
U28039,2019-11-14 04:33:05,0.5116279069767442,0.3333333333333333,0.3065735963827292,0.3065735963827292,0.5,0.5,0.4418604651162791,0.1111111111111111,0.0,0.18457569677956817,0.0,0.5
U64822,2019-11-14 04:35:59,0.5555555555555556,0.1111111111111111,0.0,0.3010299956639812,0.0,1.0,0.4444444444444444,0.09090909090909091,0.0,0.0,0.0,0.0
U25130,2019-11-14 04:40:37,0.6764705882352942,1.0,0.5855700749881525,0.5855700749881525,0.5,0.5,0.6764705882352942,0.14285714285714285,0.0,0.2476427880871277,0.0,0.5
U86724,2019-11-14 04:41:48,0.7,0.3333333333333333,0.3065735963827292,0.4911492931622974,0.5,1.0,0.6666666666666667,0.3333333333333333,0.3065735963827292,0.48381288316677695,0.5,1.0
U18634,2019-11-14 04:42:35,0.5,0.14285714285714285,0.0,0.20438239758848611,0.0,0.5,0.723404255319149,0.1,0.0,0.17723928678404774,0.0,0.5
U78716,2019-11-14 04:44:27,0.9139344262295083,0.1,0.0,0.09803928583135704,0.0,0.2,0.9139344262295083,0.1,0.0,0.09803928583135704,0.0,0.2
U58680,2019-11-14 04:44:36,0.06122448979591838,0.02,0.0,0.0,0.0,0.0,0.05102040816326531,0.02,0.0,0.0,0.0,0.0
U48412,2019-11-14 04:46:36,0.9032258064516129,0.25,0.43067655807339306,0.43067655807339306,1.0,1.0,0.8064516129032258,0.14285714285714285,0.0,0.3333333333333333,0.0,1.0
U33113,2019-11-14 04:48:05,0.8250000000000001,0.25,0.2640681225725909,0.48247555939075504,0.5,1.0,0.55,0.1,0.0,0.17723928678404774,0.0,0.5
U42685,2019-11-14 04:48:52,0.5555555555555556,0.1,0.0,0.17723928678404774,0.0,0.5,0.4074074074074074,0.0625,0.0,0.0,0.0,0.0
U91282,2019-11-14 04:49:10,0.8380952380952381,1.0,0.6713860725233041,0.6713860725233041,0.6666666666666666,0.6666666666666666,0.8857142857142858,0.5,0.4776237035032179,0.4776237035032179,0.6666666666666666,0.6666666666666666
U71956,2019-11-14 04:50:20,0.33333333333333337,0.06666666666666667,0.0,0.0,0.0,0.0,0.33333333333333337,0.06666666666666667,0.0,0.0,0.0,0.0
U55812,2019-11-14 04:50:57,0.7551020408163265,0.125,0.0,0.19342640361727081,0.0,0.5,0.7040816326530612,0.125,0.0,0.19342640361727081,0.0,0.5
U80573,2019-11-14 04:51:03,0.7378640776699028,1.0,0.46927872602275644,0.46927872602275644,0.3333333333333333,0.3333333333333333,0.8284789644012944,0.3333333333333333,0.23463936301137822,0.23463936301137822,0.3333333333333333,0.3333333333333333
U30568,2019-11-14 04:51:36,0.25895316804407714,0.034482758620689655,0.0,0.0,0.0,0.0,0.42561983471074377,0.03333333333333333,0.0,0.0,0.0,0.0
U63213,2019-11-14 04:52:11,0.41981132075471694,0.024390243902439025,0.0,0.0,0.0,0.0,0.3490566037735849,0.0196078431372549,0.0,0.0,0.0,0.0
U58626,2019-11-14 04:54:00,0.38990825688073394,0.023809523809523808,0.0,0.0,0.0,0.0,0.3440366972477064,0.02040816326530612,0.0,0.0,0.0,0.0
U50036,2019-11-14 04:55:39,0.5348837209302326,0.07692307692307693,0.0,0.0,0.0,0.0,0.5406976744186047,0.16666666666666666,0.0,0.21840743681816419,0.0,0.5
U37543,2019-11-14 04:56:39,0.4794520547945206,0.1111111111111111,0.0,0.09109240322345806,0.0,0.16666666666666666,0.634703196347032,0.125,0.0,0.18293214719087553,0.0,0.3333333333333333
U2784,2019-11-14 04:57:01,0.6320675105485232,0.3333333333333333,0.16958010263680806,0.1736666713479918,0.06666666666666667,0.13333333333333333,0.6320675105485232,0.3333333333333333,0.16958010263680806,0.1736666713479918,0.06666666666666667,0.13333333333333333
U73099,2019-11-14 04:58:59,0.8879855465221319,1.0,0.8687949224876582,0.6020941629041773,0.4444444444444444,0.4444444444444444,0.8753387533875339,1.0,0.8687949224876582,0.6020941629041773,0.4444444444444444,0.4444444444444444
U41536,2019-11-14 04:59:18,0.8888888888888888,0.5,0.6309297535714575,0.6309297535714575,1.0,1.0,0.6666666666666667,0.25,0.43067655807339306,0.43067655807339306,1.0,1.0
U13845,2019-11-14 05:00:34,0.3516949152542373,0.015625,0.0,0.0,0.0,0.0,0.23728813559322032,0.012048192771084338,0.0,0.0,0.0,0.0
U31554,2019-11-14 05:00:50,0.3782894736842105,0.02857142857142857,0.0,0.0,0.0,0.0,0.5032894736842105,1.0,0.3903800499921017,0.3903800499921017,0.25,0.25
U33900,2019-11-14 05:01:24,0.18181818181818177,0.1,0.0,0.2890648263178879,0.0,1.0,0.5454545454545454,0.16666666666666666,0.0,0.3562071871080222,0.0,1.0
U90616,2019-11-14 05:02:21,0.6096096096096095,1.0,0.3391602052736161,0.23504554941448536,0.1111111111111111,0.1111111111111111,0.5465465465465466,0.25,0.14606834984270645,0.10122860821230018,0.1111111111111111,0.1111111111111111
U72574,2019-11-14 05:11:02,0.4350877192982456,0.06666666666666667,0.0,0.0,0.0,0.0,0.4350877192982456,0.06666666666666667,0.0,0.0,0.0,0.0
U75588,2019-11-14 05:11:14,0.5466666666666666,1.0,0.46927872602275644,0.46927872602275644,0.3333333333333333,0.3333333333333333,0.6533333333333333,0.5,0.2960819109658652,0.4632423659320675,0.3333333333333333,0.6666666666666666
U39991,2019-11-14 05:13:42,0.7282608695652174,0.038461538461538464,0.0,0.0,0.0,0.0,0.9891304347826086,0.5,0.6309297535714575,0.6309297535714575,1.0,1.0
U35574,2019-11-14 05:16:20,0.64,0.1,0.0,0.2890648263178879,0.0,1.0,0.36,0.058823529411764705,0.0,0.0,0.0,0.0
U93678,2019-11-14 05:17:45,0.548076923076923,1.0,0.3903800499921017,0.6380228380792293,0.25,0.75,0.5288461538461539,0.3333333333333333,0.34620964322385606,0.45905478457279136,0.5,0.75
U84140,2019-11-14 05:18:35,0.6166666666666667,0.14285714285714285,0.0,0.29769321486741446,0.0,0.6666666666666666,0.5666666666666667,0.1111111111111111,0.0,0.2769189462922768,0.0,0.6666666666666666
U36220,2019-11-14 05:18:59,1.0,1.0,1.0,1.0,1.0,1.0,0.9846153846153847,0.5,0.6309297535714575,0.6309297535714575,1.0,1.0
U18588,2019-11-14 05:19:24,0.5909090909090909,1.0,0.3391602052736161,0.30260241349881345,0.16666666666666666,0.16666666666666666,0.5252525252525253,0.25,0.14606834984270645,0.13032376591037062,0.16666666666666666,0.16666666666666666
U53220,2019-11-14 05:20:17,0.4585034013605442,1.0,0.6548086577531307,0.424926013816671,0.08571428571428572,0.08571428571428572,0.4241496598639456,0.2,0.13120507751234178,0.1487639058405727,0.02857142857142857,0.05714285714285714
U48213,2019-11-14 05:21:29,0.19999999999999996,0.1111111111111111,0.0,0.3010299956639812,0.0,1.0,0.8,0.3333333333333333,0.5,0.5,1.0,1.0
U14632,2019-11-14 05:21:40,0.30801687763713076,0.010309278350515464,0.0,0.0,0.0,0.0,0.24683544303797467,0.010638297872340425,0.0,0.0,0.0,0.0
U56450,2019-11-14 05:22:53,1.0,1.0,1.0,1.0,1.0,1.0,1.0,1.0,1.0,1.0,1.0,1.0
U65021,2019-11-14 05:26:45,0.23655913978494625,0.025,0.0,0.0,0.0,0.0,0.23655913978494625,0.025,0.0,0.0,0.0,0.0
U472,2019-11-14 05:27:12,0.7312206572769953,1.0,0.3391602052736161,0.30260241349881345,0.16666666666666666,0.16666666666666666,0.7312206572769953,1.0,0.3391602052736161,0.30260241349881345,0.16666666666666666,0.16666666666666666
U35574,2019-11-14 05:27:13,0.0,0.09090909090909091,0.0,0.0,0.0,0.0,0.0,0.09090909090909091,0.0,0.0,0.0,0.0
U779,2019-11-14 05:27:23,0.6837606837606838,1.0,0.3903800499921017,0.3903800499921017,0.25,0.25,0.6111111111111112,1.0,0.3903800499921017,0.3903800499921017,0.25,0.25
U85195,2019-11-14 05:28:48,0.5,0.021739130434782608,0.0,0.0,0.0,0.0,0.38524590163934425,0.02,0.0,0.0,0.0,0.0
U76118,2019-11-14 05:30:13,1.0,1.0,1.0,1.0,1.0,1.0,1.0,1.0,1.0,1.0,1.0,1.0
U38252,2019-11-14 05:31:41,0.7291666666666667,0.5,0.21398626473452756,0.27839258028034286,0.16666666666666666,0.3333333333333333,0.7291666666666667,0.5,0.21398626473452756,0.27839258028034286,0.16666666666666666,0.3333333333333333
U6724,2019-11-14 05:31:43,0.0,0.16666666666666666,0.0,0.3562071871080222,0.0,1.0,0.6,0.3333333333333333,0.5,0.5,1.0,1.0
U78213,2019-11-14 05:31:44,0.3661616161616162,0.008547008547008548,0.0,0.0,0.0,0.0,0.601010101010101,0.013333333333333334,0.0,0.0,0.0,0.0
U72669,2019-11-14 05:33:24,0.11538461538461536,0.02857142857142857,0.0,0.0,0.0,0.0,0.0641025641025641,0.02702702702702703,0.0,0.0,0.0,0.0
U57922,2019-11-14 05:34:29,0.6174242424242424,0.3333333333333333,0.23463936301137822,0.23463936301137822,0.3333333333333333,0.3333333333333333,0.6174242424242424,0.3333333333333333,0.23463936301137822,0.23463936301137822,0.3333333333333333,0.3333333333333333
U14740,2019-11-14 05:37:15,0.4631578947368421,0.2,0.13120507751234178,0.13120507751234178,0.2,0.2,0.4631578947368421,0.2,0.13120507751234178,0.13120507751234178,0.2,0.2
U18269,2019-11-14 05:37:53,0.9791666666666667,1.0,0.8503449055347546,0.8503449055347546,1.0,1.0,0.9652777777777778,0.3333333333333333,0.5437713091520254,0.5437713091520254,1.0,1.0
U22060,2019-11-14 05:37:58,0.566744730679157,0.5,0.21398626473452756,0.17342765698823945,0.14285714285714285,0.14285714285714285,0.566744730679157,0.5,0.21398626473452756,0.17342765698823945,0.14285714285714285,0.14285714285714285
U31576,2019-11-14 05:39:08,0.6884353741496598,0.25,0.14606834984270645,0.1584091525685025,0.07142857142857142,0.14285714285714285,0.6353741496598639,1.0,0.3391602052736161,0.22009176629808017,0.07142857142857142,0.07142857142857142
U36045,2019-11-14 05:40:21,0.5925925925925927,0.08333333333333333,0.0,0.0,0.0,0.0,0.5925925925925927,0.08333333333333333,0.0,0.0,0.0,0.0
U8199,2019-11-14 05:40:27,0.19999999999999996,0.058823529411764705,0.0,0.0,0.0,0.0,0.19999999999999996,0.058823529411764705,0.0,0.0,0.0,0.0
U50042,2019-11-14 05:40:38,0.8428571428571429,0.25,0.2640681225725909,0.44130740935663865,0.5,1.0,0.8714285714285714,0.2,0.23719771276929622,0.4415801103577823,0.5,1.0
U19372,2019-11-14 05:41:26,0.8214285714285714,1.0,0.46927872602275644,0.6364391809889587,0.3333333333333333,0.6666666666666666,0.7440476190476191,0.5,0.2960819109658652,0.4525081529734507,0.3333333333333333,0.6666666666666666
U10839,2019-11-14 05:42:53,0.5185185185185186,0.07142857142857142,0.0,0.0,0.0,0.0,0.4444444444444444,0.0625,0.0,0.0,0.0,0.0
U56598,2019-11-14 05:45:05,0.7441860465116279,0.125,0.0,0.123151194370365,0.0,0.25,0.805232558139535,0.1111111111111111,0.0,0.11751610475642714,0.0,0.25
U58564,2019-11-14 05:46:19,0.5892857142857143,0.25,0.2640681225725909,0.2640681225725909,0.5,0.5,0.6071428571428572,0.3333333333333333,0.3065735963827292,0.3065735963827292,0.5,0.5
U88052,2019-11-14 05:47:05,0.325,0.1111111111111111,0.0,0.18457569677956817,0.0,0.5,0.45,0.25,0.2640681225725909,0.2640681225725909,0.5,0.5
U48935,2019-11-14 05:49:10,0.6326530612244898,0.02702702702702703,0.0,0.0,0.0,0.0,0.6632653061224489,0.029411764705882353,0.0,0.0,0.0,0.0
U65336,2019-11-14 05:49:21,0.6458752515090543,1.0,0.48522855511632257,0.3932591258696538,0.2857142857142857,0.2857142857142857,0.6458752515090543,1.0,0.48522855511632257,0.3932591258696538,0.2857142857142857,0.2857142857142857
U83294,2019-11-14 05:50:38,0.688034188034188,0.125,0.0,0.19342640361727081,0.0,0.5,0.5299145299145299,0.03571428571428571,0.0,0.0,0.0,0.0
U2019,2019-11-14 05:51:43,1.0,1.0,1.0,1.0,1.0,1.0,1.0,1.0,1.0,1.0,1.0,1.0
U65267,2019-11-14 05:51:58,0.8073770491803278,0.1,0.0,0.11284514134893527,0.0,0.25,0.8258196721311475,0.25,0.16812753627111746,0.16812753627111746,0.25,0.25
U53012,2019-11-14 05:52:19,0.7518796992481204,1.0,0.4703652827859579,0.4408943060551852,0.25,0.375,0.7048872180451128,0.3333333333333333,0.16958010263680806,0.21657136003619623,0.125,0.25
U76552,2019-11-14 05:52:58,0.7142857142857143,0.047619047619047616,0.0,0.0,0.0,0.0,0.6571428571428571,0.04,0.0,0.0,0.0,0.0
U66565,2019-11-14 05:56:36,0.38383838383838387,0.03225806451612903,0.0,0.0,0.0,0.0,0.3484848484848485,0.02631578947368421,0.0,0.0,0.0,0.0
U67252,2019-11-14 05:58:10,0.0,0.16666666666666666,0.0,0.3562071871080222,0.0,1.0,0.0,0.16666666666666666,0.0,0.3562071871080222,0.0,1.0
U49480,2019-11-14 05:58:17,0.0,0.07692307692307693,0.0,0.0,0.0,0.0,0.41666666666666663,0.125,0.0,0.31546487678572877,0.0,1.0
U41560,2019-11-14 05:59:14,0.987012987012987,0.5,0.6309297535714575,0.6309297535714575,1.0,1.0,0.7012987012987013,0.041666666666666664,0.0,0.0,0.0,0.0
U79976,2019-11-14 06:00:04,0.71,0.09090909090909091,0.0,0.0,0.0,0.0,0.65,0.1111111111111111,0.0,0.10209739512291163,0.0,0.2
U2030,2019-11-14 06:00:17,0.49382716049382713,0.043478260869565216,0.0,0.0,0.0,0.0,0.3358024691358025,0.01639344262295082,0.0,0.0,0.0,0.0
U10980,2019-11-14 06:00:47,0.8695652173913043,1.0,0.3903800499921017,0.5032251913410369,0.25,0.5,0.7771739130434783,0.5,0.24630238874073,0.24630238874073,0.25,0.25
U78848,2019-11-14 06:02:02,0.9166666666666667,1.0,0.6131471927654584,0.8315546295836225,0.5,1.0,0.8125,1.0,0.6131471927654584,0.6131471927654584,0.5,0.5
U59810,2019-11-14 06:02:14,0.9333333333333332,1.0,0.7653606369886217,0.9217868789962071,0.6666666666666666,1.0,0.8,0.25,0.38364913903790027,0.5249161118977292,0.6666666666666666,1.0
U11014,2019-11-14 06:03:18,0.5982824427480916,0.047619047619047616,0.0,0.0,0.0,0.0,0.5505725190839694,0.023809523809523808,0.0,0.0,0.0,0.0
U75866,2019-11-14 06:04:43,0.8333333333333334,0.3333333333333333,0.5,0.5,1.0,1.0,0.8333333333333334,0.3333333333333333,0.5,0.5,1.0,1.0
U24180,2019-11-14 06:07:38,0.6074534161490683,0.09090909090909091,0.0,0.0,0.0,0.0,0.5440993788819876,0.2,0.13120507751234178,0.10633668103022985,0.14285714285714285,0.14285714285714285
U37149,2019-11-14 06:07:43,0.9565217391304348,0.3333333333333333,0.5,0.5,1.0,1.0,0.8913043478260869,0.16666666666666666,0.0,0.3562071871080222,0.0,1.0
U56076,2019-11-14 06:10:38,0.7575757575757576,0.1111111111111111,0.0,0.3010299956639812,0.0,1.0,0.9090909090909091,0.25,0.43067655807339306,0.43067655807339306,1.0,1.0
U18126,2019-11-14 06:10:58,1.0,1.0,1.0,1.0,1.0,1.0,0.5,0.5,0.6309297535714575,0.6309297535714575,1.0,1.0
U45097,2019-11-14 06:11:05,1.0,1.0,1.0,1.0,1.0,1.0,0.8571428571428572,0.25,0.43067655807339306,0.43067655807339306,1.0,1.0
U52556,2019-11-14 06:12:14,0.6659574468085107,0.125,0.0,0.10699313236726378,0.0,0.2,0.6531914893617021,0.3333333333333333,0.16958010263680806,0.16958010263680806,0.2,0.2
U68206,2019-11-14 06:12:17,0.6164874551971326,0.058823529411764705,0.0,0.0,0.0,0.0,0.5197132616487455,0.03225806451612903,0.0,0.0,0.0,0.0
U70668,2019-11-14 06:12:32,0.875,1.0,0.9197207891481876,0.9197207891481876,1.0,1.0,0.875,1.0,0.9197207891481876,0.9197207891481876,1.0,1.0
U44941,2019-11-14 06:15:53,0.9272727272727272,0.2,0.38685280723454163,0.38685280723454163,1.0,1.0,0.8545454545454546,0.1111111111111111,0.0,0.3010299956639812,0.0,1.0
U52388,2019-11-14 06:19:11,0.36363636363636365,0.125,0.0,0.31546487678572877,0.0,1.0,0.09090909090909094,0.09090909090909091,0.0,0.0,0.0,0.0
U76218,2019-11-14 06:19:34,0.485,1.0,0.3903800499921017,0.3903800499921017,0.25,0.25,0.5549999999999999,1.0,0.3903800499921017,0.3903800499921017,0.25,0.25
U34164,2019-11-14 06:21:29,1.0,1.0,1.0,1.0,1.0,1.0,0.9411764705882353,0.5,0.6309297535714575,0.6309297535714575,1.0,1.0
U57734,2019-11-14 06:22:22,0.0,0.14285714285714285,0.0,0.3333333333333333,0.0,1.0,0.0,0.14285714285714285,0.0,0.3333333333333333,0.0,1.0
U61884,2019-11-14 06:22:52,1.0,1.0,1.0,1.0,1.0,1.0,0.9166666666666666,0.25,0.43067655807339306,0.43067655807339306,1.0,1.0
U84072,2019-11-14 06:24:58,0.6186915887850468,0.3333333333333333,0.16958010263680806,0.11004588314904008,0.1,0.1,0.5644859813084113,0.125,0.0,0.06943122193677727,0.0,0.1
U69455,2019-11-14 06:25:24,0.4,0.16666666666666666,0.0,0.21840743681816419,0.0,0.5,0.275,0.07692307692307693,0.0,0.0,0.0,0.0
U81427,2019-11-14 06:31:36,0.75,0.2,0.38685280723454163,0.38685280723454163,1.0,1.0,0.25,0.07692307692307693,0.0,0.0,0.0,0.0
U31576,2019-11-14 06:31:49,0.5238095238095238,1.0,0.3391602052736161,0.3615901614084106,0.14285714285714285,0.2857142857142857,0.5476190476190477,0.25,0.14606834984270645,0.2162957183053307,0.14285714285714285,0.2857142857142857
U12562,2019-11-14 06:32:26,0.9767441860465116,0.5,0.6309297535714575,0.6309297535714575,1.0,1.0,0.9767441860465116,0.5,0.6309297535714575,0.6309297535714575,1.0,1.0
U17274,2019-11-14 06:34:58,0.9135802469135803,1.0,0.7039180890341347,0.7039180890341347,0.6666666666666666,0.6666666666666666,0.8271604938271605,0.5,0.5307212739772434,0.5307212739772434,0.6666666666666666,0.6666666666666666
U15269,2019-11-14 06:35:10,0.75,0.08333333333333333,0.0,0.0,0.0,0.0,0.7131147540983607,0.1111111111111111,0.0,0.11751610475642714,0.0,0.25
U91264,2019-11-14 06:35:12,0.5342465753424658,0.1,0.0,0.17723928678404774,0.0,0.5,0.4452054794520548,0.045454545454545456,0.0,0.0,0.0,0.0
U23890,2019-11-14 06:37:16,0.6323529411764706,1.0,0.5413996682199069,0.5413996682199069,0.5,0.5,0.5808823529411765,0.5,0.24630238874073,0.24630238874073,0.25,0.25
U11921,2019-11-14 06:38:47,1.0,1.0,1.0,1.0,1.0,1.0,1.0,1.0,1.0,1.0,1.0,1.0
U33474,2019-11-14 06:40:43,1.0,1.0,1.0,1.0,1.0,1.0,1.0,1.0,1.0,1.0,1.0,1.0
U65963,2019-11-14 06:41:46,0.65,1.0,0.6131471927654584,0.6131471927654584,0.5,0.5,0.7071428571428572,0.5,0.38685280723454163,0.38685280723454163,0.5,0.5
U91335,2019-11-14 06:42:51,0.5601092896174863,1.0,0.46927872602275644,0.46927872602275644,0.3333333333333333,0.3333333333333333,0.5382513661202185,1.0,0.46927872602275644,0.46927872602275644,0.3333333333333333,0.3333333333333333
U50756,2019-11-14 06:43:50,0.4298245614035088,0.09090909090909091,0.0,0.0,0.0,0.0,0.5935672514619883,0.5,0.2960819109658652,0.2960819109658652,0.3333333333333333,0.3333333333333333
U80647,2019-11-14 06:44:06,0.7142857142857143,1.0,0.7653606369886217,0.9066276098484507,0.6666666666666666,1.0,0.5238095238095238,0.3333333333333333,0.4367467095119258,0.5780136823717549,0.6666666666666666,1.0
U78453,2019-11-14 06:46:20,0.5833333333333334,0.5,0.38685280723454163,0.38685280723454163,0.5,0.5,0.9,0.3333333333333333,0.3065735963827292,0.5249810332008933,0.5,1.0
U89675,2019-11-14 06:48:43,0.7624113475177304,0.25,0.20210734650054757,0.20210734650054757,0.3333333333333333,0.3333333333333333,0.7446808510638299,0.05263157894736842,0.0,0.0,0.0,0.0
U86019,2019-11-14 06:50:33,1.0,1.0,1.0,1.0,1.0,1.0,1.0,1.0,1.0,1.0,1.0,1.0
U84456,2019-11-14 06:50:50,0.7960992907801419,0.1,0.0,0.0874717141014082,0.0,0.16666666666666666,0.7021276595744681,0.2,0.13120507751234178,0.11706259313796354,0.16666666666666666,0.16666666666666666
U14815,2019-11-14 06:52:08,0.5,1.0,0.6131471927654584,0.6131471927654584,0.5,0.5,0.4666666666666667,0.5,0.38685280723454163,0.38685280723454163,0.5,0.5
U60359,2019-11-14 06:55:39,0.3416666666666666,0.045454545454545456,0.0,0.0,0.0,0.0,0.2972222222222222,0.03571428571428571,0.0,0.0,0.0,0.0
U72489,2019-11-14 06:55:43,0.5780141843971631,0.125,0.0,0.18293214719087553,0.0,0.3333333333333333,0.6382978723404256,0.5,0.21398626473452756,0.19092086617893467,0.16666666666666666,0.16666666666666666
U52329,2019-11-14 06:57:30,0.6120689655172414,0.06666666666666667,0.0,0.0,0.0,0.0,0.47413793103448276,0.04,0.0,0.0,0.0,0.0
U52996,2019-11-14 06:57:34,0.4836734693877551,0.07692307692307693,0.0,0.0,0.0,0.0,0.4959183673469388,0.25,0.14606834984270645,0.14606834984270645,0.2,0.2
U25708,2019-11-14 06:57:40,0.6153846153846154,0.16666666666666666,0.0,0.3562071871080222,0.0,1.0,0.46153846153846156,0.125,0.0,0.31546487678572877,0.0,1.0
U75154,2019-11-14 06:58:03,0.6428571428571428,0.16666666666666666,0.0,0.3562071871080222,0.0,1.0,0.5,0.125,0.0,0.31546487678572877,0.0,1.0
U59247,2019-11-14 06:58:41,0.5,0.09090909090909091,0.0,0.0,0.0,0.0,0.5615384615384615,0.1111111111111111,0.0,0.18457569677956817,0.0,0.5
U79527,2019-11-14 06:59:01,0.8333333333333334,0.3333333333333333,0.4468535299918563,0.4861592798991491,0.5,0.6666666666666666,0.8713450292397662,0.25,0.14606834984270645,0.3389803916011527,0.16666666666666666,0.5
U66883,2019-11-14 06:59:27,0.9361702127659575,0.25,0.43067655807339306,0.43067655807339306,1.0,1.0,0.7446808510638298,0.07692307692307693,0.0,0.0,0.0,0.0
U3493,2019-11-14 07:01:03,0.686046511627907,0.5,0.38685280723454163,0.38685280723454163,0.5,0.5,0.6395348837209303,1.0,0.6131471927654584,0.6131471927654584,0.5,0.5
U18126,2019-11-14 07:01:07,0.72,1.0,0.6131471927654584,0.6131471927654584,0.5,0.5,0.6,0.5,0.38685280723454163,0.38685280723454163,0.5,0.5
U39933,2019-11-14 07:02:38,0.5666666666666667,0.25,0.2640681225725909,0.2640681225725909,0.5,0.5,0.4666666666666667,0.14285714285714285,0.0,0.20438239758848611,0.0,0.5
U89223,2019-11-14 07:05:03,0.8593750000000001,0.3333333333333333,0.34620964322385606,0.4637257479802832,0.5,0.75,0.7343749999999999,0.2,0.15101961822780524,0.15101961822780524,0.25,0.25
U52909,2019-11-14 07:05:54,0.34848484848484845,0.3333333333333333,0.23463936301137822,0.23463936301137822,0.3333333333333333,0.3333333333333333,0.2727272727272727,0.14285714285714285,0.0,0.15642624200758548,0.0,0.3333333333333333
U89744,2019-11-14 07:06:28,0.3849206349206349,0.14285714285714285,0.0,0.15642624200758548,0.0,0.3333333333333333,0.47222222222222215,0.037037037037037035,0.0,0.0,0.0,0.0
U2145,2019-11-14 07:08:42,0.4652777777777778,0.2,0.23719771276929622,0.23719771276929622,0.5,0.5,0.42361111111111116,0.125,0.0,0.19342640361727081,0.0,0.5
U59622,2019-11-14 07:10:54,0.6816816816816816,0.16666666666666666,0.0,0.16716045496620227,0.0,0.3333333333333333,0.8168168168168167,0.06666666666666667,0.0,0.0,0.0,0.0
U68381,2019-11-14 07:11:41,1.0,1.0,1.0,1.0,1.0,1.0,1.0,1.0,1.0,1.0,1.0,1.0
U7456,2019-11-14 07:15:16,0.8823529411764706,0.3333333333333333,0.5706417189553201,0.5706417189553201,1.0,1.0,0.7058823529411764,0.16666666666666666,0.0,0.4227898344066503,0.0,1.0
U40486,2019-11-14 07:15:25,0.39700374531835203,0.04,0.0,0.0,0.0,0.0,0.599250936329588,0.03225806451612903,0.0,0.0,0.0,0.0
U89190,2019-11-14 07:15:50,0.2777777777777778,0.025,0.0,0.0,0.0,0.0,0.18518518518518523,0.022222222222222223,0.0,0.0,0.0,0.0
U90895,2019-11-14 07:18:47,1.0,1.0,1.0,1.0,1.0,1.0,0.625,0.25,0.43067655807339306,0.43067655807339306,1.0,1.0
U1363,2019-11-14 07:19:52,0.575,0.25,0.2640681225725909,0.2640681225725909,0.5,0.5,0.45,0.125,0.0,0.19342640361727081,0.0,0.5
U48174,2019-11-14 07:20:23,0.9574468085106383,0.3333333333333333,0.5,0.5,1.0,1.0,0.9574468085106383,0.3333333333333333,0.5,0.5,1.0,1.0
U25903,2019-11-14 07:20:47,0.875,1.0,0.5413996682199069,0.5413996682199069,0.5,0.5,0.875,1.0,0.5413996682199069,0.5413996682199069,0.5,0.5
U28999,2019-11-14 07:22:34,0.9285714285714286,0.5,0.6309297535714575,0.6309297535714575,1.0,1.0,0.7142857142857143,0.2,0.38685280723454163,0.38685280723454163,1.0,1.0
U21337,2019-11-14 07:23:59,0.4979591836734694,0.5,0.21398626473452756,0.21398626473452756,0.2,0.2,0.8755102040816327,0.5,0.4912596920895758,0.4912596920895758,0.6,0.6
U51303,2019-11-14 07:24:55,0.5702479338842975,0.14285714285714285,0.0,0.07336392209936005,0.0,0.09090909090909091,0.602125147579693,0.08333333333333333,0.0,0.0,0.0,0.0
U71324,2019-11-14 07:26:34,0.6857142857142857,0.2,0.13120507751234178,0.3257192188287456,0.16666666666666666,0.5,0.5476190476190477,0.5,0.21398626473452756,0.19092086617893467,0.16666666666666666,0.16666666666666666
U39367,2019-11-14 07:27:14,0.46548323471400394,0.019230769230769232,0.0,0.0,0.0,0.0,0.5197238658777121,0.030303030303030304,0.0,0.0,0.0,0.0
U24213,2019-11-14 07:28:12,0.8125,0.08333333333333333,0.0,0.0,0.0,0.0,0.7000000000000001,0.2,0.18154179253735267,0.18154179253735267,0.3333333333333333,0.3333333333333333
U23743,2019-11-14 07:28:35,0.7272727272727273,0.5,0.21398626473452756,0.286381299268402,0.16666666666666666,0.3333333333333333,0.7222222222222222,1.0,0.3391602052736161,0.3936948167222715,0.16666666666666666,0.3333333333333333
U92340,2019-11-14 07:31:49,1.0,1.0,1.0,1.0,1.0,1.0,1.0,1.0,1.0,1.0,1.0,1.0
U89897,2019-11-14 07:32:59,0.90625,0.25,0.43067655807339306,0.43067655807339306,1.0,1.0,0.75,0.1111111111111111,0.0,0.3010299956639812,0.0,1.0
U78849,2019-11-14 07:33:51,0.1904761904761905,0.06666666666666667,0.0,0.0,0.0,0.0,0.3571428571428571,0.125,0.0,0.19342640361727081,0.0,0.5
U36227,2019-11-14 07:34:11,0.6666666666666667,0.125,0.0,0.31546487678572877,0.0,1.0,0.5238095238095238,0.09090909090909091,0.0,0.0,0.0,0.0
U54370,2019-11-14 07:34:49,0.578544061302682,1.0,0.46927872602275644,0.46927872602275644,0.3333333333333333,0.3333333333333333,0.578544061302682,1.0,0.46927872602275644,0.46927872602275644,0.3333333333333333,0.3333333333333333
U62944,2019-11-14 07:36:28,0.3148148148148148,0.05555555555555555,0.0,0.0,0.0,0.0,0.33333333333333337,0.058823529411764705,0.0,0.0,0.0,0.0
U20611,2019-11-14 07:37:30,0.9583333333333333,1.0,0.8772153153380493,0.8772153153380493,1.0,1.0,0.8958333333333334,0.3333333333333333,0.5437713091520254,0.5437713091520254,1.0,1.0
U18373,2019-11-14 07:38:01,0.8055555555555556,0.14285714285714285,0.0,0.20438239758848611,0.0,0.5,0.7222222222222222,0.06666666666666667,0.0,0.0,0.0,0.0
U61330,2019-11-14 07:39:45,0.43556701030927836,0.034482758620689655,0.0,0.0,0.0,0.0,0.39432989690721654,0.02857142857142857,0.0,0.0,0.0,0.0
U54735,2019-11-14 07:40:02,0.2681159420289855,0.05263157894736842,0.0,0.0,0.0,0.0,0.23913043478260868,0.043478260869565216,0.0,0.0,0.0,0.0
U51200,2019-11-14 07:40:20,0.5,0.03125,0.0,0.0,0.0,0.0,0.6344086021505375,0.1111111111111111,0.0,0.14126697285982898,0.0,0.3333333333333333
U16431,2019-11-14 07:40:23,0.46031746031746024,0.03225806451612903,0.0,0.0,0.0,0.0,0.46031746031746024,0.03225806451612903,0.0,0.0,0.0,0.0
U6336,2019-11-14 07:43:49,0.7103174603174603,1.0,0.639945385422766,0.6102766247064297,0.42857142857142855,0.5714285714285714,0.7103174603174603,1.0,0.639945385422766,0.6102766247064297,0.42857142857142855,0.5714285714285714
U6665,2019-11-14 07:45:15,0.8260869565217392,0.16666666666666666,0.0,0.21840743681816419,0.0,0.5,0.8695652173913044,0.3333333333333333,0.3065735963827292,0.3065735963827292,0.5,0.5
U66617,2019-11-14 07:47:15,0.783068783068783,0.125,0.0,0.20503241819862084,0.0,0.4,0.8264550264550266,0.5,0.21398626473452756,0.32703966649239957,0.2,0.4
U48978,2019-11-14 07:49:18,0.5882352941176471,1.0,0.46927872602275644,0.6049306994552042,0.3333333333333333,0.6666666666666666,0.9215686274509803,1.0,0.8529278650606567,0.8529278650606567,1.0,1.0
U64614,2019-11-14 07:49:56,0.5,0.25,0.2640681225725909,0.46845052016107697,0.5,1.0,0.55,0.5,0.38685280723454163,0.5714285040141098,0.5,1.0
U63171,2019-11-14 07:52:37,0.7192982456140351,0.25,0.20210734650054757,0.48580027541592796,0.3333333333333333,1.0,0.5964912280701755,0.2,0.18154179253735267,0.18154179253735267,0.3333333333333333,0.3333333333333333
U48416,2019-11-14 07:53:03,1.0,1.0,1.0,1.0,1.0,1.0,0.9038461538461539,0.16666666666666666,0.0,0.3562071871080222,0.0,1.0
U49542,2019-11-14 07:53:28,0.2222222222222222,0.125,0.0,0.37800210039683896,0.0,1.0,0.5555555555555556,1.0,0.6131471927654584,0.7903864795495061,0.5,1.0
U54826,2019-11-14 07:55:16,0.9833333333333334,1.0,0.9197207891481876,0.9197207891481876,1.0,1.0,0.9833333333333334,1.0,0.9197207891481876,0.9197207891481876,1.0,1.0
U4115,2019-11-14 07:55:37,1.0,1.0,1.0,1.0,1.0,1.0,1.0,1.0,1.0,1.0,1.0,1.0
U66009,2019-11-14 07:56:32,0.703125,0.5,0.44149241373678083,0.5716190970674814,0.5,0.75,0.6328125,0.3333333333333333,0.36331756126716835,0.4808336660235955,0.5,0.75
U36633,2019-11-14 07:58:18,0.7931034482758621,0.14285714285714285,0.0,0.3333333333333333,0.0,1.0,0.5862068965517241,0.07692307692307693,0.0,0.0,0.0,0.0
U72867,2019-11-14 08:01:30,0.8156028368794326,0.037037037037037035,0.0,0.0,0.0,0.0,0.9929078014184397,0.5,0.6309297535714575,0.6309297535714575,1.0,1.0
U56386,2019-11-14 08:03:36,0.6538461538461537,0.3333333333333333,0.23463936301137822,0.370291336443826,0.3333333333333333,0.6666666666666666,0.6282051282051282,1.0,0.46927872602275644,0.46927872602275644,0.3333333333333333,0.3333333333333333
U51750,2019-11-14 08:04:11,1.0,1.0,1.0,1.0,1.0,1.0,1.0,1.0,1.0,1.0,1.0,1.0
U63844,2019-11-14 08:04:32,0.8254716981132076,0.2,0.15101961822780524,0.2741708125981702,0.25,0.5,0.6886792452830188,0.14285714285714285,0.0,0.13012668333070054,0.0,0.25
U75630,2019-11-14 08:05:07,1.0,1.0,1.0,1.0,1.0,1.0,0.9090909090909091,0.5,0.6309297535714575,0.6309297535714575,1.0,1.0
U6150,2019-11-14 08:07:00,0.4392857142857143,0.0625,0.0,0.0,0.0,0.0,0.4392857142857143,0.0625,0.0,0.0,0.0,0.0
U24591,2019-11-14 08:07:56,0.6666666666666667,0.3333333333333333,0.5,0.5,1.0,1.0,0.5,0.25,0.43067655807339306,0.43067655807339306,1.0,1.0
U16645,2019-11-14 08:08:01,0.9,0.2,0.13120507751234178,0.13120507751234178,0.2,0.2,0.7724137931034484,0.06666666666666667,0.0,0.0,0.0,0.0
U25983,2019-11-14 08:10:25,1.0,1.0,1.0,1.0,1.0,1.0,0.9666666666666667,0.5,0.6934264036172708,0.6934264036172708,1.0,1.0
U65060,2019-11-14 08:10:30,0.8333333333333334,0.5,0.6309297535714575,0.6309297535714575,1.0,1.0,0.8333333333333334,0.5,0.6309297535714575,0.6309297535714575,1.0,1.0
U24053,2019-11-14 08:12:13,0.8666666666666667,0.1111111111111111,0.0,0.3010299956639812,0.0,1.0,0.65,0.045454545454545456,0.0,0.0,0.0,0.0
U6724,2019-11-14 08:12:15,0.5811965811965811,0.16666666666666666,0.0,0.16716045496620227,0.0,0.3333333333333333,0.4444444444444444,0.09090909090909091,0.0,0.0,0.0,0.0
U75134,2019-11-14 08:13:08,0.8888888888888887,0.3333333333333333,0.41618115554873086,0.55744812840856,0.6666666666666666,1.0,0.7878787878787878,0.5,0.2960819109658652,0.431733884398313,0.3333333333333333,0.6666666666666666
U82160,2019-11-14 08:15:26,0.46480582524271846,0.025,0.0,0.0,0.0,0.0,0.28883495145631066,0.011627906976744186,0.0,0.0,0.0,0.0
U15169,2019-11-14 08:15:59,0.6666666666666666,0.1111111111111111,0.0,0.12987501165334076,0.0,0.18181818181818182,0.6666666666666666,0.1111111111111111,0.0,0.12987501165334076,0.0,0.18181818181818182
U47402,2019-11-14 08:16:25,0.35999999999999993,0.09090909090909091,0.0,0.0,0.0,0.0,0.31999999999999995,0.07692307692307693,0.0,0.0,0.0,0.0
U80466,2019-11-14 08:16:41,0.8333333333333334,1.0,0.9197207891481876,0.9197207891481876,1.0,1.0,0.6666666666666667,1.0,0.8772153153380493,0.8772153153380493,1.0,1.0
U986,2019-11-14 08:16:58,0.6296296296296297,0.047619047619047616,0.0,0.0,0.0,0.0,0.537037037037037,0.038461538461538464,0.0,0.0,0.0,0.0
U3660,2019-11-14 08:17:08,0.5111111111111111,0.3333333333333333,0.16958010263680806,0.34326108113913595,0.16666666666666666,0.5,0.5111111111111111,0.25,0.14606834984270645,0.23119123707664177,0.16666666666666666,0.3333333333333333
U91015,2019-11-14 08:17:28,0.6801075268817204,0.25,0.20210734650054757,0.20210734650054757,0.3333333333333333,0.3333333333333333,0.6801075268817204,0.25,0.20210734650054757,0.20210734650054757,0.3333333333333333,0.3333333333333333
U32737,2019-11-14 08:17:30,0.4897959183673469,0.2,0.23719771276929622,0.23719771276929622,0.5,0.5,0.44387755102040816,0.1111111111111111,0.0,0.18457569677956817,0.0,0.5
U22269,2019-11-14 08:17:57,0.8194444444444445,0.1111111111111111,0.0,0.18457569677956817,0.0,0.5,0.6481481481481481,0.05263157894736842,0.0,0.0,0.0,0.0
U88868,2019-11-14 08:18:52,0.46464646464646464,1.0,0.46927872602275644,0.46927872602275644,0.3333333333333333,0.3333333333333333,0.76010101010101,1.0,0.46927872602275644,0.6364391809889587,0.3333333333333333,0.6666666666666666
U90295,2019-11-14 08:21:41,0.5714285714285714,0.1,0.0,0.2890648263178879,0.0,1.0,0.9523809523809524,0.5,0.6309297535714575,0.6309297535714575,1.0,1.0
U12239,2019-11-14 08:22:31,0.4516129032258065,0.05555555555555555,0.0,0.0,0.0,0.0,0.4193548387096774,0.05263157894736842,0.0,0.0,0.0,0.0
U70205,2019-11-14 08:23:20,0.3972222222222222,0.3333333333333333,0.23463936301137822,0.23463936301137822,0.3333333333333333,0.3333333333333333,0.3888888888888889,0.16666666666666666,0.0,0.16716045496620227,0.0,0.3333333333333333
U10822,2019-11-14 08:24:05,0.9094827586206897,1.0,0.6131471927654584,0.6131471927654584,0.5,0.5,0.9094827586206897,1.0,0.6131471927654584,0.6131471927654584,0.5,0.5
U87543,2019-11-14 08:24:18,0.39003436426116833,0.05263157894736842,0.0,0.0,0.0,0.0,0.39003436426116833,0.05263157894736842,0.0,0.0,0.0,0.0
U19333,2019-11-14 08:25:05,0.26785714285714285,0.05,0.0,0.0,0.0,0.0,0.26785714285714285,0.05,0.0,0.0,0.0,0.0
U85343,2019-11-14 08:25:10,0.8833333333333334,0.5,0.49818925746641285,0.6546154994739983,0.6666666666666666,1.0,0.6,0.14285714285714285,0.0,0.2920782154400332,0.0,0.6666666666666666
U3107,2019-11-14 08:25:14,0.631578947368421,0.125,0.0,0.31546487678572877,0.0,1.0,0.5789473684210527,0.1111111111111111,0.0,0.3010299956639812,0.0,1.0
U30264,2019-11-14 08:25:27,0.962962962962963,1.0,0.6131471927654584,0.8315546295836225,0.5,1.0,0.75,0.1111111111111111,0.0,0.18457569677956817,0.0,0.5
U77149,2019-11-14 08:25:35,0.5287356321839081,0.5,0.2960819109658652,0.2960819109658652,0.3333333333333333,0.3333333333333333,0.7011494252873562,1.0,0.6713860725233041,0.6713860725233041,0.6666666666666666,0.6666666666666666
U33825,2019-11-14 08:25:37,0.5333333333333333,0.14285714285714285,0.0,0.38162168437253385,0.0,1.0,0.4,0.1111111111111111,0.0,0.18457569677956817,0.0,0.5
U59594,2019-11-14 08:27:29,0.5013262599469496,0.1111111111111111,0.0,0.06625422345438903,0.0,0.07692307692307693,0.5346722243273967,0.045454545454545456,0.0,0.0,0.0,0.0
U16252,2019-11-14 08:29:37,0.11627906976744184,0.024390243902439025,0.0,0.0,0.0,0.0,0.08139534883720928,0.023809523809523808,0.0,0.0,0.0,0.0
U56497,2019-11-14 08:31:10,0.596153846153846,0.2,0.23719771276929622,0.23719771276929622,0.5,0.5,0.5,0.08333333333333333,0.0,0.0,0.0,0.0
U59459,2019-11-14 08:31:18,0.7816901408450705,0.125,0.0,0.19342640361727081,0.0,0.5,0.7746478873239437,0.2,0.23719771276929622,0.23719771276929622,0.5,0.5
U16265,2019-11-14 08:34:49,0.475,0.16666666666666666,0.0,0.21840743681816419,0.0,0.5,0.44999999999999996,0.2,0.23719771276929622,0.23719771276929622,0.5,0.5
U58522,2019-11-14 08:35:19,0.5972222222222222,0.3333333333333333,0.19519002499605084,0.4573973988771914,0.25,0.75,0.5555555555555556,1.0,0.3903800499921017,0.5135312443624667,0.25,0.5
U32469,2019-11-14 08:35:32,0.5,1.0,0.48522855511632257,0.48522855511632257,0.4,0.4,0.5,1.0,0.48522855511632257,0.48522855511632257,0.4,0.4
U10181,2019-11-14 08:35:55,0.5304449648711944,0.09090909090909091,0.0,0.0,0.0,0.0,0.7107728337236534,0.3333333333333333,0.16958010263680806,0.13743816645714543,0.14285714285714285,0.14285714285714285
U34817,2019-11-14 08:36:11,0.5555555555555556,0.2,0.38685280723454163,0.38685280723454163,1.0,1.0,0.4444444444444444,0.16666666666666666,0.0,0.3562071871080222,0.0,1.0
U17903,2019-11-14 08:37:36,0.6794871794871795,0.09090909090909091,0.0,0.0,0.0,0.0,0.6282051282051282,0.09090909090909091,0.0,0.0,0.0,0.0
U33951,2019-11-14 08:38:04,0.10000000000000003,0.03225806451612903,0.0,0.0,0.0,0.0,0.10000000000000003,0.03225806451612903,0.0,0.0,0.0,0.0
U77421,2019-11-14 08:38:07,0.7131519274376417,0.5,0.21398626473452756,0.28699639220952045,0.1111111111111111,0.3333333333333333,0.6190476190476191,0.045454545454545456,0.0,0.0,0.0,0.0
U81735,2019-11-14 08:38:22,0.4880066170388751,0.14285714285714285,0.0,0.14279514403613733,0.0,0.15384615384615385,0.4971050454921423,0.5,0.21398626473452756,0.13886244387355454,0.07692307692307693,0.07692307692307693
U47207,2019-11-14 08:38:22,0.4855769230769231,0.14285714285714285,0.0,0.13012668333070054,0.0,0.25,0.4615384615384615,0.1111111111111111,0.0,0.11751610475642714,0.0,0.25
U84212,2019-11-14 08:39:27,0.888888888888889,0.3333333333333333,0.4367467095119258,0.5847876649948583,0.6666666666666666,1.0,0.888888888888889,0.3333333333333333,0.4367467095119258,0.5847876649948583,0.6666666666666666,1.0
U27669,2019-11-14 08:39:44,0.8613636363636363,0.3333333333333333,0.30078518014914984,0.30078518014914984,0.4,0.4,0.8079545454545455,0.25,0.14606834984270645,0.14606834984270645,0.2,0.2
U10104,2019-11-14 08:40:06,0.8812903225806451,0.5,0.36005461457723403,0.36005461457723403,0.4,0.4,0.8774193548387096,0.5,0.38356636737133565,0.38356636737133565,0.4,0.4
U72824,2019-11-14 08:44:04,0.5135135135135135,0.05263157894736842,0.0,0.0,0.0,0.0,0.2702702702702703,0.03571428571428571,0.0,0.0,0.0,0.0
U48870,2019-11-14 08:46:12,0.4194915254237288,0.037037037037037035,0.0,0.0,0.0,0.0,0.4194915254237288,0.037037037037037035,0.0,0.0,0.0,0.0
U93952,2019-11-14 08:47:39,0.5,0.125,0.0,0.09546043308946733,0.0,0.16666666666666666,0.5,0.125,0.0,0.09546043308946733,0.0,0.16666666666666666
U23494,2019-11-14 08:49:10,0.9655172413793104,0.5,0.6309297535714575,0.6309297535714575,1.0,1.0,0.896551724137931,0.25,0.43067655807339306,0.43067655807339306,1.0,1.0
U11236,2019-11-14 08:50:20,0.5135135135135135,0.16666666666666666,0.0,0.16716045496620227,0.0,0.3333333333333333,0.48648648648648646,0.09090909090909091,0.0,0.0,0.0,0.0
U70328,2019-11-14 08:51:38,0.8,0.5,0.6309297535714575,0.6309297535714575,1.0,1.0,1.0,1.0,1.0,1.0,1.0,1.0
U85212,2019-11-14 08:51:44,0.8013698630136986,0.03333333333333333,0.0,0.0,0.0,0.0,0.9383561643835616,0.1,0.0,0.2890648263178879,0.0,1.0
U72339,2019-11-14 08:55:06,0.023809523809523836,0.047619047619047616,0.0,0.0,0.0,0.0,0.023809523809523836,0.047619047619047616,0.0,0.0,0.0,0.0
U3660,2019-11-14 08:57:33,0.688388625592417,1.0,0.3391602052736161,0.22009176629808017,0.0625,0.0625,0.6110781990521327,0.3333333333333333,0.16958010263680806,0.11004588314904008,0.0625,0.0625
U22893,2019-11-14 08:57:48,0.41352201257861637,0.1,0.0,0.0874717141014082,0.0,0.16666666666666666,0.3427672955974843,0.05263157894736842,0.0,0.0,0.0,0.0
U16461,2019-11-14 08:58:15,0.6063829787234042,0.05263157894736842,0.0,0.0,0.0,0.0,0.5851063829787234,0.07692307692307693,0.0,0.0,0.0,0.0
U80525,2019-11-14 08:58:26,0.05555555555555558,0.1,0.0,0.2890648263178879,0.0,1.0,0.0,0.1,0.0,0.2890648263178879,0.0,1.0
U17191,2019-11-14 09:01:33,0.9545454545454545,1.0,0.9197207891481876,0.9197207891481876,1.0,1.0,0.7727272727272727,0.3333333333333333,0.5437713091520254,0.5437713091520254,1.0,1.0
U24851,2019-11-14 09:02:54,0.6744186046511628,1.0,0.6131471927654584,0.6131471927654584,0.5,0.5,0.5697674418604651,0.2,0.23719771276929622,0.23719771276929622,0.5,0.5
U88965,2019-11-14 09:03:05,0.2,0.07692307692307693,0.0,0.0,0.0,0.0,0.09999999999999998,0.058823529411764705,0.0,0.0,0.0,0.0
U63482,2019-11-14 09:05:08,0.6794258373205742,1.0,0.5087403079104241,0.40853591842579556,0.18181818181818182,0.2727272727272727,0.6889952153110047,1.0,0.6843515475204855,0.4440973278132557,0.2727272727272727,0.2727272727272727
U60185,2019-11-14 09:05:19,0.8484848484848485,1.0,0.6131471927654584,0.6131471927654584,0.5,0.5,0.9848484848484849,1.0,0.9197207891481876,0.9197207891481876,1.0,1.0
U80829,2019-11-14 09:05:29,0.3617021276595745,0.03333333333333333,0.0,0.0,0.0,0.0,0.2021276595744681,0.02631578947368421,0.0,0.0,0.0,0.0
U48718,2019-11-14 09:06:02,0.921875,1.0,0.46927872602275644,0.6257049680303419,0.3333333333333333,0.6666666666666666,0.921875,1.0,0.46927872602275644,0.6257049680303419,0.3333333333333333,0.6666666666666666
U22410,2019-11-14 09:08:01,0.40730337078651685,0.16666666666666666,0.0,0.13905617951077562,0.0,0.25,0.40730337078651685,0.16666666666666666,0.0,0.13905617951077562,0.0,0.25
U29155,2019-11-14 09:08:20,0.8636363636363636,1.0,0.8503449055347546,0.8503449055347546,1.0,1.0,0.8181818181818181,1.0,0.6131471927654584,0.8315546295836225,0.5,1.0
U10747,2019-11-14 09:08:38,0.5911949685534591,1.0,0.46927872602275644,0.46927872602275644,0.3333333333333333,0.3333333333333333,0.49056603773584906,0.2,0.18154179253735267,0.18154179253735267,0.3333333333333333,0.3333333333333333
U22507,2019-11-14 09:09:31,0.7582846003898637,0.05,0.0,0.0,0.0,0.0,0.6374269005847955,0.023809523809523808,0.0,0.0,0.0,0.0
U40260,2019-11-14 09:10:17,1.0,1.0,1.0,1.0,1.0,1.0,0.6,0.2,0.38685280723454163,0.38685280723454163,1.0,1.0
U25130,2019-11-14 09:10:35,0.25,0.07142857142857142,0.0,0.0,0.0,0.0,0.25,0.07692307692307693,0.0,0.0,0.0,0.0
U83273,2019-11-14 09:12:17,0.5,0.2,0.38685280723454163,0.38685280723454163,1.0,1.0,0.5,0.2,0.38685280723454163,0.38685280723454163,1.0,1.0
U17575,2019-11-14 09:14:46,0.21875,0.1,0.0,0.17723928678404774,0.0,0.5,0.46875,0.5,0.38685280723454163,0.38685280723454163,0.5,0.5
U88315,2019-11-14 09:16:09,0.14814814814814814,0.041666666666666664,0.0,0.0,0.0,0.0,0.14814814814814814,0.041666666666666664,0.0,0.0,0.0,0.0
U30016,2019-11-14 09:17:53,0.9714285714285714,0.25,0.43067655807339306,0.43067655807339306,1.0,1.0,0.9904761904761905,0.5,0.6309297535714575,0.6309297535714575,1.0,1.0
U40825,2019-11-14 09:18:05,0.875,0.5,0.6509209298071326,0.6509209298071326,1.0,1.0,0.625,0.2,0.23719771276929622,0.4415801103577823,0.5,1.0
U26095,2019-11-14 09:18:26,0.5793103448275863,1.0,0.3391602052736161,0.3391602052736161,0.2,0.2,0.5793103448275863,1.0,0.3391602052736161,0.3391602052736161,0.2,0.2
U72404,2019-11-14 09:18:40,1.0,1.0,1.0,1.0,1.0,1.0,1.0,1.0,1.0,1.0,1.0,1.0
U27775,2019-11-14 09:20:06,0.6833333333333333,0.25,0.16812753627111746,0.16812753627111746,0.25,0.25,0.6916666666666667,0.125,0.0,0.2406672991267921,0.0,0.5
U41164,2019-11-14 09:20:20,1.0,1.0,1.0,1.0,1.0,1.0,1.0,1.0,1.0,1.0,1.0,1.0
U48041,2019-11-14 09:20:25,0.0,0.16666666666666666,0.0,0.3562071871080222,0.0,1.0,1.0,1.0,1.0,1.0,1.0,1.0
U46524,2019-11-14 09:20:47,0.67,0.07692307692307693,0.0,0.0,0.0,0.0,0.615,0.07692307692307693,0.0,0.0,0.0,0.0
U78872,2019-11-14 09:20:55,0.26190476190476186,0.03125,0.0,0.0,0.0,0.0,0.1428571428571429,0.02702702702702703,0.0,0.0,0.0,0.0
U44352,2019-11-14 09:21:06,0.65,0.5,0.21398626473452756,0.21398626473452756,0.2,0.2,0.65,0.5,0.21398626473452756,0.21398626473452756,0.2,0.2
U17029,2019-11-14 09:26:48,0.3263157894736842,0.015384615384615385,0.0,0.0,0.0,0.0,0.3157894736842105,0.015151515151515152,0.0,0.0,0.0,0.0
U23193,2019-11-14 09:30:56,0.5287356321839081,0.0625,0.0,0.0,0.0,0.0,0.8103448275862069,1.0,0.7039180890341347,0.7039180890341347,0.6666666666666666,0.6666666666666666
U57214,2019-11-14 09:30:58,1.0,1.0,1.0,1.0,1.0,1.0,0.9,0.5,0.6309297535714575,0.6309297535714575,1.0,1.0
U77241,2019-11-14 09:34:44,0.3397727272727272,0.03571428571428571,0.0,0.0,0.0,0.0,0.3397727272727272,0.03571428571428571,0.0,0.0,0.0,0.0
U87151,2019-11-14 09:38:01,0.7076023391812866,0.02702702702702703,0.0,0.0,0.0,0.0,0.5380116959064327,0.02127659574468085,0.0,0.0,0.0,0.0
U58691,2019-11-14 09:39:12,0.8717948717948718,0.125,0.0,0.23599633571930026,0.0,0.5,0.8141025641025641,0.25,0.16812753627111746,0.16812753627111746,0.25,0.25
U54652,2019-11-14 09:40:43,0.5,1.0,0.6131471927654584,0.8315546295836225,0.5,1.0,0.35714285714285715,0.25,0.2640681225725909,0.45749452618986164,0.5,1.0
U29270,2019-11-14 09:41:49,0.7857142857142858,1.0,0.3903800499921017,0.6310473491188939,0.25,0.75,0.7857142857142858,1.0,0.3903800499921017,0.6310473491188939,0.25,0.75
U4636,2019-11-14 09:42:59,0.5185185185185185,0.25,0.14606834984270645,0.13032376591037062,0.16666666666666666,0.16666666666666666,0.39886039886039887,0.2,0.13120507751234178,0.11706259313796354,0.16666666666666666,0.16666666666666666
U32322,2019-11-14 09:43:18,0.7787381158167676,0.3333333333333333,0.16958010263680806,0.24309789328476902,0.07692307692307693,0.23076923076923078,0.7787381158167676,0.3333333333333333,0.16958010263680806,0.24309789328476902,0.07692307692307693,0.23076923076923078
U13029,2019-11-14 09:43:28,0.4444444444444444,0.3333333333333333,0.41618115554873086,0.5642221110316635,0.6666666666666666,1.0,0.4444444444444444,0.3333333333333333,0.41618115554873086,0.5642221110316635,0.6666666666666666,1.0
U71108,2019-11-14 09:45:04,0.6153846153846154,0.16666666666666666,0.0,0.3562071871080222,0.0,1.0,0.6153846153846154,0.16666666666666666,0.0,0.3562071871080222,0.0,1.0
U70493,2019-11-14 09:45:26,0.7722222222222221,0.1111111111111111,0.0,0.18457569677956817,0.0,0.5,0.7611111111111112,0.07142857142857142,0.0,0.0,0.0,0.0
U13077,2019-11-14 09:46:19,0.653061224489796,0.05555555555555555,0.0,0.0,0.0,0.0,0.5102040816326531,0.04,0.0,0.0,0.0,0.0
U18460,2019-11-14 09:46:53,0.75,0.25,0.43067655807339306,0.43067655807339306,1.0,1.0,0.5833333333333333,0.16666666666666666,0.0,0.3562071871080222,0.0,1.0
U71374,2019-11-14 09:47:41,0.6155660377358491,0.16666666666666666,0.0,0.13905617951077562,0.0,0.25,0.5636792452830188,0.07692307692307693,0.0,0.0,0.0,0.0
U87469,2019-11-14 09:47:50,0.1578947368421053,0.058823529411764705,0.0,0.0,0.0,0.0,0.10526315789473684,0.05555555555555555,0.0,0.0,0.0,0.0
U13935,2019-11-14 09:49:21,0.53125,0.3333333333333333,0.30078518014914984,0.35583551398877844,0.3333333333333333,0.5,0.38541666666666663,0.16666666666666666,0.0,0.2032495876139783,0.0,0.3333333333333333
U13833,2019-11-14 09:50:09,0.875,0.3333333333333333,0.5,0.5,1.0,1.0,0.625,0.14285714285714285,0.0,0.3333333333333333,0.0,1.0
U16689,2019-11-14 09:50:36,0.6827956989247311,0.25,0.14606834984270645,0.22578419899983795,0.16666666666666666,0.3333333333333333,0.6827956989247311,0.25,0.14606834984270645,0.22578419899983795,0.16666666666666666,0.3333333333333333
U4543,2019-11-14 09:52:32,0.5833333333333333,0.16666666666666666,0.0,0.3562071871080222,0.0,1.0,0.8333333333333334,0.3333333333333333,0.5,0.5,1.0,1.0
U72878,2019-11-14 09:56:07,0.7784810126582279,1.0,0.6131471927654584,0.6131471927654584,0.5,0.5,0.6962025316455697,0.5,0.38685280723454163,0.38685280723454163,0.5,0.5
U49701,2019-11-14 09:56:27,0.7142857142857143,0.14285714285714285,0.0,0.3333333333333333,0.0,1.0,0.8571428571428572,0.25,0.43067655807339306,0.43067655807339306,1.0,1.0
U80850,2019-11-14 09:56:40,0.7804449648711944,1.0,0.5087403079104241,0.5294438830372382,0.14285714285714285,0.35714285714285715,0.7154566744730679,0.16666666666666666,0.0,0.15176219107803537,0.0,0.14285714285714285
U51150,2019-11-14 09:58:19,0.45652173913043476,0.14285714285714285,0.0,0.13012668333070054,0.0,0.25,0.4528985507246377,0.3333333333333333,0.19519002499605084,0.19519002499605084,0.25,0.25
U52621,2019-11-14 09:58:47,0.5275510204081633,0.058823529411764705,0.0,0.0,0.0,0.0,0.5275510204081633,0.058823529411764705,0.0,0.0,0.0,0.0
U42639,2019-11-14 09:58:52,0.3939393939393939,0.25,0.20210734650054757,0.20210734650054757,0.3333333333333333,0.3333333333333333,0.4545454545454545,0.125,0.0,0.2836929289153804,0.0,0.6666666666666666
U32395,2019-11-14 09:58:53,0.5869565217391304,0.05,0.0,0.0,0.0,0.0,0.4782608695652174,0.04,0.0,0.0,0.0,0.0
U69913,2019-11-14 09:59:11,0.6,0.14285714285714285,0.0,0.11305340175787204,0.0,0.2,0.47567567567567565,0.25,0.14606834984270645,0.14606834984270645,0.2,0.2
U93079,2019-11-14 10:02:16,0.6363636363636364,0.1111111111111111,0.0,0.3010299956639812,0.0,1.0,0.5454545454545454,0.09090909090909091,0.0,0.0,0.0,0.0
U84450,2019-11-14 10:03:42,1.0,1.0,1.0,1.0,1.0,1.0,1.0,1.0,1.0,1.0,1.0,1.0
U20770,2019-11-14 10:04:59,0.16666666666666663,0.16666666666666666,0.0,0.3562071871080222,0.0,1.0,0.16666666666666663,0.16666666666666666,0.0,0.3562071871080222,0.0,1.0
U74206,2019-11-14 10:06:33,0.5636363636363637,0.5,0.38685280723454163,0.38685280723454163,0.5,0.5,0.5909090909090909,0.125,0.0,0.19342640361727081,0.0,0.5
U66387,2019-11-14 10:08:22,0.5,0.058823529411764705,0.0,0.0,0.0,0.0,0.45555555555555555,0.047619047619047616,0.0,0.0,0.0,0.0
U51678,2019-11-14 10:09:11,0.9047619047619048,0.3333333333333333,0.5,0.5,1.0,1.0,0.7142857142857143,0.14285714285714285,0.0,0.3333333333333333,0.0,1.0
U10209,2019-11-14 10:09:45,0.6136363636363636,1.0,0.3903800499921017,0.626376385711402,0.25,0.75,0.5454545454545454,0.3333333333333333,0.19519002499605084,0.3080351663449861,0.25,0.5
U4702,2019-11-14 10:10:50,0.5,0.3333333333333333,0.5706417189553201,0.5706417189553201,1.0,1.0,0.8333333333333334,1.0,0.8772153153380493,0.8772153153380493,1.0,1.0
U85540,2019-11-14 10:11:21,0.5047619047619047,0.3333333333333333,0.23463936301137822,0.23463936301137822,0.3333333333333333,0.3333333333333333,0.4476190476190476,0.16666666666666666,0.0,0.16716045496620227,0.0,0.3333333333333333
U18881,2019-11-14 10:12:24,1.0,1.0,1.0,1.0,1.0,1.0,1.0,1.0,1.0,1.0,1.0,1.0
U9962,2019-11-14 10:13:17,0.8623188405797102,0.3333333333333333,0.19519002499605084,0.4573973988771914,0.25,0.75,0.8623188405797102,0.3333333333333333,0.19519002499605084,0.4573973988771914,0.25,0.75
U41560,2019-11-14 10:14:27,0.9,1.0,0.6131471927654584,0.8315546295836225,0.5,1.0,0.675,0.16666666666666666,0.0,0.39564672360221187,0.0,1.0
U56735,2019-11-14 10:15:24,0.46078431372549017,0.08333333333333333,0.0,0.0,0.0,0.0,0.9019607843137255,1.0,0.6131471927654584,0.6131471927654584,0.5,0.5
U69687,2019-11-14 10:17:06,0.5,0.3333333333333333,0.16958010263680806,0.15130120674940672,0.16666666666666666,0.16666666666666666,0.5,0.3333333333333333,0.16958010263680806,0.15130120674940672,0.16666666666666666,0.16666666666666666
U72808,2019-11-14 10:22:25,0.3870246085011185,0.02564102564102564,0.0,0.0,0.0,0.0,0.26621923937360176,0.01282051282051282,0.0,0.0,0.0,0.0
U80100,2019-11-14 10:22:56,0.5895061728395061,0.5,0.21398626473452756,0.28201326940239274,0.16666666666666666,0.3333333333333333,0.5895061728395061,0.5,0.21398626473452756,0.28201326940239274,0.16666666666666666,0.3333333333333333
U76036,2019-11-14 10:23:36,0.6785714285714286,0.1,0.0,0.2890648263178879,0.0,1.0,0.6785714285714286,0.1,0.0,0.2890648263178879,0.0,1.0
U26458,2019-11-14 10:24:29,0.7,0.14285714285714285,0.0,0.3333333333333333,0.0,1.0,0.8,0.2,0.38685280723454163,0.38685280723454163,1.0,1.0
U8605,2019-11-14 10:25:12,0.28666666666666674,0.5,0.21398626473452756,0.21398626473452756,0.2,0.2,0.5533333333333332,0.0625,0.0,0.0,0.0,0.0
U76535,2019-11-14 10:26:16,0.0625,0.0625,0.0,0.0,0.0,0.0,0.0625,0.0625,0.0,0.0,0.0,0.0
U87309,2019-11-14 10:26:42,0.6235955056179775,0.047619047619047616,0.0,0.0,0.0,0.0,0.47752808988764045,0.03333333333333333,0.0,0.0,0.0,0.0
U763,2019-11-14 10:27:01,0.627906976744186,0.058823529411764705,0.0,0.0,0.0,0.0,0.4883720930232558,0.043478260869565216,0.0,0.0,0.0,0.0
U74638,2019-11-14 10:27:12,0.5437500000000001,0.25,0.27727342735504823,0.27727342735504823,0.4,0.4,0.5458333333333334,0.1111111111111111,0.0,0.10209739512291163,0.0,0.2
U38219,2019-11-14 10:28:10,0.9090909090909091,0.5,0.6309297535714575,0.6309297535714575,1.0,1.0,0.7272727272727273,0.25,0.43067655807339306,0.43067655807339306,1.0,1.0
U67648,2019-11-14 10:28:13,0.9032258064516129,0.5,0.38685280723454163,0.5912352048230277,0.5,1.0,0.7741935483870968,0.2,0.23719771276929622,0.23719771276929622,0.5,0.5
U88412,2019-11-14 10:33:35,0.9090909090909091,0.5,0.6309297535714575,0.6309297535714575,1.0,1.0,1.0,1.0,1.0,1.0,1.0,1.0
U6153,2019-11-14 10:33:42,0.7413793103448276,0.25,0.2640681225725909,0.2640681225725909,0.5,0.5,0.603448275862069,0.1,0.0,0.17723928678404774,0.0,0.5
U52311,2019-11-14 10:35:03,0.927536231884058,1.0,0.7039180890341347,0.86034433104172,0.6666666666666666,1.0,0.9420289855072463,0.5,0.7122630665145961,0.7122630665145961,1.0,1.0
U78872,2019-11-14 10:35:49,0.7241379310344828,0.1111111111111111,0.0,0.3010299956639812,0.0,1.0,0.8275862068965517,0.16666666666666666,0.0,0.3562071871080222,0.0,1.0
U43487,2019-11-14 10:37:51,0.34375,0.1,0.0,0.11284514134893527,0.0,0.25,0.5397727272727273,0.5,0.3973220069685352,0.3973220069685352,0.5,0.5
U66617,2019-11-14 10:38:16,0.5582655826558265,0.047619047619047616,0.0,0.0,0.0,0.0,0.4254742547425474,0.037037037037037035,0.0,0.0,0.0,0.0
U13089,2019-11-14 10:40:31,0.40909090909090906,0.07692307692307693,0.0,0.0,0.0,0.0,0.25757575757575757,0.047619047619047616,0.0,0.0,0.0,0.0
U697,2019-11-14 10:43:41,0.5,0.14285714285714285,0.0,0.3333333333333333,0.0,1.0,1.0,1.0,1.0,1.0,1.0,1.0
U39150,2019-11-14 10:44:42,0.5764925373134329,0.07142857142857142,0.0,0.0,0.0,0.0,0.4253731343283582,0.02857142857142857,0.0,0.0,0.0,0.0
U21223,2019-11-14 10:45:05,0.5135135135135135,0.2,0.23719771276929622,0.23719771276929622,0.5,0.5,0.3513513513513513,0.0625,0.0,0.0,0.0,0.0
U30198,2019-11-14 10:45:17,0.8961538461538462,0.09090909090909091,0.0,0.0,0.0,0.0,0.9538461538461539,0.3333333333333333,0.3065735963827292,0.3065735963827292,0.5,0.5
U43177,2019-11-14 10:47:24,0.8333333333333334,0.5,0.6309297535714575,0.6309297535714575,1.0,1.0,0.8333333333333334,0.5,0.6309297535714575,0.6309297535714575,1.0,1.0
U30347,2019-11-14 10:47:59,0.56,0.08333333333333333,0.0,0.0,0.0,0.0,1.0,1.0,1.0,1.0,1.0,1.0
U1030,2019-11-14 10:49:33,0.5338541666666667,0.5,0.21398626473452756,0.19092086617893467,0.16666666666666666,0.16666666666666666,0.5234375,0.14285714285714285,0.0,0.10086747116627115,0.0,0.16666666666666666
U61384,2019-11-14 10:49:51,0.506578947368421,1.0,0.46927872602275644,0.46927872602275644,0.3333333333333333,0.3333333333333333,0.5460526315789473,0.125,0.0,0.1480409554829326,0.0,0.3333333333333333
U67073,2019-11-14 10:49:53,0.23461538461538461,0.005494505494505495,0.0,0.0,0.0,0.0,0.18461538461538463,0.004975124378109453,0.0,0.0,0.0,0.0
U61464,2019-11-14 10:50:56,0.5043103448275862,1.0,0.6131471927654584,0.6131471927654584,0.5,0.5,0.4698275862068966,0.2,0.23719771276929622,0.23719771276929622,0.5,0.5
U52311,2019-11-14 10:52:56,0.7783505154639176,0.3333333333333333,0.3156484524795145,0.37271737588323545,0.3333333333333333,0.5,0.6804123711340206,0.16666666666666666,0.0,0.10778915452451093,0.0,0.16666666666666666
U15039,2019-11-14 10:53:46,0.8731656184486374,0.2,0.13120507751234178,0.11706259313796354,0.16666666666666666,0.16666666666666666,0.7851153039832286,0.125,0.0,0.09546043308946733,0.0,0.16666666666666666
U29934,2019-11-14 10:55:05,0.39473684210526316,1.0,0.46927872602275644,0.46927872602275644,0.3333333333333333,0.3333333333333333,0.2894736842105263,0.14285714285714285,0.0,0.15642624200758548,0.0,0.3333333333333333
U41595,2019-11-14 10:56:26,0.5,1.0,1.0,1.0,1.0,1.0,0.4230769230769231,0.3333333333333333,0.5,0.5,1.0,1.0
U70550,2019-11-14 10:57:11,0.7214285714285714,0.5,0.34519134224686937,0.4432306280782264,0.4,0.6,0.6642857142857144,0.3333333333333333,0.16958010263680806,0.29039140533630226,0.2,0.4
U72029,2019-11-14 10:57:32,0.5967741935483871,0.09090909090909091,0.0,0.0,0.0,0.0,0.43548387096774194,0.058823529411764705,0.0,0.0,0.0,0.0
U29817,2019-11-14 10:58:14,0.8,0.125,0.0,0.31546487678572877,0.0,1.0,0.8285714285714285,0.14285714285714285,0.0,0.3333333333333333,0.0,1.0
U67223,2019-11-14 10:58:49,0.8285714285714285,0.2,0.13120507751234178,0.23330247263525344,0.2,0.4,0.726530612244898,0.14285714285714285,0.0,0.21109268758922906,0.0,0.4
U63109,2019-11-14 10:59:12,0.5920398009950248,1.0,0.3391602052736161,0.30260241349881345,0.16666666666666666,0.16666666666666666,0.6592039800995025,0.25,0.27727342735504823,0.24738635904833417,0.3333333333333333,0.3333333333333333
U81949,2019-11-14 11:00:47,0.8125,0.25,0.43067655807339306,0.43067655807339306,1.0,1.0,0.625,0.14285714285714285,0.0,0.3333333333333333,0.0,1.0
U59229,2019-11-14 11:01:52,0.5,0.5,0.21398626473452756,0.21398626473452756,0.2,0.2,0.5,0.5,0.21398626473452756,0.21398626473452756,0.2,0.2
U72808,2019-11-14 11:02:19,0.9166666666666666,0.25,0.43067655807339306,0.43067655807339306,1.0,1.0,0.9444444444444444,0.3333333333333333,0.5,0.5,1.0,1.0
U87812,2019-11-14 11:02:33,0.4126016260162601,0.043478260869565216,0.0,0.0,0.0,0.0,0.49390243902439024,0.043478260869565216,0.0,0.0,0.0,0.0
U49080,2019-11-14 11:02:59,0.4423076923076923,0.14285714285714285,0.0,0.13012668333070054,0.0,0.25,0.5833333333333333,0.14285714285714285,0.0,0.13012668333070054,0.0,0.25
U93881,2019-11-14 11:03:10,0.36585365853658536,0.045454545454545456,0.0,0.0,0.0,0.0,0.25609756097560976,0.038461538461538464,0.0,0.0,0.0,0.0
U110,2019-11-14 11:04:32,0.9099999999999999,0.3333333333333333,0.23463936301137822,0.23463936301137822,0.3333333333333333,0.3333333333333333,0.6966666666666667,0.05,0.0,0.0,0.0,0.0
U89223,2019-11-14 11:04:49,0.7581699346405228,0.3333333333333333,0.23463936301137822,0.23463936301137822,0.3333333333333333,0.3333333333333333,0.8300653594771241,0.1111111111111111,0.0,0.14126697285982898,0.0,0.3333333333333333
U48643,2019-11-14 11:05:05,0.4137931034482759,0.05555555555555555,0.0,0.0,0.0,0.0,0.8275862068965517,0.16666666666666666,0.0,0.3562071871080222,0.0,1.0
U48978,2019-11-14 11:05:32,0.6865671641791045,0.045454545454545456,0.0,0.0,0.0,0.0,0.417910447761194,0.025,0.0,0.0,0.0,0.0
U51150,2019-11-14 11:06:51,0.8333333333333334,0.5,0.6309297535714575,0.6309297535714575,1.0,1.0,0.33333333333333337,0.2,0.38685280723454163,0.38685280723454163,1.0,1.0
U45342,2019-11-14 11:07:14,0.7372881355932203,0.25,0.2640681225725909,0.2640681225725909,0.5,0.5,0.5338983050847458,0.05555555555555555,0.0,0.0,0.0,0.0
U51592,2019-11-14 11:07:26,0.9,1.0,0.8772153153380493,0.8772153153380493,1.0,1.0,0.8,1.0,0.6131471927654584,0.8315546295836225,0.5,1.0
U92228,2019-11-14 11:07:41,0.7037037037037037,0.3333333333333333,0.3065735963827292,0.3065735963827292,0.5,0.5,0.5925925925925926,0.14285714285714285,0.0,0.20438239758848611,0.0,0.5
U73342,2019-11-14 11:08:08,0.7078947368421052,0.25,0.16812753627111746,0.16812753627111746,0.25,0.25,0.6223684210526316,0.058823529411764705,0.0,0.0,0.0,0.0
U37518,2019-11-14 11:10:25,0.9090909090909091,0.2,0.38685280723454163,0.38685280723454163,1.0,1.0,0.7727272727272727,0.09090909090909091,0.0,0.0,0.0,0.0
U77330,2019-11-14 11:10:54,0.5033783783783784,0.034482758620689655,0.0,0.0,0.0,0.0,0.4831081081081081,0.05555555555555555,0.0,0.0,0.0,0.0
U42804,2019-11-14 11:11:19,0.5648148148148148,0.14285714285714285,0.0,0.3044671974905181,0.0,0.6666666666666666,0.48148148148148145,0.09090909090909091,0.0,0.0,0.0,0.0
U29133,2019-11-14 11:11:36,0.6842105263157895,0.14285714285714285,0.0,0.3333333333333333,0.0,1.0,0.631578947368421,0.125,0.0,0.31546487678572877,0.0,1.0
U88595,2019-11-14 11:13:52,0.5512820512820513,0.3333333333333333,0.3065735963827292,0.3065735963827292,0.5,0.5,0.47435897435897434,0.1111111111111111,0.0,0.18457569677956817,0.0,0.5
U89839,2019-11-14 11:17:18,0.5,0.2,0.18154179253735267,0.18154179253735267,0.3333333333333333,0.3333333333333333,0.39999999999999997,0.05555555555555555,0.0,0.0,0.0,0.0
U38921,2019-11-14 11:17:38,0.08860759493670883,0.014492753623188406,0.0,0.0,0.0,0.0,0.08860759493670883,0.014492753623188406,0.0,0.0,0.0,0.0
U23558,2019-11-14 11:19:53,1.0,1.0,1.0,1.0,1.0,1.0,1.0,1.0,1.0,1.0,1.0,1.0
U56361,2019-11-14 11:20:10,0.7906976744186047,0.1111111111111111,0.0,0.18457569677956817,0.0,0.5,0.5813953488372093,0.058823529411764705,0.0,0.0,0.0,0.0
U93817,2019-11-14 11:21:53,1.0,1.0,1.0,1.0,1.0,1.0,0.8333333333333334,0.2,0.38685280723454163,0.38685280723454163,1.0,1.0
U64957,2019-11-14 11:23:27,0.41847826086956524,0.06666666666666667,0.0,0.0,0.0,0.0,0.33695652173913043,0.047619047619047616,0.0,0.0,0.0,0.0
U30417,2019-11-14 11:25:02,0.5,0.05263157894736842,0.0,0.0,0.0,0.0,0.7224489795918367,0.2,0.13120507751234178,0.13120507751234178,0.2,0.2
U91174,2019-11-14 11:25:38,0.7931034482758621,0.5,0.3973220069685352,0.5363781864793108,0.5,0.75,0.7844827586206897,0.5,0.3973220069685352,0.5363781864793108,0.5,0.75
U28015,2019-11-14 11:26:23,0.3846153846153846,0.1111111111111111,0.0,0.3010299956639812,0.0,1.0,0.23076923076923073,0.09090909090909091,0.0,0.0,0.0,0.0
U91052,2019-11-14 11:26:42,0.2222222222222222,0.06666666666666667,0.0,0.0,0.0,0.0,0.16666666666666663,0.0625,0.0,0.0,0.0,0.0
U53773,2019-11-14 11:27:44,0.44135802469135804,0.2,0.13120507751234178,0.09785159463516042,0.125,0.125,0.4143518518518518,0.034482758620689655,0.0,0.0,0.0,0.0
U66394,2019-11-14 11:28:52,0.8924050632911392,0.05555555555555555,0.0,0.0,0.0,0.0,0.8892405063291139,0.3333333333333333,0.3065735963827292,0.3065735963827292,0.5,0.5
U87249,2019-11-14 11:31:52,0.5,0.015151515151515152,0.0,0.0,0.0,0.0,0.8076923076923077,0.038461538461538464,0.0,0.0,0.0,0.0
U49089,2019-11-14 11:33:10,0.6764705882352942,1.0,0.6131471927654584,0.6131471927654584,0.5,0.5,0.4411764705882353,0.16666666666666666,0.0,0.21840743681816419,0.0,0.5
U70328,2019-11-14 11:36:43,0.6153846153846154,0.16666666666666666,0.0,0.3562071871080222,0.0,1.0,0.6153846153846154,0.16666666666666666,0.0,0.3562071871080222,0.0,1.0
U82864,2019-11-14 11:38:54,0.6874074074074074,1.0,0.3391602052736161,0.305801310135566,0.1111111111111111,0.2222222222222222,0.6874074074074074,1.0,0.3391602052736161,0.305801310135566,0.1111111111111111,0.2222222222222222
U37974,2019-11-14 11:39:36,0.5230769230769231,0.5,0.21398626473452756,0.4328368532653788,0.2,0.6,0.5230769230769231,0.5,0.21398626473452756,0.4328368532653788,0.2,0.6
U19746,2019-11-14 11:43:43,0.7358490566037735,0.125,0.0,0.1480409554829326,0.0,0.3333333333333333,0.4088050314465409,0.037037037037037035,0.0,0.0,0.0,0.0
U14404,2019-11-14 11:43:52,0.5830508474576271,0.16666666666666666,0.0,0.1208113026994942,0.0,0.2,0.4915254237288136,0.14285714285714285,0.0,0.22004653412513583,0.0,0.4
U4840,2019-11-14 11:44:29,0.15384615384615385,0.08333333333333333,0.0,0.0,0.0,0.0,0.7692307692307692,0.25,0.43067655807339306,0.43067655807339306,1.0,1.0
U11490,2019-11-14 11:46:14,1.0,1.0,1.0,1.0,1.0,1.0,1.0,1.0,1.0,1.0,1.0,1.0
U91677,2019-11-14 11:46:34,0.6555555555555556,0.16666666666666666,0.0,0.16716045496620227,0.0,0.3333333333333333,0.6555555555555556,0.16666666666666666,0.0,0.16716045496620227,0.0,0.3333333333333333
U34387,2019-11-14 11:47:31,0.6666666666666667,0.3333333333333333,0.5,0.5,1.0,1.0,0.5,0.25,0.43067655807339306,0.43067655807339306,1.0,1.0
U7588,2019-11-14 11:47:45,0.8793103448275862,1.0,0.6131471927654584,0.6131471927654584,0.5,0.5,0.793103448275862,1.0,0.6131471927654584,0.6131471927654584,0.5,0.5
U90855,2019-11-14 11:48:04,0.0,0.5,0.6309297535714575,0.6309297535714575,1.0,1.0,1.0,1.0,1.0,1.0,1.0,1.0
U8590,2019-11-14 11:48:22,1.0,1.0,1.0,1.0,1.0,1.0,0.8125,0.25,0.43067655807339306,0.43067655807339306,1.0,1.0
U74131,2019-11-14 11:48:44,0.7716049382716049,0.08333333333333333,0.0,0.0,0.0,0.0,0.7469135802469137,0.043478260869565216,0.0,0.0,0.0,0.0
U54830,2019-11-14 11:49:42,0.5800000000000001,0.14285714285714285,0.0,0.20438239758848611,0.0,0.5,0.6,0.5,0.38685280723454163,0.38685280723454163,0.5,0.5
U53882,2019-11-14 11:51:05,0.7264150943396226,1.0,0.3391602052736161,0.27487633291429087,0.14285714285714285,0.14285714285714285,0.7169811320754716,0.1111111111111111,0.0,0.08274602130532002,0.0,0.14285714285714285
U3833,2019-11-14 11:51:06,0.8888888888888888,1.0,0.6131471927654584,0.8315546295836225,0.5,1.0,0.8333333333333334,0.5,0.38685280723454163,0.5912352048230277,0.5,1.0
U13029,2019-11-14 11:52:58,0.3611111111111111,0.1111111111111111,0.0,0.18457569677956817,0.0,0.5,0.4444444444444445,0.2,0.23719771276929622,0.23719771276929622,0.5,0.5
U21331,2019-11-14 11:53:38,0.5909090909090909,0.5,0.38685280723454163,0.38685280723454163,0.5,0.5,0.5151515151515151,0.2,0.23719771276929622,0.23719771276929622,0.5,0.5
U93864,2019-11-14 11:54:37,0.8032786885245902,0.5,0.38685280723454163,0.38685280723454163,0.5,0.5,0.7377049180327869,0.5,0.38685280723454163,0.38685280723454163,0.5,0.5
U68360,2019-11-14 11:54:40,0.9691358024691358,1.0,0.7039180890341347,0.86034433104172,0.6666666666666666,1.0,0.8148148148148148,0.1111111111111111,0.0,0.14126697285982898,0.0,0.3333333333333333
U78042,2019-11-14 11:55:16,0.6304347826086957,0.05555555555555555,0.0,0.0,0.0,0.0,0.5434782608695652,0.045454545454545456,0.0,0.0,0.0,0.0
U70668,2019-11-14 11:55:38,0.5,0.5,0.6309297535714575,0.6309297535714575,1.0,1.0,0.5,0.5,0.6309297535714575,0.6309297535714575,1.0,1.0
U80878,2019-11-14 11:57:11,0.5,1.0,0.6131471927654584,0.8315546295836225,0.5,1.0,0.375,0.5,0.38685280723454163,0.6052602440527057,0.5,1.0
U4743,2019-11-14 11:57:45,0.7727272727272727,0.16666666666666666,0.0,0.3562071871080222,0.0,1.0,0.7727272727272727,0.16666666666666666,0.0,0.3562071871080222,0.0,1.0
U77421,2019-11-14 11:58:29,0.7272727272727273,0.25,0.43067655807339306,0.43067655807339306,1.0,1.0,0.4545454545454546,0.14285714285714285,0.0,0.3333333333333333,0.0,1.0
U40295,2019-11-14 11:59:29,0.7857142857142857,0.14285714285714285,0.0,0.3333333333333333,0.0,1.0,0.6428571428571428,0.09090909090909091,0.0,0.0,0.0,0.0
U10096,2019-11-14 12:00:26,0.6,0.1111111111111111,0.0,0.3010299956639812,0.0,1.0,0.6,0.1111111111111111,0.0,0.3010299956639812,0.0,1.0
U76833,2019-11-14 12:02:34,0.16666666666666669,0.1111111111111111,0.0,0.3010299956639812,0.0,1.0,0.16666666666666669,0.1111111111111111,0.0,0.3010299956639812,0.0,1.0
U83188,2019-11-14 12:03:39,0.47484276729559743,0.08333333333333333,0.0,0.0,0.0,0.0,0.5660377358490566,1.0,0.46927872602275644,0.46927872602275644,0.3333333333333333,0.3333333333333333
U84983,2019-11-14 12:03:45,0.2857142857142857,0.09090909090909091,0.0,0.0,0.0,0.0,0.2857142857142857,0.09090909090909091,0.0,0.0,0.0,0.0
U23276,2019-11-14 12:04:16,0.41016260162601625,0.25,0.14606834984270645,0.09478836436955078,0.1,0.1,0.42317073170731706,0.5,0.21398626473452756,0.13886244387355454,0.1,0.1
U18881,2019-11-14 12:04:57,0.09615384615384615,0.010638297872340425,0.0,0.0,0.0,0.0,0.08173076923076922,0.010416666666666666,0.0,0.0,0.0,0.0
U73557,2019-11-14 12:07:52,0.7291666666666667,0.3333333333333333,0.3065735963827292,0.3065735963827292,0.5,0.5,0.6875,0.3333333333333333,0.3065735963827292,0.3065735963827292,0.5,0.5
U46759,2019-11-14 12:07:57,0.241025641025641,0.04,0.0,0.0,0.0,0.0,0.20512820512820512,0.03125,0.0,0.0,0.0,0.0
U91548,2019-11-14 12:13:48,0.5,0.07692307692307693,0.0,0.0,0.0,0.0,0.375,0.0625,0.0,0.0,0.0,0.0
U46567,2019-11-14 12:15:24,1.0,1.0,1.0,1.0,1.0,1.0,0.9259259259259259,0.3333333333333333,0.5,0.5,1.0,1.0
U62896,2019-11-14 12:15:56,0.2626262626262626,0.015151515151515152,0.0,0.0,0.0,0.0,0.18181818181818182,0.013157894736842105,0.0,0.0,0.0,0.0
U89461,2019-11-14 12:20:21,0.4,0.1,0.0,0.2890648263178879,0.0,1.0,1.0,1.0,1.0,1.0,1.0,1.0
U18725,2019-11-14 12:21:11,0.5607638888888888,0.16666666666666666,0.0,0.08372491399919346,0.0,0.1111111111111111,0.5607638888888888,0.16666666666666666,0.0,0.08372491399919346,0.0,0.1111111111111111
U22653,2019-11-14 12:21:45,0.7129750982961992,0.16666666666666666,0.0,0.0979129253499678,0.0,0.14285714285714285,0.7129750982961992,0.16666666666666666,0.0,0.0979129253499678,0.0,0.14285714285714285
U59810,2019-11-14 12:21:49,0.7592592592592593,0.2,0.23719771276929622,0.23719771276929622,0.5,0.5,0.7777777777777778,0.14285714285714285,0.0,0.20438239758848611,0.0,0.5
U91548,2019-11-14 12:22:52,0.9743589743589743,0.5,0.6309297535714575,0.6309297535714575,1.0,1.0,0.9487179487179487,0.3333333333333333,0.5,0.5,1.0,1.0
U3277,2019-11-14 12:24:14,0.835820895522388,0.5,0.2960819109658652,0.431733884398313,0.3333333333333333,0.6666666666666666,0.7860696517412935,0.16666666666666666,0.0,0.16716045496620227,0.0,0.3333333333333333
U13747,2019-11-14 12:25:33,1.0,1.0,1.0,1.0,1.0,1.0,1.0,1.0,1.0,1.0,1.0,1.0
U37063,2019-11-14 12:26:29,0.5,0.2,0.18154179253735267,0.18154179253735267,0.3333333333333333,0.3333333333333333,0.4827586206896552,0.16666666666666666,0.0,0.16716045496620227,0.0,0.3333333333333333
U15281,2019-11-14 12:28:06,0.17857142857142858,0.2,0.15101961822780524,0.39399144290744104,0.25,0.75,0.5714285714285714,0.5,0.5654495432396527,0.5654495432396527,0.75,0.75
U40486,2019-11-14 12:29:11,0.9139280125195619,0.5,0.2960819109658652,0.2960819109658652,0.3333333333333333,0.3333333333333333,0.8278560250391236,0.14285714285714285,0.0,0.15642624200758548,0.0,0.3333333333333333
U53047,2019-11-14 12:29:28,1.0,1.0,1.0,1.0,1.0,1.0,1.0,1.0,1.0,1.0,1.0,1.0
U29706,2019-11-14 12:29:29,0.8907563025210085,0.07142857142857142,0.0,0.0,0.0,0.0,0.7983193277310925,0.04,0.0,0.0,0.0,0.0
U91844,2019-11-14 12:29:35,0.4444444444444444,1.0,0.46927872602275644,0.46927872602275644,0.3333333333333333,0.3333333333333333,0.888888888888889,1.0,0.8529278650606567,0.8529278650606567,1.0,1.0
U91961,2019-11-14 12:29:41,0.4,0.14285714285714285,0.0,0.3333333333333333,0.0,1.0,0.4,0.14285714285714285,0.0,0.3333333333333333,0.0,1.0
U81754,2019-11-14 12:30:50,0.421875,0.5,0.24630238874073,0.24630238874073,0.25,0.25,0.421875,0.5,0.24630238874073,0.24630238874073,0.25,0.25
U22551,2019-11-14 12:31:05,0.5909090909090908,0.03571428571428571,0.0,0.0,0.0,0.0,0.6590909090909091,0.125,0.0,0.19342640361727081,0.0,0.5
U60431,2019-11-14 12:32:46,0.6428571428571428,0.1111111111111111,0.0,0.18457569677956817,0.0,0.5,0.4285714285714286,0.0625,0.0,0.0,0.0,0.0
U57352,2019-11-14 12:34:08,0.7777777777777779,0.5,0.4776237035032179,0.6340499455108034,0.6666666666666666,1.0,0.6944444444444444,0.5,0.2960819109658652,0.6005491084563833,0.3333333333333333,1.0
U15109,2019-11-14 12:36:49,0.8231404958677686,0.3333333333333333,0.3156484524795145,0.3156484524795145,0.4,0.4,0.8231404958677686,0.3333333333333333,0.3156484524795145,0.3156484524795145,0.4,0.4
U67611,2019-11-14 12:36:52,0.7614973262032084,1.0,0.6843515475204855,0.5224955967919311,0.2727272727272727,0.36363636363636365,0.7508021390374331,0.14285714285714285,0.0,0.14279514403613733,0.0,0.18181818181818182
U72404,2019-11-14 12:37:18,0.9148936170212766,0.2,0.38685280723454163,0.38685280723454163,1.0,1.0,0.7446808510638299,0.07692307692307693,0.0,0.0,0.0,0.0
U88352,2019-11-14 12:37:31,0.13541666666666663,0.024390243902439025,0.0,0.0,0.0,0.0,0.32291666666666663,0.047619047619047616,0.0,0.0,0.0,0.0
U51100,2019-11-14 12:37:51,0.8333333333333334,0.5,0.6309297535714575,0.6309297535714575,1.0,1.0,0.8333333333333334,0.5,0.6309297535714575,0.6309297535714575,1.0,1.0
U28898,2019-11-14 12:38:18,0.9431818181818182,0.3333333333333333,0.5437713091520254,0.5437713091520254,1.0,1.0,0.8636363636363636,0.14285714285714285,0.0,0.39780880120575696,0.0,1.0
U76163,2019-11-14 12:39:27,0.4166666666666667,0.14285714285714285,0.0,0.38162168437253385,0.0,1.0,0.3333333333333333,0.125,0.0,0.19342640361727081,0.0,0.5
U6752,2019-11-14 12:40:26,0.19202898550724637,0.03125,0.0,0.0,0.0,0.0,0.19202898550724637,0.03125,0.0,0.0,0.0,0.0
U26262,2019-11-14 12:40:47,0.6901669758812616,1.0,0.3391602052736161,0.3615901614084106,0.14285714285714285,0.2857142857142857,0.7940630797773655,0.5,0.4912596920895758,0.4897725752785958,0.42857142857142855,0.5714285714285714
U15982,2019-11-14 12:41:30,0.6860902255639098,0.125,0.0,0.123151194370365,0.0,0.25,0.6616541353383458,0.14285714285714285,0.0,0.13012668333070054,0.0,0.25
U24851,2019-11-14 12:42:44,0.7830188679245284,0.5,0.24630238874073,0.3638184934971571,0.25,0.5,0.7216981132075472,0.2,0.15101961822780524,0.15101961822780524,0.25,0.25
U91226,2019-11-14 12:42:44,0.888888888888889,0.5,0.6309297535714575,0.6309297535714575,1.0,1.0,0.5555555555555556,0.2,0.38685280723454163,0.38685280723454163,1.0,1.0
U29641,2019-11-14 12:43:20,0.9090909090909091,0.5,0.6309297535714575,0.6309297535714575,1.0,1.0,0.6363636363636364,0.2,0.38685280723454163,0.38685280723454163,1.0,1.0
U59176,2019-11-14 12:43:49,0.862994350282486,0.5,0.24630238874073,0.3638184934971571,0.25,0.5,0.8728813559322033,0.14285714285714285,0.0,0.13012668333070054,0.0,0.25
U83638,2019-11-14 12:47:53,0.6714285714285715,0.09090909090909091,0.0,0.0,0.0,0.0,0.5142857142857142,0.05555555555555555,0.0,0.0,0.0,0.0
U90934,2019-11-14 12:47:53,0.8416666666666667,1.0,0.3391602052736161,0.4103915680233244,0.16666666666666666,0.3333333333333333,0.6777777777777778,0.14285714285714285,0.0,0.10086747116627115,0.0,0.16666666666666666
U72489,2019-11-14 12:49:58,0.5509259259259259,0.5,0.21398626473452756,0.19092086617893467,0.16666666666666666,0.16666666666666666,0.5787037037037037,0.5,0.21398626473452756,0.28201326940239274,0.16666666666666666,0.3333333333333333
U70550,2019-11-14 12:52:17,0.6012759170653907,0.25,0.27727342735504823,0.17993148201117176,0.18181818181818182,0.18181818181818182,0.5263157894736842,0.1111111111111111,0.0,0.06625422345438903,0.0,0.09090909090909091
U53604,2019-11-14 12:52:20,0.7291666666666666,0.25,0.20210734650054757,0.5065745439910657,0.3333333333333333,1.0,0.6041666666666666,0.25,0.20210734650054757,0.33775931993299535,0.3333333333333333,0.6666666666666666
U71956,2019-11-14 12:52:21,0.5307692307692308,0.047619047619047616,0.0,0.0,0.0,0.0,0.4868131868131868,1.0,0.3391602052736161,0.3391602052736161,0.2,0.2
U87387,2019-11-14 12:52:27,1.0,1.0,1.0,1.0,1.0,1.0,1.0,1.0,1.0,1.0,1.0,1.0
U7216,2019-11-14 12:53:39,0.2142857142857143,0.14285714285714285,0.0,0.3333333333333333,0.0,1.0,0.4285714285714286,0.2,0.38685280723454163,0.38685280723454163,1.0,1.0
U33051,2019-11-14 12:56:23,0.5687500000000001,0.2,0.13120507751234178,0.17764613319760858,0.125,0.25,0.6125,0.16666666666666666,0.0,0.1662433493697512,0.0,0.25
U6246,2019-11-14 12:58:25,0.875,0.25,0.43067655807339306,0.43067655807339306,1.0,1.0,0.8333333333333334,0.2,0.38685280723454163,0.38685280723454163,1.0,1.0
U53095,2019-11-14 13:00:35,0.6120689655172414,0.047619047619047616,0.0,0.0,0.0,0.0,0.4310344827586207,0.03125,0.0,0.0,0.0,0.0
U41001,2019-11-14 13:01:01,0.05555555555555558,0.05263157894736842,0.0,0.0,0.0,0.0,0.2916666666666667,0.1111111111111111,0.0,0.18457569677956817,0.0,0.5
U2701,2019-11-14 13:02:17,1.0,1.0,1.0,1.0,1.0,1.0,0.8,0.3333333333333333,0.5,0.5,1.0,1.0
U22849,2019-11-14 13:02:30,0.7647058823529411,0.2,0.38685280723454163,0.38685280723454163,1.0,1.0,0.9411764705882353,0.5,0.6309297535714575,0.6309297535714575,1.0,1.0
U29898,2019-11-14 13:03:04,0.75,0.16666666666666666,0.0,0.3562071871080222,0.0,1.0,0.85,0.25,0.43067655807339306,0.43067655807339306,1.0,1.0
U43755,2019-11-14 13:03:08,0.3253968253968254,0.024390243902439025,0.0,0.0,0.0,0.0,0.5952380952380952,0.2,0.23719771276929622,0.23719771276929622,0.5,0.5
U18881,2019-11-14 13:03:42,0.60546875,0.05,0.0,0.0,0.0,0.0,0.43359375,0.038461538461538464,0.0,0.0,0.0,0.0
U50959,2019-11-14 13:06:39,0.7857142857142857,0.25,0.43067655807339306,0.43067655807339306,1.0,1.0,0.7142857142857143,0.2,0.38685280723454163,0.38685280723454163,1.0,1.0
U61551,2019-11-14 13:09:13,0.5,0.25,0.43067655807339306,0.43067655807339306,1.0,1.0,0.33333333333333337,0.2,0.38685280723454163,0.38685280723454163,1.0,1.0
U75945,2019-11-14 13:09:40,0.3071895424836601,0.045454545454545456,0.0,0.0,0.0,0.0,0.3071895424836601,0.045454545454545456,0.0,0.0,0.0,0.0
U86612,2019-11-14 13:11:27,0.3181818181818182,0.043478260869565216,0.0,0.0,0.0,0.0,0.5151515151515151,0.2,0.23719771276929622,0.23719771276929622,0.5,0.5
U76617,2019-11-14 13:13:02,0.8513513513513513,0.5,0.38685280723454163,0.38685280723454163,0.5,0.5,0.6756756756756757,0.25,0.2640681225725909,0.2640681225725909,0.5,0.5
U47164,2019-11-14 13:14:17,0.696969696969697,0.25,0.2640681225725909,0.2640681225725909,0.5,0.5,0.4242424242424242,0.0625,0.0,0.0,0.0,0.0
U29500,2019-11-14 13:14:57,0.3496376811594203,0.034482758620689655,0.0,0.0,0.0,0.0,0.3496376811594203,0.034482758620689655,0.0,0.0,0.0,0.0
U53329,2019-11-14 13:19:21,1.0,1.0,1.0,1.0,1.0,1.0,1.0,1.0,1.0,1.0,1.0,1.0
U7469,2019-11-14 13:20:28,0.2777777777777778,0.16666666666666666,0.0,0.3562071871080222,0.0,1.0,0.2777777777777778,0.16666666666666666,0.0,0.3562071871080222,0.0,1.0
U90448,2019-11-14 13:23:08,0.5238095238095238,0.09090909090909091,0.0,0.0,0.0,0.0,0.47619047619047616,0.08333333333333333,0.0,0.0,0.0,0.0
U28514,2019-11-14 13:23:47,0.265625,0.043478260869565216,0.0,0.0,0.0,0.0,0.234375,0.04,0.0,0.0,0.0,0.0
U8816,2019-11-14 13:23:53,0.9,0.5,0.38685280723454163,0.38685280723454163,0.5,0.5,0.7722222222222221,0.1,0.0,0.17723928678404774,0.0,0.5
U93665,2019-11-14 13:26:12,0.17391304347826086,0.023809523809523808,0.0,0.0,0.0,0.0,0.15217391304347827,0.023809523809523808,0.0,0.0,0.0,0.0
U93718,2019-11-14 13:26:23,0.96875,0.5,0.6509209298071326,0.6509209298071326,1.0,1.0,0.8333333333333334,0.125,0.0,0.19342640361727081,0.0,0.5
U8323,2019-11-14 13:27:41,0.3506944444444444,0.017241379310344827,0.0,0.0,0.0,0.0,0.3454861111111111,0.01694915254237288,0.0,0.0,0.0,0.0
U16852,2019-11-14 13:36:42,0.5,0.125,0.0,0.19342640361727081,0.0,0.5,0.5238095238095237,0.2,0.23719771276929622,0.23719771276929622,0.5,0.5
U66415,2019-11-14 13:37:25,0.789795918367347,0.3333333333333333,0.16958010263680806,0.3806727902260371,0.2,0.6,0.6795918367346939,0.0625,0.0,0.0,0.0,0.0
U53291,2019-11-14 13:38:33,0.32894736842105265,0.125,0.0,0.19342640361727081,0.0,0.5,0.3026315789473685,0.1111111111111111,0.0,0.18457569677956817,0.0,0.5
U22580,2019-11-14 13:38:44,0.14999999999999997,0.2,0.23719771276929622,0.45560514958746035,0.5,1.0,0.14999999999999997,0.2,0.23719771276929622,0.45560514958746035,0.5,1.0
U271,2019-11-14 13:40:24,0.52,0.07692307692307693,0.0,0.0,0.0,0.0,0.48,0.07142857142857142,0.0,0.0,0.0,0.0
U40431,2019-11-14 13:43:32,0.7926829268292683,0.125,0.0,0.19342640361727081,0.0,0.5,0.7317073170731708,0.09090909090909091,0.0,0.0,0.0,0.0
U79587,2019-11-14 13:43:45,0.5077881619937694,0.047619047619047616,0.0,0.0,0.0,0.0,0.4439252336448598,0.03125,0.0,0.0,0.0,0.0
U20940,2019-11-14 13:47:03,0.5392156862745098,0.07142857142857142,0.0,0.0,0.0,0.0,0.5206971677559913,0.1,0.0,0.13565197343244778,0.0,0.3333333333333333
U11340,2019-11-14 13:49:40,0.3571428571428571,0.03571428571428571,0.0,0.0,0.0,0.0,0.26190476190476186,0.03125,0.0,0.0,0.0,0.0
U61793,2019-11-14 13:52:14,0.7145061728395061,0.3333333333333333,0.3156484524795145,0.2684550357175426,0.16666666666666666,0.25,0.7145061728395061,0.3333333333333333,0.3156484524795145,0.2684550357175426,0.16666666666666666,0.25
U85610,2019-11-14 13:53:06,0.6153846153846154,0.16666666666666666,0.0,0.3562071871080222,0.0,1.0,0.3846153846153846,0.1111111111111111,0.0,0.3010299956639812,0.0,1.0
U67447,2019-11-14 13:55:21,1.0,1.0,1.0,1.0,1.0,1.0,0.8837209302325582,0.16666666666666666,0.0,0.4227898344066503,0.0,1.0
U74567,2019-11-14 13:55:39,0.8698630136986301,0.2,0.23719771276929622,0.23719771276929622,0.5,0.5,0.7363013698630136,0.05263157894736842,0.0,0.0,0.0,0.0
U61957,2019-11-14 13:56:27,0.8055555555555556,0.06666666666666667,0.0,0.0,0.0,0.0,0.5694444444444444,0.03125,0.0,0.0,0.0,0.0
U72489,2019-11-14 13:59:08,1.0,1.0,1.0,1.0,1.0,1.0,1.0,1.0,1.0,1.0,1.0,1.0
U4798,2019-11-14 14:00:13,0.6944444444444444,0.5,0.36005461457723403,0.3212446320893053,0.3333333333333333,0.3333333333333333,0.6968599033816426,0.25,0.14606834984270645,0.32920532365833965,0.16666666666666666,0.5
U58468,2019-11-14 14:01:09,0.6224982746721877,1.0,0.5531464700081437,0.5743371894486219,0.08695652173913043,0.21739130434782608,0.6059351276742582,0.3333333333333333,0.16958010263680806,0.25284102718517737,0.043478260869565216,0.13043478260869565
U11489,2019-11-14 14:03:31,0.464622641509434,0.03225806451612903,0.0,0.0,0.0,0.0,0.44103773584905664,0.02564102564102564,0.0,0.0,0.0,0.0
U70993,2019-11-14 14:05:07,0.802734375,0.07692307692307693,0.0,0.0,0.0,0.0,0.7265625,0.08333333333333333,0.0,0.0,0.0,0.0
U2157,2019-11-14 14:12:06,0.68125,0.5,0.21398626473452756,0.286381299268402,0.16666666666666666,0.3333333333333333,0.5416666666666667,0.047619047619047616,0.0,0.0,0.0,0.0
U42423,2019-11-14 14:12:51,0.2954545454545454,0.047619047619047616,0.0,0.0,0.0,0.0,0.15909090909090912,0.047619047619047616,0.0,0.0,0.0,0.0
U8933,2019-11-14 14:14:10,0.7666666666666667,1.0,0.5087403079104241,0.615733440277688,0.4,0.6,0.6074074074074074,0.25,0.14606834984270645,0.2530614822099702,0.2,0.4
U79383,2019-11-14 14:14:38,0.6133333333333333,0.5,0.36005461457723403,0.4621520097001457,0.4,0.6,0.5466666666666666,0.3333333333333333,0.3156484524795145,0.3156484524795145,0.4,0.4
U8580,2019-11-14 14:16:22,0.5,0.058823529411764705,0.0,0.0,0.0,0.0,0.5,0.058823529411764705,0.0,0.0,0.0,0.0
U31782,2019-11-14 14:16:24,0.6578947368421053,0.5,0.38685280723454163,0.38685280723454163,0.5,0.5,0.631578947368421,1.0,0.6131471927654584,0.6131471927654584,0.5,0.5
U20675,2019-11-14 14:18:32,0.6008438818565401,1.0,0.3391602052736161,0.45221360703148816,0.2,0.4,0.6075949367088607,0.125,0.0,0.10699313236726378,0.0,0.2
U50756,2019-11-14 14:19:00,0.6458333333333334,0.14285714285714285,0.0,0.20438239758848611,0.0,0.5,0.3333333333333333,0.06666666666666667,0.0,0.0,0.0,0.0
U20838,2019-11-14 14:20:01,0.20987654320987653,0.018867924528301886,0.0,0.0,0.0,0.0,0.18518518518518517,0.017857142857142856,0.0,0.0,0.0,0.0
U5979,2019-11-14 14:21:10,0.8,0.16666666666666666,0.0,0.3562071871080222,0.0,1.0,0.72,0.125,0.0,0.31546487678572877,0.0,1.0
U59607,2019-11-14 14:21:22,0.6,0.16666666666666666,0.0,0.16716045496620227,0.0,0.3333333333333333,0.5708333333333333,0.1111111111111111,0.0,0.14126697285982898,0.0,0.3333333333333333
U82524,2019-11-14 14:21:30,0.7027027027027026,0.125,0.0,0.23599633571930026,0.0,0.5,0.5793918918918919,0.03225806451612903,0.0,0.0,0.0,0.0
U14231,2019-11-14 14:22:33,0.4748858447488585,1.0,0.3391602052736161,0.23504554941448536,0.1111111111111111,0.1111111111111111,0.563165905631659,0.3333333333333333,0.30078518014914984,0.2867993217977166,0.2222222222222222,0.3333333333333333
U74552,2019-11-14 14:22:34,0.5088652482269503,0.125,0.0,0.09546043308946733,0.0,0.16666666666666666,0.549645390070922,0.2,0.13120507751234178,0.20815499636142162,0.16666666666666666,0.3333333333333333
U11272,2019-11-14 14:22:43,0.3027522935779816,0.014492753623188406,0.0,0.0,0.0,0.0,0.25229357798165136,0.01282051282051282,0.0,0.0,0.0,0.0
U13611,2019-11-14 14:23:11,0.4666666666666667,0.1111111111111111,0.0,0.3010299956639812,0.0,1.0,0.6666666666666667,0.16666666666666666,0.0,0.3562071871080222,0.0,1.0
U36377,2019-11-14 14:30:21,0.10526315789473684,0.05555555555555555,0.0,0.0,0.0,0.0,0.10526315789473684,0.05555555555555555,0.0,0.0,0.0,0.0
U2015,2019-11-14 14:33:28,0.6120689655172413,0.3333333333333333,0.3065735963827292,0.3065735963827292,0.5,0.5,0.5948275862068966,0.045454545454545456,0.0,0.0,0.0,0.0
U90373,2019-11-14 14:35:53,0.9032258064516129,0.25,0.5012658353418871,0.5012658353418871,1.0,1.0,0.7903225806451613,0.14285714285714285,0.0,0.3889580943680543,0.0,1.0
U2559,2019-11-14 14:36:00,0.46692111959287524,0.037037037037037035,0.0,0.0,0.0,0.0,0.4923664122137405,0.03333333333333333,0.0,0.0,0.0,0.0
U63429,2019-11-14 14:36:39,0.8473684210526315,0.3333333333333333,0.3065735963827292,0.3065735963827292,0.5,0.5,0.8368421052631579,0.2,0.23719771276929622,0.23719771276929622,0.5,0.5
U35994,2019-11-14 14:38:08,0.5175438596491228,0.08333333333333333,0.0,0.0,0.0,0.0,0.5175438596491228,0.08333333333333333,0.0,0.0,0.0,0.0
U39315,2019-11-14 14:39:40,0.8915574963609898,0.5,0.21398626473452756,0.27839258028034286,0.16666666666666666,0.3333333333333333,0.7802037845705968,0.125,0.0,0.09546043308946733,0.0,0.16666666666666666
U60226,2019-11-14 14:40:55,0.7197986577181208,0.5,0.24630238874073,0.369453583111095,0.25,0.5,0.7197986577181208,0.5,0.24630238874073,0.369453583111095,0.25,0.5
U77977,2019-11-14 14:42:45,0.7362637362637362,0.047619047619047616,0.0,0.0,0.0,0.0,0.6538461538461537,0.034482758620689655,0.0,0.0,0.0,0.0
U20477,2019-11-14 14:42:51,0.386,0.03333333333333333,0.0,0.0,0.0,0.0,0.346,0.043478260869565216,0.0,0.0,0.0,0.0
U57701,2019-11-14 14:43:45,0.5,0.25,0.43067655807339306,0.43067655807339306,1.0,1.0,0.5,0.25,0.43067655807339306,0.43067655807339306,1.0,1.0
U34414,2019-11-14 14:47:49,0.6009615384615384,0.5,0.44149241373678083,0.44149241373678083,0.5,0.5,0.6009615384615384,0.5,0.44149241373678083,0.44149241373678083,0.5,0.5
U38126,2019-11-14 14:51:55,0.9444444444444445,0.16666666666666666,0.0,0.40298313359773236,0.0,1.0,0.8333333333333334,0.05555555555555555,0.0,0.0,0.0,0.0
U38035,2019-11-14 14:53:52,0.0,0.5,0.6309297535714575,0.6309297535714575,1.0,1.0,0.0,0.5,0.6309297535714575,0.6309297535714575,1.0,1.0
U12239,2019-11-14 14:55:48,0.8,0.3333333333333333,0.5,0.5,1.0,1.0,0.7,0.25,0.43067655807339306,0.43067655807339306,1.0,1.0
U66028,2019-11-14 14:59:07,0.41666666666666663,0.045454545454545456,0.0,0.0,0.0,0.0,0.25,0.03571428571428571,0.0,0.0,0.0,0.0
U88352,2019-11-14 14:59:16,0.3,0.3333333333333333,0.3065735963827292,0.5109559939712153,0.5,1.0,0.0,0.16666666666666666,0.0,0.4227898344066503,0.0,1.0
U52909,2019-11-14 15:01:14,0.4690265486725663,0.022222222222222223,0.0,0.0,0.0,0.0,0.5176991150442478,0.041666666666666664,0.0,0.0,0.0,0.0
U57701,2019-11-14 15:02:59,0.7073170731707317,1.0,0.6131471927654584,0.6131471927654584,0.5,0.5,0.5853658536585366,0.3333333333333333,0.3065735963827292,0.3065735963827292,0.5,0.5
U57413,2019-11-14 15:03:08,0.52,1.0,0.6131471927654584,0.6131471927654584,0.5,0.5,0.46,0.3333333333333333,0.3065735963827292,0.3065735963827292,0.5,0.5
U72685,2019-11-14 15:05:27,0.5,0.5,0.6309297535714575,0.6309297535714575,1.0,1.0,0.0,0.3333333333333333,0.5,0.5,1.0,1.0
U13061,2019-11-14 15:05:54,0.8325581395348838,0.25,0.27727342735504823,0.5001821251774541,0.4,0.8,0.8511627906976745,0.3333333333333333,0.4468535299918563,0.5676648326913505,0.6,0.8
U83878,2019-11-14 15:09:33,0.0,0.2,0.38685280723454163,0.38685280723454163,1.0,1.0,0.0,0.2,0.38685280723454163,0.38685280723454163,1.0,1.0
U49944,2019-11-14 15:09:55,0.5384615384615384,0.5,0.4144299250118475,0.4144299250118475,0.5,0.5,0.6153846153846154,0.3333333333333333,0.36331756126716835,0.49344424459786884,0.5,0.75
U13875,2019-11-14 15:10:30,0.5714285714285714,1.0,0.5585075862632192,0.5585075862632192,0.5,0.5,0.5476190476190476,0.5,0.3973220069685352,0.3973220069685352,0.5,0.5
U13248,2019-11-14 15:10:32,0.16666666666666663,0.16666666666666666,0.0,0.3562071871080222,0.0,1.0,0.16666666666666663,0.16666666666666666,0.0,0.3562071871080222,0.0,1.0
U70147,2019-11-14 15:12:19,0.7105263157894737,0.16666666666666666,0.0,0.25190132085971084,0.0,0.5,0.611842105263158,0.09090909090909091,0.0,0.0,0.0,0.0
U11489,2019-11-14 15:12:28,0.58125,1.0,0.3391602052736161,0.3391602052736161,0.2,0.2,0.553125,1.0,0.3391602052736161,0.3391602052736161,0.2,0.2
U24533,2019-11-14 15:14:09,0.5,0.2,0.23719771276929622,0.23719771276929622,0.5,0.5,0.47058823529411764,0.16666666666666666,0.0,0.21840743681816419,0.0,0.5
U72916,2019-11-14 15:15:20,0.2708333333333333,0.011904761904761904,0.0,0.0,0.0,0.0,0.1916666666666667,0.010416666666666666,0.0,0.0,0.0,0.0
U5127,2019-11-14 15:15:49,0.4352617079889808,0.1,0.0,0.0874717141014082,0.0,0.16666666666666666,0.4352617079889808,0.1,0.0,0.0874717141014082,0.0,0.16666666666666666
U29397,2019-11-14 15:15:59,0.8385542168674698,0.25,0.14606834984270645,0.14606834984270645,0.2,0.2,0.8385542168674698,0.25,0.14606834984270645,0.14606834984270645,0.2,0.2
U63885,2019-11-14 15:16:21,0.0,0.5,0.6309297535714575,0.6309297535714575,1.0,1.0,0.0,0.5,0.6309297535714575,0.6309297535714575,1.0,1.0
U70467,2019-11-14 15:16:27,0.8333333333333334,0.5,0.5307212739772434,0.5307212739772434,0.6666666666666666,0.6666666666666666,0.7712418300653594,0.3333333333333333,0.4367467095119258,0.4367467095119258,0.6666666666666666,0.6666666666666666
U26044,2019-11-14 15:18:20,0.5681390977443609,0.03571428571428571,0.0,0.0,0.0,0.0,0.550281954887218,0.030303030303030304,0.0,0.0,0.0,0.0
U29779,2019-11-14 15:21:10,0.6104761904761906,0.16666666666666666,0.0,0.1208113026994942,0.0,0.2,0.6104761904761906,0.16666666666666666,0.0,0.1208113026994942,0.0,0.2
U3321,2019-11-14 15:22:37,0.49523809523809526,0.09090909090909091,0.0,0.0,0.0,0.0,0.4793650793650793,0.25,0.14606834984270645,0.11838279295536291,0.14285714285714285,0.14285714285714285
U54646,2019-11-14 15:22:57,0.6956521739130435,0.125,0.0,0.31546487678572877,0.0,1.0,0.34782608695652173,0.0625,0.0,0.0,0.0,0.0
U2157,2019-11-14 15:24:06,0.7805343511450382,0.058823529411764705,0.0,0.0,0.0,0.0,0.7729007633587786,0.14285714285714285,0.0,0.13012668333070054,0.0,0.25
U41595,2019-11-14 15:24:49,0.5,0.3333333333333333,0.5,0.5,1.0,1.0,0.3225806451612903,0.07692307692307693,0.0,0.0,0.0,0.0
U80658,2019-11-14 15:26:17,0.3731343283582089,0.023255813953488372,0.0,0.0,0.0,0.0,0.22388059701492535,0.018867924528301886,0.0,0.0,0.0,0.0
U1098,2019-11-14 15:27:34,0.47000000000000003,0.04,0.0,0.0,0.0,0.0,0.36,0.03125,0.0,0.0,0.0,0.0
U24339,2019-11-14 15:28:10,0.9019607843137255,0.16666666666666666,0.0,0.3562071871080222,0.0,1.0,0.6862745098039216,0.058823529411764705,0.0,0.0,0.0,0.0
U45617,2019-11-14 15:28:47,0.7,0.14285714285714285,0.0,0.39780880120575696,0.0,1.0,0.6,0.16666666666666666,0.0,0.21840743681816419,0.0,0.5
U90566,2019-11-14 15:30:48,0.5833333333333334,0.5,0.6797310500037655,0.6797310500037655,1.0,1.0,0.5833333333333334,0.5,0.6797310500037655,0.6797310500037655,1.0,1.0
U50518,2019-11-14 15:31:52,0.5454545454545454,0.5,0.24630238874073,0.24630238874073,0.25,0.25,0.4602272727272727,0.25,0.16812753627111746,0.16812753627111746,0.25,0.25
U17200,2019-11-14 15:32:12,0.9487179487179488,1.0,0.6713860725233041,0.8278123145308894,0.6666666666666666,1.0,0.8717948717948717,1.0,0.46927872602275644,0.6105456988825855,0.3333333333333333,0.6666666666666666
U39701,2019-11-14 15:36:18,0.42091836734693877,0.037037037037037035,0.0,0.0,0.0,0.0,0.5867346938775511,0.05555555555555555,0.0,0.0,0.0,0.0
U58492,2019-11-14 15:38:29,1.0,1.0,1.0,1.0,1.0,1.0,1.0,1.0,1.0,1.0,1.0,1.0
U80815,2019-11-14 15:39:10,0.4666666666666667,0.125,0.0,0.19342640361727081,0.0,0.5,0.3,0.0625,0.0,0.0,0.0,0.0
U24927,2019-11-14 15:42:09,0.8059701492537313,0.07142857142857142,0.0,0.0,0.0,0.0,0.7313432835820896,0.05263157894736842,0.0,0.0,0.0,0.0
U12486,2019-11-14 15:42:49,0.7259475218658893,0.5,0.21398626473452756,0.36296602664297084,0.14285714285714285,0.42857142857142855,0.6384839650145773,0.3333333333333333,0.16958010263680806,0.21689524588991285,0.14285714285714285,0.2857142857142857
U4501,2019-11-14 15:43:46,0.8333333333333334,0.5,0.6309297535714575,0.6309297535714575,1.0,1.0,0.6666666666666667,0.3333333333333333,0.5,0.5,1.0,1.0
U73145,2019-11-14 15:44:05,0.8962264150943396,0.5,0.38685280723454163,0.38685280723454163,0.5,0.5,0.7924528301886793,0.25,0.2640681225725909,0.2640681225725909,0.5,0.5
U34639,2019-11-14 15:51:08,0.7,0.5,0.49818925746641285,0.6394562303262419,0.6666666666666666,1.0,0.5,0.3333333333333333,0.23463936301137822,0.5183322919267586,0.3333333333333333,1.0
U54826,2019-11-14 15:51:58,0.9824561403508772,1.0,0.9674679834891693,0.9674679834891693,1.0,1.0,0.9824561403508772,1.0,0.9674679834891693,0.9674679834891693,1.0,1.0
U16401,2019-11-14 15:53:44,0.9411764705882353,0.5,0.6934264036172708,0.6934264036172708,1.0,1.0,0.8823529411764706,0.3333333333333333,0.5706417189553201,0.5706417189553201,1.0,1.0
U87724,2019-11-14 15:53:59,0.9333333333333333,0.3333333333333333,0.5,0.5,1.0,1.0,0.8333333333333334,0.16666666666666666,0.0,0.3562071871080222,0.0,1.0
U93718,2019-11-14 15:55:10,0.7419354838709677,0.058823529411764705,0.0,0.0,0.0,0.0,0.4032258064516129,0.02631578947368421,0.0,0.0,0.0,0.0
U75549,2019-11-14 15:57:44,1.0,1.0,1.0,1.0,1.0,1.0,0.8333333333333334,0.2,0.38685280723454163,0.38685280723454163,1.0,1.0
U67692,2019-11-14 16:00:05,0.6,1.0,0.6131471927654584,0.8315546295836225,0.5,1.0,0.6,1.0,0.6131471927654584,0.8315546295836225,0.5,1.0
U51937,2019-11-14 16:00:09,0.6121212121212121,1.0,0.46927872602275644,0.46927872602275644,0.3333333333333333,0.3333333333333333,0.6424242424242425,0.16666666666666666,0.0,0.3084274278260313,0.0,0.6666666666666666
U60097,2019-11-14 16:00:31,0.18055555555555558,0.02702702702702703,0.0,0.0,0.0,0.0,0.3125,0.25,0.16812753627111746,0.16812753627111746,0.25,0.25
U76163,2019-11-14 16:07:19,0.9252336448598131,0.14285714285714285,0.0,0.3044671974905181,0.0,0.6666666666666666,0.9034267912772586,0.3333333333333333,0.23463936301137822,0.37590633587120725,0.3333333333333333,0.6666666666666666
U14448,2019-11-14 16:08:03,0.6628787878787878,0.5,0.36005461457723403,0.3528398039985379,0.25,0.375,0.6628787878787878,0.5,0.36005461457723403,0.3528398039985379,0.25,0.375
U77214,2019-11-14 16:08:04,0.9767441860465116,0.5,0.6309297535714575,0.6309297535714575,1.0,1.0,0.9767441860465116,0.5,0.6309297535714575,0.6309297535714575,1.0,1.0
U48046,2019-11-14 16:10:06,0.5,1.0,0.75369761125927,0.8838242945899706,0.75,1.0,0.6666666666666667,0.3333333333333333,0.5143371794949736,0.6533933590057491,0.75,1.0
U60260,2019-11-14 16:11:38,0.5263157894736843,0.1,0.0,0.2890648263178879,0.0,1.0,0.42105263157894735,0.08333333333333333,0.0,0.0,0.0,0.0
U49604,2019-11-14 16:17:46,0.5777777777777777,0.16666666666666666,0.0,0.16716045496620227,0.0,0.3333333333333333,0.5777777777777777,0.16666666666666666,0.0,0.16716045496620227,0.0,0.3333333333333333
U66868,2019-11-14 16:18:36,0.26,0.05555555555555555,0.0,0.0,0.0,0.0,0.5,0.16666666666666666,0.0,0.21840743681816419,0.0,0.5
U46221,2019-11-14 16:19:25,0.4666666666666667,0.125,0.0,0.19342640361727081,0.0,0.5,0.43333333333333335,0.1111111111111111,0.0,0.18457569677956817,0.0,0.5
U51018,2019-11-14 16:19:37,0.39954337899543374,0.5,0.2960819109658652,0.2960819109658652,0.3333333333333333,0.3333333333333333,0.6940639269406392,0.5,0.5307212739772434,0.5307212739772434,0.6666666666666666,0.6666666666666666
U1296,2019-11-14 16:21:40,0.56640625,1.0,0.3903800499921017,0.3903800499921017,0.25,0.25,0.5859375,0.3333333333333333,0.19519002499605084,0.19519002499605084,0.25,0.25
U90413,2019-11-14 16:22:57,0.95,0.25,0.43067655807339306,0.43067655807339306,1.0,1.0,0.8,0.07692307692307693,0.0,0.0,0.0,0.0
U41989,2019-11-14 16:25:10,0.7738095238095238,0.1111111111111111,0.0,0.18457569677956817,0.0,0.5,0.75,0.1111111111111111,0.0,0.18457569677956817,0.0,0.5
U42683,2019-11-14 16:25:51,0.8620689655172413,0.2,0.38685280723454163,0.38685280723454163,1.0,1.0,0.8620689655172414,0.2,0.38685280723454163,0.38685280723454163,1.0,1.0
U41682,2019-11-14 16:30:27,0.11486486486486483,0.03225806451612903,0.0,0.0,0.0,0.0,0.0878378378378378,0.030303030303030304,0.0,0.0,0.0,0.0
U86072,2019-11-14 16:31:09,0.683641975308642,1.0,0.3391602052736161,0.4034698846650846,0.16666666666666666,0.3333333333333333,0.683641975308642,1.0,0.3391602052736161,0.4034698846650846,0.16666666666666666,0.3333333333333333
U76750,2019-11-14 16:37:48,0.6397660818713451,1.0,0.3391602052736161,0.23504554941448536,0.1111111111111111,0.1111111111111111,0.6105263157894737,0.125,0.0,0.07414861528507455,0.0,0.1111111111111111
U66036,2019-11-14 16:37:54,0.6428571428571428,1.0,0.46927872602275644,0.617319681505689,0.3333333333333333,0.6666666666666666,0.8095238095238094,0.5,0.5307212739772434,0.6719882468370725,0.6666666666666666,1.0
U77241,2019-11-14 16:40:14,0.5654761904761905,0.3333333333333333,0.3065735963827292,0.3065735963827292,0.5,0.5,0.6071428571428571,0.14285714285714285,0.0,0.20438239758848611,0.0,0.5
U38531,2019-11-14 16:41:43,0.9285714285714285,1.0,0.9197207891481876,0.9197207891481876,1.0,1.0,0.8571428571428571,1.0,0.8772153153380493,0.8772153153380493,1.0,1.0
U5045,2019-11-14 16:41:59,0.6595744680851064,0.07692307692307693,0.0,0.0,0.0,0.0,0.553191489361702,0.058823529411764705,0.0,0.0,0.0,0.0
U82568,2019-11-14 16:44:01,0.25,0.25,0.43067655807339306,0.43067655807339306,1.0,1.0,0.25,0.25,0.43067655807339306,0.43067655807339306,1.0,1.0
U89208,2019-11-14 16:45:03,0.423728813559322,0.08333333333333333,0.0,0.0,0.0,0.0,0.423728813559322,0.08333333333333333,0.0,0.0,0.0,0.0
U91015,2019-11-14 16:50:00,0.6504065040650406,0.3333333333333333,0.23463936301137822,0.40179981797758046,0.3333333333333333,0.6666666666666666,0.5853658536585367,1.0,0.46927872602275644,0.46927872602275644,0.3333333333333333,0.3333333333333333
U75451,2019-11-14 16:53:53,0.42567567567567566,0.05263157894736842,0.0,0.0,0.0,0.0,0.42567567567567566,0.05263157894736842,0.0,0.0,0.0,0.0
U91749,2019-11-14 16:53:58,0.45197740112994345,0.06666666666666667,0.0,0.0,0.0,0.0,0.38983050847457623,0.043478260869565216,0.0,0.0,0.0,0.0
U60483,2019-11-14 16:55:03,0.7857142857142858,0.3333333333333333,0.3065735963827292,0.4911492931622974,0.5,1.0,0.5952380952380952,0.1111111111111111,0.0,0.18457569677956817,0.0,0.5
U75270,2019-11-14 16:55:26,0.5,0.1,0.0,0.17723928678404774,0.0,0.5,0.35,0.08333333333333333,0.0,0.0,0.0,0.0
U49384,2019-11-14 16:57:06,0.3442622950819672,0.037037037037037035,0.0,0.0,0.0,0.0,0.644808743169399,1.0,0.46927872602275644,0.6105456988825855,0.3333333333333333,0.6666666666666666
U41209,2019-11-14 16:57:25,0.9166666666666666,1.0,0.9060254355346823,0.9060254355346823,1.0,1.0,0.7083333333333333,0.5,0.49818925746641285,0.6546154994739983,0.6666666666666666,1.0
U39029,2019-11-14 17:01:18,0.0,0.5,0.6309297535714575,0.6309297535714575,1.0,1.0,0.0,0.5,0.6309297535714575,0.6309297535714575,1.0,1.0
U33018,2019-11-14 17:03:18,0.3529411764705882,0.022222222222222223,0.0,0.0,0.0,0.0,0.27941176470588236,0.02,0.0,0.0,0.0,0.0
U93377,2019-11-14 17:04:38,0.8992537313432836,0.25,0.2640681225725909,0.2640681225725909,0.5,0.5,0.746268656716418,0.3333333333333333,0.3065735963827292,0.3065735963827292,0.5,0.5
U28401,2019-11-14 17:05:04,0.7454545454545455,1.0,0.6843515475204855,0.6843515475204855,0.6,0.6,0.6090909090909091,1.0,0.3391602052736161,0.4599715079731103,0.2,0.4
U76077,2019-11-14 17:09:23,0.9375,0.5,0.6309297535714575,0.6309297535714575,1.0,1.0,0.875,0.3333333333333333,0.5,0.5,1.0,1.0
U13143,2019-11-14 17:13:36,0.5735294117647058,0.07692307692307693,0.0,0.0,0.0,0.0,0.6176470588235294,0.07692307692307693,0.0,0.0,0.0,0.0
U48712,2019-11-14 17:13:59,0.6014492753623188,0.5,0.21398626473452756,0.27839258028034286,0.16666666666666666,0.3333333333333333,0.6014492753623188,0.5,0.21398626473452756,0.27839258028034286,0.16666666666666666,0.3333333333333333
U64612,2019-11-14 17:15:31,0.65,0.16666666666666666,0.0,0.21840743681816419,0.0,0.5,0.7,1.0,0.6131471927654584,0.6131471927654584,0.5,0.5
U44201,2019-11-14 17:23:00,0.7352941176470588,0.25,0.2640681225725909,0.45749452618986164,0.5,1.0,0.7941176470588236,1.0,0.6131471927654584,0.7977228895450266,0.5,1.0
U21081,2019-11-14 17:25:01,0.8076923076923077,1.0,0.6366824387328317,0.6366824387328317,0.5,0.5,0.7788461538461539,0.25,0.3191471544989227,0.431992295847858,0.5,0.75
U5075,2019-11-14 17:26:50,0.7612612612612613,0.16666666666666666,0.0,0.21840743681816419,0.0,0.5,0.8378378378378378,0.1111111111111111,0.0,0.18457569677956817,0.0,0.5
U43539,2019-11-14 17:27:47,0.34195402298850575,0.013513513513513514,0.0,0.0,0.0,0.0,0.5905172413793103,0.25,0.2640681225725909,0.2640681225725909,0.5,0.5
U91127,2019-11-14 17:28:18,0.2862745098039216,0.14285714285714285,0.0,0.11305340175787204,0.0,0.2,0.2862745098039216,0.14285714285714285,0.0,0.11305340175787204,0.0,0.2
U89836,2019-11-14 17:28:49,0.26495726495726496,0.0625,0.0,0.0,0.0,0.0,0.2222222222222222,0.047619047619047616,0.0,0.0,0.0,0.0
U56862,2019-11-14 17:40:36,0.6666666666666667,0.14285714285714285,0.0,0.15642624200758548,0.0,0.3333333333333333,0.6861313868613139,0.047619047619047616,0.0,0.0,0.0,0.0
U81748,2019-11-14 17:44:09,0.7807692307692308,1.0,0.4703652827859579,0.4703652827859579,0.4,0.4,0.7807692307692308,1.0,0.4703652827859579,0.4703652827859579,0.4,0.4
U45968,2019-11-14 17:48:34,0.7056451612903226,0.3333333333333333,0.16958010263680806,0.3008855942920819,0.125,0.375,0.5544354838709677,0.0625,0.0,0.0,0.0,0.0
U85466,2019-11-14 17:50:09,1.0,1.0,1.0,1.0,1.0,1.0,0.6,0.3333333333333333,0.5,0.5,1.0,1.0
U67792,2019-11-14 18:14:39,0.6734803657880581,0.3333333333333333,0.16958010263680806,0.17947710508581735,0.07692307692307693,0.15384615384615385,0.7740720817643895,1.0,0.3391602052736161,0.22009176629808017,0.07692307692307693,0.07692307692307693
U16136,2019-11-14 18:22:38,0.375886524822695,0.047619047619047616,0.0,0.0,0.0,0.0,0.375886524822695,0.047619047619047616,0.0,0.0,0.0,0.0
U53496,2019-11-14 18:26:34,0.7793103448275862,0.030303030303030304,0.0,0.0,0.0,0.0,0.703448275862069,0.022727272727272728,0.0,0.0,0.0,0.0
U28675,2019-11-14 18:37:35,0.8243902439024391,0.5,0.36005461457723403,0.5939193190346003,0.4,0.8,0.8048780487804879,0.3333333333333333,0.30078518014914984,0.5346498846065161,0.4,0.8
U8933,2019-11-14 18:45:38,0.7692307692307692,0.3333333333333333,0.19519002499605084,0.4470913458557617,0.25,0.75,0.721153846153846,0.25,0.16812753627111746,0.3071837157818931,0.25,0.5
U89705,2019-11-14 18:58:19,0.9705882352941176,0.3333333333333333,0.5,0.5,1.0,1.0,0.9852941176470589,0.5,0.6309297535714575,0.6309297535714575,1.0,1.0
U64432,2019-11-14 19:34:30,0.5714285714285714,0.25,0.2640681225725909,0.2640681225725909,0.5,0.5,0.3214285714285714,0.1,0.0,0.17723928678404774,0.0,0.5
U83783,2019-11-14 19:35:47,0.725,0.25,0.2640681225725909,0.44130740935663865,0.5,1.0,0.65,0.16666666666666666,0.0,0.21840743681816419,0.0,0.5
U77834,2019-11-14 19:47:28,0.8721804511278196,0.08333333333333333,0.0,0.0,0.0,0.0,0.8020050125313284,0.09090909090909091,0.0,0.0,0.0,0.0
U75477,2019-11-14 19:47:44,0.37719298245614036,0.029411764705882353,0.0,0.0,0.0,0.0,0.5263157894736843,0.06666666666666667,0.0,0.0,0.0,0.0
U11722,2019-11-14 19:49:59,0.7438596491228069,0.2,0.18154179253735267,0.18154179253735267,0.3333333333333333,0.3333333333333333,0.6982456140350878,0.5,0.2960819109658652,0.2960819109658652,0.3333333333333333,0.3333333333333333
U49380,2019-11-14 20:04:57,0.6666666666666667,0.25,0.2640681225725909,0.2640681225725909,0.5,0.5,0.5833333333333333,0.16666666666666666,0.0,0.21840743681816419,0.0,0.5
U49116,2019-11-14 20:12:16,1.0,1.0,1.0,1.0,1.0,1.0,0.7916666666666666,0.16666666666666666,0.0,0.3562071871080222,0.0,1.0
U67565,2019-11-14 20:24:05,0.5555555555555556,0.1111111111111111,0.0,0.3010299956639812,0.0,1.0,0.8888888888888888,0.3333333333333333,0.5,0.5,1.0,1.0
U6241,2019-11-14 20:28:10,0.7922077922077921,0.058823529411764705,0.0,0.0,0.0,0.0,0.48051948051948057,0.024390243902439025,0.0,0.0,0.0,0.0
U85978,2019-11-14 20:33:38,1.0,1.0,1.0,1.0,1.0,1.0,0.8,0.5,0.6309297535714575,0.6309297535714575,1.0,1.0
U8162,2019-11-14 20:57:46,0.0,0.058823529411764705,0.0,0.0,0.0,0.0,0.0,0.058823529411764705,0.0,0.0,0.0,0.0
U75132,2019-11-14 21:02:37,0.4583333333333333,0.0625,0.0,0.0,0.0,0.0,0.4583333333333333,0.0625,0.0,0.0,0.0,0.0
U27859,2019-11-14 21:05:02,0.5,0.25,0.43067655807339306,0.43067655807339306,1.0,1.0,1.0,1.0,1.0,1.0,1.0,1.0
U77330,2019-11-14 21:10:48,0.6651785714285713,0.25,0.16812753627111746,0.16812753627111746,0.25,0.25,0.5535714285714286,0.09090909090909091,0.0,0.0,0.0,0.0
U760,2019-11-14 21:10:54,0.9479166666666667,1.0,0.6131471927654584,0.8175295903539445,0.5,1.0,0.90625,0.2,0.23719771276929622,0.4415801103577823,0.5,1.0
U68197,2019-11-14 21:14:33,0.6666666666666666,1.0,0.6713860725233041,0.6713860725233041,0.6666666666666666,0.6666666666666666,0.39999999999999997,0.2,0.18154179253735267,0.3379680345449381,0.3333333333333333,0.6666666666666666
U22187,2019-11-14 21:15:25,0.3872976338729764,0.0625,0.0,0.0,0.0,0.0,0.576587795765878,0.25,0.14606834984270645,0.23177307466786254,0.09090909090909091,0.2727272727272727
U51406,2019-11-14 21:19:56,0.6089743589743589,0.07692307692307693,0.0,0.0,0.0,0.0,0.7564102564102564,0.25,0.20210734650054757,0.35853358850813305,0.3333333333333333,0.6666666666666666
U43948,2019-11-14 21:38:30,0.6881632653061224,0.125,0.0,0.08671382849411972,0.0,0.14285714285714285,0.6783673469387754,0.09090909090909091,0.0,0.0,0.0,0.0
U287,2019-11-14 21:39:13,0.15000000000000002,0.05555555555555555,0.0,0.0,0.0,0.0,0.15000000000000002,0.05555555555555555,0.0,0.0,0.0,0.0
U46472,2019-11-14 21:45:07,0.8281249999999999,1.0,0.3903800499921017,0.3903800499921017,0.25,0.25,0.7057291666666666,0.09090909090909091,0.0,0.0,0.0,0.0
U58737,2019-11-14 21:51:34,0.5,0.3333333333333333,0.5,0.5,1.0,1.0,0.75,0.5,0.6309297535714575,0.6309297535714575,1.0,1.0
U4936,2019-11-14 21:51:38,0.6923076923076923,0.07692307692307693,0.0,0.0,0.0,0.0,0.46153846153846156,0.045454545454545456,0.0,0.0,0.0,0.0
U63368,2019-11-14 21:56:51,0.9339622641509434,1.0,0.6131471927654584,0.7977228895450266,0.5,1.0,0.7358490566037736,0.09090909090909091,0.0,0.0,0.0,0.0
U44789,2019-11-14 22:12:07,0.36,0.1111111111111111,0.0,0.14126697285982898,0.0,0.3333333333333333,0.36,0.1111111111111111,0.0,0.14126697285982898,0.0,0.3333333333333333
U84370,2019-11-14 22:18:09,0.510548523206751,0.16666666666666666,0.0,0.10778915452451093,0.0,0.16666666666666666,0.510548523206751,0.16666666666666666,0.0,0.10778915452451093,0.0,0.16666666666666666
U87803,2019-11-14 22:31:04,0.625,1.0,0.6366824387328317,0.6366824387328317,0.5,0.5,0.7763157894736842,1.0,0.3903800499921017,0.5294362295028773,0.25,0.5
U17157,2019-11-14 22:37:18,0.5,0.16666666666666666,0.0,0.13905617951077562,0.0,0.25,0.5680147058823529,0.16666666666666666,0.0,0.13905617951077562,0.0,0.25
U17684,2019-11-14 22:42:17,0.7452830188679246,0.16666666666666666,0.0,0.25657228426720274,0.0,0.5,0.6603773584905661,0.125,0.0,0.123151194370365,0.0,0.25
U2383,2019-11-14 22:46:05,0.640625,0.038461538461538464,0.0,0.0,0.0,0.0,0.5104166666666667,0.025,0.0,0.0,0.0,0.0
U53059,2019-11-14 22:55:40,0.9288135593220339,1.0,0.3391602052736161,0.5482507327637915,0.2,0.6,0.9288135593220339,1.0,0.3391602052736161,0.5482507327637915,0.2,0.6
U23376,2019-11-14 22:58:29,1.0,1.0,1.0,1.0,1.0,1.0,0.9259259259259259,0.3333333333333333,0.5,0.5,1.0,1.0
U86911,2019-11-14 23:05:40,0.3137254901960784,0.027777777777777776,0.0,0.0,0.0,0.0,0.8627450980392156,0.125,0.0,0.31546487678572877,0.0,1.0
U62357,2019-11-14 23:29:11,0.12771739130434784,0.02564102564102564,0.0,0.0,0.0,0.0,0.11141304347826088,0.025,0.0,0.0,0.0,0.0
U12806,2019-11-14 23:29:22,0.8,0.3333333333333333,0.3065735963827292,0.5,0.5,1.0,0.625,0.16666666666666666,0.0,0.21840743681816419,0.0,0.5
U77427,2019-11-14 23:38:03,0.671875,0.5,0.24630238874073,0.3638184934971571,0.25,0.5,0.546875,0.3333333333333333,0.19519002499605084,0.19519002499605084,0.25,0.25
